pair_id,source_id,n_orders,n_think,n_nothink,acc_think,acc_nothink,shareB_nothink,think_tokens,acc_think_ab,acc_nothink_ab,acc_think_ba,acc_nothink_ba,gain,cls,gain_ab,gain_ba,helps_both_orders,hurts_both_orders
Text-147:D-I,Text-147,2,16,60,1.0,0.0,0.5,1778.75,1.0,0.0,1.0,0.0,1.0,helps,1.0,1.0,True,False
Text-2053:A-I,Text-2053,2,16,60,1.0,0.0,0.5,946.0,1.0,0.0,1.0,0.0,1.0,helps,1.0,1.0,True,False
Text-2367:I-G,Text-2367,2,16,60,1.0,0.0,0.5,1215.5,1.0,0.0,1.0,0.0,1.0,helps,1.0,1.0,True,False
Text-2449:C-D,Text-2449,2,16,60,1.0,0.0,0.5,682.25,1.0,0.0,1.0,0.0,1.0,helps,1.0,1.0,True,False
Text-147:D-H,Text-147,2,16,60,1.0,0.0,0.5,1544.75,1.0,0.0,1.0,0.0,1.0,helps,1.0,1.0,True,False
Text-799:A-J,Text-799,2,16,60,1.0,0.0,0.5,1127.0,1.0,0.0,1.0,0.0,1.0,helps,1.0,1.0,True,False
Text-409:A-H,Text-409,2,16,60,1.0,0.0,0.5,1392.75,1.0,0.0,1.0,0.0,1.0,helps,1.0,1.0,True,False
Text-164:G-H,Text-164,2,16,60,1.0,0.0,0.5,805.75,1.0,0.0,1.0,0.0,1.0,helps,1.0,1.0,True,False
Text-164:G-F,Text-164,2,16,60,1.0,0.0,0.5,753.25,1.0,0.0,1.0,0.0,1.0,helps,1.0,1.0,True,False
Text-164:G-J,Text-164,2,16,60,1.0,0.0,0.5,719.5,1.0,0.0,1.0,0.0,1.0,helps,1.0,1.0,True,False
Text-164:G-B,Text-164,2,16,60,1.0,0.0,0.5,948.25,1.0,0.0,1.0,0.0,1.0,helps,1.0,1.0,True,False
Text-460:A-J,Text-460,2,16,60,1.0,0.0,0.5,819.75,1.0,0.0,1.0,0.0,1.0,helps,1.0,1.0,True,False
Text-799:A-C,Text-799,2,16,60,1.0,0.03333333333333333,0.4666666666666667,906.75,1.0,0.06666666666666667,1.0,0.0,0.9666666666666667,helps,0.9333333333333333,1.0,True,False
Text-1914:E-G,Text-1914,2,16,60,1.0,0.05,0.45,1290.0,1.0,0.1,1.0,0.0,0.95,helps,0.9,1.0,True,False
Text-326:E-I,Text-326,2,16,60,0.9375,0.0,0.5,1178.25,1.0,0.0,0.875,0.0,0.9375,helps,1.0,0.875,True,False
Text-1481:I-G,Text-1481,2,16,60,0.9375,0.0,0.5,1223.5,0.875,0.0,1.0,0.0,0.9375,helps,0.875,1.0,True,False
Text-147:D-B,Text-147,2,16,60,0.9375,0.0,0.5,2187.5,0.875,0.0,1.0,0.0,0.9375,helps,0.875,1.0,True,False
Text-1565:G-A,Text-1565,2,16,60,0.9375,0.0,0.5,1890.75,0.875,0.0,1.0,0.0,0.9375,helps,0.875,1.0,True,False
Text-409:A-D,Text-409,2,16,60,0.9375,0.0,0.5,1646.5,0.875,0.0,1.0,0.0,0.9375,helps,0.875,1.0,True,False
Text-164:G-D,Text-164,2,16,60,0.9375,0.0,0.5,1080.5,0.875,0.0,1.0,0.0,0.9375,helps,0.875,1.0,True,False
Text-164:G-E,Text-164,2,16,60,0.875,0.0,0.5,1224.5,0.875,0.0,0.875,0.0,0.875,helps,0.875,0.875,True,False
Text-438:A-J,Text-438,2,16,56,0.875,0.0,0.5178571428571429,1331.5,0.75,0.0,1.0,0.0,0.875,helps,0.75,1.0,True,False
Text-1259:J-H,Text-1259,2,16,60,0.875,0.0,0.5,1686.25,0.75,0.0,1.0,0.0,0.875,helps,0.75,1.0,True,False
Text-2010:G-F,Text-2010,2,16,59,0.875,0.05084745762711865,0.4406779661016949,1417.25,0.875,0.10344827586206896,0.875,0.0,0.8241525423728814,helps,0.771551724137931,0.875,True,False
Text-460:A-I,Text-460,2,16,60,1.0,0.18333333333333332,0.31666666666666665,729.5,1.0,0.36666666666666664,1.0,0.0,0.8166666666666667,helps,0.6333333333333333,1.0,True,False
Text-799:A-B,Text-799,2,16,60,0.8125,0.0,0.5,1383.25,0.875,0.0,0.75,0.0,0.8125,helps,0.875,0.75,True,False
Text-1338:A-F,Text-1338,2,16,60,0.8125,0.0,0.5,1925.25,0.625,0.0,1.0,0.0,0.8125,helps,0.625,1.0,True,False
Text-714:J-A,Text-714,2,16,60,0.8125,0.0,0.5,1853.75,0.875,0.0,0.75,0.0,0.8125,helps,0.875,0.75,True,False
Text-416:D-J,Text-416,2,16,60,0.8125,0.0,0.5,1124.25,0.625,0.0,1.0,0.0,0.8125,helps,0.625,1.0,True,False
Text-1074:A-B,Text-1074,2,16,60,0.8125,0.0,0.5,3281.5,0.625,0.0,1.0,0.0,0.8125,helps,0.625,1.0,True,False
Text-147:D-G,Text-147,2,16,60,0.8125,0.0,0.5,1229.5,0.625,0.0,1.0,0.0,0.8125,helps,0.625,1.0,True,False
Text-799:A-F,Text-799,2,16,60,0.75,0.0,0.5,1167.25,0.875,0.0,0.625,0.0,0.75,helps,0.875,0.625,True,False
Text-1074:A-H,Text-1074,2,16,60,0.75,0.0,0.5,3753.25,0.625,0.0,0.875,0.0,0.75,helps,0.625,0.875,True,False
Text-2082:F-B,Text-2082,2,16,60,0.75,0.0,0.5,1530.0,0.625,0.0,0.875,0.0,0.75,helps,0.625,0.875,True,False
Text-1173:H-E,Text-1173,2,16,60,0.75,0.016666666666666666,0.48333333333333334,1750.0,0.875,0.03333333333333333,0.625,0.0,0.7333333333333333,helps,0.8416666666666667,0.625,True,False
Text-1913:G-H,Text-1913,2,16,60,0.75,0.03333333333333333,0.4666666666666667,1404.0,0.5,0.06666666666666667,1.0,0.0,0.7166666666666667,helps,0.43333333333333335,1.0,True,False
Text-2449:C-G,Text-2449,2,16,60,0.8125,0.11666666666666667,0.6166666666666667,752.0,0.625,0.0,1.0,0.23333333333333334,0.6958333333333333,helps,0.625,0.7666666666666666,True,False
Text-164:G-A,Text-164,2,16,60,0.6875,0.0,0.5,1219.75,0.75,0.0,0.625,0.0,0.6875,helps,0.75,0.625,True,False
Text-2449:C-H,Text-2449,2,16,60,0.6875,0.0,0.5,1132.75,0.625,0.0,0.75,0.0,0.6875,helps,0.625,0.75,True,False
Text-1582:F-E,Text-1582,2,16,60,0.6875,0.0,0.5,982.25,0.625,0.0,0.75,0.0,0.6875,helps,0.625,0.75,True,False
Text-2133:E-A,Text-2133,2,16,60,0.6875,0.0,0.5,1282.25,0.75,0.0,0.625,0.0,0.6875,helps,0.75,0.625,True,False
Text-1582:F-A,Text-1582,2,16,60,0.6875,0.0,0.5,778.0,0.75,0.0,0.625,0.0,0.6875,helps,0.75,0.625,True,False
Text-500:F-J,Text-500,2,16,60,0.6875,0.0,0.5,869.25,0.75,0.0,0.625,0.0,0.6875,helps,0.75,0.625,True,False
Text-1582:F-C,Text-1582,2,16,60,0.8125,0.13333333333333333,0.6333333333333333,773.5,0.75,0.0,0.875,0.26666666666666666,0.6791666666666667,helps,0.75,0.6083333333333334,True,False
Text-2410:D-I,Text-2410,2,16,60,0.875,0.21666666666666667,0.5166666666666667,1011.5,0.875,0.2,0.875,0.23333333333333334,0.6583333333333333,helps,0.675,0.6416666666666666,True,False
Text-1582:F-J,Text-1582,2,16,60,0.6875,0.05,0.55,1057.75,0.625,0.0,0.75,0.1,0.6375,helps,0.625,0.65,True,False
Text-1427:J-G,Text-1427,2,16,60,1.0,0.36666666666666664,0.5333333333333333,902.25,1.0,0.3333333333333333,1.0,0.4,0.6333333333333333,helps,0.6666666666666667,0.6,True,False
Text-2290:J-C,Text-2290,2,16,60,0.625,0.0,0.5,1079.75,0.5,0.0,0.75,0.0,0.625,helps,0.5,0.75,True,False
Text-799:A-E,Text-799,2,16,60,0.625,0.0,0.5,1851.75,0.25,0.0,1.0,0.0,0.625,helps,0.25,1.0,True,False
Text-510:I-E,Text-510,2,16,60,0.625,0.0,0.5,1098.0,0.375,0.0,0.875,0.0,0.625,helps,0.375,0.875,True,False
Text-164:G-I,Text-164,2,16,60,0.625,0.0,0.5,1208.0,0.625,0.0,0.625,0.0,0.625,helps,0.625,0.625,True,False
Text-1865:F-J,Text-1865,2,16,60,0.625,0.0,0.5,1975.5,0.375,0.0,0.875,0.0,0.625,helps,0.375,0.875,True,False
Text-572:D-A,Text-572,2,16,60,0.625,0.0,0.5,1555.25,0.25,0.0,1.0,0.0,0.625,helps,0.25,1.0,True,False
Text-409:A-G,Text-409,2,16,60,0.625,0.0,0.5,2213.5,0.5,0.0,0.75,0.0,0.625,helps,0.5,0.75,True,False
Text-699:I-B,Text-699,2,16,60,0.6875,0.06666666666666667,0.5666666666666667,1089.0,0.625,0.0,0.75,0.13333333333333333,0.6208333333333333,helps,0.625,0.6166666666666667,True,False
Text-2053:A-G,Text-2053,2,16,56,0.9375,0.32142857142857145,0.8571428571428571,1261.5,0.875,0.0,1.0,0.6923076923076923,0.6160714285714286,helps,0.875,0.3076923076923077,True,False
Text-2053:A-E,Text-2053,2,16,57,0.625,0.017543859649122806,0.5087719298245614,1791.0,0.625,0.03333333333333333,0.625,0.0,0.6074561403508771,helps,0.5916666666666667,0.625,True,False
Text-147:D-J,Text-147,2,16,60,1.0,0.43333333333333335,0.9333333333333333,1089.25,1.0,0.0,1.0,0.8666666666666667,0.5666666666666667,helps,1.0,0.1333333333333333,False,False
Text-1582:F-G,Text-1582,2,16,60,0.5625,0.0,0.5,1424.0,0.625,0.0,0.5,0.0,0.5625,helps,0.625,0.5,True,False
Text-1603:B-C,Text-1603,2,16,60,0.5625,0.0,0.5,2091.25,0.125,0.0,1.0,0.0,0.5625,helps,0.125,1.0,False,False
Text-317:C-G,Text-317,2,16,31,0.5625,0.0,0.967741935483871,1558.75,0.5,0.0,0.625,0.0,0.5625,helps,0.5,0.625,True,False
Text-500:F-A,Text-500,2,16,60,0.5625,0.0,0.5,1353.75,0.25,0.0,0.875,0.0,0.5625,helps,0.25,0.875,True,False
Text-2367:I-J,Text-2367,2,16,60,1.0,0.45,0.95,1753.25,1.0,0.0,1.0,0.9,0.55,helps,1.0,0.09999999999999998,False,False
Text-2082:F-G,Text-2082,2,15,60,0.6,0.05,0.45,2359.75,0.14285714285714285,0.1,1.0,0.0,0.5499999999999999,helps,0.042857142857142844,1.0,False,False
Text-83:I-C,Text-83,2,16,60,0.625,0.08333333333333333,0.4166666666666667,1307.75,0.25,0.16666666666666666,1.0,0.0,0.5416666666666666,helps,0.08333333333333334,1.0,False,False
Text-2108:H-C,Text-2108,2,16,60,1.0,0.4666666666666667,0.03333333333333333,544.0,1.0,0.9333333333333333,1.0,0.0,0.5333333333333333,helps,0.06666666666666665,1.0,False,False
Text-2053:A-F,Text-2053,2,16,59,0.9375,0.4067796610169492,0.9152542372881356,781.75,1.0,0.0,0.875,0.8275862068965517,0.5307203389830508,helps,1.0,0.04741379310344829,False,False
Text-200:J-H,Text-200,2,16,60,0.6875,0.16666666666666666,0.3333333333333333,3317.0,0.5,0.3333333333333333,0.875,0.0,0.5208333333333334,helps,0.16666666666666669,0.875,False,False
Text-2449:C-I,Text-2449,2,16,60,1.0,0.48333333333333334,0.95,555.0,1.0,0.03333333333333333,1.0,0.9333333333333333,0.5166666666666666,helps,0.9666666666666667,0.06666666666666665,False,False
Text-2445:C-G,Text-2445,2,16,60,1.0,0.5,0.0,1035.75,1.0,1.0,1.0,0.0,0.5,helps,0.0,1.0,False,False
Text-2449:C-F,Text-2449,2,16,60,1.0,0.5,1.0,529.75,1.0,0.0,1.0,1.0,0.5,helps,1.0,0.0,False,False
Text-2367:I-A,Text-2367,2,16,60,1.0,0.5,1.0,1618.5,1.0,0.0,1.0,1.0,0.5,helps,1.0,0.0,False,False
Text-286:A-J,Text-286,2,16,60,1.0,0.5,0.0,862.75,1.0,1.0,1.0,0.0,0.5,helps,0.0,1.0,False,False
Text-2133:E-C,Text-2133,2,16,60,1.0,0.5,0.0,1028.75,1.0,1.0,1.0,0.0,0.5,helps,0.0,1.0,False,False
Text-2410:D-A,Text-2410,2,16,60,0.5,0.0,0.5,1417.5,0.5,0.0,0.5,0.0,0.5,helps,0.5,0.5,True,False
Text-409:A-F,Text-409,2,16,60,1.0,0.5,1.0,1061.5,1.0,0.0,1.0,1.0,0.5,helps,1.0,0.0,False,False
Text-326:E-G,Text-326,2,16,60,1.0,0.5,1.0,1212.75,1.0,0.0,1.0,1.0,0.5,helps,1.0,0.0,False,False
Text-2449:C-B,Text-2449,2,16,60,1.0,0.5,1.0,729.5,1.0,0.0,1.0,1.0,0.5,helps,1.0,0.0,False,False
Text-1548:G-D,Text-1548,2,16,60,1.0,0.5,1.0,1421.5,1.0,0.0,1.0,1.0,0.5,helps,1.0,0.0,False,False
Text-1976:A-G,Text-1976,2,16,60,1.0,0.5,1.0,528.0,1.0,0.0,1.0,1.0,0.5,helps,1.0,0.0,False,False
Text-1865:F-D,Text-1865,2,16,60,0.5,0.0,0.5,2114.25,0.25,0.0,0.75,0.0,0.5,helps,0.25,0.75,True,False
Text-696:B-A,Text-696,2,16,60,1.0,0.5,0.0,1008.0,1.0,1.0,1.0,0.0,0.5,helps,0.0,1.0,False,False
Text-915:J-C,Text-915,2,16,60,1.0,0.5,1.0,2628.25,1.0,0.0,1.0,1.0,0.5,helps,1.0,0.0,False,False
Text-1897:C-I,Text-1897,2,16,60,1.0,0.5,1.0,1692.75,1.0,0.0,1.0,1.0,0.5,helps,1.0,0.0,False,False
Text-1548:G-J,Text-1548,2,16,60,1.0,0.5,1.0,1442.75,1.0,0.0,1.0,1.0,0.5,helps,1.0,0.0,False,False
Text-1548:G-C,Text-1548,2,16,60,1.0,0.5,1.0,1705.25,1.0,0.0,1.0,1.0,0.5,helps,1.0,0.0,False,False
Text-1963:F-B,Text-1963,2,16,60,1.0,0.5,0.0,1225.0,1.0,1.0,1.0,0.0,0.5,helps,0.0,1.0,False,False
Text-2220:D-I,Text-2220,2,16,56,0.5625,0.07142857142857142,0.4107142857142857,1355.25,0.875,0.14814814814814814,0.25,0.0,0.4910714285714286,helps,0.7268518518518519,0.25,True,False
Text-510:I-J,Text-510,2,16,60,1.0,0.5166666666666667,0.016666666666666666,805.25,1.0,1.0,1.0,0.03333333333333333,0.4833333333333333,helps,0.0,0.9666666666666667,False,False
Text-460:A-G,Text-460,2,16,60,1.0,0.5166666666666667,0.9833333333333333,808.5,1.0,0.03333333333333333,1.0,1.0,0.4833333333333333,helps,0.9666666666666667,0.0,False,False
Text-2449:C-J,Text-2449,2,16,40,0.9375,0.475,0.825,939.5,0.875,0.23076923076923078,1.0,0.9285714285714286,0.4625,helps,0.6442307692307692,0.0714285714285714,False,False
Text-1921:H-G,Text-1921,2,16,60,1.0,0.55,0.95,2403.25,1.0,0.1,1.0,1.0,0.44999999999999996,helps,0.9,0.0,False,False
Text-409:A-E,Text-409,2,16,59,0.9375,0.4915254237288136,0.0,1491.25,0.875,1.0,1.0,0.0,0.4459745762711864,helps,-0.125,1.0,False,False
Text-2108:H-B,Text-2108,2,16,60,0.875,0.43333333333333335,0.06666666666666667,528.75,1.0,0.8666666666666667,0.75,0.0,0.44166666666666665,helps,0.1333333333333333,0.75,False,False
Text-416:D-G,Text-416,2,16,60,0.9375,0.5,1.0,918.0,0.875,0.0,1.0,1.0,0.4375,helps,0.875,0.0,False,False
Text-1037:D-E,Text-1037,2,16,60,0.9375,0.5,1.0,1483.0,0.875,0.0,1.0,1.0,0.4375,helps,0.875,0.0,False,False
Text-1426:A-H,Text-1426,2,16,60,0.4375,0.0,0.5,2492.25,0.375,0.0,0.5,0.0,0.4375,helps,0.375,0.5,True,False
Text-73:B-H,Text-73,2,16,60,0.9375,0.5,0.0,1102.75,1.0,1.0,0.875,0.0,0.4375,helps,0.0,0.875,False,False
Text-1914:E-F,Text-1914,2,16,60,0.9375,0.5,1.0,1319.0,0.875,0.0,1.0,1.0,0.4375,helps,0.875,0.0,False,False
Text-1495:J-A,Text-1495,2,16,60,0.4375,0.0,0.5,1136.25,0.375,0.0,0.5,0.0,0.4375,helps,0.375,0.5,True,False
Text-2010:G-A,Text-2010,2,16,60,0.9375,0.5,1.0,1040.5,0.875,0.0,1.0,1.0,0.4375,helps,0.875,0.0,False,False
Text-1881:D-G,Text-1881,2,16,60,0.9375,0.5,1.0,976.25,0.875,0.0,1.0,1.0,0.4375,helps,0.875,0.0,False,False
Text-1865:F-G,Text-1865,2,16,60,0.9375,0.5,1.0,1860.5,0.875,0.0,1.0,1.0,0.4375,helps,0.875,0.0,False,False
Text-968:G-H,Text-968,2,16,60,0.9375,0.5,0.0,1475.5,0.875,1.0,1.0,0.0,0.4375,helps,-0.125,1.0,False,False
Text-602:I-J,Text-602,2,16,60,0.4375,0.0,0.5,1054.75,0.125,0.0,0.75,0.0,0.4375,helps,0.125,0.75,False,False
Text-326:E-A,Text-326,2,16,60,1.0,0.5666666666666667,0.9333333333333333,1103.75,1.0,0.13333333333333333,1.0,1.0,0.43333333333333335,helps,0.8666666666666667,0.0,False,False
Text-1615:C-E,Text-1615,2,16,60,1.0,0.5666666666666667,0.06666666666666667,1033.0,1.0,1.0,1.0,0.13333333333333333,0.43333333333333335,helps,0.0,0.8666666666666667,False,False
Text-222:C-I,Text-222,2,16,60,0.875,0.45,0.95,1568.0,0.75,0.0,1.0,0.9,0.425,helps,0.75,0.09999999999999998,False,False
Text-1522:B-F,Text-1522,2,16,60,0.4375,0.016666666666666666,0.48333333333333334,1384.25,0.375,0.03333333333333333,0.5,0.0,0.42083333333333334,helps,0.3416666666666667,0.5,True,False
Text-2108:H-J,Text-2108,2,16,60,0.75,0.3333333333333333,0.16666666666666666,620.5,0.875,0.6666666666666666,0.625,0.0,0.4166666666666667,helps,0.20833333333333337,0.625,True,False
Text-1338:A-E,Text-1338,2,16,60,1.0,0.5833333333333334,0.08333333333333333,975.5,1.0,1.0,1.0,0.16666666666666666,0.41666666666666663,helps,0.0,0.8333333333333334,False,False
Text-317:C-F,Text-317,2,16,45,0.5,0.08888888888888889,0.5777777777777777,1448.75,0.75,0.13333333333333333,0.25,0.0,0.4111111111111111,helps,0.6166666666666667,0.25,True,False
Text-83:I-H,Text-83,2,16,60,0.875,0.4666666666666667,0.06666666666666667,2203.0,0.875,0.9,0.875,0.03333333333333333,0.4083333333333333,helps,-0.025000000000000022,0.8416666666666667,False,False
Text-911:E-A,Text-911,2,16,60,0.4375,0.03333333333333333,0.4666666666666667,2289.75,0.625,0.06666666666666667,0.25,0.0,0.4041666666666667,helps,0.5583333333333333,0.25,True,False
Text-911:E-J,Text-911,2,16,60,0.9375,0.5333333333333333,0.03333333333333333,1629.75,1.0,1.0,0.875,0.06666666666666667,0.4041666666666667,helps,0.0,0.8083333333333333,False,False
Text-1031:E-A,Text-1031,2,16,60,1.0,0.6166666666666667,0.8166666666666667,1216.75,1.0,0.3,1.0,0.9333333333333333,0.3833333333333333,helps,0.7,0.06666666666666665,False,False
Text-1582:F-H,Text-1582,2,16,60,0.8125,0.43333333333333335,0.9333333333333333,747.75,0.875,0.0,0.75,0.8666666666666667,0.37916666666666665,helps,0.875,-0.1166666666666667,False,False
Text-1173:H-G,Text-1173,2,16,60,0.875,0.5,0.0,1787.5,0.75,1.0,1.0,0.0,0.375,helps,-0.25,1.0,False,False
Text-83:I-F,Text-83,2,16,60,0.875,0.5,0.0,1028.5,1.0,1.0,0.75,0.0,0.375,helps,0.0,0.75,False,False
Text-2110:J-A,Text-2110,2,16,60,0.875,0.5,1.0,1225.75,0.875,0.0,0.875,1.0,0.375,helps,0.875,-0.125,False,False
Text-2445:C-H,Text-2445,2,16,60,0.375,0.0,0.5,1919.75,0.5,0.0,0.25,0.0,0.375,helps,0.5,0.25,True,False
Text-699:I-J,Text-699,2,16,60,0.375,0.0,0.5,721.25,0.375,0.0,0.375,0.0,0.375,helps,0.375,0.375,True,False
Text-1173:H-B,Text-1173,2,16,60,0.375,0.0,0.5,2081.75,0.625,0.0,0.125,0.0,0.375,helps,0.625,0.125,False,False
Text-2010:G-C,Text-2010,2,16,60,0.375,0.0,0.5,1120.5,0.0,0.0,0.75,0.0,0.375,helps,0.0,0.75,False,False
Text-2010:G-D,Text-2010,2,16,60,0.875,0.5,1.0,881.75,0.75,0.0,1.0,1.0,0.375,helps,0.75,0.0,False,False
Text-1338:A-G,Text-1338,2,16,60,0.375,0.0,0.5,1560.0,0.25,0.0,0.5,0.0,0.375,helps,0.25,0.5,True,False
Text-1921:H-A,Text-1921,2,16,60,0.375,0.0,0.5,3940.5,0.375,0.0,0.375,0.0,0.375,helps,0.375,0.375,True,False
Text-222:C-H,Text-222,2,16,60,0.375,0.0,0.5,2687.75,0.125,0.0,0.625,0.0,0.375,helps,0.125,0.625,False,False
Text-1788:C-I,Text-1788,2,16,60,0.9375,0.5666666666666667,0.9333333333333333,1263.75,0.875,0.13333333333333333,1.0,1.0,0.37083333333333335,helps,0.7416666666666667,0.0,False,False
Text-83:I-E,Text-83,2,16,60,0.9375,0.5666666666666667,0.06666666666666667,1806.25,1.0,1.0,0.875,0.13333333333333333,0.37083333333333335,helps,0.0,0.7416666666666667,False,False
Text-1921:H-F,Text-1921,2,16,60,0.4375,0.06666666666666667,0.5666666666666667,4141.0,0.0,0.0,0.875,0.13333333333333333,0.37083333333333335,helps,0.0,0.7416666666666667,False,False
Text-959:E-A,Text-959,2,16,60,1.0,0.6333333333333333,0.8666666666666667,1676.5,1.0,0.26666666666666666,1.0,1.0,0.3666666666666667,helps,0.7333333333333334,0.0,False,False
Text-1593:C-I,Text-1593,2,16,56,0.4375,0.07142857142857142,0.6071428571428571,2007.25,0.0,0.0,0.875,0.15384615384615385,0.3660714285714286,helps,0.0,0.7211538461538461,False,False
Text-2010:G-E,Text-2010,2,16,60,0.5625,0.2,0.7,1323.5,0.125,0.0,1.0,0.4,0.3625,helps,0.125,0.6,False,False
Text-602:I-B,Text-602,2,16,60,0.875,0.5166666666666667,0.016666666666666666,932.25,0.75,1.0,1.0,0.03333333333333333,0.3583333333333333,helps,-0.25,0.9666666666666667,False,False
Text-2082:F-H,Text-2082,2,14,60,0.35714285714285715,0.0,0.5,2137.25,0.16666666666666666,0.0,0.5,0.0,0.35714285714285715,helps,0.16666666666666666,0.5,False,False
Text-2053:A-D,Text-2053,2,16,60,0.9375,0.5833333333333334,0.9166666666666666,1061.25,1.0,0.16666666666666666,0.875,1.0,0.35416666666666663,helps,0.8333333333333334,-0.125,False,False
Text-1991:I-H,Text-1991,2,16,60,1.0,0.65,0.15,1049.0,1.0,1.0,1.0,0.3,0.35,helps,0.0,0.7,False,False
Text-1783:F-A,Text-1783,2,16,60,1.0,0.65,0.85,1702.0,1.0,0.3,1.0,1.0,0.35,helps,0.7,0.0,False,False
Text-1218:C-F,Text-1218,2,16,60,0.5625,0.21666666666666667,0.7166666666666667,2650.75,0.625,0.0,0.5,0.43333333333333335,0.3458333333333333,helps,0.625,0.06666666666666665,False,False
Text-1921:H-B,Text-1921,2,16,60,0.4375,0.1,0.43333333333333335,2700.25,0.375,0.16666666666666666,0.5,0.03333333333333333,0.3375,helps,0.20833333333333334,0.4666666666666667,True,False
Text-799:A-H,Text-799,2,16,60,1.0,0.6666666666666666,0.8,1027.25,1.0,0.36666666666666664,1.0,0.9666666666666667,0.33333333333333337,helps,0.6333333333333333,0.033333333333333326,False,False
Text-1913:G-C,Text-1913,2,16,60,0.875,0.55,0.05,1106.25,1.0,1.0,0.75,0.1,0.32499999999999996,helps,0.0,0.65,False,False
Text-1976:A-C,Text-1976,2,16,60,1.0,0.6833333333333333,0.8166666666666667,715.25,1.0,0.36666666666666664,1.0,1.0,0.31666666666666665,helps,0.6333333333333333,0.0,False,False
Text-2449:C-E,Text-2449,2,16,60,1.0,0.6833333333333333,0.8166666666666667,620.75,1.0,0.36666666666666664,1.0,1.0,0.31666666666666665,helps,0.6333333333333333,0.0,False,False
Text-2035:I-F,Text-2035,2,16,60,0.8125,0.5,0.0,1659.75,0.875,1.0,0.75,0.0,0.3125,helps,-0.125,0.75,False,False
Text-540:A-B,Text-540,2,16,60,0.3125,0.0,0.5,1195.25,0.375,0.0,0.25,0.0,0.3125,helps,0.375,0.25,True,False
Text-416:D-H,Text-416,2,16,60,0.3125,0.0,0.5,892.75,0.125,0.0,0.5,0.0,0.3125,helps,0.125,0.5,False,False
Text-1218:C-D,Text-1218,2,16,60,0.8125,0.5,1.0,1625.75,0.625,0.0,1.0,1.0,0.3125,helps,0.625,0.0,False,False
Text-1467:H-I,Text-1467,2,16,60,0.3125,0.0,0.5,655.0,0.25,0.0,0.375,0.0,0.3125,helps,0.25,0.375,True,False
Text-409:A-B,Text-409,2,16,60,0.8125,0.5,0.0,1832.25,0.625,1.0,1.0,0.0,0.3125,helps,-0.375,1.0,False,False
Text-2009:C-G,Text-2009,2,16,60,0.8125,0.5,0.0,2435.5,0.75,1.0,0.875,0.0,0.3125,helps,-0.25,0.875,False,False
Text-1427:J-B,Text-1427,2,16,60,0.3125,0.0,0.5,1660.5,0.25,0.0,0.375,0.0,0.3125,helps,0.25,0.375,True,False
Text-2035:I-D,Text-2035,2,16,60,0.8125,0.5,0.0,1617.25,0.875,1.0,0.75,0.0,0.3125,helps,-0.125,0.75,False,False
Text-1037:D-F,Text-1037,2,16,60,0.8125,0.5,1.0,1698.5,0.75,0.0,0.875,1.0,0.3125,helps,0.75,-0.125,False,False
Text-1173:H-A,Text-1173,2,16,60,0.3125,0.0,0.5,2717.5,0.125,0.0,0.5,0.0,0.3125,helps,0.125,0.5,False,False
Text-484:A-B,Text-484,2,16,60,0.3125,0.0,0.5,1493.5,0.0,0.0,0.625,0.0,0.3125,helps,0.0,0.625,False,False
Text-2110:J-F,Text-2110,2,16,60,0.8125,0.5,1.0,1045.0,0.625,0.0,1.0,1.0,0.3125,helps,0.625,0.0,False,False
Text-1363:E-C,Text-1363,2,16,60,0.8125,0.5,1.0,4303.0,0.625,0.0,1.0,1.0,0.3125,helps,0.625,0.0,False,False
Text-699:I-G,Text-699,2,16,60,0.3125,0.0,0.5,836.25,0.25,0.0,0.375,0.0,0.3125,helps,0.25,0.375,True,False
Text-1173:H-I,Text-1173,2,16,60,0.8125,0.5,0.0,2321.0,0.875,1.0,0.75,0.0,0.3125,helps,-0.125,0.75,False,False
Text-697:D-I,Text-697,2,16,60,0.875,0.5666666666666667,0.06666666666666667,1578.75,1.0,1.0,0.75,0.13333333333333333,0.30833333333333335,helps,0.0,0.6166666666666667,False,False
Text-83:I-B,Text-83,2,16,60,0.875,0.5666666666666667,0.06666666666666667,1288.0,0.875,1.0,0.875,0.13333333333333333,0.30833333333333335,helps,-0.125,0.7416666666666667,False,False
Text-1976:A-B,Text-1976,2,16,60,1.0,0.7,0.8,661.25,1.0,0.4,1.0,1.0,0.30000000000000004,helps,0.6,0.0,False,False
Text-1582:F-I,Text-1582,2,16,60,0.375,0.08333333333333333,0.5833333333333334,994.75,0.625,0.0,0.125,0.16666666666666666,0.2916666666666667,neutral,0.625,-0.04166666666666666,False,False
Text-1976:A-D,Text-1976,2,16,60,0.6875,0.4,0.43333333333333335,1163.0,0.5,0.4666666666666667,0.875,0.3333333333333333,0.2875,neutral,0.033333333333333326,0.5416666666666667,False,False
Text-1239:F-J,Text-1239,2,16,60,0.4375,0.15,0.35,1262.0,0.875,0.3,0.0,0.0,0.2875,neutral,0.575,0.0,False,False
Text-1363:E-B,Text-1363,2,16,60,0.875,0.6,0.9,5302.25,0.75,0.2,1.0,1.0,0.275,neutral,0.55,0.0,False,False
Text-2449:C-A,Text-2449,2,16,60,1.0,0.7333333333333333,0.7666666666666667,491.5,1.0,0.4666666666666667,1.0,1.0,0.2666666666666667,neutral,0.5333333333333333,0.0,False,False
Text-1934:E-D,Text-1934,2,16,60,0.3125,0.05,0.55,2458.5,0.0,0.0,0.625,0.1,0.2625,neutral,0.0,0.525,False,False
Text-714:J-F,Text-714,2,16,60,0.8125,0.55,0.95,1841.25,0.625,0.1,1.0,1.0,0.26249999999999996,neutral,0.525,0.0,False,False
Text-968:G-B,Text-968,2,16,60,0.9375,0.6833333333333333,0.18333333333333332,1352.5,1.0,1.0,0.875,0.36666666666666664,0.25416666666666665,neutral,0.0,0.5083333333333333,False,False
Text-1934:E-J,Text-1934,2,16,60,0.75,0.5,0.0,1832.75,0.875,1.0,0.625,0.0,0.25,neutral,-0.125,0.625,False,False
Text-1921:H-I,Text-1921,2,16,60,0.25,0.0,0.5,3550.25,0.0,0.0,0.5,0.0,0.25,neutral,0.0,0.5,False,False
Text-1367:J-E,Text-1367,2,16,60,0.25,0.0,0.5,939.0,0.0,0.0,0.5,0.0,0.25,neutral,0.0,0.5,False,False
Text-1615:C-J,Text-1615,2,16,60,0.25,0.0,0.5,941.25,0.0,0.0,0.5,0.0,0.25,neutral,0.0,0.5,False,False
Text-200:J-A,Text-200,2,16,60,0.75,0.5,0.0,3584.0,1.0,1.0,0.5,0.0,0.25,neutral,0.0,0.5,False,False
Text-1489:I-B,Text-1489,2,16,60,0.25,0.0,0.5,1501.25,0.375,0.0,0.125,0.0,0.25,neutral,0.375,0.125,False,False
Text-1963:F-I,Text-1963,2,16,59,0.25,0.0,0.5084745762711864,1610.0,0.0,0.0,0.5,0.0,0.25,neutral,0.0,0.5,False,False
Text-484:A-H,Text-484,2,16,60,0.25,0.0,0.5,1152.25,0.0,0.0,0.5,0.0,0.25,neutral,0.0,0.5,False,False
Text-697:D-A,Text-697,2,16,60,0.25,0.0,0.5,2126.5,0.0,0.0,0.5,0.0,0.25,neutral,0.0,0.5,False,False
Text-2010:G-J,Text-2010,2,16,60,0.75,0.5,1.0,923.0,0.5,0.0,1.0,1.0,0.25,neutral,0.5,0.0,False,False
Text-484:A-C,Text-484,2,16,60,0.25,0.0,0.5,897.75,0.375,0.0,0.125,0.0,0.25,neutral,0.375,0.125,False,False
Text-83:I-G,Text-83,2,16,60,0.75,0.5,0.0,1707.0,0.75,1.0,0.75,0.0,0.25,neutral,-0.25,0.75,False,False
Text-2176:H-I,Text-2176,2,16,60,0.25,0.0,0.5,1800.5,0.125,0.0,0.375,0.0,0.25,neutral,0.125,0.375,False,False
Text-2053:A-B,Text-2053,2,16,60,0.75,0.5,1.0,1374.25,0.75,0.0,0.75,1.0,0.25,neutral,0.75,-0.25,False,False
Text-2035:I-H,Text-2035,2,16,60,1.0,0.75,0.25,1100.5,1.0,1.0,1.0,0.5,0.25,neutral,0.0,0.5,False,False
Text-1897:C-A,Text-1897,2,16,60,0.25,0.0,0.5,1742.5,0.0,0.0,0.5,0.0,0.25,neutral,0.0,0.5,False,False
Text-1897:C-B,Text-1897,2,16,60,0.25,0.0,0.5,1911.5,0.0,0.0,0.5,0.0,0.25,neutral,0.0,0.5,False,False
Text-416:D-F,Text-416,2,16,60,0.25,0.0,0.5,992.75,0.5,0.0,0.0,0.0,0.25,neutral,0.5,0.0,False,False
Text-484:A-E,Text-484,2,16,60,1.0,0.75,0.75,1084.0,1.0,0.5,1.0,1.0,0.25,neutral,0.5,0.0,False,False
Text-1363:E-I,Text-1363,2,16,60,0.8125,0.5666666666666667,0.9333333333333333,4710.0,0.75,0.13333333333333333,0.875,1.0,0.24583333333333335,neutral,0.6166666666666667,-0.125,False,False
Text-1881:D-J,Text-1881,2,16,60,0.5625,0.31666666666666665,0.8166666666666667,1610.75,0.25,0.0,0.875,0.6333333333333333,0.24583333333333335,neutral,0.25,0.2416666666666667,True,False
Text-1739:E-D,Text-1739,2,16,60,0.8125,0.5666666666666667,0.06666666666666667,2084.0,0.875,1.0,0.75,0.13333333333333333,0.24583333333333335,neutral,-0.125,0.6166666666666667,False,False
Text-1481:I-B,Text-1481,2,16,60,0.9375,0.7,0.8,1152.25,1.0,0.4,0.875,1.0,0.23750000000000004,neutral,0.6,-0.125,False,False
Text-2019:H-F,Text-2019,2,16,60,0.5,0.26666666666666666,0.6666666666666666,875.25,0.625,0.1,0.375,0.43333333333333335,0.23333333333333334,neutral,0.525,-0.05833333333333335,False,False
Text-696:B-I,Text-696,2,16,60,0.8125,0.5833333333333334,0.08333333333333333,1403.5,0.625,1.0,1.0,0.16666666666666666,0.22916666666666663,neutral,-0.375,0.8333333333333334,False,False
Text-200:J-E,Text-200,2,16,60,1.0,0.7833333333333333,0.2833333333333333,3211.25,1.0,1.0,1.0,0.5666666666666667,0.21666666666666667,neutral,0.0,0.43333333333333335,False,False
Text-2019:H-A,Text-2019,2,16,60,0.875,0.6666666666666666,0.4,1101.0,0.75,0.7666666666666667,1.0,0.5666666666666667,0.20833333333333337,neutral,-0.01666666666666672,0.43333333333333335,False,False
Text-911:E-C,Text-911,2,16,60,0.9375,0.7333333333333333,0.23333333333333334,1644.25,0.875,1.0,1.0,0.4666666666666667,0.20416666666666672,neutral,-0.125,0.5333333333333333,False,False
Text-484:A-I,Text-484,2,16,60,0.25,0.05,0.55,1605.0,0.0,0.0,0.5,0.1,0.2,neutral,0.0,0.4,False,False
Text-83:I-A,Text-83,2,16,60,0.75,0.55,0.05,1841.25,0.875,1.0,0.625,0.1,0.19999999999999996,neutral,-0.125,0.525,False,False
Text-1582:F-B,Text-1582,2,16,60,0.875,0.6833333333333333,0.8166666666666667,883.0,0.875,0.36666666666666664,0.875,1.0,0.19166666666666665,neutral,0.5083333333333333,-0.125,False,False
Text-1788:C-A,Text-1788,2,16,60,0.875,0.6833333333333333,0.8166666666666667,1404.0,0.75,0.36666666666666664,1.0,1.0,0.19166666666666665,neutral,0.38333333333333336,0.0,False,False
Text-1999:G-E,Text-1999,2,16,60,0.1875,0.0,0.5,747.75,0.375,0.0,0.0,0.0,0.1875,neutral,0.375,0.0,False,False
Text-1441:D-H,Text-1441,2,16,60,0.6875,0.5,0.0,1571.5,0.5,1.0,0.875,0.0,0.1875,neutral,-0.5,0.875,False,False
Text-1565:G-D,Text-1565,2,16,60,0.1875,0.0,0.5,1500.5,0.0,0.0,0.375,0.0,0.1875,neutral,0.0,0.375,False,False
Text-1495:J-C,Text-1495,2,16,60,0.1875,0.0,0.5,1477.0,0.25,0.0,0.125,0.0,0.1875,neutral,0.25,0.125,False,False
Text-2072:D-H,Text-2072,2,16,60,0.1875,0.0,0.5,1078.5,0.0,0.0,0.375,0.0,0.1875,neutral,0.0,0.375,False,False
Text-1074:A-F,Text-1074,2,16,60,0.1875,0.0,0.5,3270.5,0.25,0.0,0.125,0.0,0.1875,neutral,0.25,0.125,False,False
Text-602:I-D,Text-602,2,16,60,0.1875,0.0,0.5,1614.0,0.125,0.0,0.25,0.0,0.1875,neutral,0.125,0.25,False,False
Text-484:A-F,Text-484,2,16,60,0.1875,0.0,0.5,1223.0,0.25,0.0,0.125,0.0,0.1875,neutral,0.25,0.125,False,False
Text-317:C-D,Text-317,2,16,42,0.1875,0.0,0.7142857142857143,1402.25,0.125,0.0,0.25,0.0,0.1875,neutral,0.125,0.25,False,False
Text-1615:C-H,Text-1615,2,16,60,0.1875,0.0,0.5,1328.25,0.375,0.0,0.0,0.0,0.1875,neutral,0.375,0.0,False,False
Text-2410:D-H,Text-2410,2,16,60,0.1875,0.0,0.5,906.25,0.375,0.0,0.0,0.0,0.1875,neutral,0.375,0.0,False,False
Text-1467:H-C,Text-1467,2,16,60,0.1875,0.0,0.5,725.75,0.25,0.0,0.125,0.0,0.1875,neutral,0.25,0.125,False,False
Text-1865:F-H,Text-1865,2,16,60,0.1875,0.0,0.5,1383.25,0.0,0.0,0.375,0.0,0.1875,neutral,0.0,0.375,False,False
Text-200:J-G,Text-200,2,16,60,0.1875,0.0,0.5,2722.0,0.25,0.0,0.125,0.0,0.1875,neutral,0.25,0.125,False,False
Text-629:J-F,Text-629,2,16,60,0.6875,0.5,1.0,1694.75,0.5,0.0,0.875,1.0,0.1875,neutral,0.5,-0.125,False,False
Text-1367:J-G,Text-1367,2,16,60,0.6875,0.5,1.0,1210.75,0.625,0.0,0.75,1.0,0.1875,neutral,0.625,-0.25,False,False
Text-915:J-D,Text-915,2,16,60,1.0,0.8166666666666667,0.6833333333333333,1396.5,1.0,0.6333333333333333,1.0,1.0,0.18333333333333335,neutral,0.3666666666666667,0.0,False,False
Text-83:I-J,Text-83,2,16,60,0.8125,0.6333333333333333,0.5666666666666667,2246.25,0.875,0.5666666666666667,0.75,0.7,0.1791666666666667,neutral,0.30833333333333335,0.050000000000000044,False,False
Text-1218:C-E,Text-1218,2,16,60,0.8125,0.6333333333333333,0.3333333333333333,1678.25,0.75,0.8,0.875,0.4666666666666667,0.1791666666666667,neutral,-0.050000000000000044,0.4083333333333333,False,False
Text-540:A-C,Text-540,2,16,60,0.375,0.2,0.7,1781.75,0.125,0.0,0.625,0.4,0.175,neutral,0.125,0.22499999999999998,False,False
Text-1173:H-F,Text-1173,2,16,60,0.1875,0.016666666666666666,0.48333333333333334,1729.0,0.125,0.03333333333333333,0.25,0.0,0.17083333333333334,neutral,0.09166666666666667,0.25,False,False
Text-1615:C-B,Text-1615,2,16,60,0.1875,0.016666666666666666,0.48333333333333334,1586.0,0.125,0.03333333333333333,0.25,0.0,0.17083333333333334,neutral,0.09166666666666667,0.25,False,False
Text-200:J-I,Text-200,2,16,60,1.0,0.8333333333333334,0.3333333333333333,3214.25,1.0,1.0,1.0,0.6666666666666666,0.16666666666666663,neutral,0.0,0.33333333333333337,False,False
Text-697:D-C,Text-697,2,16,60,0.8125,0.65,0.15,1429.0,1.0,1.0,0.625,0.3,0.16249999999999998,neutral,0.0,0.325,False,False
Text-1913:G-B,Text-1913,2,16,58,0.625,0.46551724137931033,0.05172413793103448,1391.75,0.375,0.9,0.875,0.0,0.15948275862068967,neutral,-0.525,0.875,False,False
Text-2010:G-H,Text-2010,2,16,59,0.9375,0.7796610169491526,0.7288135593220338,1404.0,0.875,0.5517241379310345,1.0,1.0,0.15783898305084743,neutral,0.3232758620689655,0.0,False,False
Text-409:A-I,Text-409,2,16,60,1.0,0.85,0.65,904.75,1.0,0.7,1.0,1.0,0.15000000000000002,neutral,0.30000000000000004,0.0,False,False
Text-1239:F-C,Text-1239,2,16,60,0.1875,0.05,0.45,1303.75,0.375,0.1,0.0,0.0,0.1375,neutral,0.275,0.0,False,False
Text-147:D-C,Text-147,2,15,60,0.13333333333333333,0.0,0.5,3543.5,0.125,0.0,0.14285714285714285,0.0,0.13333333333333333,neutral,0.125,0.14285714285714285,False,False
Text-83:I-D,Text-83,2,16,60,0.5625,0.43333333333333335,0.06666666666666667,1363.5,0.75,0.8666666666666667,0.375,0.0,0.12916666666666665,neutral,-0.1166666666666667,0.375,False,False
Text-1593:C-B,Text-1593,2,16,57,0.125,0.0,0.5263157894736842,1642.25,0.125,0.0,0.125,0.0,0.125,neutral,0.125,0.125,False,False
Text-1385:A-C,Text-1385,2,16,60,0.125,0.0,0.5,879.5,0.125,0.0,0.125,0.0,0.125,neutral,0.125,0.125,False,False
Text-222:C-J,Text-222,2,16,60,0.625,0.5,1.0,2254.75,0.375,0.0,0.875,1.0,0.125,neutral,0.375,-0.125,False,False
Text-2176:H-B,Text-2176,2,16,60,0.125,0.0,0.5,1601.0,0.0,0.0,0.25,0.0,0.125,neutral,0.0,0.25,False,False
Text-1239:F-H,Text-1239,2,16,60,0.625,0.5,0.0,1436.5,0.625,1.0,0.625,0.0,0.125,neutral,-0.375,0.625,False,False
Text-699:I-H,Text-699,2,16,60,0.125,0.0,0.5,693.75,0.125,0.0,0.125,0.0,0.125,neutral,0.125,0.125,False,False
Text-2110:J-E,Text-2110,2,16,60,0.625,0.5,1.0,1339.25,0.25,0.0,1.0,1.0,0.125,neutral,0.25,0.0,False,False
Text-1615:C-D,Text-1615,2,16,60,0.125,0.0,0.5,869.5,0.125,0.0,0.125,0.0,0.125,neutral,0.125,0.125,False,False
Text-1031:E-J,Text-1031,2,16,60,0.125,0.0,0.5,1581.0,0.125,0.0,0.125,0.0,0.125,neutral,0.125,0.125,False,False
Text-779:D-E,Text-779,2,16,60,0.625,0.5,0.0,905.5,0.875,1.0,0.375,0.0,0.125,neutral,-0.125,0.375,False,False
Text-1865:F-A,Text-1865,2,16,60,0.625,0.5,1.0,1917.75,0.25,0.0,1.0,1.0,0.125,neutral,0.25,0.0,False,False
Text-629:J-D,Text-629,2,16,60,0.625,0.5,1.0,2213.5,0.625,0.0,0.625,1.0,0.125,neutral,0.625,-0.375,False,False
Text-1914:E-B,Text-1914,2,16,60,0.125,0.0,0.5,1494.25,0.125,0.0,0.125,0.0,0.125,neutral,0.125,0.125,False,False
Text-540:A-I,Text-540,2,16,60,0.125,0.0,0.5,1150.0,0.0,0.0,0.25,0.0,0.125,neutral,0.0,0.25,False,False
Text-1881:D-C,Text-1881,2,16,60,0.125,0.0,0.5,1476.75,0.125,0.0,0.125,0.0,0.125,neutral,0.125,0.125,False,False
Text-1914:E-I,Text-1914,2,16,60,0.125,0.0,0.5,1492.25,0.0,0.0,0.25,0.0,0.125,neutral,0.0,0.25,False,False
Text-1565:G-F,Text-1565,2,16,60,0.625,0.5,1.0,1520.75,0.25,0.0,1.0,1.0,0.125,neutral,0.25,0.0,False,False
Text-1921:H-E,Text-1921,2,16,60,0.125,0.0,0.5,4007.75,0.0,0.0,0.25,0.0,0.125,neutral,0.0,0.25,False,False
Text-1441:D-I,Text-1441,2,16,60,0.625,0.5,0.0,1327.5,0.75,1.0,0.5,0.0,0.125,neutral,-0.25,0.5,False,False
Text-714:J-I,Text-714,2,16,60,0.125,0.0,0.5,1613.5,0.0,0.0,0.25,0.0,0.125,neutral,0.0,0.25,False,False
Text-1481:I-F,Text-1481,2,16,60,0.125,0.0,0.5,1627.25,0.0,0.0,0.25,0.0,0.125,neutral,0.0,0.25,False,False
Text-1253:J-I,Text-1253,2,16,60,0.625,0.5,0.0,843.0,0.75,1.0,0.5,0.0,0.125,neutral,-0.25,0.5,False,False
Text-500:F-I,Text-500,2,16,60,0.1875,0.06666666666666667,0.5666666666666667,906.25,0.0,0.0,0.375,0.13333333333333333,0.12083333333333333,neutral,0.0,0.24166666666666667,False,False
Text-1441:D-C,Text-1441,2,16,60,0.5625,0.45,0.08333333333333333,1608.0,0.5,0.8666666666666667,0.625,0.03333333333333333,0.11249999999999999,neutral,-0.3666666666666667,0.5916666666666667,False,False
Text-1259:J-I,Text-1259,2,16,60,0.625,0.5166666666666667,0.9833333333333333,1338.0,0.375,0.03333333333333333,0.875,1.0,0.10833333333333328,neutral,0.3416666666666667,-0.125,False,False
Text-200:J-F,Text-200,2,16,60,0.6875,0.5833333333333334,0.08333333333333333,4379.5,0.875,1.0,0.5,0.16666666666666666,0.10416666666666663,neutral,-0.125,0.33333333333333337,False,False
Text-2035:I-C,Text-2035,2,16,60,0.9375,0.8333333333333334,0.3333333333333333,1334.0,0.875,1.0,1.0,0.6666666666666666,0.10416666666666663,neutral,-0.125,0.33333333333333337,False,False
Text-2019:H-E,Text-2019,2,16,60,0.9375,0.8333333333333334,0.5333333333333333,1101.25,0.875,0.8,1.0,0.8666666666666667,0.10416666666666663,neutral,0.07499999999999996,0.1333333333333333,False,False
Text-714:J-H,Text-714,2,16,60,1.0,0.9,0.6,1048.25,1.0,0.8,1.0,1.0,0.09999999999999998,neutral,0.19999999999999996,0.0,False,False
Text-1593:C-D,Text-1593,2,16,52,0.4375,0.34615384615384615,0.8846153846153846,1873.75,0.125,0.03333333333333333,0.75,0.7727272727272727,0.09134615384615385,neutral,0.09166666666666667,-0.022727272727272707,False,False
Text-928:G-D,Text-928,2,16,60,0.4375,0.35,0.45,1543.5,0.0,0.4,0.875,0.3,0.08750000000000002,neutral,-0.4,0.575,False,False
Text-697:D-J,Text-697,2,16,60,1.0,0.9166666666666666,0.4166666666666667,652.5,1.0,1.0,1.0,0.8333333333333334,0.08333333333333337,neutral,0.0,0.16666666666666663,False,False
Text-1553:J-D,Text-1553,2,16,60,0.3125,0.23333333333333334,0.7,1142.0,0.375,0.03333333333333333,0.25,0.43333333333333335,0.07916666666666666,neutral,0.3416666666666667,-0.18333333333333335,False,False
Text-1218:C-G,Text-1218,2,16,60,0.125,0.05,0.55,2125.75,0.0,0.0,0.25,0.1,0.075,neutral,0.0,0.15,False,False
Text-2176:H-A,Text-2176,2,16,60,0.125,0.05,0.45,1363.75,0.0,0.1,0.25,0.0,0.075,neutral,-0.1,0.25,False,False
Text-282:J-F,Text-282,2,16,54,0.125,0.05555555555555555,0.5555555555555556,1850.5,0.0,0.034482758620689655,0.25,0.08,0.06944444444444445,neutral,-0.034482758620689655,0.16999999999999998,False,False
Text-2082:F-I,Text-2082,2,15,60,0.06666666666666667,0.0,0.5,2123.75,0.0,0.0,0.14285714285714285,0.0,0.06666666666666667,neutral,0.0,0.14285714285714285,False,False
Text-484:A-J,Text-484,2,16,60,1.0,0.9333333333333333,0.5666666666666667,947.75,1.0,0.8666666666666667,1.0,1.0,0.06666666666666665,neutral,0.1333333333333333,0.0,False,False
Text-1913:G-E,Text-1913,2,16,60,0.0625,0.0,0.5,1102.5,0.125,0.0,0.0,0.0,0.0625,neutral,0.125,0.0,False,False
Text-540:A-G,Text-540,2,16,60,0.3125,0.25,0.75,1210.25,0.125,0.0,0.5,0.5,0.0625,neutral,0.125,0.0,False,False
Text-1037:D-B,Text-1037,2,16,60,0.0625,0.0,0.5,1651.25,0.0,0.0,0.125,0.0,0.0625,neutral,0.0,0.125,False,False
Text-1788:C-G,Text-1788,2,16,60,0.5625,0.5,1.0,1780.0,0.5,0.0,0.625,1.0,0.0625,neutral,0.5,-0.375,False,False
Text-31:D-B,Text-31,2,16,59,0.0625,0.0,0.5084745762711864,653.75,0.0,0.0,0.125,0.0,0.0625,neutral,0.0,0.125,False,False
Text-500:F-E,Text-500,2,16,60,0.0625,0.0,0.5,1219.25,0.0,0.0,0.125,0.0,0.0625,neutral,0.0,0.125,False,False
Text-500:F-D,Text-500,2,16,60,0.0625,0.0,0.5,1413.0,0.0,0.0,0.125,0.0,0.0625,neutral,0.0,0.125,False,False
Text-179:J-G,Text-179,2,16,60,0.0625,0.0,0.5,910.75,0.0,0.0,0.125,0.0,0.0625,neutral,0.0,0.125,False,False
Text-1999:G-D,Text-1999,2,16,60,0.0625,0.0,0.5,751.25,0.125,0.0,0.0,0.0,0.0625,neutral,0.125,0.0,False,False
Text-1914:E-H,Text-1914,2,16,60,0.5625,0.5,1.0,1337.5,0.5,0.0,0.625,1.0,0.0625,neutral,0.5,-0.375,False,False
Text-147:D-E,Text-147,2,16,60,0.0625,0.0,0.5,941.0,0.125,0.0,0.0,0.0,0.0625,neutral,0.125,0.0,False,False
Text-2053:A-H,Text-2053,2,16,56,0.0625,0.0,0.5357142857142857,1028.75,0.125,0.0,0.0,0.0,0.0625,neutral,0.125,0.0,False,False
Text-303:E-C,Text-303,2,16,60,0.5625,0.5,0.0,656.0,0.25,1.0,0.875,0.0,0.0625,neutral,-0.75,0.875,False,False
Text-1239:F-B,Text-1239,2,16,60,0.5625,0.5,0.0,1329.0,0.75,1.0,0.375,0.0,0.0625,neutral,-0.25,0.375,False,False
Text-1074:A-G,Text-1074,2,16,60,0.0625,0.0,0.5,3648.75,0.0,0.0,0.125,0.0,0.0625,neutral,0.0,0.125,False,False
Text-31:D-J,Text-31,2,16,60,0.8125,0.75,0.35,1071.5,0.875,0.9,0.75,0.6,0.0625,neutral,-0.025000000000000022,0.15000000000000002,False,False
Text-2053:A-C,Text-2053,2,16,56,0.0625,0.0,0.5357142857142857,1418.0,0.0,0.0,0.125,0.0,0.0625,neutral,0.0,0.125,False,False
Text-1881:D-I,Text-1881,2,16,60,0.0625,0.0,0.5,906.75,0.125,0.0,0.0,0.0,0.0625,neutral,0.125,0.0,False,False
Text-1593:C-F,Text-1593,2,16,56,0.0625,0.0,0.5357142857142857,1510.0,0.125,0.0,0.0,0.0,0.0625,neutral,0.125,0.0,False,False
Text-2108:H-G,Text-2108,2,16,60,0.0625,0.0,0.5,579.75,0.0,0.0,0.125,0.0,0.0625,neutral,0.0,0.125,False,False
Text-1481:I-C,Text-1481,2,16,60,0.0625,0.0,0.5,1288.0,0.0,0.0,0.125,0.0,0.0625,neutral,0.0,0.125,False,False
Text-799:A-D,Text-799,2,16,60,0.0625,0.0,0.5,1156.0,0.0,0.0,0.125,0.0,0.0625,neutral,0.0,0.125,False,False
Text-1037:D-H,Text-1037,2,16,60,0.0625,0.0,0.5,981.5,0.0,0.0,0.125,0.0,0.0625,neutral,0.0,0.125,False,False
Text-1426:A-J,Text-1426,2,16,60,0.125,0.06666666666666667,0.5666666666666667,2460.75,0.125,0.0,0.125,0.13333333333333333,0.058333333333333334,neutral,0.125,-0.008333333333333331,False,False
Text-2009:C-I,Text-2009,2,16,60,0.125,0.06666666666666667,0.43333333333333335,1732.5,0.0,0.13333333333333333,0.25,0.0,0.058333333333333334,neutral,-0.13333333333333333,0.25,False,False
Text-911:E-D,Text-911,2,16,60,0.6875,0.6333333333333333,0.13333333333333333,2515.25,0.875,1.0,0.5,0.26666666666666666,0.054166666666666696,neutral,-0.125,0.23333333333333334,False,False
Text-2110:J-H,Text-2110,2,16,60,0.1875,0.13333333333333333,0.6333333333333333,1289.5,0.0,0.0,0.375,0.26666666666666666,0.05416666666666667,neutral,0.0,0.10833333333333334,False,False
Text-1426:A-I,Text-1426,2,16,60,0.1875,0.13333333333333333,0.6333333333333333,1684.75,0.25,0.0,0.125,0.26666666666666666,0.05416666666666667,neutral,0.25,-0.14166666666666666,False,False
Text-330:G-H,Text-330,2,16,60,1.0,0.95,0.45,1509.75,1.0,1.0,1.0,0.9,0.050000000000000044,neutral,0.0,0.09999999999999998,False,False
Text-959:E-J,Text-959,2,16,60,0.0625,0.016666666666666666,0.5166666666666667,2110.0,0.0,0.0,0.125,0.03333333333333333,0.04583333333333334,neutral,0.0,0.09166666666666667,False,False
Text-1218:C-H,Text-1218,2,16,60,0.125,0.08333333333333333,0.5833333333333334,1261.5,0.25,0.0,0.0,0.16666666666666666,0.04166666666666667,neutral,0.25,-0.16666666666666666,False,False
Text-21:E-G,Text-21,2,16,60,0.9375,0.9,0.4,1069.75,0.875,1.0,1.0,0.8,0.03749999999999998,neutral,-0.125,0.19999999999999996,False,False
Text-1999:G-J,Text-1999,2,16,60,0.9375,0.9,0.6,683.25,0.875,0.8,1.0,1.0,0.03749999999999998,neutral,0.07499999999999996,0.0,False,False
Text-2220:D-E,Text-2220,2,16,54,1.0,0.9629629629629629,0.5,692.0,1.0,1.0,1.0,0.9310344827586207,0.03703703703703709,neutral,0.0,0.06896551724137934,False,False
Text-1565:G-E,Text-1565,2,16,60,1.0,0.9666666666666667,0.4666666666666667,937.5,1.0,1.0,1.0,0.9333333333333333,0.033333333333333326,neutral,0.0,0.06666666666666665,False,False
Text-959:E-H,Text-959,2,16,60,1.0,0.9666666666666667,0.5333333333333333,988.25,1.0,0.9333333333333333,1.0,1.0,0.033333333333333326,neutral,0.06666666666666665,0.0,False,False
Text-1338:A-D,Text-1338,2,16,60,1.0,0.9666666666666667,0.5,1442.75,1.0,0.9666666666666667,1.0,0.9666666666666667,0.033333333333333326,neutral,0.033333333333333326,0.033333333333333326,False,False
Text-1253:J-D,Text-1253,2,16,60,0.6875,0.6666666666666666,0.16666666666666666,751.0,0.625,1.0,0.75,0.3333333333333333,0.02083333333333337,neutral,-0.375,0.4166666666666667,False,False
Text-540:A-J,Text-540,2,16,60,0.1875,0.16666666666666666,0.3333333333333333,1872.75,0.125,0.3333333333333333,0.25,0.0,0.020833333333333343,neutral,-0.20833333333333331,0.25,False,False
Text-326:E-C,Text-326,2,16,60,0.1875,0.16666666666666666,0.6666666666666666,1466.25,0.0,0.0,0.375,0.3333333333333333,0.020833333333333343,neutral,0.0,0.041666666666666685,False,False
Text-2220:D-F,Text-2220,2,16,53,1.0,0.9811320754716981,0.49056603773584906,578.0,1.0,1.0,1.0,0.9629629629629629,0.018867924528301883,neutral,0.0,0.03703703703703709,False,False
Text-1865:F-E,Text-1865,2,16,60,1.0,0.9833333333333333,0.48333333333333334,1312.25,1.0,1.0,1.0,0.9666666666666667,0.01666666666666672,neutral,0.0,0.033333333333333326,False,False
Text-1914:E-A,Text-1914,2,16,60,0.3125,0.3,0.8,1476.0,0.0,0.0,0.625,0.6,0.012500000000000011,neutral,0.0,0.025000000000000022,False,False
Text-2019:H-I,Text-2019,2,16,60,0.9375,0.9333333333333333,0.5666666666666667,802.0,0.875,0.8666666666666667,1.0,1.0,0.004166666666666652,neutral,0.008333333333333304,0.0,False,False
Text-460:A-D,Text-460,2,16,60,0.9375,0.9333333333333333,0.5666666666666667,807.75,0.875,0.8666666666666667,1.0,1.0,0.004166666666666652,neutral,0.008333333333333304,0.0,False,False
Text-282:J-A,Text-282,2,16,60,1.0,1.0,0.5,1285.5,1.0,1.0,1.0,1.0,0.0,neutral,0.0,0.0,False,False
Text-416:D-B,Text-416,2,16,60,1.0,1.0,0.5,703.0,1.0,1.0,1.0,1.0,0.0,neutral,0.0,0.0,False,False
Text-1361:H-F,Text-1361,2,16,60,1.0,1.0,0.5,385.25,1.0,1.0,1.0,1.0,0.0,neutral,0.0,0.0,False,False
Text-1361:H-E,Text-1361,2,16,60,1.0,1.0,0.5,480.75,1.0,1.0,1.0,1.0,0.0,neutral,0.0,0.0,False,False
Text-1361:H-C,Text-1361,2,16,60,1.0,1.0,0.5,490.0,1.0,1.0,1.0,1.0,0.0,neutral,0.0,0.0,False,False
Text-286:A-I,Text-286,2,16,60,1.0,1.0,0.5,570.0,1.0,1.0,1.0,1.0,0.0,neutral,0.0,0.0,False,False
Text-1361:H-B,Text-1361,2,16,60,1.0,1.0,0.5,440.5,1.0,1.0,1.0,1.0,0.0,neutral,0.0,0.0,False,False
Text-286:A-H,Text-286,2,16,60,1.0,1.0,0.5,528.0,1.0,1.0,1.0,1.0,0.0,neutral,0.0,0.0,False,False
Text-409:A-J,Text-409,2,16,60,1.0,1.0,0.5,587.25,1.0,1.0,1.0,1.0,0.0,neutral,0.0,0.0,False,False
Text-286:A-G,Text-286,2,16,60,1.0,1.0,0.5,594.25,1.0,1.0,1.0,1.0,0.0,neutral,0.0,0.0,False,False
Text-416:D-A,Text-416,2,16,60,1.0,1.0,0.5,643.25,1.0,1.0,1.0,1.0,0.0,neutral,0.0,0.0,False,False
Text-1361:H-A,Text-1361,2,16,60,1.0,1.0,0.5,468.0,1.0,1.0,1.0,1.0,0.0,neutral,0.0,0.0,False,False
Text-31:D-H,Text-31,2,16,56,0.0,0.0,0.5357142857142857,379.25,0.0,0.0,0.0,0.0,0.0,neutral,0.0,0.0,False,False
Text-1338:A-I,Text-1338,2,16,60,1.0,1.0,0.5,572.0,1.0,1.0,1.0,1.0,0.0,neutral,0.0,0.0,False,False
Text-286:A-F,Text-286,2,16,60,1.0,1.0,0.5,685.0,1.0,1.0,1.0,1.0,0.0,neutral,0.0,0.0,False,False
Text-286:A-E,Text-286,2,16,60,1.0,1.0,0.5,594.75,1.0,1.0,1.0,1.0,0.0,neutral,0.0,0.0,False,False
Text-416:D-I,Text-416,2,16,60,0.0,0.0,0.5,1209.75,0.0,0.0,0.0,0.0,0.0,neutral,0.0,0.0,False,False
Text-286:A-D,Text-286,2,16,60,1.0,1.0,0.5,643.25,1.0,1.0,1.0,1.0,0.0,neutral,0.0,0.0,False,False
Text-1338:A-H,Text-1338,2,16,59,1.0,1.0,0.5084745762711864,499.25,1.0,1.0,1.0,1.0,0.0,neutral,0.0,0.0,False,False
Text-286:A-C,Text-286,2,16,60,1.0,1.0,0.5,944.25,1.0,1.0,1.0,1.0,0.0,neutral,0.0,0.0,False,False
Text-438:A-D,Text-438,2,16,52,0.0,0.0,0.5769230769230769,663.75,0.0,0.0,0.0,0.0,0.0,neutral,0.0,0.0,False,False
Text-286:A-B,Text-286,2,16,60,1.0,1.0,0.5,628.25,1.0,1.0,1.0,1.0,0.0,neutral,0.0,0.0,False,False
Text-303:E-A,Text-303,2,16,60,1.0,1.0,0.5,942.25,1.0,1.0,1.0,1.0,0.0,neutral,0.0,0.0,False,False
Text-303:E-B,Text-303,2,16,60,1.0,1.0,0.5,878.5,1.0,1.0,1.0,1.0,0.0,neutral,0.0,0.0,False,False
Text-1361:H-G,Text-1361,2,16,60,1.0,1.0,0.5,593.75,1.0,1.0,1.0,1.0,0.0,neutral,0.0,0.0,False,False
Text-317:C-I,Text-317,2,16,48,0.0,0.0,0.625,826.0,0.0,0.0,0.0,0.0,0.0,neutral,0.0,0.0,False,False
Text-326:E-D,Text-326,2,16,60,0.0,0.0,0.5,704.0,0.0,0.0,0.0,0.0,0.0,neutral,0.0,0.0,False,False
Text-326:E-H,Text-326,2,16,60,0.0,0.0,0.5,600.0,0.0,0.0,0.0,0.0,0.0,neutral,0.0,0.0,False,False
Text-1361:H-J,Text-1361,2,16,60,1.0,1.0,0.5,398.25,1.0,1.0,1.0,1.0,0.0,neutral,0.0,0.0,False,False
Text-31:D-F,Text-31,2,16,60,1.0,1.0,0.5,462.5,1.0,1.0,1.0,1.0,0.0,neutral,0.0,0.0,False,False
Text-326:E-J,Text-326,2,16,60,0.0,0.0,0.5,1266.5,0.0,0.0,0.0,0.0,0.0,neutral,0.0,0.0,False,False
Text-31:D-E,Text-31,2,16,60,1.0,1.0,0.5,603.75,1.0,1.0,1.0,1.0,0.0,neutral,0.0,0.0,False,False
Text-31:D-C,Text-31,2,16,60,1.0,1.0,0.5,430.5,1.0,1.0,1.0,1.0,0.0,neutral,0.0,0.0,False,False
Text-330:G-C,Text-330,2,16,60,1.0,1.0,0.5,1160.75,1.0,1.0,1.0,1.0,0.0,neutral,0.0,0.0,False,False
Text-330:G-D,Text-330,2,16,60,1.0,1.0,0.5,962.25,1.0,1.0,1.0,1.0,0.0,neutral,0.0,0.0,False,False
Text-317:C-H,Text-317,2,16,23,1.0,1.0,0.391304347826087,765.75,1.0,1.0,1.0,1.0,0.0,neutral,0.0,0.0,False,False
Text-409:A-C,Text-409,2,16,60,1.0,1.0,0.5,806.25,1.0,1.0,1.0,1.0,0.0,neutral,0.0,0.0,False,False
Text-330:G-E,Text-330,2,16,60,1.0,1.0,0.5,1208.25,1.0,1.0,1.0,1.0,0.0,neutral,0.0,0.0,False,False
Text-330:G-F,Text-330,2,16,60,1.0,1.0,0.5,1310.5,1.0,1.0,1.0,1.0,0.0,neutral,0.0,0.0,False,False
Text-317:C-E,Text-317,2,16,20,1.0,1.0,0.55,1084.75,1.0,1.0,1.0,1.0,0.0,neutral,0.0,0.0,False,False
Text-317:C-B,Text-317,2,16,42,1.0,1.0,0.7142857142857143,616.5,1.0,1.0,1.0,1.0,0.0,neutral,0.0,0.0,False,False
Text-317:C-A,Text-317,2,16,44,1.0,1.0,0.6590909090909091,677.25,1.0,1.0,1.0,1.0,0.0,neutral,0.0,0.0,False,False
Text-330:G-J,Text-330,2,16,60,1.0,1.0,0.5,1183.0,1.0,1.0,1.0,1.0,0.0,neutral,0.0,0.0,False,False
Text-303:E-H,Text-303,2,16,60,1.0,1.0,0.5,1884.0,1.0,1.0,1.0,1.0,0.0,neutral,0.0,0.0,False,False
Text-303:E-D,Text-303,2,16,60,1.0,1.0,0.5,869.0,1.0,1.0,1.0,1.0,0.0,neutral,0.0,0.0,False,False
Text-1361:H-I,Text-1361,2,16,60,1.0,1.0,0.5,467.5,1.0,1.0,1.0,1.0,0.0,neutral,0.0,0.0,False,False
Text-326:E-B,Text-326,2,16,60,1.0,1.0,0.5,1170.5,1.0,1.0,1.0,1.0,0.0,neutral,0.0,0.0,False,False
Text-2291:E-A,Text-2291,2,16,60,1.0,1.0,0.5,443.25,1.0,1.0,1.0,1.0,0.0,neutral,0.0,0.0,False,False
Text-1367:J-C,Text-1367,2,16,60,1.0,1.0,0.5,906.0,1.0,1.0,1.0,1.0,0.0,neutral,0.0,0.0,False,False
Text-2290:J-G,Text-2290,2,16,60,1.0,1.0,0.5,653.25,1.0,1.0,1.0,1.0,0.0,neutral,0.0,0.0,False,False
Text-2290:J-A,Text-2290,2,16,60,1.0,1.0,0.5,607.75,1.0,1.0,1.0,1.0,0.0,neutral,0.0,0.0,False,False
Text-2290:J-B,Text-2290,2,16,60,1.0,1.0,0.5,492.0,1.0,1.0,1.0,1.0,0.0,neutral,0.0,0.0,False,False
Text-1426:A-D,Text-1426,2,16,60,1.0,1.0,0.5,1665.25,1.0,1.0,1.0,1.0,0.0,neutral,0.0,0.0,False,False
Text-2290:J-D,Text-2290,2,16,60,1.0,1.0,0.5,490.75,1.0,1.0,1.0,1.0,0.0,neutral,0.0,0.0,False,False
Text-2290:J-E,Text-2290,2,16,60,1.0,1.0,0.5,528.75,1.0,1.0,1.0,1.0,0.0,neutral,0.0,0.0,False,False
Text-2290:J-F,Text-2290,2,16,60,1.0,1.0,0.5,645.75,1.0,1.0,1.0,1.0,0.0,neutral,0.0,0.0,False,False
Text-2290:J-H,Text-2290,2,16,60,1.0,1.0,0.5,672.75,1.0,1.0,1.0,1.0,0.0,neutral,0.0,0.0,False,False
Text-2291:E-H,Text-2291,2,16,60,1.0,1.0,0.5,433.75,1.0,1.0,1.0,1.0,0.0,neutral,0.0,0.0,False,False
Text-2290:J-I,Text-2290,2,16,60,1.0,1.0,0.5,613.25,1.0,1.0,1.0,1.0,0.0,neutral,0.0,0.0,False,False
Text-1603:B-D,Text-1603,2,16,60,1.0,1.0,0.5,2184.5,1.0,1.0,1.0,1.0,0.0,neutral,0.0,0.0,False,False
Text-2291:E-B,Text-2291,2,16,60,1.0,1.0,0.5,467.25,1.0,1.0,1.0,1.0,0.0,neutral,0.0,0.0,False,False
Text-2291:E-C,Text-2291,2,16,60,1.0,1.0,0.5,533.25,1.0,1.0,1.0,1.0,0.0,neutral,0.0,0.0,False,False
Text-2291:E-D,Text-2291,2,16,60,1.0,1.0,0.5,515.5,1.0,1.0,1.0,1.0,0.0,neutral,0.0,0.0,False,False
Text-2291:E-F,Text-2291,2,16,60,1.0,1.0,0.5,492.0,1.0,1.0,1.0,1.0,0.0,neutral,0.0,0.0,False,False
Text-2275:B-H,Text-2275,2,15,60,1.0,1.0,0.5,2391.5,1.0,1.0,1.0,1.0,0.0,neutral,0.0,0.0,False,False
Text-2275:B-G,Text-2275,2,16,60,1.0,1.0,0.5,1367.25,1.0,1.0,1.0,1.0,0.0,neutral,0.0,0.0,False,False
Text-2275:B-F,Text-2275,2,16,60,0.0,0.0,0.5,534.75,0.0,0.0,0.0,0.0,0.0,neutral,0.0,0.0,False,False
Text-2275:B-D,Text-2275,2,16,60,1.0,1.0,0.5,1878.75,1.0,1.0,1.0,1.0,0.0,neutral,0.0,0.0,False,False
Text-2275:B-C,Text-2275,2,16,60,1.0,1.0,0.5,2062.5,1.0,1.0,1.0,1.0,0.0,neutral,0.0,0.0,False,False
Text-222:C-G,Text-222,2,16,60,1.0,1.0,0.5,840.25,1.0,1.0,1.0,1.0,0.0,neutral,0.0,0.0,False,False
Text-222:C-F,Text-222,2,16,60,1.0,1.0,0.5,752.25,1.0,1.0,1.0,1.0,0.0,neutral,0.0,0.0,False,False
Text-222:C-E,Text-222,2,16,60,0.0,0.0,0.5,783.5,0.0,0.0,0.0,0.0,0.0,neutral,0.0,0.0,False,False
Text-222:C-D,Text-222,2,16,60,1.0,1.0,0.5,537.0,1.0,1.0,1.0,1.0,0.0,neutral,0.0,0.0,False,False
Text-222:C-B,Text-222,2,16,60,1.0,1.0,0.5,984.5,1.0,1.0,1.0,1.0,0.0,neutral,0.0,0.0,False,False
Text-222:C-A,Text-222,2,16,60,1.0,1.0,0.5,773.5,1.0,1.0,1.0,1.0,0.0,neutral,0.0,0.0,False,False
Text-2220:D-G,Text-2220,2,16,44,1.0,1.0,0.5909090909090909,798.75,1.0,1.0,1.0,1.0,0.0,neutral,0.0,0.0,False,False
Text-2220:D-C,Text-2220,2,16,53,1.0,1.0,0.5660377358490566,609.25,1.0,1.0,1.0,1.0,0.0,neutral,0.0,0.0,False,False
Text-2220:D-A,Text-2220,2,16,59,1.0,1.0,0.5084745762711864,538.75,1.0,1.0,1.0,1.0,0.0,neutral,0.0,0.0,False,False
Text-21:E-H,Text-21,2,16,60,1.0,1.0,0.5,1083.5,1.0,1.0,1.0,1.0,0.0,neutral,0.0,0.0,False,False
Text-21:E-F,Text-21,2,16,60,1.0,1.0,0.5,984.0,1.0,1.0,1.0,1.0,0.0,neutral,0.0,0.0,False,False
Text-21:E-C,Text-21,2,16,60,1.0,1.0,0.5,938.0,1.0,1.0,1.0,1.0,0.0,neutral,0.0,0.0,False,False
Text-2291:E-G,Text-2291,2,16,60,1.0,1.0,0.5,552.25,1.0,1.0,1.0,1.0,0.0,neutral,0.0,0.0,False,False
Text-2291:E-I,Text-2291,2,16,60,1.0,1.0,0.5,471.75,1.0,1.0,1.0,1.0,0.0,neutral,0.0,0.0,False,False
Text-1367:J-F,Text-1367,2,16,60,1.0,1.0,0.5,915.25,1.0,1.0,1.0,1.0,0.0,neutral,0.0,0.0,False,False
Text-2445:C-D,Text-2445,2,16,60,1.0,1.0,0.5,784.25,1.0,1.0,1.0,1.0,0.0,neutral,0.0,0.0,False,False
Text-2410:D-G,Text-2410,2,16,60,1.0,1.0,0.5,918.5,1.0,1.0,1.0,1.0,0.0,neutral,0.0,0.0,False,False
Text-1385:A-H,Text-1385,2,16,60,1.0,1.0,0.5,629.75,1.0,1.0,1.0,1.0,0.0,neutral,0.0,0.0,False,False
Text-1385:A-G,Text-1385,2,16,60,1.0,1.0,0.5,698.25,1.0,1.0,1.0,1.0,0.0,neutral,0.0,0.0,False,False
Text-2410:D-J,Text-2410,2,16,60,0.0,0.0,0.5,963.0,0.0,0.0,0.0,0.0,0.0,neutral,0.0,0.0,False,False
Text-2445:C-A,Text-2445,2,16,60,1.0,1.0,0.5,683.0,1.0,1.0,1.0,1.0,0.0,neutral,0.0,0.0,False,False
Text-2445:C-B,Text-2445,2,16,60,1.0,1.0,0.5,608.25,1.0,1.0,1.0,1.0,0.0,neutral,0.0,0.0,False,False
Text-2445:C-F,Text-2445,2,16,60,1.0,1.0,0.5,1003.25,1.0,1.0,1.0,1.0,0.0,neutral,0.0,0.0,False,False
Text-2291:E-J,Text-2291,2,16,60,1.0,1.0,0.5,499.25,1.0,1.0,1.0,1.0,0.0,neutral,0.0,0.0,False,False
Text-1385:A-F,Text-1385,2,16,60,1.0,1.0,0.5,671.5,1.0,1.0,1.0,1.0,0.0,neutral,0.0,0.0,False,False
Text-1385:A-E,Text-1385,2,16,60,1.0,1.0,0.5,721.0,1.0,1.0,1.0,1.0,0.0,neutral,0.0,0.0,False,False
Text-2445:C-I,Text-2445,2,16,60,1.0,1.0,0.5,1053.25,1.0,1.0,1.0,1.0,0.0,neutral,0.0,0.0,False,False
Text-1385:A-D,Text-1385,2,16,60,1.0,1.0,0.5,675.75,1.0,1.0,1.0,1.0,0.0,neutral,0.0,0.0,False,False
Text-1385:A-B,Text-1385,2,16,60,1.0,1.0,0.5,683.75,1.0,1.0,1.0,1.0,0.0,neutral,0.0,0.0,False,False
Text-1367:J-H,Text-1367,2,16,60,0.5,0.5,1.0,1706.5,0.5,0.0,0.5,1.0,0.0,neutral,0.5,-0.5,False,False
Text-2410:D-F,Text-2410,2,16,60,0.0,0.0,0.5,615.0,0.0,0.0,0.0,0.0,0.0,neutral,0.0,0.0,False,False
Text-2410:D-B,Text-2410,2,16,60,1.0,1.0,0.5,773.25,1.0,1.0,1.0,1.0,0.0,neutral,0.0,0.0,False,False
Text-1385:A-I,Text-1385,2,16,60,1.0,1.0,0.5,701.5,1.0,1.0,1.0,1.0,0.0,neutral,0.0,0.0,False,False
Text-1385:A-J,Text-1385,2,16,60,1.0,1.0,0.5,689.0,1.0,1.0,1.0,1.0,0.0,neutral,0.0,0.0,False,False
Text-2367:I-H,Text-2367,2,16,60,1.0,1.0,0.5,1067.75,1.0,1.0,1.0,1.0,0.0,neutral,0.0,0.0,False,False
Text-2367:I-E,Text-2367,2,16,60,1.0,1.0,0.5,1194.75,1.0,1.0,1.0,1.0,0.0,neutral,0.0,0.0,False,False
Text-2367:I-D,Text-2367,2,16,60,1.0,1.0,0.5,1875.25,1.0,1.0,1.0,1.0,0.0,neutral,0.0,0.0,False,False
Text-2367:I-C,Text-2367,2,16,60,1.0,1.0,0.5,1292.0,1.0,1.0,1.0,1.0,0.0,neutral,0.0,0.0,False,False
Text-2367:I-B,Text-2367,2,16,60,1.0,1.0,0.5,1298.25,1.0,1.0,1.0,1.0,0.0,neutral,0.0,0.0,False,False
Text-1426:A-C,Text-1426,2,16,60,1.0,1.0,0.5,2033.0,1.0,1.0,1.0,1.0,0.0,neutral,0.0,0.0,False,False
Text-2328:A-J,Text-2328,2,16,60,1.0,1.0,0.5,655.25,1.0,1.0,1.0,1.0,0.0,neutral,0.0,0.0,False,False
Text-2328:A-H,Text-2328,2,16,60,1.0,1.0,0.5,565.25,1.0,1.0,1.0,1.0,0.0,neutral,0.0,0.0,False,False
Text-2328:A-F,Text-2328,2,16,60,1.0,1.0,0.5,648.0,1.0,1.0,1.0,1.0,0.0,neutral,0.0,0.0,False,False
Text-2328:A-E,Text-2328,2,16,60,1.0,1.0,0.5,879.5,1.0,1.0,1.0,1.0,0.0,neutral,0.0,0.0,False,False
Text-2328:A-D,Text-2328,2,16,60,1.0,1.0,0.5,560.5,1.0,1.0,1.0,1.0,0.0,neutral,0.0,0.0,False,False
Text-2328:A-C,Text-2328,2,16,60,1.0,1.0,0.5,635.0,1.0,1.0,1.0,1.0,0.0,neutral,0.0,0.0,False,False
Text-2328:A-B,Text-2328,2,16,60,1.0,1.0,0.5,649.25,1.0,1.0,1.0,1.0,0.0,neutral,0.0,0.0,False,False
Text-438:A-I,Text-438,2,16,49,0.0,0.0,0.5714285714285714,642.5,0.0,0.0,0.0,0.0,0.0,neutral,0.0,0.0,False,False
Text-484:A-D,Text-484,2,16,60,1.0,1.0,0.5,792.5,1.0,1.0,1.0,1.0,0.0,neutral,0.0,0.0,False,False
Text-460:A-B,Text-460,2,16,60,1.0,1.0,0.5,698.75,1.0,1.0,1.0,1.0,0.0,neutral,0.0,0.0,False,False
Text-799:A-G,Text-799,2,16,60,0.0,0.0,0.5,629.5,0.0,0.0,0.0,0.0,0.0,neutral,0.0,0.0,False,False
Text-779:D-F,Text-779,2,16,60,0.0,0.0,0.5,696.75,0.0,0.0,0.0,0.0,0.0,neutral,0.0,0.0,False,False
Text-779:D-H,Text-779,2,16,60,1.0,1.0,0.5,645.0,1.0,1.0,1.0,1.0,0.0,neutral,0.0,0.0,False,False
Text-779:D-I,Text-779,2,16,60,1.0,1.0,0.5,488.75,1.0,1.0,1.0,1.0,0.0,neutral,0.0,0.0,False,False
Text-1173:H-J,Text-1173,2,16,60,1.0,1.0,0.5,775.75,1.0,1.0,1.0,1.0,0.0,neutral,0.0,0.0,False,False
Text-1173:H-D,Text-1173,2,16,60,0.0,0.0,0.5,1662.25,0.0,0.0,0.0,0.0,0.0,neutral,0.0,0.0,False,False
Text-1173:H-C,Text-1173,2,16,60,0.5,0.5,0.0,1979.75,0.75,1.0,0.25,0.0,0.0,neutral,-0.25,0.25,False,False
Text-1074:A-J,Text-1074,2,16,60,0.0,0.0,0.5,990.25,0.0,0.0,0.0,0.0,0.0,neutral,0.0,0.0,False,False
Text-779:D-B,Text-779,2,16,60,1.0,1.0,0.5,847.0,1.0,1.0,1.0,1.0,0.0,neutral,0.0,0.0,False,False
Text-799:A-I,Text-799,2,16,60,0.0,0.0,0.5,2203.0,0.0,0.0,0.0,0.0,0.0,neutral,0.0,0.0,False,False
Text-1074:A-I,Text-1074,2,16,60,0.0,0.0,0.5,858.5,0.0,0.0,0.0,0.0,0.0,neutral,0.0,0.0,False,False
Text-1074:A-E,Text-1074,2,16,60,0.0,0.0,0.5,3941.5,0.0,0.0,0.0,0.0,0.0,neutral,0.0,0.0,False,False
Text-1074:A-D,Text-1074,2,16,60,1.0,1.0,0.5,2104.0,1.0,1.0,1.0,1.0,0.0,neutral,0.0,0.0,False,False
Text-1074:A-C,Text-1074,2,16,60,0.0,0.0,0.5,1493.5,0.0,0.0,0.0,0.0,0.0,neutral,0.0,0.0,False,False
Text-1037:D-J,Text-1037,2,16,60,0.0,0.0,0.5,857.0,0.0,0.0,0.0,0.0,0.0,neutral,0.0,0.0,False,False
Text-779:D-C,Text-779,2,16,60,1.0,1.0,0.5,607.5,1.0,1.0,1.0,1.0,0.0,neutral,0.0,0.0,False,False
Text-779:D-A,Text-779,2,16,60,1.0,1.0,0.5,742.5,1.0,1.0,1.0,1.0,0.0,neutral,0.0,0.0,False,False
Text-1239:F-E,Text-1239,2,16,60,0.5,0.5,0.0,1522.5,0.5,1.0,0.5,0.0,0.0,neutral,-0.5,0.5,False,False
Text-714:J-G,Text-714,2,16,60,1.0,1.0,0.5,1003.5,1.0,1.0,1.0,1.0,0.0,neutral,0.0,0.0,False,False
Text-699:I-E,Text-699,2,16,60,1.0,1.0,0.5,974.0,1.0,1.0,1.0,1.0,0.0,neutral,0.0,0.0,False,False
Text-699:I-F,Text-699,2,16,60,1.0,1.0,0.5,565.0,1.0,1.0,1.0,1.0,0.0,neutral,0.0,0.0,False,False
Text-1218:C-J,Text-1218,2,16,60,1.0,1.0,0.5,864.5,1.0,1.0,1.0,1.0,0.0,neutral,0.0,0.0,False,False
Text-714:J-C,Text-714,2,16,60,1.0,1.0,0.5,1344.25,1.0,1.0,1.0,1.0,0.0,neutral,0.0,0.0,False,False
Text-714:J-D,Text-714,2,16,60,1.0,1.0,0.5,1300.25,1.0,1.0,1.0,1.0,0.0,neutral,0.0,0.0,False,False
Text-714:J-E,Text-714,2,16,60,1.0,1.0,0.5,928.25,1.0,1.0,1.0,1.0,0.0,neutral,0.0,0.0,False,False
Text-73:B-A,Text-73,2,16,58,1.0,1.0,0.5172413793103449,1226.75,1.0,1.0,1.0,1.0,0.0,neutral,0.0,0.0,False,False
Text-73:B-J,Text-73,2,16,49,1.0,1.0,0.6122448979591837,896.75,1.0,1.0,1.0,1.0,0.0,neutral,0.0,0.0,False,False
Text-73:B-C,Text-73,2,16,60,1.0,1.0,0.5,1158.25,1.0,1.0,1.0,1.0,0.0,neutral,0.0,0.0,False,False
Text-73:B-D,Text-73,2,16,58,0.0,0.0,0.5172413793103449,602.0,0.0,0.0,0.0,0.0,0.0,neutral,0.0,0.0,False,False
Text-73:B-E,Text-73,2,16,59,1.0,1.0,0.5084745762711864,922.25,1.0,1.0,1.0,1.0,0.0,neutral,0.0,0.0,False,False
Text-73:B-F,Text-73,2,16,59,0.0,0.0,0.5084745762711864,823.75,0.0,0.0,0.0,0.0,0.0,neutral,0.0,0.0,False,False
Text-73:B-G,Text-73,2,16,60,1.0,1.0,0.5,918.75,1.0,1.0,1.0,1.0,0.0,neutral,0.0,0.0,False,False
Text-73:B-I,Text-73,2,16,60,1.0,1.0,0.5,809.0,1.0,1.0,1.0,1.0,0.0,neutral,0.0,0.0,False,False
Text-1037:D-I,Text-1037,2,16,60,0.5,0.5,1.0,1564.5,0.0,0.0,1.0,1.0,0.0,neutral,0.0,0.0,False,False
Text-911:E-F,Text-911,2,16,60,1.0,1.0,0.5,986.75,1.0,1.0,1.0,1.0,0.0,neutral,0.0,0.0,False,False
Text-911:E-I,Text-911,2,16,60,1.0,1.0,0.5,1004.75,1.0,1.0,1.0,1.0,0.0,neutral,0.0,0.0,False,False
Text-982:B-A,Text-982,2,16,60,1.0,1.0,0.5,653.25,1.0,1.0,1.0,1.0,0.0,neutral,0.0,0.0,False,False
Text-968:G-A,Text-968,2,16,60,0.0,0.0,0.5,1793.5,0.0,0.0,0.0,0.0,0.0,neutral,0.0,0.0,False,False
Text-1031:E-D,Text-1031,2,15,60,0.0,0.0,0.5,1068.0,0.0,0.0,0.0,0.0,0.0,neutral,0.0,0.0,False,False
Text-968:G-C,Text-968,2,16,60,1.0,1.0,0.5,881.0,1.0,1.0,1.0,1.0,0.0,neutral,0.0,0.0,False,False
Text-968:G-E,Text-968,2,16,60,1.0,1.0,0.5,730.75,1.0,1.0,1.0,1.0,0.0,neutral,0.0,0.0,False,False
Text-968:G-I,Text-968,2,16,60,1.0,1.0,0.5,733.0,1.0,1.0,1.0,1.0,0.0,neutral,0.0,0.0,False,False
Text-968:G-J,Text-968,2,16,60,0.0,0.0,0.5,863.25,0.0,0.0,0.0,0.0,0.0,neutral,0.0,0.0,False,False
Text-982:B-C,Text-982,2,16,60,1.0,1.0,0.5,548.0,1.0,1.0,1.0,1.0,0.0,neutral,0.0,0.0,False,False
Text-1031:E-I,Text-1031,2,16,60,0.0,0.0,0.5,795.0,0.0,0.0,0.0,0.0,0.0,neutral,0.0,0.0,False,False
Text-982:B-D,Text-982,2,16,60,1.0,1.0,0.5,551.75,1.0,1.0,1.0,1.0,0.0,neutral,0.0,0.0,False,False
Text-982:B-E,Text-982,2,16,60,1.0,1.0,0.5,881.5,1.0,1.0,1.0,1.0,0.0,neutral,0.0,0.0,False,False
Text-982:B-F,Text-982,2,16,60,1.0,1.0,0.5,496.0,1.0,1.0,1.0,1.0,0.0,neutral,0.0,0.0,False,False
Text-982:B-G,Text-982,2,16,60,1.0,1.0,0.5,563.5,1.0,1.0,1.0,1.0,0.0,neutral,0.0,0.0,False,False
Text-982:B-H,Text-982,2,16,60,1.0,1.0,0.5,551.5,1.0,1.0,1.0,1.0,0.0,neutral,0.0,0.0,False,False
Text-982:B-I,Text-982,2,16,60,1.0,1.0,0.5,720.25,1.0,1.0,1.0,1.0,0.0,neutral,0.0,0.0,False,False
Text-959:E-I,Text-959,2,16,60,1.0,1.0,0.5,856.5,1.0,1.0,1.0,1.0,0.0,neutral,0.0,0.0,False,False
Text-959:E-G,Text-959,2,16,60,1.0,1.0,0.5,1022.25,1.0,1.0,1.0,1.0,0.0,neutral,0.0,0.0,False,False
Text-959:E-F,Text-959,2,16,60,0.0,0.0,0.5,2643.75,0.0,0.0,0.0,0.0,0.0,neutral,0.0,0.0,False,False
Text-959:E-D,Text-959,2,16,60,0.0,0.0,0.5,750.25,0.0,0.0,0.0,0.0,0.0,neutral,0.0,0.0,False,False
Text-959:E-C,Text-959,2,16,60,0.0,0.0,0.5,1400.0,0.0,0.0,0.0,0.0,0.0,neutral,0.0,0.0,False,False
Text-959:E-B,Text-959,2,16,60,1.0,1.0,0.5,1908.25,1.0,1.0,1.0,1.0,0.0,neutral,0.0,0.0,False,False
Text-1031:E-F,Text-1031,2,16,60,0.0,0.0,0.5,779.75,0.0,0.0,0.0,0.0,0.0,neutral,0.0,0.0,False,False
Text-928:G-F,Text-928,2,16,60,0.0,0.0,0.5,853.5,0.0,0.0,0.0,0.0,0.0,neutral,0.0,0.0,False,False
Text-928:G-A,Text-928,2,16,60,1.0,1.0,0.5,1451.25,1.0,1.0,1.0,1.0,0.0,neutral,0.0,0.0,False,False
Text-915:J-I,Text-915,2,16,60,1.0,1.0,0.5,1143.0,1.0,1.0,1.0,1.0,0.0,neutral,0.0,0.0,False,False
Text-915:J-H,Text-915,2,16,60,0.0,0.0,0.5,955.5,0.0,0.0,0.0,0.0,0.0,neutral,0.0,0.0,False,False
Text-915:J-G,Text-915,2,16,60,0.5,0.5,1.0,2721.25,0.125,0.0,0.875,1.0,0.0,neutral,0.125,-0.125,False,False
Text-915:J-F,Text-915,2,16,60,1.0,1.0,0.5,1170.25,1.0,1.0,1.0,1.0,0.0,neutral,0.0,0.0,False,False
Text-915:J-E,Text-915,2,16,60,1.0,1.0,0.5,674.5,1.0,1.0,1.0,1.0,0.0,neutral,0.0,0.0,False,False
Text-1031:E-G,Text-1031,2,16,60,0.0,0.0,0.5,1656.25,0.0,0.0,0.0,0.0,0.0,neutral,0.0,0.0,False,False
Text-915:J-B,Text-915,2,16,60,1.0,1.0,0.5,1007.75,1.0,1.0,1.0,1.0,0.0,neutral,0.0,0.0,False,False
Text-915:J-A,Text-915,2,16,60,1.0,1.0,0.5,1261.25,1.0,1.0,1.0,1.0,0.0,neutral,0.0,0.0,False,False
Text-699:I-C,Text-699,2,16,60,1.0,1.0,0.5,516.0,1.0,1.0,1.0,1.0,0.0,neutral,0.0,0.0,False,False
Text-697:D-H,Text-697,2,16,60,1.0,1.0,0.5,1039.75,1.0,1.0,1.0,1.0,0.0,neutral,0.0,0.0,False,False
Text-460:A-C,Text-460,2,16,60,1.0,1.0,0.5,542.25,1.0,1.0,1.0,1.0,0.0,neutral,0.0,0.0,False,False
Text-510:I-C,Text-510,2,16,60,1.0,1.0,0.5,593.0,1.0,1.0,1.0,1.0,0.0,neutral,0.0,0.0,False,False
Text-500:F-B,Text-500,2,16,60,0.5,0.5,0.26666666666666666,1543.25,0.25,0.7333333333333333,0.75,0.26666666666666666,0.0,neutral,-0.4833333333333333,0.48333333333333334,False,False
Text-500:F-G,Text-500,2,16,60,1.0,1.0,0.5,659.0,1.0,1.0,1.0,1.0,0.0,neutral,0.0,0.0,False,False
Text-500:F-H,Text-500,2,16,60,0.0,0.0,0.5,1543.75,0.0,0.0,0.0,0.0,0.0,neutral,0.0,0.0,False,False
Text-1253:J-G,Text-1253,2,16,60,1.0,1.0,0.5,519.75,1.0,1.0,1.0,1.0,0.0,neutral,0.0,0.0,False,False
Text-510:I-A,Text-510,2,16,60,1.0,1.0,0.5,519.25,1.0,1.0,1.0,1.0,0.0,neutral,0.0,0.0,False,False
Text-510:I-B,Text-510,2,16,60,1.0,1.0,0.5,678.75,1.0,1.0,1.0,1.0,0.0,neutral,0.0,0.0,False,False
Text-1253:J-E,Text-1253,2,16,60,1.0,1.0,0.5,392.25,1.0,1.0,1.0,1.0,0.0,neutral,0.0,0.0,False,False
Text-1259:J-A,Text-1259,2,16,60,0.0,0.0,0.5,512.5,0.0,0.0,0.0,0.0,0.0,neutral,0.0,0.0,False,False
Text-510:I-F,Text-510,2,16,60,1.0,1.0,0.5,798.75,1.0,1.0,1.0,1.0,0.0,neutral,0.0,0.0,False,False
Text-510:I-G,Text-510,2,16,60,1.0,1.0,0.5,607.75,1.0,1.0,1.0,1.0,0.0,neutral,0.0,0.0,False,False
Text-510:I-H,Text-510,2,16,60,1.0,1.0,0.5,651.5,1.0,1.0,1.0,1.0,0.0,neutral,0.0,0.0,False,False
Text-1253:J-C,Text-1253,2,16,60,1.0,1.0,0.5,410.5,1.0,1.0,1.0,1.0,0.0,neutral,0.0,0.0,False,False
Text-1253:J-B,Text-1253,2,16,60,1.0,1.0,0.5,449.75,1.0,1.0,1.0,1.0,0.0,neutral,0.0,0.0,False,False
Text-540:A-D,Text-540,2,16,60,0.0,0.0,0.5,818.75,0.0,0.0,0.0,0.0,0.0,neutral,0.0,0.0,False,False
Text-1253:J-H,Text-1253,2,16,60,1.0,1.0,0.5,425.0,1.0,1.0,1.0,1.0,0.0,neutral,0.0,0.0,False,False
Text-484:A-G,Text-484,2,16,60,1.0,1.0,0.5,734.75,1.0,1.0,1.0,1.0,0.0,neutral,0.0,0.0,False,False
Text-697:D-G,Text-697,2,16,60,1.0,1.0,0.5,920.75,1.0,1.0,1.0,1.0,0.0,neutral,0.0,0.0,False,False
Text-471:I-C,Text-471,2,16,60,1.0,1.0,0.5,1329.75,1.0,1.0,1.0,1.0,0.0,neutral,0.0,0.0,False,False
Text-460:A-E,Text-460,2,16,60,1.0,1.0,0.5,555.25,1.0,1.0,1.0,1.0,0.0,neutral,0.0,0.0,False,False
Text-460:A-F,Text-460,2,16,60,1.0,1.0,0.5,484.25,1.0,1.0,1.0,1.0,0.0,neutral,0.0,0.0,False,False
Text-1338:A-C,Text-1338,2,16,60,1.0,1.0,0.5,518.5,1.0,1.0,1.0,1.0,0.0,neutral,0.0,0.0,False,False
Text-460:A-H,Text-460,2,16,60,1.0,1.0,0.5,427.25,1.0,1.0,1.0,1.0,0.0,neutral,0.0,0.0,False,False
Text-1338:A-B,Text-1338,2,16,60,1.0,1.0,0.5,958.5,1.0,1.0,1.0,1.0,0.0,neutral,0.0,0.0,False,False
Text-471:I-A,Text-471,2,16,60,1.0,1.0,0.5,577.0,1.0,1.0,1.0,1.0,0.0,neutral,0.0,0.0,False,False
Text-471:I-D,Text-471,2,16,60,1.0,1.0,0.5,699.75,1.0,1.0,1.0,1.0,0.0,neutral,0.0,0.0,False,False
Text-1259:J-C,Text-1259,2,16,60,1.0,1.0,0.5,1065.5,1.0,1.0,1.0,1.0,0.0,neutral,0.0,0.0,False,False
Text-471:I-E,Text-471,2,16,60,1.0,1.0,0.5,503.75,1.0,1.0,1.0,1.0,0.0,neutral,0.0,0.0,False,False
Text-471:I-F,Text-471,2,16,60,1.0,1.0,0.5,546.5,1.0,1.0,1.0,1.0,0.0,neutral,0.0,0.0,False,False
Text-471:I-H,Text-471,2,16,60,1.0,1.0,0.5,539.5,1.0,1.0,1.0,1.0,0.0,neutral,0.0,0.0,False,False
Text-1259:J-E,Text-1259,2,16,60,0.0,0.0,0.5,471.75,0.0,0.0,0.0,0.0,0.0,neutral,0.0,0.0,False,False
Text-21:E-A,Text-21,2,16,60,1.0,1.0,0.5,905.0,1.0,1.0,1.0,1.0,0.0,neutral,0.0,0.0,False,False
Text-1259:J-D,Text-1259,2,16,60,0.0,0.0,0.5,688.0,0.0,0.0,0.0,0.0,0.0,neutral,0.0,0.0,False,False
Text-540:A-F,Text-540,2,16,60,0.0,0.0,0.5,985.5,0.0,0.0,0.0,0.0,0.0,neutral,0.0,0.0,False,False
Text-540:A-H,Text-540,2,16,60,0.0,0.0,0.5,773.0,0.0,0.0,0.0,0.0,0.0,neutral,0.0,0.0,False,False
Text-1253:J-A,Text-1253,2,16,60,1.0,1.0,0.5,400.0,1.0,1.0,1.0,1.0,0.0,neutral,0.0,0.0,False,False
Text-696:B-G,Text-696,2,16,60,1.0,1.0,0.5,634.75,1.0,1.0,1.0,1.0,0.0,neutral,0.0,0.0,False,False
Text-1241:I-D,Text-1241,2,16,60,0.0,0.0,0.5,607.0,0.0,0.0,0.0,0.0,0.0,neutral,0.0,0.0,False,False
Text-629:J-G,Text-629,2,16,60,0.0,0.0,0.5,1277.5,0.0,0.0,0.0,0.0,0.0,neutral,0.0,0.0,False,False
Text-1241:I-C,Text-1241,2,16,60,1.0,1.0,0.5,1321.5,1.0,1.0,1.0,1.0,0.0,neutral,0.0,0.0,False,False
Text-696:B-C,Text-696,2,16,60,1.0,1.0,0.5,645.5,1.0,1.0,1.0,1.0,0.0,neutral,0.0,0.0,False,False
Text-696:B-D,Text-696,2,16,60,1.0,1.0,0.5,655.25,1.0,1.0,1.0,1.0,0.0,neutral,0.0,0.0,False,False
Text-696:B-F,Text-696,2,16,60,0.0,0.0,0.5,808.25,0.0,0.0,0.0,0.0,0.0,neutral,0.0,0.0,False,False
Text-696:B-H,Text-696,2,16,60,1.0,1.0,0.5,864.5,1.0,1.0,1.0,1.0,0.0,neutral,0.0,0.0,False,False
Text-555:I-A,Text-555,2,16,60,1.0,1.0,0.5,820.25,1.0,1.0,1.0,1.0,0.0,neutral,0.0,0.0,False,False
Text-1241:I-B,Text-1241,2,16,60,1.0,1.0,0.5,896.25,1.0,1.0,1.0,1.0,0.0,neutral,0.0,0.0,False,False
Text-696:B-J,Text-696,2,16,60,1.0,1.0,0.5,998.0,1.0,1.0,1.0,1.0,0.0,neutral,0.0,0.0,False,False
Text-1241:I-A,Text-1241,2,16,60,1.0,1.0,0.5,1211.0,1.0,1.0,1.0,1.0,0.0,neutral,0.0,0.0,False,False
Text-697:D-B,Text-697,2,16,60,1.0,1.0,0.5,663.25,1.0,1.0,1.0,1.0,0.0,neutral,0.0,0.0,False,False
Text-1239:F-I,Text-1239,2,16,60,0.5,0.5,0.0,1605.75,0.375,1.0,0.625,0.0,0.0,neutral,-0.625,0.625,False,False
Text-697:D-E,Text-697,2,16,60,1.0,1.0,0.5,948.5,1.0,1.0,1.0,1.0,0.0,neutral,0.0,0.0,False,False
Text-629:J-C,Text-629,2,16,60,1.0,1.0,0.5,1870.0,1.0,1.0,1.0,1.0,0.0,neutral,0.0,0.0,False,False
Text-1241:I-F,Text-1241,2,16,60,1.0,1.0,0.5,903.0,1.0,1.0,1.0,1.0,0.0,neutral,0.0,0.0,False,False
Text-602:I-H,Text-602,2,16,60,0.0,0.0,0.5,757.75,0.0,0.0,0.0,0.0,0.0,neutral,0.0,0.0,False,False
Text-602:I-G,Text-602,2,16,60,1.0,1.0,0.5,474.75,1.0,1.0,1.0,1.0,0.0,neutral,0.0,0.0,False,False
Text-602:I-F,Text-602,2,16,60,0.0,0.0,0.5,469.75,0.0,0.0,0.0,0.0,0.0,neutral,0.0,0.0,False,False
Text-602:I-E,Text-602,2,16,60,1.0,1.0,0.5,954.25,1.0,1.0,1.0,1.0,0.0,neutral,0.0,0.0,False,False
Text-1241:I-G,Text-1241,2,16,60,0.0,0.0,0.5,1199.25,0.0,0.0,0.0,0.0,0.0,neutral,0.0,0.0,False,False
Text-1241:I-H,Text-1241,2,16,60,1.0,1.0,0.5,1369.75,1.0,1.0,1.0,1.0,0.0,neutral,0.0,0.0,False,False
Text-572:D-I,Text-572,2,16,60,1.0,1.0,0.5,691.0,1.0,1.0,1.0,1.0,0.0,neutral,0.0,0.0,False,False
Text-572:D-H,Text-572,2,16,60,1.0,1.0,0.5,783.75,1.0,1.0,1.0,1.0,0.0,neutral,0.0,0.0,False,False
Text-572:D-G,Text-572,2,16,60,1.0,1.0,0.5,772.5,1.0,1.0,1.0,1.0,0.0,neutral,0.0,0.0,False,False
Text-572:D-F,Text-572,2,16,60,1.0,1.0,0.5,614.5,1.0,1.0,1.0,1.0,0.0,neutral,0.0,0.0,False,False
Text-572:D-E,Text-572,2,16,60,1.0,1.0,0.5,1055.0,1.0,1.0,1.0,1.0,0.0,neutral,0.0,0.0,False,False
Text-572:D-C,Text-572,2,16,60,1.0,1.0,0.5,733.25,1.0,1.0,1.0,1.0,0.0,neutral,0.0,0.0,False,False
Text-572:D-B,Text-572,2,16,60,1.0,1.0,0.5,606.5,1.0,1.0,1.0,1.0,0.0,neutral,0.0,0.0,False,False
Text-1241:I-J,Text-1241,2,16,60,0.0,0.0,0.5,812.25,0.0,0.0,0.0,0.0,0.0,neutral,0.0,0.0,False,False
Text-555:I-J,Text-555,2,16,60,1.0,1.0,0.5,683.75,1.0,1.0,1.0,1.0,0.0,neutral,0.0,0.0,False,False
Text-21:E-B,Text-21,2,16,60,1.0,1.0,0.5,1073.0,1.0,1.0,1.0,1.0,0.0,neutral,0.0,0.0,False,False
Text-982:B-J,Text-982,2,16,60,1.0,1.0,0.5,473.25,1.0,1.0,1.0,1.0,0.0,neutral,0.0,0.0,False,False
Text-1687:F-E,Text-1687,2,16,60,1.0,1.0,0.5,749.25,1.0,1.0,1.0,1.0,0.0,neutral,0.0,0.0,False,False
Text-1863:B-H,Text-1863,2,16,60,1.0,1.0,0.5,581.0,1.0,1.0,1.0,1.0,0.0,neutral,0.0,0.0,False,False
Text-1495:J-B,Text-1495,2,16,60,1.0,1.0,0.5,487.75,1.0,1.0,1.0,1.0,0.0,neutral,0.0,0.0,False,False
Text-1553:J-G,Text-1553,2,16,60,1.0,1.0,0.5,1423.75,1.0,1.0,1.0,1.0,0.0,neutral,0.0,0.0,False,False
Text-2009:C-H,Text-2009,2,16,60,1.0,1.0,0.5,1487.5,1.0,1.0,1.0,1.0,0.0,neutral,0.0,0.0,False,False
Text-1495:J-D,Text-1495,2,16,60,1.0,1.0,0.5,472.5,1.0,1.0,1.0,1.0,0.0,neutral,0.0,0.0,False,False
Text-2009:C-F,Text-2009,2,16,60,1.0,1.0,0.5,1495.25,1.0,1.0,1.0,1.0,0.0,neutral,0.0,0.0,False,False
Text-1897:C-D,Text-1897,2,16,60,0.0,0.0,0.5,1137.0,0.0,0.0,0.0,0.0,0.0,neutral,0.0,0.0,False,False
Text-1897:C-E,Text-1897,2,16,60,1.0,1.0,0.5,949.25,1.0,1.0,1.0,1.0,0.0,neutral,0.0,0.0,False,False
Text-2009:C-E,Text-2009,2,16,60,1.0,1.0,0.5,1290.0,1.0,1.0,1.0,1.0,0.0,neutral,0.0,0.0,False,False
Text-2009:C-D,Text-2009,2,16,60,1.0,1.0,0.5,1173.75,1.0,1.0,1.0,1.0,0.0,neutral,0.0,0.0,False,False
Text-2009:C-B,Text-2009,2,16,60,1.0,1.0,0.5,1596.25,1.0,1.0,1.0,1.0,0.0,neutral,0.0,0.0,False,False
Text-1897:C-F,Text-1897,2,16,60,1.0,1.0,0.5,1320.5,1.0,1.0,1.0,1.0,0.0,neutral,0.0,0.0,False,False
Text-1593:C-E,Text-1593,2,16,55,1.0,1.0,0.4727272727272727,1453.75,1.0,1.0,1.0,1.0,0.0,neutral,0.0,0.0,False,False
Text-2009:C-A,Text-2009,2,16,60,1.0,1.0,0.5,1514.75,1.0,1.0,1.0,1.0,0.0,neutral,0.0,0.0,False,False
Text-1999:G-I,Text-1999,2,16,60,1.0,1.0,0.5,546.0,1.0,1.0,1.0,1.0,0.0,neutral,0.0,0.0,False,False
Text-1999:G-H,Text-1999,2,16,60,1.0,1.0,0.5,480.5,1.0,1.0,1.0,1.0,0.0,neutral,0.0,0.0,False,False
Text-1495:J-E,Text-1495,2,16,60,0.0,0.0,0.5,509.75,0.0,0.0,0.0,0.0,0.0,neutral,0.0,0.0,False,False
Text-1593:C-A,Text-1593,2,16,59,1.0,1.0,0.4915254237288136,1489.0,1.0,1.0,1.0,1.0,0.0,neutral,0.0,0.0,False,False
Text-1999:G-C,Text-1999,2,16,60,1.0,1.0,0.5,606.75,1.0,1.0,1.0,1.0,0.0,neutral,0.0,0.0,False,False
Text-1897:C-G,Text-1897,2,16,60,1.0,1.0,0.5,1197.0,1.0,1.0,1.0,1.0,0.0,neutral,0.0,0.0,False,False
Text-1991:I-J,Text-1991,2,16,60,1.0,1.0,0.5,491.75,1.0,1.0,1.0,1.0,0.0,neutral,0.0,0.0,False,False
Text-1495:J-F,Text-1495,2,16,60,0.0,0.0,0.5,540.25,0.0,0.0,0.0,0.0,0.0,neutral,0.0,0.0,False,False
Text-1991:I-G,Text-1991,2,16,60,1.0,1.0,0.5,506.5,1.0,1.0,1.0,1.0,0.0,neutral,0.0,0.0,False,False
Text-1897:C-H,Text-1897,2,16,60,0.0,0.0,0.5,1159.0,0.0,0.0,0.0,0.0,0.0,neutral,0.0,0.0,False,False
Text-1553:J-H,Text-1553,2,16,60,1.0,1.0,0.5,943.0,1.0,1.0,1.0,1.0,0.0,neutral,0.0,0.0,False,False
Text-1881:D-H,Text-1881,2,16,60,0.0,0.0,0.5,759.75,0.0,0.0,0.0,0.0,0.0,neutral,0.0,0.0,False,False
Text-1553:J-I,Text-1553,2,16,60,1.0,1.0,0.5,965.75,1.0,1.0,1.0,1.0,0.0,neutral,0.0,0.0,False,False
Text-1489:I-C,Text-1489,2,16,60,1.0,1.0,0.5,348.5,1.0,1.0,1.0,1.0,0.0,neutral,0.0,0.0,False,False
Text-1481:I-A,Text-1481,2,16,60,1.0,1.0,0.5,925.75,1.0,1.0,1.0,1.0,0.0,neutral,0.0,0.0,False,False
Text-1031:E-B,Text-1031,2,16,60,0.0,0.0,0.5,1087.5,0.0,0.0,0.0,0.0,0.0,neutral,0.0,0.0,False,False
Text-2019:H-B,Text-2019,2,16,60,1.0,1.0,0.5,699.75,1.0,1.0,1.0,1.0,0.0,neutral,0.0,0.0,False,False
Text-1481:I-D,Text-1481,2,16,60,1.0,1.0,0.5,736.75,1.0,1.0,1.0,1.0,0.0,neutral,0.0,0.0,False,False
Text-1863:B-J,Text-1863,2,16,60,1.0,1.0,0.5,657.75,1.0,1.0,1.0,1.0,0.0,neutral,0.0,0.0,False,False
Text-1481:I-E,Text-1481,2,16,60,1.0,1.0,0.5,659.25,1.0,1.0,1.0,1.0,0.0,neutral,0.0,0.0,False,False
Text-1565:G-J,Text-1565,2,16,60,1.0,1.0,0.5,889.25,1.0,1.0,1.0,1.0,0.0,neutral,0.0,0.0,False,False
Text-1481:I-H,Text-1481,2,16,60,1.0,1.0,0.5,1000.25,1.0,1.0,1.0,1.0,0.0,neutral,0.0,0.0,False,False
Text-1481:I-J,Text-1481,2,16,60,0.0,0.0,0.5,964.25,0.0,0.0,0.0,0.0,0.0,neutral,0.0,0.0,False,False
Text-1920:I-J,Text-1920,2,16,60,1.0,1.0,0.5,433.0,1.0,1.0,1.0,1.0,0.0,neutral,0.0,0.0,False,False
Text-1565:G-H,Text-1565,2,16,60,1.0,1.0,0.5,1182.0,1.0,1.0,1.0,1.0,0.0,neutral,0.0,0.0,False,False
Text-1881:D-E,Text-1881,2,16,60,0.0,0.0,0.5,760.5,0.0,0.0,0.0,0.0,0.0,neutral,0.0,0.0,False,False
Text-2010:G-B,Text-2010,2,16,60,1.0,1.0,0.5,760.0,1.0,1.0,1.0,1.0,0.0,neutral,0.0,0.0,False,False
Text-1593:C-G,Text-1593,2,16,59,1.0,1.0,0.4915254237288136,1398.75,1.0,1.0,1.0,1.0,0.0,neutral,0.0,0.0,False,False
Text-1489:I-D,Text-1489,2,16,60,1.0,1.0,0.5,306.25,1.0,1.0,1.0,1.0,0.0,neutral,0.0,0.0,False,False
Text-1489:I-E,Text-1489,2,16,60,1.0,1.0,0.5,436.25,1.0,1.0,1.0,1.0,0.0,neutral,0.0,0.0,False,False
Text-1565:G-C,Text-1565,2,16,60,0.0,0.0,0.5,846.25,0.0,0.0,0.0,0.0,0.0,neutral,0.0,0.0,False,False
Text-1489:I-F,Text-1489,2,16,60,1.0,1.0,0.5,327.5,1.0,1.0,1.0,1.0,0.0,neutral,0.0,0.0,False,False
Text-1565:G-B,Text-1565,2,16,60,1.0,1.0,0.5,1005.25,1.0,1.0,1.0,1.0,0.0,neutral,0.0,0.0,False,False
Text-1489:I-G,Text-1489,2,16,60,1.0,1.0,0.5,351.25,1.0,1.0,1.0,1.0,0.0,neutral,0.0,0.0,False,False
Text-1489:I-H,Text-1489,2,16,60,1.0,1.0,0.5,689.0,1.0,1.0,1.0,1.0,0.0,neutral,0.0,0.0,False,False
Text-1489:I-J,Text-1489,2,16,60,1.0,1.0,0.5,426.5,1.0,1.0,1.0,1.0,0.0,neutral,0.0,0.0,False,False
Text-1991:I-F,Text-1991,2,16,60,1.0,1.0,0.5,842.75,1.0,1.0,1.0,1.0,0.0,neutral,0.0,0.0,False,False
Text-1991:I-E,Text-1991,2,16,60,1.0,1.0,0.5,565.25,1.0,1.0,1.0,1.0,0.0,neutral,0.0,0.0,False,False
Text-1991:I-D,Text-1991,2,16,60,1.0,1.0,0.5,602.0,1.0,1.0,1.0,1.0,0.0,neutral,0.0,0.0,False,False
Text-1928:A-D,Text-1928,2,16,60,0.0,0.0,0.5,712.5,0.0,0.0,0.0,0.0,0.0,neutral,0.0,0.0,False,False
Text-156:I-H,Text-156,2,16,60,1.0,1.0,0.5,932.25,1.0,1.0,1.0,1.0,0.0,neutral,0.0,0.0,False,False
Text-1522:B-G,Text-1522,2,16,60,1.0,1.0,0.5,648.75,1.0,1.0,1.0,1.0,0.0,neutral,0.0,0.0,False,False
Text-1548:G-H,Text-1548,2,16,60,0.0,0.0,0.5,665.75,0.0,0.0,0.0,0.0,0.0,neutral,0.0,0.0,False,False
Text-1920:I-A,Text-1920,2,16,60,1.0,1.0,0.5,475.5,1.0,1.0,1.0,1.0,0.0,neutral,0.0,0.0,False,False
Text-1920:I-B,Text-1920,2,16,60,1.0,1.0,0.5,1442.0,1.0,1.0,1.0,1.0,0.0,neutral,0.0,0.0,False,False
Text-1920:I-C,Text-1920,2,16,60,1.0,1.0,0.5,469.5,1.0,1.0,1.0,1.0,0.0,neutral,0.0,0.0,False,False
Text-1928:A-I,Text-1928,2,16,60,0.0,0.0,0.5,412.25,0.0,0.0,0.0,0.0,0.0,neutral,0.0,0.0,False,False
Text-156:I-E,Text-156,2,16,60,1.0,1.0,0.5,856.75,1.0,1.0,1.0,1.0,0.0,neutral,0.0,0.0,False,False
Text-1928:A-G,Text-1928,2,16,60,0.0,0.0,0.5,911.25,0.0,0.0,0.0,0.0,0.0,neutral,0.0,0.0,False,False
Text-1928:A-E,Text-1928,2,16,60,0.0,0.0,0.5,701.75,0.0,0.0,0.0,0.0,0.0,neutral,0.0,0.0,False,False
Text-156:I-F,Text-156,2,16,60,1.0,1.0,0.5,585.5,1.0,1.0,1.0,1.0,0.0,neutral,0.0,0.0,False,False
Text-1934:E-I,Text-1934,2,16,60,1.0,1.0,0.5,1450.0,1.0,1.0,1.0,1.0,0.0,neutral,0.0,0.0,False,False
Text-1928:A-B,Text-1928,2,16,60,0.0,0.0,0.5,520.0,0.0,0.0,0.0,0.0,0.0,neutral,0.0,0.0,False,False
Text-156:I-G,Text-156,2,16,60,1.0,1.0,0.5,811.75,1.0,1.0,1.0,1.0,0.0,neutral,0.0,0.0,False,False
Text-1522:B-H,Text-1522,2,16,60,1.0,1.0,0.5,1506.75,1.0,1.0,1.0,1.0,0.0,neutral,0.0,0.0,False,False
Text-1522:B-I,Text-1522,2,16,60,1.0,1.0,0.5,1618.75,1.0,1.0,1.0,1.0,0.0,neutral,0.0,0.0,False,False
Text-1920:I-D,Text-1920,2,16,60,1.0,1.0,0.5,501.75,1.0,1.0,1.0,1.0,0.0,neutral,0.0,0.0,False,False
Text-1548:G-A,Text-1548,2,16,60,1.0,1.0,0.5,1615.0,1.0,1.0,1.0,1.0,0.0,neutral,0.0,0.0,False,False
Text-1920:I-E,Text-1920,2,16,60,1.0,1.0,0.5,470.5,1.0,1.0,1.0,1.0,0.0,neutral,0.0,0.0,False,False
Text-1920:I-F,Text-1920,2,16,60,1.0,1.0,0.5,486.75,1.0,1.0,1.0,1.0,0.0,neutral,0.0,0.0,False,False
Text-1920:I-G,Text-1920,2,16,60,1.0,1.0,0.5,465.25,1.0,1.0,1.0,1.0,0.0,neutral,0.0,0.0,False,False
Text-1548:G-E,Text-1548,2,16,60,0.0,0.0,0.5,1637.75,0.0,0.0,0.0,0.0,0.0,neutral,0.0,0.0,False,False
Text-1548:G-I,Text-1548,2,16,59,0.0,0.0,0.5084745762711864,765.0,0.0,0.0,0.0,0.0,0.0,neutral,0.0,0.0,False,False
Text-1963:F-A,Text-1963,2,16,60,1.0,1.0,0.5,593.25,1.0,1.0,1.0,1.0,0.0,neutral,0.0,0.0,False,False
Text-1991:I-C,Text-1991,2,16,60,1.0,1.0,0.5,544.25,1.0,1.0,1.0,1.0,0.0,neutral,0.0,0.0,False,False
Text-1687:F-D,Text-1687,2,16,60,1.0,1.0,0.5,864.25,1.0,1.0,1.0,1.0,0.0,neutral,0.0,0.0,False,False
Text-1553:J-E,Text-1553,2,16,60,1.0,1.0,0.5,1228.0,1.0,1.0,1.0,1.0,0.0,neutral,0.0,0.0,False,False
Text-1991:I-A,Text-1991,2,16,60,1.0,1.0,0.5,505.0,1.0,1.0,1.0,1.0,0.0,neutral,0.0,0.0,False,False
Text-1897:C-J,Text-1897,2,16,60,0.0,0.0,0.5,819.25,0.0,0.0,0.0,0.0,0.0,neutral,0.0,0.0,False,False
Text-1976:A-J,Text-1976,2,16,60,1.0,1.0,0.5,524.25,1.0,1.0,1.0,1.0,0.0,neutral,0.0,0.0,False,False
Text-1976:A-I,Text-1976,2,16,60,1.0,1.0,0.5,523.75,1.0,1.0,1.0,1.0,0.0,neutral,0.0,0.0,False,False
Text-1976:A-H,Text-1976,2,16,60,1.0,1.0,0.5,614.0,1.0,1.0,1.0,1.0,0.0,neutral,0.0,0.0,False,False
Text-164:G-C,Text-164,2,16,60,0.0,0.0,0.5,1351.0,0.0,0.0,0.0,0.0,0.0,neutral,0.0,0.0,False,False
Text-1495:J-G,Text-1495,2,16,60,1.0,1.0,0.5,554.5,1.0,1.0,1.0,1.0,0.0,neutral,0.0,0.0,False,False
Text-1913:G-A,Text-1913,2,16,60,1.0,1.0,0.5,832.5,1.0,1.0,1.0,1.0,0.0,neutral,0.0,0.0,False,False
Text-1687:F-A,Text-1687,2,16,60,1.0,1.0,0.5,1215.0,1.0,1.0,1.0,1.0,0.0,neutral,0.0,0.0,False,False
Text-1913:G-D,Text-1913,2,16,60,1.0,1.0,0.5,818.5,1.0,1.0,1.0,1.0,0.0,neutral,0.0,0.0,False,False
Text-1963:F-C,Text-1963,2,16,56,1.0,1.0,0.5357142857142857,542.75,1.0,1.0,1.0,1.0,0.0,neutral,0.0,0.0,False,False
Text-1913:G-F,Text-1913,2,16,60,1.0,1.0,0.5,842.25,1.0,1.0,1.0,1.0,0.0,neutral,0.0,0.0,False,False
Text-1976:A-E,Text-1976,2,16,60,1.0,1.0,0.5,580.25,1.0,1.0,1.0,1.0,0.0,neutral,0.0,0.0,False,False
Text-1495:J-H,Text-1495,2,16,60,1.0,1.0,0.5,503.25,1.0,1.0,1.0,1.0,0.0,neutral,0.0,0.0,False,False
Text-1913:G-I,Text-1913,2,16,60,1.0,1.0,0.5,1261.0,1.0,1.0,1.0,1.0,0.0,neutral,0.0,0.0,False,False
Text-156:I-J,Text-156,2,16,60,1.0,1.0,0.5,509.5,1.0,1.0,1.0,1.0,0.0,neutral,0.0,0.0,False,False
Text-1963:F-J,Text-1963,2,16,60,1.0,1.0,0.5,715.5,1.0,1.0,1.0,1.0,0.0,neutral,0.0,0.0,False,False
Text-1522:B-C,Text-1522,2,16,60,1.0,1.0,0.5,645.25,1.0,1.0,1.0,1.0,0.0,neutral,0.0,0.0,False,False
Text-1963:F-H,Text-1963,2,16,60,1.0,1.0,0.5,1151.0,1.0,1.0,1.0,1.0,0.0,neutral,0.0,0.0,False,False
Text-1963:F-G,Text-1963,2,16,60,1.0,1.0,0.5,1258.25,1.0,1.0,1.0,1.0,0.0,neutral,0.0,0.0,False,False
Text-1963:F-D,Text-1963,2,16,54,1.0,1.0,0.5555555555555556,611.75,1.0,1.0,1.0,1.0,0.0,neutral,0.0,0.0,False,False
Text-1863:B-I,Text-1863,2,16,60,1.0,1.0,0.5,663.25,1.0,1.0,1.0,1.0,0.0,neutral,0.0,0.0,False,False
Text-1489:I-A,Text-1489,2,16,60,1.0,1.0,0.5,401.25,1.0,1.0,1.0,1.0,0.0,neutral,0.0,0.0,False,False
Text-1863:B-F,Text-1863,2,16,60,1.0,1.0,0.5,539.75,1.0,1.0,1.0,1.0,0.0,neutral,0.0,0.0,False,False
Text-2082:F-C,Text-2082,2,16,60,0.0,0.0,0.5,2243.0,0.0,0.0,0.0,0.0,0.0,neutral,0.0,0.0,False,False
Text-1427:J-C,Text-1427,2,16,60,1.0,1.0,0.5,821.5,1.0,1.0,1.0,1.0,0.0,neutral,0.0,0.0,False,False
Text-2133:E-B,Text-2133,2,16,57,1.0,1.0,0.5263157894736842,576.5,1.0,1.0,1.0,1.0,0.0,neutral,0.0,0.0,False,False
Text-1427:J-D,Text-1427,2,16,60,1.0,1.0,0.5,720.25,1.0,1.0,1.0,1.0,0.0,neutral,0.0,0.0,False,False
Text-2110:J-I,Text-2110,2,16,60,1.0,1.0,0.5,901.25,1.0,1.0,1.0,1.0,0.0,neutral,0.0,0.0,False,False
Text-2110:J-G,Text-2110,2,16,60,0.0,0.0,0.5,445.0,0.0,0.0,0.0,0.0,0.0,neutral,0.0,0.0,False,False
Text-1427:J-E,Text-1427,2,16,60,1.0,1.0,0.5,1052.0,1.0,1.0,1.0,1.0,0.0,neutral,0.0,0.0,False,False
Text-1427:J-F,Text-1427,2,16,60,1.0,1.0,0.5,710.5,1.0,1.0,1.0,1.0,0.0,neutral,0.0,0.0,False,False
Text-1783:F-C,Text-1783,2,16,60,1.0,1.0,0.5,1478.75,1.0,1.0,1.0,1.0,0.0,neutral,0.0,0.0,False,False
Text-1783:F-D,Text-1783,2,16,60,0.0,0.0,0.5,1069.25,0.0,0.0,0.0,0.0,0.0,neutral,0.0,0.0,False,False
Text-1783:F-E,Text-1783,2,16,60,0.0,0.0,0.5,927.75,0.0,0.0,0.0,0.0,0.0,neutral,0.0,0.0,False,False
Text-1427:J-H,Text-1427,2,16,60,1.0,1.0,0.5,688.25,1.0,1.0,1.0,1.0,0.0,neutral,0.0,0.0,False,False
Text-1427:J-I,Text-1427,2,16,60,1.0,1.0,0.5,777.75,1.0,1.0,1.0,1.0,0.0,neutral,0.0,0.0,False,False
Text-2108:H-I,Text-2108,2,16,60,0.0,0.0,0.5,588.5,0.0,0.0,0.0,0.0,0.0,neutral,0.0,0.0,False,False
Text-2108:H-F,Text-2108,2,16,60,1.0,1.0,0.5,671.0,1.0,1.0,1.0,1.0,0.0,neutral,0.0,0.0,False,False
Text-1783:F-G,Text-1783,2,16,60,0.0,0.0,0.5,1690.25,0.0,0.0,0.0,0.0,0.0,neutral,0.0,0.0,False,False
Text-2019:H-G,Text-2019,2,16,60,1.0,1.0,0.5,593.25,1.0,1.0,1.0,1.0,0.0,neutral,0.0,0.0,False,False
Text-2108:H-D,Text-2108,2,16,60,0.0,0.0,0.5,475.0,0.0,0.0,0.0,0.0,0.0,neutral,0.0,0.0,False,False
Text-1788:C-B,Text-1788,2,16,60,1.0,1.0,0.5,1106.5,1.0,1.0,1.0,1.0,0.0,neutral,0.0,0.0,False,False
Text-2082:F-J,Text-2082,2,16,60,0.0,0.0,0.5,726.25,0.0,0.0,0.0,0.0,0.0,neutral,0.0,0.0,False,False
Text-1441:D-E,Text-1441,2,16,60,1.0,1.0,0.5,1311.25,1.0,1.0,1.0,1.0,0.0,neutral,0.0,0.0,False,False
Text-1788:C-F,Text-1788,2,16,60,1.0,1.0,0.5,695.0,1.0,1.0,1.0,1.0,0.0,neutral,0.0,0.0,False,False
Text-2082:F-E,Text-2082,2,16,60,0.0,0.0,0.5,1476.5,0.0,0.0,0.0,0.0,0.0,neutral,0.0,0.0,False,False
Text-2082:F-D,Text-2082,2,16,60,0.0,0.0,0.5,929.0,0.0,0.0,0.0,0.0,0.0,neutral,0.0,0.0,False,False
Text-1783:F-B,Text-1783,2,16,60,0.0,0.0,0.5,853.5,0.0,0.0,0.0,0.0,0.0,neutral,0.0,0.0,False,False
Text-2133:E-D,Text-2133,2,16,60,1.0,1.0,0.5,716.25,1.0,1.0,1.0,1.0,0.0,neutral,0.0,0.0,False,False
Text-2133:E-F,Text-2133,2,16,54,1.0,1.0,0.5555555555555556,557.25,1.0,1.0,1.0,1.0,0.0,neutral,0.0,0.0,False,False
Text-2176:H-G,Text-2176,2,16,60,0.0,0.0,0.5,734.0,0.0,0.0,0.0,0.0,0.0,neutral,0.0,0.0,False,False
Text-1603:B-E,Text-1603,2,16,60,1.0,1.0,0.5,1542.0,1.0,1.0,1.0,1.0,0.0,neutral,0.0,0.0,False,False
Text-1687:F-G,Text-1687,2,16,60,1.0,1.0,0.5,612.5,1.0,1.0,1.0,1.0,0.0,neutral,0.0,0.0,False,False
Text-2179:B-G,Text-2179,2,16,60,1.0,1.0,0.5,1199.25,1.0,1.0,1.0,1.0,0.0,neutral,0.0,0.0,False,False
Text-1687:F-H,Text-1687,2,16,60,1.0,1.0,0.5,735.5,1.0,1.0,1.0,1.0,0.0,neutral,0.0,0.0,False,False
Text-1687:F-I,Text-1687,2,16,60,1.0,1.0,0.5,957.25,1.0,1.0,1.0,1.0,0.0,neutral,0.0,0.0,False,False
Text-1739:E-A,Text-1739,2,16,60,1.0,1.0,0.5,753.25,1.0,1.0,1.0,1.0,0.0,neutral,0.0,0.0,False,False
Text-1739:E-B,Text-1739,2,16,60,1.0,1.0,0.5,791.75,1.0,1.0,1.0,1.0,0.0,neutral,0.0,0.0,False,False
Text-1739:E-F,Text-1739,2,16,60,1.0,1.0,0.5,847.75,1.0,1.0,1.0,1.0,0.0,neutral,0.0,0.0,False,False
Text-1603:B-G,Text-1603,2,16,60,0.0,0.0,0.5,1224.75,0.0,0.0,0.0,0.0,0.0,neutral,0.0,0.0,False,False
Text-2176:H-J,Text-2176,2,16,60,0.0,0.0,0.5,840.75,0.0,0.0,0.0,0.0,0.0,neutral,0.0,0.0,False,False
Text-2176:H-F,Text-2176,2,16,60,0.0,0.0,0.5,814.0,0.0,0.0,0.0,0.0,0.0,neutral,0.0,0.0,False,False
Text-156:I-C,Text-156,2,16,60,1.0,1.0,0.5,571.0,1.0,1.0,1.0,1.0,0.0,neutral,0.0,0.0,False,False
Text-2176:H-E,Text-2176,2,16,60,0.0,0.0,0.5,1212.0,0.0,0.0,0.0,0.0,0.0,neutral,0.0,0.0,False,False
Text-2176:H-D,Text-2176,2,16,60,0.0,0.0,0.5,1085.5,0.0,0.0,0.0,0.0,0.0,neutral,0.0,0.0,False,False
Text-2176:H-C,Text-2176,2,16,60,0.0,0.0,0.5,1176.25,0.0,0.0,0.0,0.0,0.0,neutral,0.0,0.0,False,False
Text-1427:J-A,Text-1427,2,16,60,1.0,1.0,0.5,763.0,1.0,1.0,1.0,1.0,0.0,neutral,0.0,0.0,False,False
Text-2133:E-J,Text-2133,2,16,60,1.0,1.0,0.5,519.0,1.0,1.0,1.0,1.0,0.0,neutral,0.0,0.0,False,False
Text-1739:E-I,Text-1739,2,16,60,1.0,1.0,0.5,781.0,1.0,1.0,1.0,1.0,0.0,neutral,0.0,0.0,False,False
Text-1603:B-H,Text-1603,2,16,60,1.0,1.0,0.5,1307.25,1.0,1.0,1.0,1.0,0.0,neutral,0.0,0.0,False,False
Text-1739:E-J,Text-1739,2,16,60,1.0,1.0,0.5,668.0,1.0,1.0,1.0,1.0,0.0,neutral,0.0,0.0,False,False
Text-2133:E-I,Text-2133,2,16,59,1.0,1.0,0.5084745762711864,582.75,1.0,1.0,1.0,1.0,0.0,neutral,0.0,0.0,False,False
Text-2133:E-H,Text-2133,2,16,54,1.0,1.0,0.5555555555555556,663.25,1.0,1.0,1.0,1.0,0.0,neutral,0.0,0.0,False,False
Text-1603:B-I,Text-1603,2,16,60,1.0,1.0,0.5,2462.0,1.0,1.0,1.0,1.0,0.0,neutral,0.0,0.0,False,False
Text-1920:I-H,Text-1920,2,16,60,1.0,1.0,0.5,407.0,1.0,1.0,1.0,1.0,0.0,neutral,0.0,0.0,False,False
Text-2072:D-A,Text-2072,2,16,60,1.0,1.0,0.5,808.75,1.0,1.0,1.0,1.0,0.0,neutral,0.0,0.0,False,False
Text-179:J-A,Text-179,2,16,60,1.0,1.0,0.5,1322.75,1.0,1.0,1.0,1.0,0.0,neutral,0.0,0.0,False,False
Text-179:J-D,Text-179,2,16,60,1.0,1.0,0.5,1450.0,1.0,1.0,1.0,1.0,0.0,neutral,0.0,0.0,False,False
Text-2035:I-G,Text-2035,2,16,60,1.0,1.0,0.5,1631.25,1.0,1.0,1.0,1.0,0.0,neutral,0.0,0.0,False,False
Text-179:J-I,Text-179,2,16,60,1.0,1.0,0.5,1197.75,1.0,1.0,1.0,1.0,0.0,neutral,0.0,0.0,False,False
Text-179:J-E,Text-179,2,16,60,0.0,0.0,0.5,841.5,0.0,0.0,0.0,0.0,0.0,neutral,0.0,0.0,False,False
Text-179:J-B,Text-179,2,16,60,1.0,1.0,0.5,1124.5,1.0,1.0,1.0,1.0,0.0,neutral,0.0,0.0,False,False
Text-1603:B-J,Text-1603,2,16,60,1.0,1.0,0.5,1545.5,1.0,1.0,1.0,1.0,0.0,neutral,0.0,0.0,False,False
Text-1467:H-B,Text-1467,2,16,60,1.0,1.0,0.5,647.75,1.0,1.0,1.0,1.0,0.0,neutral,0.0,0.0,False,False
Text-179:J-C,Text-179,2,16,60,1.0,1.0,0.5,1359.75,1.0,1.0,1.0,1.0,0.0,neutral,0.0,0.0,False,False
Text-1467:H-E,Text-1467,2,16,60,1.0,1.0,0.5,626.5,1.0,1.0,1.0,1.0,0.0,neutral,0.0,0.0,False,False
Text-147:D-F,Text-147,2,16,60,0.0,0.0,0.5,579.25,0.0,0.0,0.0,0.0,0.0,neutral,0.0,0.0,False,False
Text-1467:H-F,Text-1467,2,16,60,1.0,1.0,0.5,668.5,1.0,1.0,1.0,1.0,0.0,neutral,0.0,0.0,False,False
Text-1467:H-G,Text-1467,2,16,60,0.0,0.0,0.5,671.25,0.0,0.0,0.0,0.0,0.0,neutral,0.0,0.0,False,False
Text-179:J-H,Text-179,2,16,60,1.0,1.0,0.5,1261.75,1.0,1.0,1.0,1.0,0.0,neutral,0.0,0.0,False,False
Text-179:J-F,Text-179,2,16,60,1.0,1.0,0.5,1099.25,1.0,1.0,1.0,1.0,0.0,neutral,0.0,0.0,False,False
Text-147:D-A,Text-147,2,16,60,1.0,1.0,0.5,952.25,1.0,1.0,1.0,1.0,0.0,neutral,0.0,0.0,False,False
Text-2035:I-A,Text-2035,2,16,60,1.0,1.0,0.5,1513.5,1.0,1.0,1.0,1.0,0.0,neutral,0.0,0.0,False,False
Text-2072:D-B,Text-2072,2,16,60,1.0,1.0,0.5,563.75,1.0,1.0,1.0,1.0,0.0,neutral,0.0,0.0,False,False
Text-1863:B-A,Text-1863,2,16,60,1.0,1.0,0.5,764.5,1.0,1.0,1.0,1.0,0.0,neutral,0.0,0.0,False,False
Text-1687:F-C,Text-1687,2,16,60,1.0,1.0,0.5,873.0,1.0,1.0,1.0,1.0,0.0,neutral,0.0,0.0,False,False
Text-1863:B-E,Text-1863,2,16,60,1.0,1.0,0.5,669.75,1.0,1.0,1.0,1.0,0.0,neutral,0.0,0.0,False,False
Text-2072:D-J,Text-2072,2,16,60,1.0,1.0,0.5,721.5,1.0,1.0,1.0,1.0,0.0,neutral,0.0,0.0,False,False
Text-1788:C-H,Text-1788,2,16,60,1.0,1.0,0.5,842.0,1.0,1.0,1.0,1.0,0.0,neutral,0.0,0.0,False,False
Text-156:I-A,Text-156,2,16,60,1.0,1.0,0.5,1318.25,1.0,1.0,1.0,1.0,0.0,neutral,0.0,0.0,False,False
Text-2072:D-C,Text-2072,2,16,60,1.0,1.0,0.5,802.25,1.0,1.0,1.0,1.0,0.0,neutral,0.0,0.0,False,False
Text-1441:D-G,Text-1441,2,16,60,1.0,1.0,0.5,1023.25,1.0,1.0,1.0,1.0,0.0,neutral,0.0,0.0,False,False
Text-1788:C-J,Text-1788,2,16,58,1.0,1.0,0.5172413793103449,595.0,1.0,1.0,1.0,1.0,0.0,neutral,0.0,0.0,False,False
Text-1863:B-D,Text-1863,2,16,60,1.0,1.0,0.5,869.5,1.0,1.0,1.0,1.0,0.0,neutral,0.0,0.0,False,False
Text-2072:D-G,Text-2072,2,16,60,1.0,1.0,0.5,817.25,1.0,1.0,1.0,1.0,0.0,neutral,0.0,0.0,False,False
Text-2072:D-F,Text-2072,2,16,60,1.0,1.0,0.5,633.75,1.0,1.0,1.0,1.0,0.0,neutral,0.0,0.0,False,False
Text-2072:D-E,Text-2072,2,16,60,1.0,1.0,0.5,797.5,1.0,1.0,1.0,1.0,0.0,neutral,0.0,0.0,False,False
Text-2019:H-J,Text-2019,2,16,60,1.0,1.0,0.5,872.25,1.0,1.0,1.0,1.0,0.0,neutral,0.0,0.0,False,False
Text-282:J-E,Text-282,2,16,60,0.5625,0.5666666666666667,0.9333333333333333,1922.25,0.5,0.13333333333333333,0.625,1.0,-0.004166666666666652,neutral,0.3666666666666667,-0.375,False,False
Text-2035:I-B,Text-2035,2,16,60,0.5625,0.5666666666666667,0.06666666666666667,1931.0,0.25,1.0,0.875,0.13333333333333333,-0.004166666666666652,neutral,-0.75,0.7416666666666667,False,False
Text-317:C-J,Text-317,2,16,60,0.875,0.8833333333333333,0.45,1056.0,0.75,0.9333333333333333,1.0,0.8333333333333334,-0.008333333333333304,neutral,-0.18333333333333335,0.16666666666666663,False,False
Text-1913:G-J,Text-1913,2,16,60,0.875,0.8833333333333333,0.38333333333333336,1470.25,0.875,1.0,0.875,0.7666666666666667,-0.008333333333333304,neutral,-0.125,0.10833333333333328,False,False
Text-2019:H-C,Text-2019,2,16,60,0.3125,0.3333333333333333,0.6666666666666666,777.75,0.5,0.16666666666666666,0.125,0.5,-0.020833333333333315,neutral,0.33333333333333337,-0.375,False,False
Text-1239:F-A,Text-1239,2,16,60,0.3125,0.3333333333333333,0.16666666666666666,1356.25,0.625,0.6666666666666666,0.0,0.0,-0.020833333333333315,neutral,-0.04166666666666663,0.0,False,False
Text-1914:E-C,Text-1914,2,16,60,0.125,0.15,0.65,1835.75,0.0,0.0,0.25,0.3,-0.024999999999999994,neutral,0.0,-0.04999999999999999,False,False
Text-928:G-I,Text-928,2,16,60,0.4375,0.4666666666666667,0.03333333333333333,1812.5,0.625,0.9333333333333333,0.25,0.0,-0.029166666666666674,neutral,-0.30833333333333335,0.25,False,False
Text-1934:E-F,Text-1934,2,16,60,0.3125,0.35,0.85,2273.75,0.0,0.0,0.625,0.7,-0.03749999999999998,neutral,0.0,-0.07499999999999996,False,False
Text-2019:H-D,Text-2019,2,16,60,0.875,0.9166666666666666,0.5833333333333334,1214.25,0.875,0.8333333333333334,0.875,1.0,-0.04166666666666663,neutral,0.04166666666666663,-0.125,False,False
Text-572:D-J,Text-572,2,16,60,0.625,0.6666666666666666,0.8333333333333334,1673.75,0.25,0.3333333333333333,1.0,1.0,-0.04166666666666663,neutral,-0.08333333333333331,0.0,False,False
Text-2220:D-H,Text-2220,2,16,47,0.0625,0.10638297872340426,0.44680851063829785,845.0,0.0,0.19230769230769232,0.125,0.0,-0.043882978723404256,neutral,-0.19230769230769232,0.125,False,False
Text-1865:F-I,Text-1865,2,16,60,0.0,0.05,0.55,912.0,0.0,0.0,0.0,0.1,-0.05,neutral,0.0,-0.1,False,False
Text-2035:I-J,Text-2035,2,16,60,0.0,0.05,0.55,955.5,0.0,0.0,0.0,0.1,-0.05,neutral,0.0,-0.1,False,False
Text-2082:F-A,Text-2082,2,16,60,0.0,0.05,0.45,1693.25,0.0,0.1,0.0,0.0,-0.05,neutral,-0.1,0.0,False,False
Text-2179:B-I,Text-2179,2,16,60,0.9375,1.0,0.5,2502.75,0.875,1.0,1.0,1.0,-0.0625,neutral,-0.125,0.0,False,False
Text-471:I-B,Text-471,2,16,60,0.4375,0.5,0.0,2286.75,0.5,1.0,0.375,0.0,-0.0625,neutral,-0.5,0.375,False,False
Text-1999:G-B,Text-1999,2,16,60,0.9375,1.0,0.5,606.25,0.875,1.0,1.0,1.0,-0.0625,neutral,-0.125,0.0,False,False
Text-2328:A-G,Text-2328,2,16,60,0.9375,1.0,0.5,888.5,0.875,1.0,1.0,1.0,-0.0625,neutral,-0.125,0.0,False,False
Text-1788:C-D,Text-1788,2,16,54,0.9375,1.0,0.5555555555555556,1157.25,0.875,1.0,1.0,1.0,-0.0625,neutral,-0.125,0.0,False,False
Text-282:J-C,Text-282,2,16,60,0.4375,0.5,1.0,1229.0,0.375,0.0,0.5,1.0,-0.0625,neutral,0.375,-0.5,False,False
Text-1783:F-J,Text-1783,2,16,60,0.9375,1.0,0.5,1871.5,0.875,1.0,1.0,1.0,-0.0625,neutral,-0.125,0.0,False,False
Text-416:D-E,Text-416,2,16,60,0.9375,1.0,0.5,737.0,0.875,1.0,1.0,1.0,-0.0625,neutral,-0.125,0.0,False,False
Text-1367:J-A,Text-1367,2,16,60,0.4375,0.5,1.0,1393.5,0.25,0.0,0.625,1.0,-0.0625,neutral,0.25,-0.375,False,False
Text-510:I-D,Text-510,2,16,60,0.9375,1.0,0.5,1020.0,0.875,1.0,1.0,1.0,-0.0625,neutral,-0.125,0.0,False,False
Text-1739:E-G,Text-1739,2,16,60,0.9375,1.0,0.5,983.25,0.875,1.0,1.0,1.0,-0.0625,neutral,-0.125,0.0,False,False
Text-1037:D-A,Text-1037,2,16,55,0.9375,1.0,0.5454545454545454,1762.25,1.0,1.0,0.875,1.0,-0.0625,neutral,0.0,-0.125,False,False
Text-555:I-E,Text-555,2,16,60,0.9375,1.0,0.5,925.25,0.875,1.0,1.0,1.0,-0.0625,neutral,-0.125,0.0,False,False
Text-2410:D-C,Text-2410,2,16,60,0.9375,1.0,0.5,859.75,1.0,1.0,0.875,1.0,-0.0625,neutral,0.0,-0.125,False,False
Text-1553:J-F,Text-1553,2,16,60,0.9375,1.0,0.5,1757.5,1.0,1.0,0.875,1.0,-0.0625,neutral,0.0,-0.125,False,False
Text-31:D-I,Text-31,2,16,60,0.9375,1.0,0.5,465.25,1.0,1.0,0.875,1.0,-0.0625,neutral,0.0,-0.125,False,False
Text-555:I-G,Text-555,2,16,60,0.9375,1.0,0.5,696.25,1.0,1.0,0.875,1.0,-0.0625,neutral,0.0,-0.125,False,False
Text-1241:I-E,Text-1241,2,16,60,0.9375,1.0,0.5,1625.5,1.0,1.0,0.875,1.0,-0.0625,neutral,0.0,-0.125,False,False
Text-2220:D-J,Text-2220,2,16,47,0.9375,1.0,0.6382978723404256,768.25,0.875,1.0,1.0,1.0,-0.0625,neutral,-0.125,0.0,False,False
Text-500:F-C,Text-500,2,16,60,0.9375,1.0,0.5,1382.25,0.875,1.0,1.0,1.0,-0.0625,neutral,-0.125,0.0,False,False
Text-697:D-F,Text-697,2,16,60,0.4375,0.5,0.0,1293.75,0.75,1.0,0.125,0.0,-0.0625,neutral,-0.25,0.125,False,False
Text-2275:B-J,Text-2275,2,16,60,0.9375,1.0,0.5,2157.0,0.875,1.0,1.0,1.0,-0.0625,neutral,-0.125,0.0,False,False
Text-2445:C-E,Text-2445,2,16,60,0.4375,0.5,0.0,1264.5,0.5,1.0,0.375,0.0,-0.0625,neutral,-0.5,0.375,False,False
Text-2133:E-G,Text-2133,2,16,60,0.9375,1.0,0.5,872.25,1.0,1.0,0.875,1.0,-0.0625,neutral,0.0,-0.125,False,False
Text-1548:G-F,Text-1548,2,16,60,0.9375,1.0,0.5,1467.75,1.0,1.0,0.875,1.0,-0.0625,neutral,0.0,-0.125,False,False
Text-1363:E-G,Text-1363,2,16,60,0.9375,1.0,0.5,5122.75,0.875,1.0,1.0,1.0,-0.0625,neutral,-0.125,0.0,False,False
Text-1963:F-E,Text-1963,2,16,60,0.9375,1.0,0.5,1497.5,0.875,1.0,1.0,1.0,-0.0625,neutral,-0.125,0.0,False,False
Text-1259:J-G,Text-1259,2,16,60,0.9375,1.0,0.5,932.25,0.875,1.0,1.0,1.0,-0.0625,neutral,-0.125,0.0,False,False
Text-911:E-B,Text-911,2,16,60,0.9375,1.0,0.5,1823.0,0.875,1.0,1.0,1.0,-0.0625,neutral,-0.125,0.0,False,False
Text-1934:E-H,Text-1934,2,16,60,0.9375,1.0,0.5,1674.25,0.875,1.0,1.0,1.0,-0.0625,neutral,-0.125,0.0,False,False
Text-1999:G-F,Text-1999,2,16,60,0.9375,1.0,0.5,548.75,1.0,1.0,0.875,1.0,-0.0625,neutral,0.0,-0.125,False,False
Text-438:A-G,Text-438,2,16,38,0.8125,0.8947368421052632,0.5789473684210527,1761.25,0.625,1.0,1.0,0.8461538461538461,-0.08223684210526316,neutral,-0.375,0.15384615384615385,False,False
Text-1467:H-J,Text-1467,2,16,60,0.125,0.21666666666666667,0.7166666666666667,788.0,0.0,0.0,0.25,0.43333333333333335,-0.09166666666666667,neutral,0.0,-0.18333333333333335,False,False
Text-1426:A-G,Text-1426,2,16,60,0.5,0.6,0.9,2317.75,0.375,0.2,0.625,1.0,-0.09999999999999998,neutral,0.175,-0.375,False,False
Text-1239:F-G,Text-1239,2,16,60,0.0625,0.16666666666666666,0.3333333333333333,1112.5,0.125,0.3333333333333333,0.0,0.0,-0.10416666666666666,neutral,-0.20833333333333331,0.0,False,False
Text-1921:H-J,Text-1921,2,16,60,0.3125,0.4166666666666667,0.08333333333333333,2996.0,0.5,0.8333333333333334,0.125,0.0,-0.10416666666666669,neutral,-0.33333333333333337,0.125,False,False
Text-31:D-A,Text-31,2,16,60,0.875,0.9833333333333333,0.48333333333333334,709.5,1.0,1.0,0.75,0.9666666666666667,-0.10833333333333328,neutral,0.0,-0.21666666666666667,False,False
Text-1239:F-D,Text-1239,2,16,60,0.125,0.23333333333333334,0.26666666666666666,1215.5,0.25,0.4666666666666667,0.0,0.0,-0.10833333333333334,neutral,-0.21666666666666667,0.0,False,False
Text-1687:F-B,Text-1687,2,16,60,0.375,0.48333333333333334,0.75,1017.0,0.5,0.23333333333333334,0.25,0.7333333333333333,-0.10833333333333334,neutral,0.26666666666666666,-0.4833333333333333,False,False
Text-1582:F-D,Text-1582,2,16,60,0.4375,0.55,0.95,610.0,0.625,0.1,0.25,1.0,-0.11250000000000004,neutral,0.525,-0.75,False,False
Text-1863:B-G,Text-1863,2,16,60,0.4375,0.55,0.05,2009.25,0.625,1.0,0.25,0.1,-0.11250000000000004,neutral,-0.375,0.15,False,False
Text-2110:J-C,Text-2110,2,16,60,0.0,0.11666666666666667,0.6166666666666667,566.75,0.0,0.0,0.0,0.23333333333333334,-0.11666666666666667,neutral,0.0,-0.23333333333333334,False,False
Text-1367:J-B,Text-1367,2,16,60,0.0625,0.18333333333333332,0.6833333333333333,561.0,0.0,0.0,0.125,0.36666666666666664,-0.12083333333333332,neutral,0.0,-0.24166666666666664,False,False
Text-1865:F-B,Text-1865,2,16,60,0.875,1.0,0.5,1661.0,0.75,1.0,1.0,1.0,-0.125,neutral,-0.25,0.0,False,False
Text-1991:I-B,Text-1991,2,16,60,0.875,1.0,0.5,851.25,0.75,1.0,1.0,1.0,-0.125,neutral,-0.25,0.0,False,False
Text-1593:C-J,Text-1593,2,16,55,0.875,1.0,0.5454545454545454,2236.0,0.875,1.0,0.875,1.0,-0.125,neutral,-0.125,-0.125,False,False
Text-1441:D-B,Text-1441,2,16,60,0.125,0.25,0.25,1441.25,0.25,0.5,0.0,0.0,-0.125,neutral,-0.25,0.0,False,False
Text-303:E-G,Text-303,2,16,60,0.875,1.0,0.5,1342.75,0.75,1.0,1.0,1.0,-0.125,neutral,-0.25,0.0,False,False
Text-1881:D-A,Text-1881,2,16,60,0.875,1.0,0.5,1109.5,0.75,1.0,1.0,1.0,-0.125,neutral,-0.25,0.0,False,False
Text-968:G-D,Text-968,2,16,60,0.375,0.5,0.0,1929.25,0.75,1.0,0.0,0.0,-0.125,neutral,-0.25,0.0,False,False
Text-2445:C-J,Text-2445,2,16,60,0.875,1.0,0.5,1272.75,0.75,1.0,1.0,1.0,-0.125,neutral,-0.25,0.0,False,False
Text-1615:C-F,Text-1615,2,16,60,0.875,1.0,0.5,1501.25,0.75,1.0,1.0,1.0,-0.125,neutral,-0.25,0.0,False,False
Text-1467:H-D,Text-1467,2,16,60,0.875,1.0,0.5,967.25,1.0,1.0,0.75,1.0,-0.125,neutral,0.0,-0.25,False,False
Text-2410:D-E,Text-2410,2,16,60,0.875,1.0,0.5,1122.0,0.75,1.0,1.0,1.0,-0.125,neutral,-0.25,0.0,False,False
Text-968:G-F,Text-968,2,16,60,0.375,0.5,0.0,3159.5,0.375,1.0,0.375,0.0,-0.125,neutral,-0.625,0.375,False,False
Text-1426:A-B,Text-1426,2,16,60,0.875,1.0,0.5,2728.0,0.75,1.0,1.0,1.0,-0.125,neutral,-0.25,0.0,False,False
Text-1553:J-B,Text-1553,2,16,60,0.875,1.0,0.5,1769.25,1.0,1.0,0.75,1.0,-0.125,neutral,0.0,-0.25,False,False
Text-911:E-H,Text-911,2,16,60,0.875,1.0,0.5,1551.25,1.0,1.0,0.75,1.0,-0.125,neutral,0.0,-0.25,False,False
Text-1603:B-F,Text-1603,2,16,60,0.875,1.0,0.5,1793.75,0.875,1.0,0.875,1.0,-0.125,neutral,-0.125,-0.125,False,False
Text-471:I-G,Text-471,2,16,60,0.875,1.0,0.5,1451.5,0.75,1.0,1.0,1.0,-0.125,neutral,-0.25,0.0,False,False
Text-471:I-J,Text-471,2,16,60,0.375,0.5,0.0,1702.0,0.375,1.0,0.375,0.0,-0.125,neutral,-0.625,0.375,False,False
Text-2275:B-I,Text-2275,2,16,60,0.875,1.0,0.5,2624.5,0.875,1.0,0.875,1.0,-0.125,neutral,-0.125,-0.125,False,False
Text-2179:B-H,Text-2179,2,16,60,0.875,1.0,0.5,3002.5,0.875,1.0,0.875,1.0,-0.125,neutral,-0.125,-0.125,False,False
Text-1934:E-A,Text-1934,2,16,60,0.875,1.0,0.5,1767.75,0.75,1.0,1.0,1.0,-0.125,neutral,-0.25,0.0,False,False
Text-2179:B-D,Text-2179,2,16,60,0.875,1.0,0.5,2703.75,0.875,1.0,0.875,1.0,-0.125,neutral,-0.125,-0.125,False,False
Text-438:A-F,Text-438,2,16,45,0.0625,0.2,0.28888888888888886,1197.25,0.0,0.4090909090909091,0.125,0.0,-0.1375,neutral,-0.4090909090909091,0.125,False,False
Text-602:I-A,Text-602,2,16,60,0.0,0.15,0.35,590.75,0.0,0.3,0.0,0.0,-0.15,neutral,-0.3,0.0,False,False
Text-1921:H-C,Text-1921,2,16,60,0.0,0.15,0.35,2670.0,0.0,0.3,0.0,0.0,-0.15,neutral,-0.3,0.0,False,False
Text-699:I-A,Text-699,2,16,60,0.6875,0.85,0.65,2230.75,0.5,0.7,0.875,1.0,-0.16249999999999998,neutral,-0.19999999999999996,-0.125,False,False
Text-2275:B-A,Text-2275,2,16,60,0.5,0.6666666666666666,0.8333333333333334,2119.0,0.25,0.3333333333333333,0.75,1.0,-0.16666666666666663,neutral,-0.08333333333333331,-0.25,False,False
Text-629:J-E,Text-629,2,16,60,0.8125,0.9833333333333333,0.5166666666666667,2509.25,0.625,0.9666666666666667,1.0,1.0,-0.17083333333333328,neutral,-0.3416666666666667,0.0,False,False
Text-1441:D-J,Text-1441,2,16,60,0.1875,0.36666666666666664,0.13333333333333333,1478.0,0.25,0.7333333333333333,0.125,0.0,-0.17916666666666664,neutral,-0.4833333333333333,0.125,False,False
Text-1037:D-C,Text-1037,2,16,60,0.1875,0.36666666666666664,0.8666666666666667,1518.0,0.0,0.0,0.375,0.7333333333333333,-0.17916666666666664,neutral,0.0,-0.3583333333333333,False,False
Text-1593:C-H,Text-1593,2,16,60,0.8125,1.0,0.5,3207.5,0.75,1.0,0.875,1.0,-0.1875,neutral,-0.25,-0.125,False,False
Text-714:J-B,Text-714,2,16,60,0.3125,0.5,1.0,2377.5,0.125,0.0,0.5,1.0,-0.1875,neutral,0.125,-0.5,False,False
Text-156:I-D,Text-156,2,16,60,0.8125,1.0,0.5,1820.25,0.625,1.0,1.0,1.0,-0.1875,neutral,-0.375,0.0,False,False
Text-303:E-F,Text-303,2,16,60,0.8125,1.0,0.5,1440.0,0.625,1.0,1.0,1.0,-0.1875,neutral,-0.375,0.0,False,False
Text-1739:E-C,Text-1739,2,16,60,0.8125,1.0,0.5,1287.25,0.625,1.0,1.0,1.0,-0.1875,neutral,-0.375,0.0,False,False
Text-1783:F-I,Text-1783,2,16,60,0.8125,1.0,0.5,2727.25,0.75,1.0,0.875,1.0,-0.1875,neutral,-0.25,-0.125,False,False
Text-1363:E-H,Text-1363,2,16,60,0.8125,1.0,0.5,3524.25,0.75,1.0,0.875,1.0,-0.1875,neutral,-0.25,-0.125,False,False
Text-911:E-G,Text-911,2,16,60,0.8125,1.0,0.5,1836.5,0.625,1.0,1.0,1.0,-0.1875,neutral,-0.375,0.0,False,False
Text-21:E-I,Text-21,2,16,60,0.8125,1.0,0.5,1054.25,0.75,1.0,0.875,1.0,-0.1875,neutral,-0.25,-0.125,False,False
Text-2179:B-F,Text-2179,2,16,60,0.8125,1.0,0.5,3087.0,0.625,1.0,1.0,1.0,-0.1875,neutral,-0.375,0.0,False,False
Text-1881:D-B,Text-1881,2,16,60,0.8125,1.0,0.5,1037.5,0.625,1.0,1.0,1.0,-0.1875,neutral,-0.375,0.0,False,False
Text-2275:B-E,Text-2275,2,16,60,0.8125,1.0,0.5,1887.5,1.0,1.0,0.625,1.0,-0.1875,neutral,0.0,-0.375,False,False
Text-1865:F-C,Text-1865,2,16,60,0.8125,1.0,0.5,2097.25,0.75,1.0,0.875,1.0,-0.1875,neutral,-0.25,-0.125,False,False
Text-1522:B-E,Text-1522,2,16,60,0.8125,1.0,0.5,1595.25,0.75,1.0,0.875,1.0,-0.1875,neutral,-0.25,-0.125,False,False
Text-1914:E-J,Text-1914,2,16,60,0.8125,1.0,0.5,1085.0,0.625,1.0,1.0,1.0,-0.1875,neutral,-0.375,0.0,False,False
Text-1928:A-F,Text-1928,2,16,60,0.3125,0.5,1.0,1289.25,0.0,0.0,0.625,1.0,-0.1875,neutral,0.0,-0.375,False,False
Text-1934:E-B,Text-1934,2,16,60,0.3125,0.5,1.0,1676.0,0.0,0.0,0.625,1.0,-0.1875,neutral,0.0,-0.375,False,False
Text-629:J-H,Text-629,2,16,60,0.8125,1.0,0.5,2797.75,1.0,1.0,0.625,1.0,-0.1875,neutral,0.0,-0.375,False,False
Text-928:G-J,Text-928,2,16,60,0.8125,1.0,0.5,1612.0,0.875,1.0,0.75,1.0,-0.1875,neutral,-0.125,-0.25,False,False
Text-1522:B-J,Text-1522,2,16,60,0.8125,1.0,0.5,804.5,0.625,1.0,1.0,1.0,-0.1875,neutral,-0.375,0.0,False,False
Text-928:G-H,Text-928,2,16,60,0.625,0.8166666666666667,0.31666666666666665,1689.75,0.75,1.0,0.5,0.6333333333333333,-0.19166666666666665,neutral,-0.25,-0.1333333333333333,False,False
Text-1928:A-J,Text-1928,2,16,60,0.0625,0.26666666666666666,0.7666666666666667,790.75,0.0,0.0,0.125,0.5333333333333333,-0.20416666666666666,neutral,0.0,-0.4083333333333333,False,False
Text-1934:E-C,Text-1934,2,16,60,0.5,0.7333333333333333,0.4666666666666667,1888.75,0.125,0.7666666666666667,0.875,0.7,-0.23333333333333328,neutral,-0.6416666666666667,0.17500000000000004,False,False
Text-928:G-C,Text-928,2,16,60,0.75,0.9833333333333333,0.48333333333333334,1489.0,0.75,1.0,0.75,0.9666666666666667,-0.23333333333333328,neutral,-0.25,-0.21666666666666667,False,True
Text-2072:D-I,Text-2072,2,16,60,0.75,0.9833333333333333,0.48333333333333334,1314.5,0.75,1.0,0.75,0.9666666666666667,-0.23333333333333328,neutral,-0.25,-0.21666666666666667,False,True
Text-200:J-B,Text-200,2,16,60,0.0,0.23333333333333334,0.26666666666666666,2532.75,0.0,0.4666666666666667,0.0,0.0,-0.23333333333333334,neutral,-0.4666666666666667,0.0,False,False
Text-1441:D-A,Text-1441,2,16,60,0.125,0.36666666666666664,0.13333333333333333,1364.0,0.0,0.7333333333333333,0.25,0.0,-0.24166666666666664,neutral,-0.7333333333333333,0.25,False,False
Text-1037:D-G,Text-1037,2,16,49,0.125,0.3673469387755102,0.8163265306122449,1375.75,0.0,0.041666666666666664,0.25,0.68,-0.24234693877551022,neutral,-0.041666666666666664,-0.43000000000000005,False,False
Text-1921:H-D,Text-1921,2,16,60,0.4375,0.6833333333333333,0.18333333333333332,3188.75,0.5,1.0,0.375,0.36666666666666664,-0.24583333333333335,neutral,-0.5,0.00833333333333336,False,False
Text-1739:E-H,Text-1739,2,16,60,0.75,1.0,0.5,1324.5,0.5,1.0,1.0,1.0,-0.25,neutral,-0.5,0.0,False,False
Text-2110:J-D,Text-2110,2,16,60,0.75,1.0,0.5,1134.0,0.5,1.0,1.0,1.0,-0.25,neutral,-0.5,0.0,False,False
Text-1522:B-D,Text-1522,2,16,60,0.75,1.0,0.5,1410.0,0.5,1.0,1.0,1.0,-0.25,neutral,-0.5,0.0,False,False
Text-2053:A-J,Text-2053,2,16,60,0.25,0.5,1.0,1238.75,0.0,0.0,0.5,1.0,-0.25,neutral,0.0,-0.5,False,False
Text-2035:I-E,Text-2035,2,16,60,0.25,0.5,0.0,1829.75,0.125,1.0,0.375,0.0,-0.25,neutral,-0.875,0.375,False,False
Text-1218:C-I,Text-1218,2,16,60,0.25,0.5,1.0,1607.5,0.0,0.0,0.5,1.0,-0.25,neutral,0.0,-0.5,False,False
Text-416:D-C,Text-416,2,16,60,0.75,1.0,0.5,941.0,0.5,1.0,1.0,1.0,-0.25,neutral,-0.5,0.0,False,False
Text-1361:H-D,Text-1361,2,16,60,0.25,0.5,0.0,838.0,0.5,1.0,0.0,0.0,-0.25,neutral,-0.5,0.0,False,False
Text-21:E-J,Text-21,2,16,60,0.75,1.0,0.5,1262.5,0.625,1.0,0.875,1.0,-0.25,neutral,-0.375,-0.125,False,False
Text-2108:H-E,Text-2108,2,16,60,0.75,1.0,0.5,736.0,0.75,1.0,0.75,1.0,-0.25,neutral,-0.25,-0.25,False,True
Text-1363:E-A,Text-1363,2,16,60,0.75,1.0,0.5,4680.25,0.625,1.0,0.875,1.0,-0.25,neutral,-0.375,-0.125,False,False
Text-1788:C-E,Text-1788,2,16,60,0.75,1.0,0.5,1049.75,1.0,1.0,0.5,1.0,-0.25,neutral,0.0,-0.5,False,False
Text-2110:J-B,Text-2110,2,16,60,0.25,0.5,1.0,1404.5,0.0,0.0,0.5,1.0,-0.25,neutral,0.0,-0.5,False,False
Text-1363:E-D,Text-1363,2,16,60,0.75,1.0,0.5,5179.75,0.625,1.0,0.875,1.0,-0.25,neutral,-0.375,-0.125,False,False
Text-2009:C-J,Text-2009,2,16,60,0.25,0.5,0.0,2153.75,0.25,1.0,0.25,0.0,-0.25,neutral,-0.75,0.25,False,False
Text-1426:A-F,Text-1426,2,16,60,0.5625,0.8166666666666667,0.38333333333333336,2583.25,0.75,0.9333333333333333,0.375,0.7,-0.25416666666666665,neutral,-0.18333333333333335,-0.32499999999999996,False,False
Text-1218:C-B,Text-1218,2,16,60,0.4375,0.7,0.8,1333.0,0.125,0.4,0.75,1.0,-0.26249999999999996,neutral,-0.275,-0.25,False,True
Text-1928:A-C,Text-1928,2,16,60,0.5,0.7666666666666667,0.7333333333333333,1261.0,0.0,0.5333333333333333,1.0,1.0,-0.2666666666666667,neutral,-0.5333333333333333,0.0,False,False
Text-1259:J-B,Text-1259,2,16,57,0.25,0.5263157894736842,0.9824561403508771,1521.25,0.0,0.03571428571428571,0.5,1.0,-0.2763157894736842,neutral,-0.03571428571428571,-0.5,False,False
Text-1441:D-F,Text-1441,2,16,60,0.1875,0.4666666666666667,0.03333333333333333,1323.75,0.125,0.9333333333333333,0.25,0.0,-0.2791666666666667,neutral,-0.8083333333333333,0.25,False,False
Text-282:J-D,Text-282,2,16,60,0.1875,0.4666666666666667,0.9666666666666667,1230.5,0.125,0.0,0.25,0.9333333333333333,-0.2791666666666667,neutral,0.125,-0.6833333333333333,False,False
Text-928:G-B,Text-928,2,16,60,0.4375,0.7166666666666667,0.21666666666666667,1724.75,0.5,1.0,0.375,0.43333333333333335,-0.2791666666666667,neutral,-0.5,-0.05833333333333335,False,False
Text-282:J-H,Text-282,2,16,60,0.25,0.5333333333333333,0.9666666666666667,1662.75,0.25,0.06666666666666667,0.25,1.0,-0.2833333333333333,neutral,0.18333333333333335,-0.75,False,False
Text-1615:C-I,Text-1615,2,16,60,0.375,0.6666666666666666,0.3333333333333333,1411.5,0.0,0.8333333333333334,0.75,0.5,-0.29166666666666663,neutral,-0.8333333333333334,0.25,False,False
Text-629:J-B,Text-629,2,16,60,0.375,0.6833333333333333,0.18333333333333332,2508.75,0.625,1.0,0.125,0.36666666666666664,-0.30833333333333335,hurts,-0.375,-0.24166666666666664,False,True
Text-2220:D-B,Text-2220,2,16,53,0.125,0.4339622641509434,0.0,987.5,0.25,1.0,0.0,0.0,-0.3089622641509434,hurts,-0.75,0.0,False,False
Text-1553:J-A,Text-1553,2,16,60,0.6875,1.0,0.5,1471.5,0.625,1.0,0.75,1.0,-0.3125,hurts,-0.375,-0.25,False,True
Text-156:I-B,Text-156,2,16,60,0.6875,1.0,0.5,2090.25,0.375,1.0,1.0,1.0,-0.3125,hurts,-0.625,0.0,False,False
Text-1615:C-A,Text-1615,2,16,60,0.6875,1.0,0.5,2784.25,0.375,1.0,1.0,1.0,-0.3125,hurts,-0.625,0.0,False,False
Text-2108:H-A,Text-2108,2,16,60,0.6875,1.0,0.5,509.25,0.375,1.0,1.0,1.0,-0.3125,hurts,-0.625,0.0,False,False
Text-2367:I-F,Text-2367,2,16,60,0.6875,1.0,0.5,1938.0,0.625,1.0,0.75,1.0,-0.3125,hurts,-0.375,-0.25,False,True
Text-2179:B-C,Text-2179,2,16,60,0.6875,1.0,0.5,2601.5,0.625,1.0,0.75,1.0,-0.3125,hurts,-0.375,-0.25,False,True
Text-282:J-G,Text-282,2,16,60,0.1875,0.5,1.0,1160.75,0.25,0.0,0.125,1.0,-0.3125,hurts,0.25,-0.875,False,False
Text-696:B-E,Text-696,2,16,60,0.1875,0.5,1.0,865.5,0.0,0.0,0.375,1.0,-0.3125,hurts,0.0,-0.625,False,False
Text-303:E-J,Text-303,2,16,60,0.6875,1.0,0.5,1125.5,0.5,1.0,0.875,1.0,-0.3125,hurts,-0.5,-0.125,False,False
Text-1914:E-D,Text-1914,2,16,60,0.6875,1.0,0.5,1141.5,0.5,1.0,0.875,1.0,-0.3125,hurts,-0.5,-0.125,False,False
Text-540:A-E,Text-540,2,16,60,0.625,0.95,0.45,1387.75,0.625,1.0,0.625,0.9,-0.32499999999999996,hurts,-0.375,-0.275,False,True
Text-1999:G-A,Text-1999,2,16,60,0.125,0.4666666666666667,0.03333333333333333,890.25,0.25,0.9333333333333333,0.0,0.0,-0.3416666666666667,hurts,-0.6833333333333333,0.0,False,False
Text-1976:A-F,Text-1976,2,16,60,0.125,0.4666666666666667,0.9666666666666667,1074.0,0.125,0.0,0.125,0.9333333333333333,-0.3416666666666667,hurts,0.125,-0.8083333333333333,False,False
Text-282:J-B,Text-282,2,16,60,0.375,0.7166666666666667,0.7833333333333333,1320.75,0.125,0.43333333333333335,0.625,1.0,-0.3416666666666667,hurts,-0.30833333333333335,-0.375,False,True
Text-438:A-C,Text-438,2,16,58,0.1875,0.5344827586206896,0.9482758620689655,2014.25,0.25,0.1,0.125,1.0,-0.3469827586206896,hurts,0.15,-0.875,False,False
Text-438:A-H,Text-438,2,16,55,0.375,0.7272727272727273,0.2545454545454545,1630.25,0.75,1.0,0.0,0.4827586206896552,-0.3522727272727273,hurts,-0.25,-0.4827586206896552,False,True
Text-1259:J-F,Text-1259,2,16,45,0.625,0.9777777777777777,0.6888888888888889,1423.5,0.25,0.9333333333333333,1.0,1.0,-0.35277777777777775,hurts,-0.6833333333333333,0.0,False,False
Text-1783:F-H,Text-1783,2,16,60,0.625,1.0,0.5,2940.75,0.625,1.0,0.625,1.0,-0.375,hurts,-0.375,-0.375,False,True
Text-1615:C-G,Text-1615,2,16,60,0.625,1.0,0.5,1214.5,0.375,1.0,0.875,1.0,-0.375,hurts,-0.625,-0.125,False,False
Text-1565:G-I,Text-1565,2,16,60,0.625,1.0,0.5,1779.0,0.625,1.0,0.625,1.0,-0.375,hurts,-0.375,-0.375,False,True
Text-330:G-A,Text-330,2,16,60,0.125,0.5,0.0,1995.0,0.25,1.0,0.0,0.0,-0.375,hurts,-0.75,0.0,False,False
Text-555:I-D,Text-555,2,16,60,0.625,1.0,0.5,935.0,0.875,1.0,0.375,1.0,-0.375,hurts,-0.125,-0.625,False,False
Text-1338:A-J,Text-1338,2,16,60,0.625,1.0,0.5,1407.5,0.75,1.0,0.5,1.0,-0.375,hurts,-0.25,-0.5,False,True
Text-1367:J-I,Text-1367,2,16,60,0.125,0.5,1.0,1127.0,0.125,0.0,0.125,1.0,-0.375,hurts,0.125,-0.875,False,False
Text-1495:J-I,Text-1495,2,16,60,0.625,1.0,0.5,1403.5,0.75,1.0,0.5,1.0,-0.375,hurts,-0.25,-0.5,False,True
Text-1218:C-A,Text-1218,2,16,60,0.625,1.0,0.5,1413.5,0.5,1.0,0.75,1.0,-0.375,hurts,-0.5,-0.25,False,True
Text-282:J-I,Text-282,2,16,60,0.3125,0.7,0.8,1480.25,0.125,0.4,0.5,1.0,-0.38749999999999996,hurts,-0.275,-0.5,False,True
Text-779:D-J,Text-779,2,16,60,0.0625,0.45,0.05,998.5,0.125,0.9,0.0,0.0,-0.3875,hurts,-0.775,0.0,False,False
Text-555:I-C,Text-555,2,16,60,0.5,0.9,0.4,1400.25,0.25,1.0,0.75,0.8,-0.4,hurts,-0.75,-0.050000000000000044,False,False
Text-602:I-C,Text-602,2,16,60,0.0,0.4,0.1,907.25,0.0,0.8,0.0,0.0,-0.4,hurts,-0.8,0.0,False,False
Text-1881:D-F,Text-1881,2,16,60,0.0625,0.4666666666666667,0.03333333333333333,1075.75,0.125,0.9333333333333333,0.0,0.0,-0.4041666666666667,hurts,-0.8083333333333333,0.0,False,False
Text-1928:A-H,Text-1928,2,16,60,0.125,0.5333333333333333,0.9666666666666667,1579.0,0.125,0.06666666666666667,0.125,1.0,-0.4083333333333333,hurts,0.058333333333333334,-0.875,False,False
Text-1253:J-F,Text-1253,2,16,60,0.125,0.5333333333333333,0.03333333333333333,771.25,0.25,1.0,0.0,0.06666666666666667,-0.4083333333333333,hurts,-0.75,-0.06666666666666667,False,False
Text-1548:G-B,Text-1548,2,16,60,0.125,0.55,0.95,2227.0,0.0,0.1,0.25,1.0,-0.42500000000000004,hurts,-0.1,-0.75,False,False
Text-2179:B-J,Text-2179,2,16,60,0.5625,1.0,0.5,2750.5,0.5,1.0,0.625,1.0,-0.4375,hurts,-0.5,-0.375,False,True
Text-1687:F-J,Text-1687,2,16,60,0.5625,1.0,0.5,1681.5,0.875,1.0,0.25,1.0,-0.4375,hurts,-0.125,-0.75,False,False
Text-1522:B-A,Text-1522,2,16,60,0.3125,0.75,0.31666666666666665,1244.25,0.125,0.9333333333333333,0.5,0.5666666666666667,-0.4375,hurts,-0.8083333333333333,-0.06666666666666665,False,False
Text-1467:H-A,Text-1467,2,16,60,0.0625,0.5,1.0,771.25,0.125,0.0,0.0,1.0,-0.4375,hurts,0.125,-1.0,False,False
Text-1363:E-F,Text-1363,2,16,60,0.5625,1.0,0.5,3559.5,0.625,1.0,0.5,1.0,-0.4375,hurts,-0.375,-0.5,False,True
Text-699:I-D,Text-699,2,16,60,0.5625,1.0,0.5,930.5,0.125,1.0,1.0,1.0,-0.4375,hurts,-0.875,0.0,False,False
Text-326:E-F,Text-326,2,16,60,0.0625,0.5,1.0,1581.0,0.0,0.0,0.125,1.0,-0.4375,hurts,0.0,-0.875,False,False
Text-1031:E-H,Text-1031,2,16,60,0.0625,0.5,1.0,1347.5,0.0,0.0,0.125,1.0,-0.4375,hurts,0.0,-0.875,False,False
Text-31:D-G,Text-31,2,16,60,0.4375,0.8833333333333333,0.38333333333333336,736.5,0.25,1.0,0.625,0.7666666666666667,-0.4458333333333333,hurts,-0.75,-0.14166666666666672,False,False
Text-928:G-E,Text-928,2,16,60,0.5,0.9666666666666667,0.4666666666666667,1542.75,0.25,1.0,0.75,0.9333333333333333,-0.4666666666666667,hurts,-0.75,-0.18333333333333335,False,False
Text-200:J-D,Text-200,2,16,60,0.0,0.4666666666666667,0.03333333333333333,1871.25,0.0,0.9333333333333333,0.0,0.0,-0.4666666666666667,hurts,-0.9333333333333333,0.0,False,False
Text-555:I-F,Text-555,2,16,60,0.0,0.4666666666666667,0.03333333333333333,980.5,0.0,0.9333333333333333,0.0,0.0,-0.4666666666666667,hurts,-0.9333333333333333,0.0,False,False
Text-330:G-B,Text-330,2,16,60,0.0,0.48333333333333334,0.016666666666666666,793.5,0.0,0.9666666666666667,0.0,0.0,-0.48333333333333334,hurts,-0.9666666666666667,0.0,False,False
Text-1934:E-G,Text-1934,2,16,60,0.5,1.0,0.5,1882.5,0.25,1.0,0.75,1.0,-0.5,hurts,-0.75,-0.25,False,True
Text-555:I-H,Text-555,2,16,60,0.5,1.0,0.5,863.25,0.5,1.0,0.5,1.0,-0.5,hurts,-0.5,-0.5,False,True
Text-1367:J-D,Text-1367,2,16,60,0.0,0.5,1.0,901.5,0.0,0.0,0.0,1.0,-0.5,hurts,0.0,-1.0,False,False
Text-555:I-B,Text-555,2,16,60,0.5,1.0,0.5,1119.25,0.5,1.0,0.5,1.0,-0.5,hurts,-0.5,-0.5,False,True
Text-629:J-A,Text-629,2,16,60,0.0,0.5,0.0,1807.25,0.0,1.0,0.0,0.0,-0.5,hurts,-1.0,0.0,False,False
Text-21:E-D,Text-21,2,16,60,0.5,1.0,0.5,1750.5,0.625,1.0,0.375,1.0,-0.5,hurts,-0.375,-0.625,False,True
Text-2328:A-I,Text-2328,2,16,60,0.3125,0.8166666666666667,0.6833333333333333,1121.75,0.125,0.6333333333333333,0.5,1.0,-0.5041666666666667,hurts,-0.5083333333333333,-0.5,False,True
Text-330:G-I,Text-330,2,16,60,0.125,0.7,0.2,1746.75,0.25,1.0,0.0,0.4,-0.575,hurts,-0.75,-0.4,False,True
Text-2179:B-E,Text-2179,2,16,60,0.0,0.5833333333333334,0.48333333333333334,1466.5,0.0,0.6,0.0,0.5666666666666667,-0.5833333333333334,hurts,-0.6,-0.5666666666666667,False,True
Text-1553:J-C,Text-1553,2,16,60,0.375,1.0,0.5,1310.5,0.25,1.0,0.5,1.0,-0.625,hurts,-0.75,-0.5,False,True
Text-2179:B-A,Text-2179,2,16,60,0.375,1.0,0.5,2606.25,0.25,1.0,0.5,1.0,-0.625,hurts,-0.75,-0.5,False,True
Text-303:E-I,Text-303,2,16,60,0.375,1.0,0.5,1195.0,0.25,1.0,0.5,1.0,-0.625,hurts,-0.75,-0.5,False,True
Text-1363:E-J,Text-1363,2,16,60,0.375,1.0,0.5,3001.5,0.375,1.0,0.375,1.0,-0.625,hurts,-0.625,-0.625,False,True
Text-1426:A-E,Text-1426,2,16,60,0.375,1.0,0.5,2038.25,0.0,1.0,0.75,1.0,-0.625,hurts,-1.0,-0.25,False,True
Text-438:A-E,Text-438,2,16,54,0.3125,1.0,0.5555555555555556,1441.5,0.25,1.0,0.375,1.0,-0.6875,hurts,-0.75,-0.625,False,True
Text-779:D-G,Text-779,2,16,60,0.3125,1.0,0.5,1703.25,0.125,1.0,0.5,1.0,-0.6875,hurts,-0.875,-0.5,False,True
Text-438:A-B,Text-438,2,16,45,0.0625,0.7555555555555555,0.8222222222222222,1095.5,0.0,0.4117647058823529,0.125,0.9642857142857143,-0.6930555555555555,hurts,-0.4117647058823529,-0.8392857142857143,False,True
Text-2010:G-I,Text-2010,2,16,60,0.25,1.0,0.5,1341.25,0.5,1.0,0.0,1.0,-0.75,hurts,-0.5,-1.0,False,True
Text-200:J-C,Text-200,2,16,60,0.0625,0.8333333333333334,0.3333333333333333,2193.0,0.0,1.0,0.125,0.6666666666666666,-0.7708333333333334,hurts,-1.0,-0.5416666666666666,False,True
Text-1031:E-C,Text-1031,2,16,60,0.1875,1.0,0.5,1734.25,0.125,1.0,0.25,1.0,-0.8125,hurts,-0.875,-0.75,False,True
Text-1603:B-A,Text-1603,2,16,60,0.1875,1.0,0.5,1948.25,0.0,1.0,0.375,1.0,-0.8125,hurts,-1.0,-0.625,False,True
Text-1863:B-C,Text-1863,2,16,60,0.0,0.85,0.65,1063.75,0.0,0.7,0.0,1.0,-0.85,hurts,-0.7,-1.0,False,True
Text-629:J-I,Text-629,2,16,60,0.0,0.9666666666666667,0.4666666666666667,1454.5,0.0,1.0,0.0,0.9333333333333333,-0.9666666666666667,hurts,-1.0,-0.9333333333333333,False,True
