pair_id,source_id,body_system,question_type,correct,distractor,correct_text,distractor_text,n_traces,n_answered,acc,acc_ab,acc_ba,think_tokens_mean,prior_gap,prior_p_distractor,prior_rank_distractor,prior_p_correct,icd_correct,icd_distractor,icd_level
Text-21:E-A,Text-21,Endocrine,Reasoning,E,A,Leukemoid reaction,Myelodysplastic syndrome,16,16,1.0,1.0,1.0,1072.3125,-18.75,0.0,7,0.970641,D72.823,D46.9,0.0
Text-21:E-B,Text-21,Endocrine,Reasoning,E,B,Leukemoid reaction,Polycythemia vera,16,16,1.0,1.0,1.0,1108.8125,-22.25,0.0,9,0.970641,D72.823,D45,0.0
Text-21:E-C,Text-21,Endocrine,Reasoning,E,C,Leukemoid reaction,Chronic lymphocytic leukemia,16,16,1.0,1.0,1.0,999.25,-24.25,0.0,10,0.970641,D72.823,C91.1,0.0
Text-21:E-D,Text-21,Endocrine,Reasoning,E,D,Leukemoid reaction,Primary myelofibrosis,16,16,0.5,0.625,0.375,1765.625,-19.25,0.0,8,0.970641,D72.823,D75.81,1.0
Text-21:E-F,Text-21,Endocrine,Reasoning,E,F,Leukemoid reaction,Essential thrombocythemia,16,16,1.0,1.0,1.0,1000.0,-12.25,5e-06,5,0.970641,D72.823,D47.3,0.0
Text-21:E-G,Text-21,Endocrine,Reasoning,E,G,Leukemoid reaction,Chronic myeloid leukemia,16,16,0.9375,0.875,1.0,1181.0,-12.0,6e-06,4,0.970641,D72.823,C92,0.0
Text-21:E-H,Text-21,Endocrine,Reasoning,E,H,Leukemoid reaction,Acute myeloid leukemia,16,16,1.0,1.0,1.0,1217.0,-3.5,0.029311,2,0.970641,D72.823,C92,0.0
Text-21:E-I,Text-21,Endocrine,Reasoning,E,I,Leukemoid reaction,Chronic myelogenous leukemia,16,16,0.8125,0.75,0.875,1101.0625,-10.25,3.4e-05,3,0.970641,D72.823,C92.Z0,0.0
Text-21:E-J,Text-21,Endocrine,Reasoning,E,J,Leukemoid reaction,Paraneoplastic leukocytosis,16,16,0.75,0.625,0.875,1485.5,-12.75,3e-06,6,0.970641,D72.823,,
Text-31:D-A,Text-31,Nervous,Reasoning,D,A,Superior vertical strain,Suboccipital strain,16,16,0.875,1.0,0.75,801.125,3.75,0.0,7,0.0,,,
Text-31:D-B,Text-31,Nervous,Reasoning,D,B,Superior vertical strain,Cranial base dysfunction,16,16,0.0625,0.0,0.125,737.6875,19.25,0.222577,2,0.0,,,
Text-31:D-C,Text-31,Nervous,Reasoning,D,C,Superior vertical strain,Compression,16,16,1.0,1.0,1.0,461.5625,0.75,0.0,9,0.0,,,
Text-31:D-E,Text-31,Nervous,Reasoning,D,E,Superior vertical strain,Lateral strain,16,16,1.0,1.0,1.0,659.5625,1.75,0.0,8,0.0,,,
Text-31:D-F,Text-31,Nervous,Reasoning,D,F,Superior vertical strain,Sidebending rotation,16,16,1.0,1.0,1.0,551.4375,4.5,0.0,5,0.0,,,
Text-31:D-G,Text-31,Nervous,Reasoning,D,G,Superior vertical strain,Inferior vertical strain,16,16,0.4375,0.25,0.625,763.125,4.5,0.0,5,0.0,,,
Text-31:D-H,Text-31,Nervous,Reasoning,D,H,Superior vertical strain,Posterior cranial base strain,16,16,0.0,0.0,0.0,388.75,20.5,0.77687,1,0.0,,,
Text-31:D-I,Text-31,Nervous,Reasoning,D,I,Superior vertical strain,Torsion,16,16,0.9375,1.0,0.875,489.8125,6.25,1e-06,4,0.0,,N83.519,
Text-31:D-J,Text-31,Nervous,Reasoning,D,J,Superior vertical strain,Sphenobasilar synchondrosis compression,16,16,0.8125,0.875,0.75,1025.0625,13.25,0.000552,3,0.0,,,
Text-73:B-A,Text-73,Nervous,Reasoning,B,A,Exertional heat stroke,Anticholinergic toxicity,16,16,1.0,1.0,1.0,1295.5625,0.75,0.0,4,0.0,,,
Text-73:B-C,Text-73,Nervous,Reasoning,B,C,Exertional heat stroke,Malignant hyperthermia,16,16,1.0,1.0,1.0,1097.25,-3.75,0.0,8,0.0,,T88.3XX,
Text-73:B-D,Text-73,Nervous,Reasoning,B,D,Exertional heat stroke,Neuroleptic malignant syndrome,16,16,0.0,0.0,0.0,628.25,26.25,1.0,1,0.0,,G21.0,
Text-73:B-E,Text-73,Nervous,Reasoning,B,E,Exertional heat stroke,Central nervous system infection,16,16,1.0,1.0,1.0,913.5,-1.75,0.0,7,0.0,,T85.730,
Text-73:B-F,Text-73,Nervous,Reasoning,B,F,Exertional heat stroke,Drug-induced hyperthermia,16,16,0.0,0.0,0.0,1032.6875,3.5,0.0,3,0.0,,,
Text-73:B-G,Text-73,Nervous,Reasoning,B,G,Exertional heat stroke,Septic shock,16,16,1.0,1.0,1.0,881.1875,-5.25,0.0,9,0.0,,,
Text-73:B-H,Text-73,Nervous,Reasoning,B,H,Exertional heat stroke,Nonexertional heat stroke,16,16,0.9375,1.0,0.875,1141.625,-1.25,0.0,6,0.0,,,
Text-73:B-I,Text-73,Nervous,Reasoning,B,I,Exertional heat stroke,Thyroid storm,16,16,1.0,1.0,1.0,816.3125,-5.75,0.0,10,0.0,,E05,
Text-73:B-J,Text-73,Nervous,Reasoning,B,J,Exertional heat stroke,Status epilepticus,16,16,1.0,1.0,1.0,953.375,3.75,0.0,2,0.0,,G40,
Text-83:I-A,Text-83,Muscular,Reasoning,I,A,T5 FRRSR,T4 NRRSR,16,16,0.75,0.875,0.625,2025.375,-4.25,0.006431,9,0.450838,,,
Text-83:I-B,Text-83,Muscular,Reasoning,I,B,T5 FRRSR,T5 NSLSL,16,16,0.875,0.875,0.875,1220.1875,-4.0,0.008257,8,0.450838,,,
Text-83:I-C,Text-83,Muscular,Reasoning,I,C,T5 FRRSR,T2–T6 NSLRR,16,16,0.625,0.25,1.0,1345.125,-1.25,0.129167,3,0.450838,,,
Text-83:I-D,Text-83,Muscular,Reasoning,I,D,T5 FRRSR,T5 ERRSL,16,16,0.5625,0.75,0.375,1454.1875,-5.25,0.002366,10,0.450838,,,
Text-83:I-E,Text-83,Muscular,Reasoning,I,E,T5 FRRSR,T6 FRLSR,16,16,0.9375,1.0,0.875,1867.25,-3.5,0.013614,7,0.450838,,,
Text-83:I-F,Text-83,Muscular,Reasoning,I,F,T5 FRRSR,T5 NRRSL,16,16,0.875,1.0,0.75,1045.1875,-2.0,0.061014,5,0.450838,,,
Text-83:I-G,Text-83,Muscular,Reasoning,I,G,T5 FRRSR,T6 ERLSL,16,16,0.75,0.75,0.75,1806.125,-2.5,0.037007,6,0.450838,,,
Text-83:I-H,Text-83,Muscular,Reasoning,I,H,T5 FRRSR,T4 FRLSL,16,16,0.875,0.875,0.875,2240.8125,-1.75,0.078344,4,0.450838,,,
Text-83:I-J,Text-83,Muscular,Reasoning,I,J,T5 FRRSR,T6 FRRSL,16,16,0.8125,0.875,0.75,2129.375,-0.75,0.212961,2,0.450838,,,
Text-147:D-A,Text-147,Endocrine,Reasoning,D,A,Central precocious puberty related to a central nervous system lesion,Primary hypothyroidism with secondary precocious puberty,16,16,1.0,1.0,1.0,971.125,0.75,0.0,5,0.0,,,
Text-147:D-B,Text-147,Endocrine,Reasoning,D,B,Central precocious puberty related to a central nervous system lesion,Benign premature adrenarche,16,16,0.9375,0.875,1.0,2228.125,17.75,0.017986,2,0.0,,,
Text-147:D-C,Text-147,Endocrine,Reasoning,D,C,Central precocious puberty related to a central nervous system lesion,Gonadotropin-independent precocious puberty,16,15,0.13333333333333333,0.125,0.14285714285714285,3420.266666666667,21.75,0.982012,1,0.0,,,
Text-147:D-E,Text-147,Endocrine,Reasoning,D,E,Central precocious puberty related to a central nervous system lesion,Familial male-limited precocious puberty,16,16,0.0625,0.125,0.0,1175.3125,3.0,0.0,4,0.0,,,
Text-147:D-F,Text-147,Endocrine,Reasoning,D,F,Central precocious puberty related to a central nervous system lesion,Idiopathic central precocious puberty,16,16,0.0,0.0,0.0,586.25,8.75,2e-06,3,0.0,,,
Text-147:D-G,Text-147,Endocrine,Reasoning,D,G,Central precocious puberty related to a central nervous system lesion,Late-onset congenital adrenal hyperplasia,16,16,0.8125,0.625,1.0,1229.6875,-1.25,0.0,9,0.0,,,
Text-147:D-H,Text-147,Endocrine,Reasoning,D,H,Central precocious puberty related to a central nervous system lesion,McCune-Albright syndrome,16,16,1.0,1.0,1.0,1505.4375,-3.25,0.0,10,0.0,,,
Text-147:D-I,Text-147,Endocrine,Reasoning,D,I,Central precocious puberty related to a central nervous system lesion,Precocious puberty related to a peripheral androgen-secreting tumor,16,16,1.0,1.0,1.0,1820.0,-0.75,0.0,7,0.0,,,
Text-147:D-J,Text-147,Endocrine,Reasoning,D,J,Central precocious puberty related to a central nervous system lesion,Adrenal carcinoma causing androgen excess,16,16,1.0,1.0,1.0,1113.125,-0.75,0.0,7,0.0,,,
Text-156:I-A,Text-156,Nervous,Reasoning,I,A,Schizoaffective disorder,Bipolar I disorder with psychotic features,16,16,1.0,1.0,1.0,1307.3125,-4.75,0.008577,2,0.991408,F25.9,,
Text-156:I-B,Text-156,Nervous,Reasoning,I,B,Schizoaffective disorder,Major depressive disorder with psychotic features,16,16,0.6875,0.375,1.0,2080.4375,-11.25,1.3e-05,3,0.991408,F25.9,F32,1.0
Text-156:I-C,Text-156,Nervous,Reasoning,I,C,Schizoaffective disorder,Substance/medication-induced psychotic disorder,16,16,1.0,1.0,1.0,587.3125,-20.5,0.0,6,0.991408,F25.9,,
Text-156:I-D,Text-156,Nervous,Reasoning,I,D,Schizoaffective disorder,Delusional disorder,16,16,0.8125,0.625,1.0,1817.625,-21.25,0.0,7,0.991408,F25.9,F22,1.0
Text-156:I-E,Text-156,Nervous,Reasoning,I,E,Schizoaffective disorder,Schizophreniform disorder,16,16,1.0,1.0,1.0,954.5,-17.25,0.0,5,0.991408,F25.9,F20.81,1.0
Text-156:I-F,Text-156,Nervous,Reasoning,I,F,Schizoaffective disorder,Borderline personality disorder,16,16,1.0,1.0,1.0,565.75,-21.25,0.0,7,0.991408,F25.9,F60.3,1.0
Text-156:I-G,Text-156,Nervous,Reasoning,I,G,Schizoaffective disorder,Psychotic disorder due to another medical condition,16,16,1.0,1.0,1.0,849.375,-25.125,0.0,10,0.991408,F25.9,,
Text-156:I-H,Text-156,Nervous,Reasoning,I,H,Schizoaffective disorder,Schizophrenia,16,16,1.0,1.0,1.0,934.9375,-13.5,1e-06,4,0.991408,F25.9,F20,1.0
Text-156:I-J,Text-156,Nervous,Reasoning,I,J,Schizoaffective disorder,Persistent depressive disorder (dysthymia),16,16,1.0,1.0,1.0,499.625,-21.5,0.0,9,0.991408,F25.9,,
Text-164:G-A,Text-164,Reproductive,Reasoning,G,A,No additional tests are required to make the diagnosis,Transvaginal ultrasound,16,16,0.6875,0.75,0.625,1215.6875,16.375,1.7e-05,3,0.0,,,
Text-164:G-B,Text-164,Reproductive,Reasoning,G,B,No additional tests are required to make the diagnosis,Vaginal pH testing,16,16,1.0,1.0,1.0,1075.125,5.875,0.0,5,0.0,,,
Text-164:G-C,Text-164,Reproductive,Reasoning,G,C,No additional tests are required to make the diagnosis,Cervical culture for Chlamydia and Gonorrhea,16,16,0.0,0.0,0.0,1356.8125,27.375,0.999648,1,0.0,,,
Text-164:G-D,Text-164,Reproductive,Reasoning,G,D,No additional tests are required to make the diagnosis,Complete blood count with differential,16,16,0.9375,0.875,1.0,1175.9375,4.125,0.0,6,0.0,,,
Text-164:G-E,Text-164,Reproductive,Reasoning,G,E,No additional tests are required to make the diagnosis,Pelvic ultrasound,16,16,0.875,0.875,0.875,1271.875,7.625,0.0,4,0.0,,,
Text-164:G-F,Text-164,Reproductive,Reasoning,G,F,No additional tests are required to make the diagnosis,Laparoscopy,16,16,1.0,1.0,1.0,787.3125,2.625,0.0,8,0.0,,,
Text-164:G-H,Text-164,Reproductive,Reasoning,G,H,No additional tests are required to make the diagnosis,Endometrial biopsy,16,16,1.0,1.0,1.0,833.75,1.0,0.0,9,0.0,,,
Text-164:G-I,Text-164,Reproductive,Reasoning,G,I,No additional tests are required to make the diagnosis,Nucleic acid amplification,16,16,0.625,0.625,0.625,1282.5625,19.375,0.000335,2,0.0,,,
Text-164:G-J,Text-164,Reproductive,Reasoning,G,J,No additional tests are required to make the diagnosis,Contrast-enhanced computed tomography (CT),16,16,1.0,1.0,1.0,749.3125,3.375,0.0,7,0.0,,,
Text-179:J-A,Text-179,Cardiovascular,Reasoning,J,A,Primary hyperfibrinolysis,Vitamin K deficiency,16,16,1.0,1.0,1.0,1360.5,-7.5,0.0,6,2e-06,,E56.1,
Text-179:J-B,Text-179,Cardiovascular,Reasoning,J,B,Primary hyperfibrinolysis,Factor XIII deficiency,16,16,1.0,1.0,1.0,1180.0625,-10.75,0.0,9,2e-06,,,
Text-179:J-C,Text-179,Cardiovascular,Reasoning,J,C,Primary hyperfibrinolysis,Liver disease coagulopathy,16,16,1.0,1.0,1.0,1348.25,-11.0,0.0,10,2e-06,,,
Text-179:J-D,Text-179,Cardiovascular,Reasoning,J,D,Primary hyperfibrinolysis,Classic von Willebrand disease,16,16,1.0,1.0,1.0,1560.4375,-10.0,0.0,8,2e-06,,,
Text-179:J-E,Text-179,Cardiovascular,Reasoning,J,E,Primary hyperfibrinolysis,Secondary hyperfibrinolysis,16,16,0.0,0.0,0.0,975.5,2.25,1.7e-05,2,2e-06,,,
Text-179:J-F,Text-179,Cardiovascular,Reasoning,J,F,Primary hyperfibrinolysis,Hemophilia A,16,16,1.0,1.0,1.0,1095.5,-4.0,0.0,4,2e-06,,D66,
Text-179:J-G,Text-179,Cardiovascular,Reasoning,J,G,Primary hyperfibrinolysis,Disseminated intravascular coagulation (DIC),16,16,0.0625,0.0,0.125,1010.0625,13.25,0.999982,1,2e-06,,D65,
Text-179:J-H,Text-179,Cardiovascular,Reasoning,J,H,Primary hyperfibrinolysis,Acquired factor VIII inhibitor,16,16,1.0,1.0,1.0,1463.375,-6.25,0.0,5,2e-06,,,
Text-179:J-I,Text-179,Cardiovascular,Reasoning,J,I,Primary hyperfibrinolysis,Antiphospholipid syndrome,16,16,1.0,1.0,1.0,1328.625,-7.5,0.0,6,2e-06,,D68.61,
Text-200:J-A,Text-200,Skeletal,Reasoning,J,A,"T9 flexed, rotated right, sidebent right","T9 extended, rotated left, sidebent right",16,16,0.75,1.0,0.5,3587.5625,-12.75,2e-06,6,0.851924,,,
Text-200:J-B,Text-200,Skeletal,Reasoning,J,B,"T9 flexed, rotated right, sidebent right","T10 extended, rotated right, sidebent right",16,16,0.0,0.0,0.0,2694.0,-11.0,1.4e-05,3,0.851924,,,
Text-200:J-C,Text-200,Skeletal,Reasoning,J,C,"T9 flexed, rotated right, sidebent right","T9 neutral, rotated right, sidebent right",16,16,0.0625,0.0,0.125,2281.5,-18.5,0.0,10,0.851924,,,
Text-200:J-D,Text-200,Skeletal,Reasoning,J,D,"T9 flexed, rotated right, sidebent right","T9 extended, rotated right, sidebent right",16,16,0.0,0.0,0.0,2088.5,-1.75,0.148042,2,0.851924,,,
Text-200:J-E,Text-200,Skeletal,Reasoning,J,E,"T9 flexed, rotated right, sidebent right","T8 flexed, rotated right, sidebent right",16,16,1.0,1.0,1.0,3314.75,-14.25,1e-06,7,0.851924,,,
Text-200:J-F,Text-200,Skeletal,Reasoning,J,F,"T9 flexed, rotated right, sidebent right","T11 flexed, rotated left, sidebent left",16,16,0.6875,0.875,0.5,4456.25,-14.25,1e-06,7,0.851924,,,
Text-200:J-G,Text-200,Skeletal,Reasoning,J,G,"T9 flexed, rotated right, sidebent right","T10 flexed, rotated right, sidebent left",16,16,0.1875,0.25,0.125,2625.125,-15.0,0.0,9,0.851924,,,
Text-200:J-H,Text-200,Skeletal,Reasoning,J,H,"T9 flexed, rotated right, sidebent right","T10 flexed, rotated left, sidebent right",16,16,0.6875,0.5,0.875,3399.5625,-11.25,1.1e-05,4,0.851924,,,
Text-200:J-I,Text-200,Skeletal,Reasoning,J,I,"T9 flexed, rotated right, sidebent right","T9 flexed, rotated left, sidebent left",16,16,1.0,1.0,1.0,3055.625,-12.25,4e-06,5,0.851924,,,
Text-222:C-A,Text-222,Nervous,Reasoning,C,A,Cyclothymic disorder,Premenstrual dysphoric disorder,16,16,1.0,1.0,1.0,805.0,3.5,0.0,5,0.0,F34.0,F32.81,1.0
Text-222:C-B,Text-222,Nervous,Reasoning,C,B,Cyclothymic disorder,Persistent depressive disorder,16,16,1.0,1.0,1.0,1152.3125,3.5,0.0,5,0.0,F34.0,,
Text-222:C-D,Text-222,Nervous,Reasoning,C,D,Cyclothymic disorder,Generalized anxiety disorder,16,16,1.0,1.0,1.0,566.375,-1.875,0.0,9,0.0,F34.0,F41.1,1.0
Text-222:C-E,Text-222,Nervous,Reasoning,C,E,Cyclothymic disorder,Bipolar II disorder,16,16,0.0,0.0,0.0,780.125,30.0,1.0,1,0.0,F34.0,F31.81,1.0
Text-222:C-F,Text-222,Nervous,Reasoning,C,F,Cyclothymic disorder,Borderline personality disorder,16,16,1.0,1.0,1.0,776.25,2.0,0.0,7,0.0,F34.0,F60.3,1.0
Text-222:C-G,Text-222,Nervous,Reasoning,C,G,Cyclothymic disorder,Adjustment disorder with depressed mood,16,16,1.0,1.0,1.0,860.3125,-3.625,0.0,10,0.0,F34.0,F43.21,1.0
Text-222:C-H,Text-222,Nervous,Reasoning,C,H,Cyclothymic disorder,Bipolar I disorder,16,16,0.375,0.125,0.625,2706.8125,3.75,0.0,4,0.0,F34.0,,
Text-222:C-I,Text-222,Nervous,Reasoning,C,I,Cyclothymic disorder,Substance-induced mood disorder,16,16,0.875,0.75,1.0,1481.5625,13.5,0.0,2,0.0,F34.0,F19,1.0
Text-222:C-J,Text-222,Nervous,Reasoning,C,J,Cyclothymic disorder,Major depressive disorder,16,16,0.625,0.375,0.875,2227.0,8.5,0.0,3,0.0,F34.0,,
Text-282:J-A,Text-282,Muscular,Reasoning,J,A,Left unilateral sacral flexion about the middle transverse axis,Bilateral sacral flexion about the middle transverse axis,16,16,1.0,1.0,1.0,1640.5625,-13.25,2e-06,10,0.99134,,,
Text-282:J-B,Text-282,Muscular,Reasoning,J,B,Left unilateral sacral flexion about the middle transverse axis,Left-on-left sacral torsion,16,16,0.375,0.125,0.625,1322.125,-11.0,1.7e-05,7,0.99134,,,
Text-282:J-C,Text-282,Muscular,Reasoning,J,C,Left unilateral sacral flexion about the middle transverse axis,Right unilateral sacral flexion about the middle transverse axis,16,16,0.4375,0.375,0.5,1319.6875,-5.25,0.005202,2,0.99134,,,
Text-282:J-D,Text-282,Muscular,Reasoning,J,D,Left unilateral sacral flexion about the middle transverse axis,Left unilateral sacral flexion about the superior transverse axis,16,16,0.1875,0.125,0.25,1244.3125,-9.5,7.4e-05,5,0.99134,,,
Text-282:J-E,Text-282,Muscular,Reasoning,J,E,Left unilateral sacral flexion about the middle transverse axis,Right unilateral sacral extension about the superior transverse axis,16,16,0.5625,0.5,0.625,1979.9375,-11.5,1e-05,8,0.99134,,,
Text-282:J-F,Text-282,Muscular,Reasoning,J,F,Left unilateral sacral flexion about the middle transverse axis,Left sacral rotation on a right oblique axis,16,16,0.125,0.0,0.25,2035.375,-9.0,0.000122,4,0.99134,,,
Text-282:J-G,Text-282,Muscular,Reasoning,J,G,Left unilateral sacral flexion about the middle transverse axis,Right unilateral sacral flexion about the superior transverse axis,16,16,0.1875,0.25,0.125,1291.625,-12.5,4e-06,9,0.99134,,,
Text-282:J-H,Text-282,Muscular,Reasoning,J,H,Left unilateral sacral flexion about the middle transverse axis,Left unilateral sacral extension about the middle transverse axis,16,16,0.25,0.25,0.25,1644.4375,-9.5,7.4e-05,5,0.99134,,,
Text-282:J-I,Text-282,Muscular,Reasoning,J,I,Left unilateral sacral flexion about the middle transverse axis,Right-on-left sacral torsion,16,16,0.3125,0.125,0.5,1458.0,-5.75,0.003155,3,0.99134,,,
Text-286:A-B,Text-286,Skeletal,Reasoning,A,B,Oligoarticular juvenile idiopathic arthritis,Reactive arthritis,16,16,1.0,1.0,1.0,614.125,-23.25,0.0,2,1.0,,,
Text-286:A-C,Text-286,Skeletal,Reasoning,A,C,Oligoarticular juvenile idiopathic arthritis,Seronegative polyarticular juvenile idiopathic arthritis,16,16,1.0,1.0,1.0,968.125,-27.5,0.0,3,1.0,,,
Text-286:A-D,Text-286,Skeletal,Reasoning,A,D,Oligoarticular juvenile idiopathic arthritis,Lyme disease,16,16,1.0,1.0,1.0,661.25,-29.75,0.0,5,1.0,,A69.20,
Text-286:A-E,Text-286,Skeletal,Reasoning,A,E,Oligoarticular juvenile idiopathic arthritis,Psoriatic arthritis,16,16,1.0,1.0,1.0,605.75,-30.0,0.0,6,1.0,,L40.52,
Text-286:A-F,Text-286,Skeletal,Reasoning,A,F,Oligoarticular juvenile idiopathic arthritis,Rheumatic fever,16,16,1.0,1.0,1.0,680.0625,-32.25,0.0,7,1.0,,I00,
Text-286:A-G,Text-286,Skeletal,Reasoning,A,G,Oligoarticular juvenile idiopathic arthritis,Mixed connective tissue disease,16,16,1.0,1.0,1.0,598.0625,-37.75,0.0,10,1.0,,,
Text-286:A-H,Text-286,Skeletal,Reasoning,A,H,Oligoarticular juvenile idiopathic arthritis,Septic arthritis,16,16,1.0,1.0,1.0,530.25,-35.75,0.0,9,1.0,,M00.80,
Text-286:A-I,Text-286,Skeletal,Reasoning,A,I,Oligoarticular juvenile idiopathic arthritis,Post-viral arthritis,16,16,1.0,1.0,1.0,544.5,-32.75,0.0,8,1.0,,,
Text-286:A-J,Text-286,Skeletal,Reasoning,A,J,Oligoarticular juvenile idiopathic arthritis,Systemic juvenile idiopathic arthritis,16,16,1.0,1.0,1.0,900.0,-29.5,0.0,4,1.0,,M08.2,
Text-303:E-A,Text-303,Cardiovascular,Reasoning,E,A,Hypertensive emergency,Essential hypertension with acute kidney injury,16,16,1.0,1.0,1.0,940.125,-6.5,0.001279,3,0.850773,I16.1,,
Text-303:E-B,Text-303,Cardiovascular,Reasoning,E,B,Hypertensive emergency,Pheochromocytoma crisis,16,16,1.0,1.0,1.0,872.5,-14.5,0.0,5,0.850773,I16.1,,
Text-303:E-C,Text-303,Cardiovascular,Reasoning,E,C,Hypertensive emergency,Hypertensive urgency,16,16,0.5625,0.25,0.875,832.5,-1.75,0.147842,2,0.850773,I16.1,I16.0,2.0
Text-303:E-D,Text-303,Cardiovascular,Reasoning,E,D,Hypertensive emergency,Primary hyperaldosteronism,16,16,1.0,1.0,1.0,895.25,-18.25,0.0,8,0.850773,I16.1,E26.09,0.0
Text-303:E-F,Text-303,Cardiovascular,Reasoning,E,F,Hypertensive emergency,Malignant hypertension,16,16,0.8125,0.625,1.0,1404.8125,-9.0,0.000105,4,0.850773,I16.1,,
Text-303:E-G,Text-303,Cardiovascular,Reasoning,E,G,Hypertensive emergency,Acute hypertensive nephrosclerosis,16,16,0.875,0.75,1.0,1469.125,-19.5,0.0,10,0.850773,I16.1,,
Text-303:E-H,Text-303,Cardiovascular,Reasoning,E,H,Hypertensive emergency,Secondary hypertension due to renal artery stenosis,16,16,1.0,1.0,1.0,1858.375,-18.75,0.0,9,0.850773,I16.1,,
Text-303:E-I,Text-303,Cardiovascular,Reasoning,E,I,Hypertensive emergency,Chronic kidney disease with hypertensive urgency,16,16,0.375,0.25,0.5,1284.3125,-17.5,0.0,7,0.850773,I16.1,,
Text-303:E-J,Text-303,Cardiovascular,Reasoning,E,J,Hypertensive emergency,Hypertension,16,16,0.6875,0.5,0.875,1295.5,-17.25,0.0,6,0.850773,I16.1,I10,1.0
Text-317:C-A,Text-317,Reproductive,Understanding,C,A,Granulomatous mastitis,Inflammatory breast carcinoma,16,16,1.0,1.0,1.0,739.125,3.25,0.0,6,0.0,N61.2,,
Text-317:C-B,Text-317,Reproductive,Understanding,C,B,Granulomatous mastitis,Galactocele,16,16,1.0,1.0,1.0,690.1875,0.0,0.0,9,0.0,N61.2,,
Text-317:C-D,Text-317,Reproductive,Understanding,C,D,Granulomatous mastitis,Subareolar breast abscess,16,16,0.1875,0.125,0.25,1361.0625,14.5,0.00071,2,0.0,N61.2,,
Text-317:C-E,Text-317,Reproductive,Understanding,C,E,Granulomatous mastitis,Mammary ductal ectasia,16,16,1.0,1.0,1.0,1218.75,2.25,0.0,8,0.0,N61.2,,
Text-317:C-F,Text-317,Reproductive,Understanding,C,F,Granulomatous mastitis,Plasma cell mastitis,16,16,0.5,0.75,0.25,1340.25,6.75,0.0,5,0.0,N61.2,,
Text-317:C-G,Text-317,Reproductive,Understanding,C,G,Granulomatous mastitis,Acute non-puerperal mastitis,16,16,0.5625,0.5,0.625,1528.25,21.75,0.999262,1,0.0,N61.2,,
Text-317:C-H,Text-317,Reproductive,Understanding,C,H,Granulomatous mastitis,Fat necrosis of the breast,16,16,1.0,1.0,1.0,779.375,2.75,0.0,7,0.0,N61.2,N64.1,1.0
Text-317:C-I,Text-317,Reproductive,Understanding,C,I,Granulomatous mastitis,Periductal mastitis,16,16,0.0,0.0,0.0,807.875,11.0,2.1e-05,3,0.0,N61.2,,
Text-317:C-J,Text-317,Reproductive,Understanding,C,J,Granulomatous mastitis,Tuberculous mastitis,16,16,0.875,0.75,1.0,1190.3125,9.75,6e-06,4,0.0,N61.2,,
Text-326:E-A,Text-326,Muscular,Reasoning,E,A,Posterior radial head,Ulnar collateral ligament sprain,16,16,1.0,1.0,1.0,1160.8125,-0.25,0.0,7,0.0,S53.02,S53.44,2.0
Text-326:E-B,Text-326,Muscular,Reasoning,E,B,Posterior radial head,Olecranon bursitis,16,16,1.0,1.0,1.0,1183.1875,-1.5,0.0,8,0.0,S53.02,M70.2,0.0
Text-326:E-C,Text-326,Muscular,Reasoning,E,C,Posterior radial head,Supinator muscle strain,16,16,0.1875,0.0,0.375,1466.3125,0.25,0.0,4,0.0,S53.02,,
Text-326:E-D,Text-326,Muscular,Reasoning,E,D,Posterior radial head,Lateral epicondylitis,16,16,0.0,0.0,0.0,705.1875,26.0,0.999996,1,0.0,S53.02,M77.1,0.0
Text-326:E-F,Text-326,Muscular,Reasoning,E,F,Posterior radial head,Radial nerve entrapment,16,16,0.0625,0.0,0.125,1609.25,0.25,0.0,4,0.0,S53.02,,
Text-326:E-G,Text-326,Muscular,Reasoning,E,G,Posterior radial head,Medial epicondylitis,16,16,1.0,1.0,1.0,1356.8125,-2.25,0.0,9,0.0,S53.02,M77.0,0.0
Text-326:E-H,Text-326,Muscular,Reasoning,E,H,Posterior radial head,Proximal radioulnar joint dysfunction,16,16,0.0,0.0,0.0,632.1875,13.5,4e-06,2,0.0,S53.02,,
Text-326:E-I,Text-326,Muscular,Reasoning,E,I,Posterior radial head,Anterior radial head,16,16,0.9375,1.0,0.875,1219.375,-2.25,0.0,9,0.0,S53.02,S53.01,3.0
Text-326:E-J,Text-326,Muscular,Reasoning,E,J,Posterior radial head,Radial collateral ligament tear,16,16,0.0,0.0,0.0,1336.75,5.75,0.0,3,0.0,S53.02,,
Text-330:G-A,Text-330,Nervous,Reasoning,G,A,Anorexia nervosa,Atypical anorexia nervosa,16,16,0.125,0.25,0.0,2091.9375,1.0,0.730678,1,0.268801,F50.00,,
Text-330:G-B,Text-330,Nervous,Reasoning,G,B,Anorexia nervosa,Bulimia nervosa,16,16,0.0,0.0,0.0,863.875,-6.25,0.000519,3,0.268801,F50.00,F50.20,2.0
Text-330:G-C,Text-330,Nervous,Reasoning,G,C,Anorexia nervosa,Picky eating disorder,16,16,1.0,1.0,1.0,1074.3125,-19.5,0.0,9,0.268801,F50.00,,
Text-330:G-D,Text-330,Nervous,Reasoning,G,D,Anorexia nervosa,Normal adolescent behavior,16,16,1.0,1.0,1.0,924.25,-21.75,0.0,10,0.268801,F50.00,,
Text-330:G-E,Text-330,Nervous,Reasoning,G,E,Anorexia nervosa,Major depressive disorder,16,16,1.0,1.0,1.0,1249.25,-18.5,0.0,8,0.268801,F50.00,,
Text-330:G-F,Text-330,Nervous,Reasoning,G,F,Anorexia nervosa,Binge eating disorder,16,16,1.0,1.0,1.0,1340.25,-17.0,0.0,6,0.268801,F50.00,F50.819,2.0
Text-330:G-H,Text-330,Nervous,Reasoning,G,H,Anorexia nervosa,Avoidant/restrictive food intake disorder,16,16,1.0,1.0,1.0,1455.625,-12.25,1e-06,4,0.268801,F50.00,F50.82,2.0
Text-330:G-I,Text-330,Nervous,Reasoning,G,I,Anorexia nervosa,Other specified feeding or eating disorder,16,16,0.125,0.25,0.0,1917.1875,-13.75,0.0,5,0.268801,F50.00,,
Text-330:G-J,Text-330,Nervous,Reasoning,G,J,Anorexia nervosa,Body dysmorphic disorder,16,16,1.0,1.0,1.0,1224.375,-17.0,0.0,6,0.268801,F50.00,F45.22,1.0
Text-409:A-B,Text-409,Muscular,Reasoning,A,B,Extension,Contralateral rotation with sidebending,16,16,0.8125,0.625,1.0,1914.3125,3.25,0.00012,6,5e-06,,,
Text-409:A-C,Text-409,Muscular,Reasoning,A,C,Extension,Retraction,16,16,1.0,1.0,1.0,787.5625,-5.0,0.0,10,5e-06,,H02.53,
Text-409:A-D,Text-409,Muscular,Reasoning,A,D,Extension,Combined flexion-rotation,16,16,0.9375,0.875,1.0,1648.375,8.5,0.022884,2,5e-06,,,
Text-409:A-E,Text-409,Muscular,Reasoning,A,E,Extension,Ipsilateral rotation with sidebending,16,16,0.9375,0.875,1.0,1584.0,12.25,0.973072,1,5e-06,,,
Text-409:A-F,Text-409,Muscular,Reasoning,A,F,Extension,Flexion,16,16,1.0,1.0,1.0,1119.3125,6.5,0.003097,3,5e-06,,M21.2,
Text-409:A-G,Text-409,Muscular,Reasoning,A,G,Extension,Combined extension-rotation,16,16,0.625,0.5,0.75,2211.625,2.75,7.3e-05,7,5e-06,,,
Text-409:A-H,Text-409,Muscular,Reasoning,A,H,Extension,Rotation,16,16,1.0,1.0,1.0,1573.1875,4.25,0.000326,5,5e-06,,O64.0XX,
Text-409:A-I,Text-409,Muscular,Reasoning,A,I,Extension,Sidebending,16,16,1.0,1.0,1.0,913.1875,-0.25,4e-06,9,5e-06,,,
Text-409:A-J,Text-409,Muscular,Reasoning,A,J,Extension,Protraction,16,16,1.0,1.0,1.0,652.4375,4.5,0.000419,4,5e-06,,,
Text-416:D-A,Text-416,Skeletal,Reasoning,D,A,right-on-right sacral torsion,bilateral sacral extension,16,16,1.0,1.0,1.0,664.0,-0.75,0.0,9,0.0,,,
Text-416:D-B,Text-416,Skeletal,Reasoning,D,B,right-on-right sacral torsion,bilateral sacral flexion,16,16,1.0,1.0,1.0,689.0625,-0.25,0.0,8,0.0,,,
Text-416:D-C,Text-416,Skeletal,Reasoning,D,C,right-on-right sacral torsion,sacral base posterior,16,16,0.75,0.5,1.0,1014.4375,-2.5,0.0,10,0.0,,,
Text-416:D-E,Text-416,Skeletal,Reasoning,D,E,right-on-right sacral torsion,sacral base anterior,16,16,0.9375,0.875,1.0,812.8125,7.0,8.6e-05,4,0.0,,,
Text-416:D-F,Text-416,Skeletal,Reasoning,D,F,right-on-right sacral torsion,right-on-left sacral torsion,16,16,0.25,0.5,0.0,1208.8125,15.75,0.543353,1,0.0,,,
Text-416:D-G,Text-416,Skeletal,Reasoning,D,G,right-on-right sacral torsion,unilateral sacral flexion on the right,16,16,0.9375,0.875,1.0,987.125,2.5,1e-06,6,0.0,,,
Text-416:D-H,Text-416,Skeletal,Reasoning,D,H,right-on-right sacral torsion,left-on-left sacral torsion,16,16,0.3125,0.125,0.5,1025.5625,4.75,9e-06,5,0.0,,,
Text-416:D-I,Text-416,Skeletal,Reasoning,D,I,right-on-right sacral torsion,left-on-right sacral torsion,16,16,0.0,0.0,0.0,1260.4375,14.75,0.199888,3,0.0,,,
Text-416:D-J,Text-416,Skeletal,Reasoning,D,J,right-on-right sacral torsion,unilateral sacral extension on the left,16,16,0.8125,0.625,1.0,1197.25,15.0,0.256662,2,0.0,,,
Text-438:A-B,Text-438,Skeletal,Reasoning,A,B,Pronation ankle sprain,Posterior fibular head somatic dysfunction,16,16,0.0625,0.0,0.125,1181.0,1.0,0.006324,5,0.002326,,,
Text-438:A-C,Text-438,Skeletal,Reasoning,A,C,Pronation ankle sprain,Anterior talofibular ligament tear,16,16,0.1875,0.25,0.125,2050.8125,2.75,0.036391,2,0.002326,,,
Text-438:A-D,Text-438,Skeletal,Reasoning,A,D,Pronation ankle sprain,Syndesmotic ankle sprain,16,16,0.0,0.0,0.0,740.75,6.0,0.938532,1,0.002326,,,
Text-438:A-E,Text-438,Skeletal,Reasoning,A,E,Pronation ankle sprain,Anterior fibular head somatic dysfunction,16,16,0.3125,0.25,0.375,1565.3125,-4.5,2.6e-05,9,0.002326,,,
Text-438:A-F,Text-438,Skeletal,Reasoning,A,F,Pronation ankle sprain,Tibialis posterior tendinopathy,16,16,0.0625,0.0,0.125,1249.375,-3.5,7e-05,8,0.002326,,,
Text-438:A-G,Text-438,Skeletal,Reasoning,A,G,Pronation ankle sprain,Deltoid ligament strain,16,16,0.8125,0.625,1.0,1822.75,-7.5,1e-06,10,0.002326,,,
Text-438:A-H,Text-438,Skeletal,Reasoning,A,H,Pronation ankle sprain,Supination ankle sprain,16,16,0.375,0.75,0.0,1658.375,-3.25,9e-05,7,0.002326,,,
Text-438:A-I,Text-438,Skeletal,Reasoning,A,I,Pronation ankle sprain,Peroneal tendon subluxation,16,16,0.0,0.0,0.0,677.5,1.25,0.00812,3,0.002326,,,
Text-438:A-J,Text-438,Skeletal,Reasoning,A,J,Pronation ankle sprain,Calcaneal stress fracture,16,16,0.875,0.75,1.0,1620.1875,1.25,0.00812,3,0.002326,,,
Text-460:A-B,Text-460,Muscular,Reasoning,A,B,Parvovirus B19,Lyme disease,16,16,1.0,1.0,1.0,690.9375,0.5,0.619078,1,0.37549,,A69.20,
Text-460:A-C,Text-460,Muscular,Reasoning,A,C,Parvovirus B19,Rheumatoid arthritis,16,16,1.0,1.0,1.0,584.5,-12.5,1e-06,8,0.37549,,M06.9,
Text-460:A-D,Text-460,Muscular,Reasoning,A,D,Parvovirus B19,Gonococcal arthritis,16,16,0.9375,0.875,1.0,944.8125,-6.5,0.000565,5,0.37549,,A54.42,
Text-460:A-E,Text-460,Muscular,Reasoning,A,E,Parvovirus B19,Systemic lupus erythematosus,16,16,1.0,1.0,1.0,578.0625,-9.25,3.6e-05,7,0.37549,,M32.9,
Text-460:A-F,Text-460,Muscular,Reasoning,A,F,Parvovirus B19,Transient synovitis,16,16,1.0,1.0,1.0,514.0625,-9.0,4.6e-05,6,0.37549,,M67.30,
Text-460:A-G,Text-460,Muscular,Reasoning,A,G,Parvovirus B19,Seronegative spondyloarthropathy,16,16,1.0,1.0,1.0,837.125,-13.25,1e-06,9,0.37549,,,
Text-460:A-H,Text-460,Muscular,Reasoning,A,H,Parvovirus B19,Early-onset osteoarthritis,16,16,1.0,1.0,1.0,442.25,-14.5,0.0,10,0.37549,,,
Text-460:A-I,Text-460,Muscular,Reasoning,A,I,Parvovirus B19,Reactive arthritis,16,16,1.0,1.0,1.0,757.8125,-4.75,0.003249,3,0.37549,,,
Text-460:A-J,Text-460,Muscular,Reasoning,A,J,Parvovirus B19,Viral arthritis due to EBV,16,16,1.0,1.0,1.0,864.875,-5.5,0.001535,4,0.37549,,,
Text-471:I-A,Text-471,Nervous,Reasoning,I,A,Dementia,Subjective cognitive decline,16,16,1.0,1.0,1.0,573.1875,-13.5,0.0,7,2e-06,F01,,
Text-471:I-B,Text-471,Nervous,Reasoning,I,B,Dementia,Early-stage Alzheimer's disease,16,16,0.4375,0.5,0.375,2160.875,-5.75,0.0,3,2e-06,F01,,
Text-471:I-C,Text-471,Nervous,Reasoning,I,C,Dementia,Vascular cognitive impairment,16,16,1.0,1.0,1.0,1348.625,-14.0,0.0,8,2e-06,F01,,
Text-471:I-D,Text-471,Nervous,Reasoning,I,D,Dementia,Pseudodementia,16,16,1.0,1.0,1.0,684.9375,-15.25,0.0,9,2e-06,F01,,
Text-471:I-E,Text-471,Nervous,Reasoning,I,E,Dementia,Major depressive disorder,16,16,1.0,1.0,1.0,514.0,-10.75,0.0,5,2e-06,F01,,
Text-471:I-F,Text-471,Nervous,Reasoning,I,F,Dementia,Normal pressure hydrocephalus,16,16,1.0,1.0,1.0,555.0,-11.5,0.0,6,2e-06,F01,G91.2,0.0
Text-471:I-G,Text-471,Nervous,Reasoning,I,G,Dementia,Mixed cognitive impairment,16,16,0.875,0.75,1.0,1432.5,-15.25,0.0,9,2e-06,F01,,
Text-471:I-H,Text-471,Nervous,Reasoning,I,H,Dementia,Age-associated memory impairment,16,16,1.0,1.0,1.0,535.75,-10.25,0.0,4,2e-06,F01,,
Text-471:I-J,Text-471,Nervous,Reasoning,I,J,Dementia,Mild cognitive impairment,16,16,0.375,0.375,0.375,1632.875,13.25,0.999998,1,2e-06,F01,G31.84,0.0
Text-484:A-B,Text-484,Skeletal,Reasoning,A,B,Medial meniscal tear,Anterior cruciate ligament tear,16,16,0.3125,0.0,0.625,1317.5,3.75,0.0,4,0.0,,,
Text-484:A-C,Text-484,Skeletal,Reasoning,A,C,Medial meniscal tear,Lateral meniscal tear,16,16,0.25,0.375,0.125,854.375,0.25,0.0,6,0.0,,,
Text-484:A-D,Text-484,Skeletal,Reasoning,A,D,Medial meniscal tear,Quadriceps tendon rupture,16,16,1.0,1.0,1.0,850.5,-5.25,0.0,10,0.0,,,
Text-484:A-E,Text-484,Skeletal,Reasoning,A,E,Medial meniscal tear,Tibial plateau fracture,16,16,1.0,1.0,1.0,1091.8125,-1.5,0.0,8,0.0,,,
Text-484:A-F,Text-484,Skeletal,Reasoning,A,F,Medial meniscal tear,Patellar subluxation,16,16,0.1875,0.25,0.125,1180.0,3.75,0.0,4,0.0,,,
Text-484:A-G,Text-484,Skeletal,Reasoning,A,G,Medial meniscal tear,Patellar tendinitis,16,16,1.0,1.0,1.0,761.125,-4.5,0.0,9,0.0,,M76.5,
Text-484:A-H,Text-484,Skeletal,Reasoning,A,H,Medial meniscal tear,Lateral collateral ligament tear,16,16,0.25,0.0,0.5,1222.625,19.5,0.999079,1,0.0,,,
Text-484:A-I,Text-484,Skeletal,Reasoning,A,I,Medial meniscal tear,Medial collateral ligament tear,16,16,0.25,0.0,0.5,1545.125,12.5,0.000911,2,0.0,,,
Text-484:A-J,Text-484,Skeletal,Reasoning,A,J,Medial meniscal tear,Posterior cruciate ligament tear,16,16,1.0,1.0,1.0,1040.0,8.0,1e-05,3,0.0,,,
Text-500:F-A,Text-500,Cardiovascular,Reasoning,F,A,Non-viable limb; Doppler ultrasound,Threatened limb; CT angiography,16,16,0.5625,0.25,0.875,1538.6875,13.5,0.25638,2,0.0,,,
Text-500:F-B,Text-500,Cardiovascular,Reasoning,F,B,Non-viable limb; Doppler ultrasound,Threatened limb; Doppler ultrasound,16,16,0.5,0.25,0.75,1430.0,14.25,0.542757,1,0.0,,,
Text-500:F-C,Text-500,Cardiovascular,Reasoning,F,C,Non-viable limb; Doppler ultrasound,Threatened limb; arterial plethysmography,16,16,0.9375,0.875,1.0,1430.625,1.0,1e-06,7,0.0,,,
Text-500:F-D,Text-500,Cardiovascular,Reasoning,F,D,Non-viable limb; Doppler ultrasound,Threatened limb; MR angiography,16,16,0.0625,0.0,0.125,1479.0625,8.0,0.001048,4,0.0,,,
Text-500:F-E,Text-500,Cardiovascular,Reasoning,F,E,Non-viable limb; Doppler ultrasound,Non-viable limb; MR angiography,16,16,0.0625,0.0,0.125,1306.9375,2.25,3e-06,6,0.0,,,
Text-500:F-G,Text-500,Cardiovascular,Reasoning,F,G,Non-viable limb; Doppler ultrasound,Non-viable limb; plain radiography,16,16,1.0,1.0,1.0,692.125,-5.75,0.0,10,0.0,,,
Text-500:F-H,Text-500,Cardiovascular,Reasoning,F,H,Non-viable limb; Doppler ultrasound,Threatened limb; carbon dioxide angiogram,16,16,0.0,0.0,0.0,1585.125,-0.75,0.0,9,0.0,,,
Text-500:F-I,Text-500,Cardiovascular,Reasoning,F,I,Non-viable limb; Doppler ultrasound,Non-viable limb; duplex ultrasound,16,16,0.1875,0.0,0.375,933.5,6.0,0.000142,5,0.0,,,
Text-500:F-J,Text-500,Cardiovascular,Reasoning,F,J,Non-viable limb; Doppler ultrasound,Non-viable limb; CT angiography,16,16,0.6875,0.75,0.625,933.5,13.25,0.199669,3,0.0,,,
Text-510:I-A,Text-510,Nervous,Reasoning,I,A,Enterovirus meningitis,Bacterial meningitis,16,16,1.0,1.0,1.0,543.6875,-12.25,0.0,6,0.060085,,G00,
Text-510:I-B,Text-510,Nervous,Reasoning,I,B,Enterovirus meningitis,Cryptococcal meningitis,16,16,1.0,1.0,1.0,730.1875,-10.0,3e-06,5,0.060085,,,
Text-510:I-C,Text-510,Nervous,Reasoning,I,C,Enterovirus meningitis,Paraneoplastic meningitis,16,16,1.0,1.0,1.0,574.5625,-17.375,0.0,10,0.060085,,,
Text-510:I-D,Text-510,Nervous,Reasoning,I,D,Enterovirus meningitis,Mumps meningitis,16,16,0.9375,0.875,1.0,1045.75,-16.625,0.0,9,0.060085,,B26.1,
Text-510:I-E,Text-510,Nervous,Reasoning,I,E,Enterovirus meningitis,Lymphocytic choriomeningitis virus,16,16,0.625,0.375,0.875,1202.375,2.75,0.939889,1,0.060085,,,
Text-510:I-F,Text-510,Nervous,Reasoning,I,F,Enterovirus meningitis,Tuberculous meningitis,16,16,1.0,1.0,1.0,786.9375,-8.25,1.6e-05,3,0.060085,,A17.0,
Text-510:I-G,Text-510,Nervous,Reasoning,I,G,Enterovirus meningitis,Early-stage fungal meningitis,16,16,1.0,1.0,1.0,580.5,-16.0,0.0,8,0.060085,,,
Text-510:I-H,Text-510,Nervous,Reasoning,I,H,Enterovirus meningitis,Autoimmune meningitis,16,16,1.0,1.0,1.0,671.0,-14.5,0.0,7,0.060085,,,
Text-510:I-J,Text-510,Nervous,Reasoning,I,J,Enterovirus meningitis,Viral encephalitis,16,16,1.0,1.0,1.0,884.3125,-9.0,7e-06,4,0.060085,,,
Text-540:A-B,Text-540,Muscular,Reasoning,A,B,Abduction of the ulna,Posterior translation of the ulna,16,16,0.3125,0.375,0.25,1081.6875,2.75,0.000899,7,5.7e-05,,,
Text-540:A-C,Text-540,Muscular,Reasoning,A,C,Abduction of the ulna,Anterior translation of the ulna,16,16,0.375,0.125,0.625,1734.75,2.75,0.000899,7,5.7e-05,,,
Text-540:A-D,Text-540,Muscular,Reasoning,A,D,Abduction of the ulna,Interosseous membrane dysfunction,16,16,0.0,0.0,0.0,956.0625,5.75,0.018047,4,5.7e-05,,,
Text-540:A-E,Text-540,Muscular,Reasoning,A,E,Abduction of the ulna,Supination of the radius,16,16,0.625,0.625,0.625,1462.625,-0.25,4.5e-05,10,5.7e-05,,,
Text-540:A-F,Text-540,Muscular,Reasoning,A,F,Abduction of the ulna,Ulnar head subluxation,16,16,0.0,0.0,0.0,995.75,8.5,0.282305,2,5.7e-05,,,
Text-540:A-G,Text-540,Muscular,Reasoning,A,G,Abduction of the ulna,Proximal radioulnar joint dysfunction,16,16,0.3125,0.125,0.5,1236.375,7.25,0.080882,3,5.7e-05,,,
Text-540:A-H,Text-540,Muscular,Reasoning,A,H,Abduction of the ulna,Adduction of the ulna,16,16,0.0,0.0,0.0,828.125,9.25,0.597641,1,5.7e-05,,,
Text-540:A-I,Text-540,Muscular,Reasoning,A,I,Abduction of the ulna,Distal radioulnar joint dysfunction,16,16,0.125,0.0,0.25,1197.8125,4.5,0.005171,6,5.7e-05,,,
Text-540:A-J,Text-540,Muscular,Reasoning,A,J,Abduction of the ulna,Pronation of the radius,16,16,0.1875,0.125,0.25,1855.5,5.5,0.014055,5,5.7e-05,,,
Text-555:I-A,Text-555,Skeletal,Reasoning,I,A,Anterior fibular head dysfunction,Cuboid somatic dysfunction,16,16,1.0,1.0,1.0,860.0,-6.75,3e-06,8,0.002471,,,
Text-555:I-B,Text-555,Skeletal,Reasoning,I,B,Anterior fibular head dysfunction,Medial tibial torsion,16,16,0.5,0.5,0.5,1275.25,-6.75,3e-06,8,0.002471,,,
Text-555:I-C,Text-555,Skeletal,Reasoning,I,C,Anterior fibular head dysfunction,Talus anterior somatic dysfunction,16,16,0.5,0.25,0.75,1459.3125,5.0,0.366797,2,0.002471,,,
Text-555:I-D,Text-555,Skeletal,Reasoning,I,D,Anterior fibular head dysfunction,Subtalar joint dysfunction,16,16,0.625,0.875,0.375,1080.25,5.5,0.604745,1,0.002471,,,
Text-555:I-E,Text-555,Skeletal,Reasoning,I,E,Anterior fibular head dysfunction,Distal fibular fracture without displacement,16,16,0.9375,0.875,1.0,1052.375,2.25,0.023449,3,0.002471,,,
Text-555:I-F,Text-555,Skeletal,Reasoning,I,F,Anterior fibular head dysfunction,Posterior fibular head dysfunction,16,16,0.0,0.0,0.0,1047.125,-1.0,0.000909,6,0.002471,,,
Text-555:I-G,Text-555,Skeletal,Reasoning,I,G,Anterior fibular head dysfunction,Navicular somatic dysfunction,16,16,0.9375,1.0,0.875,811.125,-7.75,1e-06,10,0.002471,,,
Text-555:I-H,Text-555,Skeletal,Reasoning,I,H,Anterior fibular head dysfunction,Lateral tibial torsion,16,16,0.5,0.5,0.5,971.6875,-0.5,0.001499,5,0.002471,,,
Text-555:I-J,Text-555,Skeletal,Reasoning,I,J,Anterior fibular head dysfunction,Plantar fascia strain,16,16,1.0,1.0,1.0,690.875,-3.0,0.000123,7,0.002471,,,
Text-572:D-A,Text-572,Urinary,Reasoning,D,A,Renal-cell carcinoma,Renal vein thrombosis,16,16,0.625,0.25,1.0,1560.375,13.0,0.996825,1,2e-06,,I82.3,
Text-572:D-B,Text-572,Urinary,Reasoning,D,B,Renal-cell carcinoma,Congestive heart failure,16,16,1.0,1.0,1.0,607.125,-4.25,0.0,5,2e-06,,I50.9,
Text-572:D-C,Text-572,Urinary,Reasoning,D,C,Renal-cell carcinoma,Acute glomerulonephritis,16,16,1.0,1.0,1.0,726.0625,-9.5,0.0,9,2e-06,,N00,
Text-572:D-E,Text-572,Urinary,Reasoning,D,E,Renal-cell carcinoma,Membranous nephropathy,16,16,1.0,1.0,1.0,1110.6875,-2.25,0.0,4,2e-06,,,
Text-572:D-F,Text-572,Urinary,Reasoning,D,F,Renal-cell carcinoma,Nephrotic syndrome,16,16,1.0,1.0,1.0,606.4375,-5.5,0.0,7,2e-06,,N04,
Text-572:D-G,Text-572,Urinary,Reasoning,D,G,Renal-cell carcinoma,Immunoglobulin A nephropathy,16,16,1.0,1.0,1.0,831.25,-10.0,0.0,10,2e-06,,N02.B,
Text-572:D-H,Text-572,Urinary,Reasoning,D,H,Renal-cell carcinoma,IgA nephropathy,16,16,1.0,1.0,1.0,775.9375,-8.5,0.0,8,2e-06,,N02.8,
Text-572:D-I,Text-572,Urinary,Reasoning,D,I,Renal-cell carcinoma,Polycystic kidney disease,16,16,1.0,1.0,1.0,694.6875,-4.5,0.0,6,2e-06,,Q61.3,
Text-572:D-J,Text-572,Urinary,Reasoning,D,J,Renal-cell carcinoma,Renal-vein thrombosis,16,16,0.625,0.25,1.0,1582.625,7.25,0.003173,2,2e-06,,I82.3,
Text-602:I-A,Text-602,Nervous,Reasoning,I,A,Intellectual disability,Sensory processing disorder,16,16,0.0,0.0,0.0,642.625,11.75,0.000335,2,0.0,F78.A,,
Text-602:I-B,Text-602,Nervous,Reasoning,I,B,Intellectual disability,Fragile X syndrome,16,16,0.875,0.75,1.0,926.625,3.75,0.0,4,0.0,F78.A,Q99.2,0.0
Text-602:I-C,Text-602,Nervous,Reasoning,I,C,Intellectual disability,Specific learning disability,16,16,0.0,0.0,0.0,885.1875,-0.75,0.0,8,0.0,F78.A,,
Text-602:I-D,Text-602,Nervous,Reasoning,I,D,Intellectual disability,Global developmental delay,16,16,0.1875,0.125,0.25,1599.875,0.0,0.0,5,0.0,F78.A,,
Text-602:I-E,Text-602,Nervous,Reasoning,I,E,Intellectual disability,Childhood apraxia of speech,16,16,1.0,1.0,1.0,959.0625,-0.25,0.0,7,0.0,F78.A,,
Text-602:I-F,Text-602,Nervous,Reasoning,I,F,Intellectual disability,Autism spectrum disorder,16,16,0.0,0.0,0.0,484.4375,19.75,0.999658,1,0.0,F78.A,,
Text-602:I-G,Text-602,Nervous,Reasoning,I,G,Intellectual disability,Rett syndrome,16,16,1.0,1.0,1.0,485.25,-6.0,0.0,10,0.0,F78.A,F84.2,1.0
Text-602:I-H,Text-602,Nervous,Reasoning,I,H,Intellectual disability,Social (pragmatic) communication disorder,16,16,0.0,0.0,0.0,757.75,-2.25,0.0,9,0.0,F78.A,F80.82,1.0
Text-602:I-J,Text-602,Nervous,Reasoning,I,J,Intellectual disability,Attention-deficit/hyperactivity disorder (ADHD),16,16,0.4375,0.125,0.75,1117.875,7.75,6e-06,3,0.0,F78.A,F90,1.0
Text-629:J-A,Text-629,Reproductive,Reasoning,J,A,Circular anechoic structures within the myometrium without posterior shadowing,Multiple hyperechoic foci with posterior shadowing in the myometrium,16,16,0.0,0.0,0.0,1917.3125,-0.75,0.000948,6,0.002007,,,
Text-629:J-B,Text-629,Reproductive,Reasoning,J,B,Circular anechoic structures within the myometrium without posterior shadowing,A focal hypoechoic lesion with irregular borders in the endometrium,16,16,0.375,0.625,0.125,2562.9375,-1.0,0.000738,7,0.002007,,,
Text-629:J-C,Text-629,Reproductive,Reasoning,J,C,Circular anechoic structures within the myometrium without posterior shadowing,Endometrial polypoid structures with central vascularity,16,16,1.0,1.0,1.0,1800.6875,-6.25,4e-06,10,0.002007,,,
Text-629:J-D,Text-629,Reproductive,Reasoning,J,D,Circular anechoic structures within the myometrium without posterior shadowing,Thickened endometrial stripe with irregular vascularity,16,16,0.625,0.625,0.625,2160.0,0.75,0.004249,3,0.002007,,,
Text-629:J-E,Text-629,Reproductive,Reasoning,J,E,Circular anechoic structures within the myometrium without posterior shadowing,"Symmetrical, homogeneous endometrial thickening",16,16,0.8125,0.625,1.0,2556.9375,-0.25,0.001563,5,0.002007,,,
Text-629:J-F,Text-629,Reproductive,Reasoning,J,F,Circular anechoic structures within the myometrium without posterior shadowing,"Asymmetrical, irregular endometrial thickening",16,16,0.6875,0.5,0.875,1892.75,6.0,0.809743,1,0.002007,,,
Text-629:J-G,Text-629,Reproductive,Reasoning,J,G,Circular anechoic structures within the myometrium without posterior shadowing,"A large, circular hypoechoic structure within the myometrium with posterior shadowing",16,16,0.0,0.0,0.0,1362.125,4.5,0.180678,2,0.002007,,,
Text-629:J-H,Text-629,Reproductive,Reasoning,J,H,Circular anechoic structures within the myometrium without posterior shadowing,Diffuse myometrial calcifications with acoustic shadowing,16,16,0.8125,1.0,0.625,2723.5,-4.5,2.2e-05,9,0.002007,,,
Text-629:J-I,Text-629,Reproductive,Reasoning,J,I,Circular anechoic structures within the myometrium without posterior shadowing,"Symmetrical, homogeneous myometrial thickening",16,16,0.0,0.0,0.0,1511.4375,-3.75,4.7e-05,8,0.002007,,,
Text-696:B-A,Text-696,Nervous,Reasoning,B,A,Dependent,Histrionic,16,16,1.0,1.0,1.0,1122.25,3.5,0.0,3,0.0,,F60.4,
Text-696:B-C,Text-696,Nervous,Reasoning,B,C,Dependent,Obsessive-compulsive,16,16,1.0,1.0,1.0,640.8125,-5.0,0.0,7,0.0,,F42,
Text-696:B-D,Text-696,Nervous,Reasoning,B,D,Dependent,Narcissistic,16,16,1.0,1.0,1.0,750.4375,-6.0,0.0,8,0.0,,F60.81,
Text-696:B-E,Text-696,Nervous,Reasoning,B,E,Dependent,Paranoid,16,16,0.1875,0.0,0.375,994.625,1.0,0.0,4,0.0,,F20.0,
Text-696:B-F,Text-696,Nervous,Reasoning,B,F,Dependent,Borderline,16,16,0.0,0.0,0.0,896.0,19.25,0.999999,1,0.0,,F60.3,
Text-696:B-G,Text-696,Nervous,Reasoning,B,G,Dependent,Antisocial,16,16,1.0,1.0,1.0,646.375,-6.5,0.0,9,0.0,,F60.2,
Text-696:B-H,Text-696,Nervous,Reasoning,B,H,Dependent,Schizoid,16,16,1.0,1.0,1.0,883.1875,-7.25,0.0,10,0.0,,F60.1,
Text-696:B-I,Text-696,Nervous,Reasoning,B,I,Dependent,Avoidant,16,16,0.8125,0.625,1.0,1471.0625,0.25,0.0,5,0.0,,,
Text-696:B-J,Text-696,Nervous,Reasoning,B,J,Dependent,Passive-aggressive,16,16,1.0,1.0,1.0,1024.5,4.5,0.0,2,0.0,,,
Text-697:D-A,Text-697,Cardiovascular,Reasoning,D,A,Dysbetalipoproteinemia,Type III hyperlipoproteinemia,16,16,0.25,0.0,0.5,2035.25,23.25,0.999089,1,0.0,,,
Text-697:D-B,Text-697,Cardiovascular,Reasoning,D,B,Dysbetalipoproteinemia,Hypoalphalipoproteinemia,16,16,1.0,1.0,1.0,681.625,1.5,0.0,5,0.0,,,
Text-697:D-C,Text-697,Cardiovascular,Reasoning,D,C,Dysbetalipoproteinemia,Familial combined hyperlipidemia,16,16,0.8125,1.0,0.625,1549.625,3.0,0.0,3,0.0,,,
Text-697:D-E,Text-697,Cardiovascular,Reasoning,D,E,Dysbetalipoproteinemia,Hypertriglyceridemia secondary to metabolic syndrome,16,16,1.0,1.0,1.0,1002.625,2.0,0.0,4,0.0,,,
Text-697:D-F,Text-697,Cardiovascular,Reasoning,D,F,Dysbetalipoproteinemia,Familial hypercholesterolemia,16,16,0.4375,0.75,0.125,1391.125,16.25,0.000911,2,0.0,,E78.019,
Text-697:D-G,Text-697,Cardiovascular,Reasoning,D,G,Dysbetalipoproteinemia,Familial hypertriglyceridemia,16,16,1.0,1.0,1.0,964.5625,-3.375,0.0,10,0.0,,,
Text-697:D-H,Text-697,Cardiovascular,Reasoning,D,H,Dysbetalipoproteinemia,Lipoprotein lipase deficiency,16,16,1.0,1.0,1.0,1036.125,0.0,0.0,7,0.0,,,
Text-697:D-I,Text-697,Cardiovascular,Reasoning,D,I,Dysbetalipoproteinemia,Polygenic hypercholesterolemia,16,16,0.875,1.0,0.75,1591.0,1.5,0.0,5,0.0,,,
Text-697:D-J,Text-697,Cardiovascular,Reasoning,D,J,Dysbetalipoproteinemia,Tangier disease,16,16,1.0,1.0,1.0,728.0,0.0,0.0,7,0.0,,,
Text-699:I-A,Text-699,Skeletal,Reasoning,I,A,left unilateral sacral extension,right unilateral sacral flexion,16,16,0.6875,0.5,0.875,2177.75,0.0,2.8e-05,5,2.8e-05,,,
Text-699:I-B,Text-699,Skeletal,Reasoning,I,B,left unilateral sacral extension,left unilateral sacral flexion,16,16,0.6875,0.625,0.75,1088.125,1.5,0.000123,3,2.8e-05,,,
Text-699:I-C,Text-699,Skeletal,Reasoning,I,C,left unilateral sacral extension,piriformis syndrome,16,16,1.0,1.0,1.0,516.875,-10.25,0.0,10,2.8e-05,,,
Text-699:I-D,Text-699,Skeletal,Reasoning,I,D,left unilateral sacral extension,sacral counternutation,16,16,0.5625,0.125,1.0,1182.5625,-9.375,0.0,9,2.8e-05,,,
Text-699:I-E,Text-699,Skeletal,Reasoning,I,E,left unilateral sacral extension,bilateral sacral torsion,16,16,1.0,1.0,1.0,1044.4375,-7.25,0.0,8,2.8e-05,,,
Text-699:I-F,Text-699,Skeletal,Reasoning,I,F,left unilateral sacral extension,L5-S1 facet syndrome,16,16,1.0,1.0,1.0,606.9375,-4.5,0.0,7,2.8e-05,,,
Text-699:I-G,Text-699,Skeletal,Reasoning,I,G,left unilateral sacral extension,left sacroiliac joint dysfunction,16,16,0.3125,0.25,0.375,1070.0,10.5,0.999502,1,2.8e-05,,,
Text-699:I-H,Text-699,Skeletal,Reasoning,I,H,left unilateral sacral extension,left sacral torsion,16,16,0.125,0.125,0.125,704.4375,2.25,0.000261,2,2.8e-05,,,
Text-699:I-J,Text-699,Skeletal,Reasoning,I,J,left unilateral sacral extension,sacral shear dysfunction,16,16,0.375,0.375,0.375,812.3125,0.75,5.8e-05,4,2.8e-05,,,
Text-714:J-A,Text-714,Nervous,Reasoning,J,A,C8 radiculopathy,Cubital tunnel syndrome,16,16,0.8125,0.875,0.75,1950.6875,5.25,0.0,2,0.0,,,
Text-714:J-B,Text-714,Nervous,Reasoning,J,B,C8 radiculopathy,T1 radiculopathy,16,16,0.3125,0.125,0.5,2448.375,-3.75,0.0,7,0.0,,,
Text-714:J-C,Text-714,Nervous,Reasoning,J,C,C8 radiculopathy,Cervical spondylosis,16,16,1.0,1.0,1.0,1352.875,-4.75,0.0,8,0.0,,M47,
Text-714:J-D,Text-714,Nervous,Reasoning,J,D,C8 radiculopathy,Thoracic outlet syndrome,16,16,1.0,1.0,1.0,1257.375,-7.125,0.0,10,0.0,,,
Text-714:J-E,Text-714,Nervous,Reasoning,J,E,C8 radiculopathy,Brachial plexopathy,16,16,1.0,1.0,1.0,1063.6875,-2.0,0.0,5,0.0,,,
Text-714:J-F,Text-714,Nervous,Reasoning,J,F,C8 radiculopathy,Cervical disc herniation,16,16,0.8125,0.625,1.0,1804.0625,-2.0,0.0,5,0.0,,,
Text-714:J-G,Text-714,Nervous,Reasoning,J,G,C8 radiculopathy,Carpal tunnel syndrome,16,16,1.0,1.0,1.0,985.8125,-5.25,0.0,9,0.0,,G56.0,
Text-714:J-H,Text-714,Nervous,Reasoning,J,H,C8 radiculopathy,Median nerve entrapment,16,16,1.0,1.0,1.0,1157.5,-1.75,0.0,4,0.0,,,
Text-714:J-I,Text-714,Nervous,Reasoning,J,I,C8 radiculopathy,Ulnar neuropathy,16,16,0.125,0.0,0.25,1645.125,21.5,1.0,1,0.0,,G56.20,
Text-779:D-A,Text-779,Skeletal,Reasoning,D,A,Right unilateral sacral extension,Anterior sacral shear,16,16,1.0,1.0,1.0,869.8125,-5.5,1e-06,5,0.000261,,,
Text-779:D-B,Text-779,Skeletal,Reasoning,D,B,Right unilateral sacral extension,Left unilateral sacral flexion,16,16,1.0,1.0,1.0,1076.125,-7.25,0.0,7,0.000261,,,
Text-779:D-C,Text-779,Skeletal,Reasoning,D,C,Right unilateral sacral extension,Left unilateral sacral extension,16,16,1.0,1.0,1.0,675.25,-9.25,0.0,8,0.000261,,,
Text-779:D-E,Text-779,Skeletal,Reasoning,D,E,Right unilateral sacral extension,Right unilateral sacral flexion,16,16,0.625,0.875,0.375,959.0625,8.25,0.998972,1,0.000261,,,
Text-779:D-F,Text-779,Skeletal,Reasoning,D,F,Right unilateral sacral extension,Right-on-left sacral torsion,16,16,0.0,0.0,0.0,753.75,0.25,0.000335,3,0.000261,,,
Text-779:D-G,Text-779,Skeletal,Reasoning,D,G,Right unilateral sacral extension,Left on left sacral torsion,16,16,0.3125,0.125,0.5,1840.4375,-11.0,0.0,9,0.000261,,,
Text-779:D-H,Text-779,Skeletal,Reasoning,D,H,Right unilateral sacral extension,Bilateral sacral flexion,16,16,1.0,1.0,1.0,798.875,-11.0,0.0,9,0.000261,,,
Text-779:D-I,Text-779,Skeletal,Reasoning,D,I,Right unilateral sacral extension,Bilateral sacral extension,16,16,1.0,1.0,1.0,501.1875,-7.0,0.0,6,0.000261,,,
Text-779:D-J,Text-779,Skeletal,Reasoning,D,J,Right unilateral sacral extension,Left-on-right sacral torsion,16,16,0.0625,0.125,0.0,1074.0625,0.5,0.00043,2,0.000261,,,
Text-799:A-B,Text-799,Nervous,Reasoning,A,B,Normal stress reaction,Acute stress disorder,16,16,0.8125,0.875,0.75,1332.875,-2.0,0.0,8,0.0,,F43.11,
Text-799:A-C,Text-799,Nervous,Reasoning,A,C,Normal stress reaction,Bereavement,16,16,1.0,1.0,1.0,925.5625,-6.25,0.0,10,0.0,,,
Text-799:A-D,Text-799,Nervous,Reasoning,A,D,Normal stress reaction,Situational depression,16,16,0.0625,0.0,0.125,1249.0,4.25,2e-06,4,0.0,,,
Text-799:A-E,Text-799,Nervous,Reasoning,A,E,Normal stress reaction,Substance-induced mood disorder,16,16,0.625,0.25,1.0,1896.0,-1.0,0.0,6,0.0,,F19,
Text-799:A-F,Text-799,Nervous,Reasoning,A,F,Normal stress reaction,Acute grief reaction,16,16,0.75,0.875,0.625,1299.125,-1.75,0.0,7,0.0,,,
Text-799:A-G,Text-799,Nervous,Reasoning,A,G,Normal stress reaction,Adjustment disorder,16,16,0.0,0.0,0.0,689.5,15.75,0.182423,2,0.0,,F43.20,
Text-799:A-H,Text-799,Nervous,Reasoning,A,H,Normal stress reaction,Generalized anxiety disorder,16,16,1.0,1.0,1.0,1050.3125,-3.5,0.0,9,0.0,,F41.1,
Text-799:A-I,Text-799,Nervous,Reasoning,A,I,Normal stress reaction,Major depressive disorder,16,16,0.0,0.0,0.0,2279.125,17.25,0.817562,1,0.0,,,
Text-799:A-J,Text-799,Nervous,Reasoning,A,J,Normal stress reaction,Dysthymic disorder,16,16,1.0,1.0,1.0,1123.5625,6.25,1.4e-05,3,0.0,,F34.1,
Text-911:E-A,Text-911,Endocrine,Reasoning,E,A,Aromatase deficiency,P450 oxidoreductase deficiency,16,16,0.4375,0.625,0.25,2468.375,4.75,0.986267,1,0.008533,,,
Text-911:E-B,Text-911,Endocrine,Reasoning,E,B,Aromatase deficiency,Androgen insensitivity syndrome,16,16,0.9375,0.875,1.0,2002.5625,-7.75,4e-06,6,0.008533,,E34.50,
Text-911:E-C,Text-911,Endocrine,Reasoning,E,C,Aromatase deficiency,17β-hydroxysteroid dehydrogenase deficiency,16,16,0.9375,0.875,1.0,1920.875,-8.0,3e-06,7,0.008533,,,
Text-911:E-D,Text-911,Endocrine,Reasoning,E,D,Aromatase deficiency,17α-hydroxylase deficiency,16,16,0.6875,0.875,0.5,2787.1875,-0.5,0.005175,3,0.008533,,,
Text-911:E-F,Text-911,Endocrine,Reasoning,E,F,Aromatase deficiency,Polycystic ovary syndrome,16,16,1.0,1.0,1.0,1046.75,-6.5,1.3e-05,4,0.008533,,,
Text-911:E-G,Text-911,Endocrine,Reasoning,E,G,Aromatase deficiency,Congenital adrenal hyperplasia,16,16,0.8125,0.625,1.0,2134.1875,-7.5,5e-06,5,0.008533,,E25.0,
Text-911:E-H,Text-911,Endocrine,Reasoning,E,H,Aromatase deficiency,3β-hydroxysteroid dehydrogenase deficiency,16,16,0.875,1.0,0.75,1827.8125,-11.5,0.0,9,0.008533,,,
Text-911:E-I,Text-911,Endocrine,Reasoning,E,I,Aromatase deficiency,Steroidogenic acute regulatory protein deficiency,16,16,1.0,1.0,1.0,1121.9375,-13.5,0.0,10,0.008533,,,
Text-911:E-J,Text-911,Endocrine,Reasoning,E,J,Aromatase deficiency,5α-reductase deficiency,16,16,0.9375,1.0,0.875,1722.1875,-9.5,1e-06,8,0.008533,,,
Text-915:J-A,Text-915,Digestive,Reasoning,J,A,Chronic hepatitis B infection,No hepatitis B vaccination or infection,16,16,1.0,1.0,1.0,1245.0,-9.5,0.0,8,0.0,B18,,
Text-915:J-B,Text-915,Digestive,Reasoning,J,B,Chronic hepatitis B infection,Hepatitis B immune tolerance phase,16,16,1.0,1.0,1.0,1114.3125,-8.25,0.0,7,0.0,B18,,
Text-915:J-C,Text-915,Digestive,Reasoning,J,C,Chronic hepatitis B infection,Reactivated hepatitis B infection,16,16,1.0,1.0,1.0,2542.3125,-10.25,0.0,9,0.0,B18,,
Text-915:J-D,Text-915,Digestive,Reasoning,J,D,Chronic hepatitis B infection,Occult hepatitis B infection,16,16,1.0,1.0,1.0,1417.375,-10.75,0.0,10,0.0,B18,,
Text-915:J-E,Text-915,Digestive,Reasoning,J,E,Chronic hepatitis B infection,Inactive hepatitis B carrier state,16,16,1.0,1.0,1.0,788.5625,-7.75,0.0,6,0.0,B18,,
Text-915:J-F,Text-915,Digestive,Reasoning,J,F,Chronic hepatitis B infection,Resolved hepatitis B infection,16,16,1.0,1.0,1.0,1211.0,-7.5,0.0,5,0.0,B18,,
Text-915:J-G,Text-915,Digestive,Reasoning,J,G,Chronic hepatitis B infection,Early convalescent phase of hepatitis B,16,16,0.5,0.125,0.875,2712.1875,-6.0,0.0,3,0.0,B18,,
Text-915:J-H,Text-915,Digestive,Reasoning,J,H,Chronic hepatitis B infection,Acute hepatitis B infection,16,16,0.0,0.0,0.0,1043.8125,20.25,1.0,1,0.0,B18,B17.0,1.0
Text-915:J-I,Text-915,Digestive,Reasoning,J,I,Chronic hepatitis B infection,Hepatitis B vaccine response,16,16,1.0,1.0,1.0,1083.9375,-6.5,0.0,4,0.0,B18,,
Text-928:G-A,Text-928,Muscular,Reasoning,G,A,C4–C6 ERRSR,C4–C5 ERLSR,16,16,1.0,1.0,1.0,1672.125,-7.25,0.000497,5,0.699868,,,
Text-928:G-B,Text-928,Muscular,Reasoning,G,B,C4–C6 ERRSR,C4–C6 FRRSR,16,16,0.4375,0.5,0.375,1907.8125,-8.0,0.000235,7,0.699868,,,
Text-928:G-C,Text-928,Muscular,Reasoning,G,C,C4–C6 ERRSR,C4–C6 NSRRR,16,16,0.75,0.75,0.75,1607.8125,-11.5,7e-06,10,0.699868,,,
Text-928:G-D,Text-928,Muscular,Reasoning,G,D,C4–C6 ERRSR,C5–C6 ERRSR,16,16,0.4375,0.0,0.875,1428.5625,-10.25,2.5e-05,9,0.699868,,,
Text-928:G-E,Text-928,Muscular,Reasoning,G,E,C4–C6 ERRSR,C4–C6 NSRRL with somatic dysfunction,16,16,0.5,0.25,0.75,1547.5625,-3.5,0.021134,4,0.699868,,,
Text-928:G-F,Text-928,Muscular,Reasoning,G,F,C4–C6 ERRSR,C4–C6 ERRSR with compensatory rotation,16,16,0.0,0.0,0.0,876.8125,-1.5,0.156162,2,0.699868,,,
Text-928:G-H,Text-928,Muscular,Reasoning,G,H,C4–C6 ERRSR,C4–C6 FSRRR,16,16,0.625,0.75,0.5,1734.5,-9.25,6.7e-05,8,0.699868,,,
Text-928:G-I,Text-928,Muscular,Reasoning,G,I,C4–C6 ERRSR,C5–C6 FSRRL,16,16,0.4375,0.625,0.25,1853.3125,-7.5,0.000387,6,0.699868,,,
Text-928:G-J,Text-928,Muscular,Reasoning,G,J,C4–C6 ERRSR,C4–C6 NSRRL,16,16,0.8125,0.875,0.75,1723.875,-1.75,0.121619,3,0.699868,,,
Text-959:E-A,Text-959,Nervous,Reasoning,E,A,Cyclothymic disorder,Recurrent brief depressive disorder,16,16,1.0,1.0,1.0,1527.625,-2.25,0.0,7,0.0,F34.0,,
Text-959:E-B,Text-959,Nervous,Reasoning,E,B,Cyclothymic disorder,Persistent depressive disorder (dysthymia),16,16,1.0,1.0,1.0,2184.875,1.0,0.0,5,0.0,F34.0,,
Text-959:E-C,Text-959,Nervous,Reasoning,E,C,Cyclothymic disorder,Bipolar I disorder,16,16,0.0,0.0,0.0,1629.625,20.0,0.991422,1,0.0,F34.0,,
Text-959:E-D,Text-959,Nervous,Reasoning,E,D,Cyclothymic disorder,Bipolar II disorder,16,16,0.0,0.0,0.0,790.125,15.25,0.008577,2,0.0,F34.0,F31.81,1.0
Text-959:E-F,Text-959,Nervous,Reasoning,E,F,Cyclothymic disorder,Bipolar disorder with rapid cycling,16,16,0.0,0.0,0.0,2528.0,5.5,1e-06,3,0.0,F34.0,,
Text-959:E-G,Text-959,Nervous,Reasoning,E,G,Cyclothymic disorder,Seasonal affective disorder,16,16,1.0,1.0,1.0,1154.5,-5.75,0.0,9,0.0,F34.0,,
Text-959:E-H,Text-959,Nervous,Reasoning,E,H,Cyclothymic disorder,Adjustment disorder with depressed mood,16,16,1.0,1.0,1.0,1133.125,-6.625,0.0,10,0.0,F34.0,F43.21,1.0
Text-959:E-I,Text-959,Nervous,Reasoning,E,I,Cyclothymic disorder,Borderline personality disorder,16,16,1.0,1.0,1.0,932.25,-4.5,0.0,8,0.0,F34.0,F60.3,1.0
Text-959:E-J,Text-959,Nervous,Reasoning,E,J,Cyclothymic disorder,Major depressive disorder with atypical features,16,16,0.0625,0.0,0.125,2158.9375,1.25,0.0,4,0.0,F34.0,,
Text-968:G-A,Text-968,Nervous,Reasoning,G,A,Lisdexamfetamine intoxication,Methamphetamine intoxication,16,16,0.0,0.0,0.0,1845.125,11.5,0.996462,1,1e-05,,,
Text-968:G-B,Text-968,Nervous,Reasoning,G,B,Lisdexamfetamine intoxication,Serotonin syndrome,16,16,0.9375,1.0,0.875,1402.9375,2.25,9.6e-05,4,1e-05,,G90.81,
Text-968:G-C,Text-968,Nervous,Reasoning,G,C,Lisdexamfetamine intoxication,Alcohol withdrawal delirium,16,16,1.0,1.0,1.0,984.875,-4.0,0.0,8,1e-05,,F10,
Text-968:G-D,Text-968,Nervous,Reasoning,G,D,Lisdexamfetamine intoxication,Phencyclidine intoxication,16,16,0.375,0.75,0.0,2014.375,0.0,1e-05,5,1e-05,,,
Text-968:G-E,Text-968,Nervous,Reasoning,G,E,Lisdexamfetamine intoxication,Acute mania with psychosis,16,16,1.0,1.0,1.0,810.75,-3.25,0.0,7,1e-05,,,
Text-968:G-F,Text-968,Nervous,Reasoning,G,F,Lisdexamfetamine intoxication,Cocaine intoxication,16,16,0.375,0.375,0.375,3019.0625,5.25,0.001924,2,1e-05,,F14,
Text-968:G-H,Text-968,Nervous,Reasoning,G,H,Lisdexamfetamine intoxication,Anticholinergic toxicity,16,16,0.9375,0.875,1.0,1515.375,-7.5,0.0,10,1e-05,,,
Text-968:G-I,Text-968,Nervous,Reasoning,G,I,Lisdexamfetamine intoxication,Hyperthyroidism-induced psychosis,16,16,1.0,1.0,1.0,763.3125,-6.75,0.0,9,1e-05,,,
Text-968:G-J,Text-968,Nervous,Reasoning,G,J,Lisdexamfetamine intoxication,Bath salts (synthetic cathinone) intoxication,16,16,0.0,0.0,0.0,885.4375,5.0,0.001498,3,1e-05,,,
Text-982:B-A,Text-982,Lymphatic,Reasoning,B,A,Pseudothrombocytopenia,Immune thrombocytopenic purpura,16,16,1.0,1.0,1.0,688.875,-26.0,0.0,3,1.0,,D69.3,
Text-982:B-C,Text-982,Lymphatic,Reasoning,B,C,Pseudothrombocytopenia,Hypersplenism causing platelet sequestration,16,16,1.0,1.0,1.0,550.9375,-27.75,0.0,4,1.0,,,
Text-982:B-D,Text-982,Lymphatic,Reasoning,B,D,Pseudothrombocytopenia,Heparin-induced thrombocytopenia,16,16,1.0,1.0,1.0,592.9375,-29.0,0.0,7,1.0,,D75.82,
Text-982:B-E,Text-982,Lymphatic,Reasoning,B,E,Pseudothrombocytopenia,Quinine-induced immune thrombocytopenia,16,16,1.0,1.0,1.0,969.3125,-24.5,0.0,2,1.0,,,
Text-982:B-F,Text-982,Lymphatic,Reasoning,B,F,Pseudothrombocytopenia,Bone marrow suppression due to medication toxicity,16,16,1.0,1.0,1.0,521.0625,-28.0,0.0,6,1.0,,,
Text-982:B-G,Text-982,Lymphatic,Reasoning,B,G,Pseudothrombocytopenia,Immune thrombocytopenia,16,16,1.0,1.0,1.0,616.3125,-30.0,0.0,8,1.0,,D75.82,
Text-982:B-H,Text-982,Lymphatic,Reasoning,B,H,Pseudothrombocytopenia,Thrombotic thrombocytopenic purpura,16,16,1.0,1.0,1.0,565.875,-30.25,0.0,9,1.0,,M31.19,
Text-982:B-I,Text-982,Lymphatic,Reasoning,B,I,Pseudothrombocytopenia,Drug-induced thrombocytopenia from rivaroxaban,16,16,1.0,1.0,1.0,759.4375,-31.125,0.0,10,1.0,,,
Text-982:B-J,Text-982,Lymphatic,Reasoning,B,J,Pseudothrombocytopenia,Disseminated intravascular coagulation,16,16,1.0,1.0,1.0,481.3125,-27.875,0.0,5,1.0,,D65,
Text-1031:E-A,Text-1031,Nervous,Reasoning,E,A,Brain abscess,Viral meningitis,16,16,1.0,1.0,1.0,1250.0,-1.0,0.0,4,0.0,G06.0,A87,0.0
Text-1031:E-B,Text-1031,Nervous,Reasoning,E,B,Brain abscess,Intracranial tumor,16,16,0.0,0.0,0.0,1046.8125,-2.25,0.0,5,0.0,G06.0,,
Text-1031:E-C,Text-1031,Nervous,Reasoning,E,C,Brain abscess,Subdural hematoma,16,16,0.1875,0.125,0.25,1615.8125,-6.5,0.0,9,0.0,G06.0,I62.00,0.0
Text-1031:E-D,Text-1031,Nervous,Reasoning,E,D,Brain abscess,Migraine with aura,16,15,0.0,0.0,0.0,1222.5333333333333,-6.5,0.0,9,0.0,G06.0,G43,1.0
Text-1031:E-F,Text-1031,Nervous,Reasoning,E,F,Brain abscess,Acute stroke,16,16,0.0,0.0,0.0,769.0625,22.75,1.0,1,0.0,G06.0,,
Text-1031:E-G,Text-1031,Nervous,Reasoning,E,G,Brain abscess,Transient ischemic attack,16,16,0.0,0.0,0.0,1685.75,-3.5,0.0,6,0.0,G06.0,G45,1.0
Text-1031:E-H,Text-1031,Nervous,Reasoning,E,H,Brain abscess,Conversion disorder,16,16,0.0625,0.0,0.125,1428.9375,-6.0,0.0,8,0.0,G06.0,F44,0.0
Text-1031:E-I,Text-1031,Nervous,Reasoning,E,I,Brain abscess,Cerebral venous thrombosis,16,16,0.0,0.0,0.0,793.5,-3.5,0.0,6,0.0,G06.0,O22.5,0.0
Text-1031:E-J,Text-1031,Nervous,Reasoning,E,J,Brain abscess,Viral encephalitis,16,16,0.125,0.125,0.125,1582.125,1.25,0.0,2,0.0,G06.0,,
Text-1037:D-A,Text-1037,Nervous,Reasoning,D,A,Malingering,Munchausen syndrome,16,16,0.9375,1.0,0.875,1787.9375,0.875,0.0,8,0.0,,,
Text-1037:D-B,Text-1037,Nervous,Reasoning,D,B,Malingering,Radiculopathy,16,16,0.0625,0.0,0.125,1627.75,4.875,0.0,5,0.0,,M54.10,
Text-1037:D-C,Text-1037,Nervous,Reasoning,D,C,Malingering,Neuropraxia,16,16,0.1875,0.0,0.375,1611.4375,0.125,0.0,9,0.0,,,
Text-1037:D-E,Text-1037,Nervous,Reasoning,D,E,Malingering,Anxiety disorder,16,16,0.9375,0.875,1.0,1552.125,3.875,0.0,6,0.0,,F41.9,
Text-1037:D-F,Text-1037,Nervous,Reasoning,D,F,Malingering,Factitious disorder,16,16,0.8125,0.75,0.875,1748.0625,9.375,0.0,4,0.0,,F68,
Text-1037:D-G,Text-1037,Nervous,Reasoning,D,G,Malingering,Psychogenic paresis,16,16,0.125,0.0,0.25,1442.125,3.625,0.0,7,0.0,,,
Text-1037:D-H,Text-1037,Nervous,Reasoning,D,H,Malingering,Functional neurological symptom disorder,16,16,0.0625,0.0,0.125,1015.375,13.625,2e-06,2,0.0,,,
Text-1037:D-I,Text-1037,Nervous,Reasoning,D,I,Malingering,Somatic symptom disorder,16,16,0.5,0.0,1.0,1658.9375,10.875,0.0,3,0.0,,,
Text-1037:D-J,Text-1037,Nervous,Reasoning,D,J,Malingering,Conversion disorder,16,16,0.0,0.0,0.0,882.9375,26.625,0.999998,1,0.0,,F44,
Text-1074:A-B,Text-1074,Urinary,Reasoning,A,B,Normal anion gap metabolic acidosis and respiratory acidosis,"Triple acid-base disorder: metabolic acidosis, respiratory acidosis, and metabolic alkalosis",16,16,0.8125,0.625,1.0,3258.8125,-1.0,0.0,9,1e-06,,,
Text-1074:A-C,Text-1074,Urinary,Reasoning,A,C,Normal anion gap metabolic acidosis and respiratory acidosis,Mixed metabolic acidosis with appropriate respiratory compensation,16,16,0.0,0.0,0.0,1647.125,6.25,0.000646,5,1e-06,,,
Text-1074:A-D,Text-1074,Urinary,Reasoning,A,D,Normal anion gap metabolic acidosis and respiratory acidosis,Metabolic alkalosis,16,16,1.0,1.0,1.0,2123.8125,-6.25,0.0,10,1e-06,,E87.3,
Text-1074:A-E,Text-1074,Urinary,Reasoning,A,E,Normal anion gap metabolic acidosis and respiratory acidosis,High anion gap metabolic acidosis and respiratory alkalosis,16,16,0.0,0.0,0.0,4042.9375,13.5,0.909809,1,1e-06,,,
Text-1074:A-F,Text-1074,Urinary,Reasoning,A,F,Normal anion gap metabolic acidosis and respiratory acidosis,High anion gap metabolic acidosis,16,16,0.1875,0.25,0.125,3307.1875,10.0,0.027474,3,1e-06,,,
Text-1074:A-G,Text-1074,Urinary,Reasoning,A,G,Normal anion gap metabolic acidosis and respiratory acidosis,Combined metabolic and respiratory acidosis with hypokalemia,16,16,0.0625,0.0,0.125,3594.4375,8.0,0.003718,4,1e-06,,,
Text-1074:A-H,Text-1074,Urinary,Reasoning,A,H,Normal anion gap metabolic acidosis and respiratory acidosis,Mixed high and normal anion gap metabolic acidosis,16,16,0.75,0.625,0.875,3719.4375,1.0,3e-06,7,1e-06,,,
Text-1074:A-I,Text-1074,Urinary,Reasoning,A,I,Normal anion gap metabolic acidosis and respiratory acidosis,Normal anion gap metabolic acidosis,16,16,0.0,0.0,0.0,870.375,5.0,0.000185,6,1e-06,,,
Text-1074:A-J,Text-1074,Urinary,Reasoning,A,J,Normal anion gap metabolic acidosis and respiratory acidosis,Normal anion gap metabolic acidosis with incomplete respiratory compensation,16,16,0.0,0.0,0.0,998.8125,10.75,0.058162,2,1e-06,,,
Text-1173:H-A,Text-1173,Endocrine,Reasoning,H,A,Liddle syndrome,Apparent mineralocorticoid excess syndrome,16,16,0.3125,0.125,0.5,2697.4375,11.25,0.053303,3,1e-06,,,
Text-1173:H-B,Text-1173,Endocrine,Reasoning,H,B,Liddle syndrome,Gitelman syndrome,16,16,0.375,0.625,0.125,2130.75,12.0,0.112843,2,1e-06,,,
Text-1173:H-C,Text-1173,Endocrine,Reasoning,H,C,Liddle syndrome,11β-hydroxylase deficiency,16,16,0.5,0.75,0.25,2267.625,2.0,5e-06,6,1e-06,,,
Text-1173:H-D,Text-1173,Endocrine,Reasoning,H,D,Liddle syndrome,Primary hyperaldosteronism,16,16,0.0,0.0,0.0,1613.875,3.75,2.9e-05,4,1e-06,,E26.09,
Text-1173:H-E,Text-1173,Endocrine,Reasoning,H,E,Liddle syndrome,Bartter syndrome,16,16,0.75,0.875,0.625,2000.9375,14.0,0.833806,1,1e-06,,E26.81,
Text-1173:H-F,Text-1173,Endocrine,Reasoning,H,F,Liddle syndrome,Albuterol abuse,16,16,0.1875,0.125,0.25,1550.3125,2.75,1.1e-05,5,1e-06,,,
Text-1173:H-G,Text-1173,Endocrine,Reasoning,H,G,Liddle syndrome,Gordon syndrome,16,16,0.875,0.75,1.0,1926.0625,-5.25,0.0,10,1e-06,,,
Text-1173:H-I,Text-1173,Endocrine,Reasoning,H,I,Liddle syndrome,17α-hydroxylase deficiency,16,16,0.8125,0.875,0.75,2298.8125,-0.25,1e-06,8,1e-06,,,
Text-1173:H-J,Text-1173,Endocrine,Reasoning,H,J,Liddle syndrome,Hyperthyroidism,16,16,1.0,1.0,1.0,882.75,-0.25,1e-06,8,1e-06,,P72.1,
Text-1218:C-A,Text-1218,Skeletal,Reasoning,C,A,Left inferior innominate shear,Left innominate inflare,16,16,0.625,0.5,0.75,1411.1875,1.75,0.000922,7,0.00016,,,
Text-1218:C-B,Text-1218,Skeletal,Reasoning,C,B,Left inferior innominate shear,Right innominate outflare,16,16,0.4375,0.125,0.75,1525.9375,7.75,0.371965,2,0.00016,,,
Text-1218:C-D,Text-1218,Skeletal,Reasoning,C,D,Left inferior innominate shear,Right inferior innominate shear,16,16,0.8125,0.625,1.0,1659.0,8.0,0.477613,1,0.00016,,,
Text-1218:C-E,Text-1218,Skeletal,Reasoning,C,E,Left inferior innominate shear,Left superior innominate shear,16,16,0.8125,0.75,0.875,1625.5,2.0,0.001184,6,0.00016,,,
Text-1218:C-F,Text-1218,Skeletal,Reasoning,C,F,Left inferior innominate shear,Right anteriorly rotated innominate,16,16,0.5625,0.625,0.5,2625.4375,6.0,0.064638,3,0.00016,,,
Text-1218:C-G,Text-1218,Skeletal,Reasoning,C,G,Left inferior innominate shear,Left posteriorly rotated innominate,16,16,0.125,0.0,0.25,2256.0625,4.75,0.018519,5,0.00016,,,
Text-1218:C-H,Text-1218,Skeletal,Reasoning,C,H,Left inferior innominate shear,Left anteriorly rotated innominate,16,16,0.125,0.25,0.0,1552.0625,6.0,0.064638,3,0.00016,,,
Text-1218:C-I,Text-1218,Skeletal,Reasoning,C,I,Left inferior innominate shear,Right superior innominate shear,16,16,0.25,0.0,0.5,1684.1875,0.5,0.000264,8,0.00016,,,
Text-1218:C-J,Text-1218,Skeletal,Reasoning,C,J,Left inferior innominate shear,Bilateral sacral flexion,16,16,1.0,1.0,1.0,918.5625,-0.5,9.7e-05,10,0.00016,,,
Text-1239:F-A,Text-1239,Skeletal,Reasoning,F,A,NSRRL,FSLRR,16,16,0.3125,0.625,0.0,1397.25,1.25,0.052597,3,0.015069,,,
Text-1239:F-B,Text-1239,Skeletal,Reasoning,F,B,NSRRL,NSLRR,16,16,0.5625,0.75,0.375,1542.125,1.5,0.067535,2,0.015069,,,
Text-1239:F-C,Text-1239,Skeletal,Reasoning,F,C,NSRRL,FSRRL,16,16,0.1875,0.375,0.0,1282.6875,-0.75,0.007118,7,0.015069,,,
Text-1239:F-D,Text-1239,Skeletal,Reasoning,F,D,NSRRL,RSLRR,16,16,0.125,0.25,0.0,1242.0,4.0,0.82275,1,0.015069,,,
Text-1239:F-E,Text-1239,Skeletal,Reasoning,F,E,NSRRL,NRSLR,16,16,0.5,0.5,0.5,1511.5,-0.5,0.00914,6,0.015069,,,
Text-1239:F-G,Text-1239,Skeletal,Reasoning,F,G,NSRRL,RSRRL,16,16,0.0625,0.125,0.0,1138.6875,-0.75,0.007118,7,0.015069,,,
Text-1239:F-H,Text-1239,Skeletal,Reasoning,F,H,NSRRL,NSRRR,16,16,0.625,0.625,0.625,1433.8125,-1.75,0.002619,10,0.015069,,,
Text-1239:F-I,Text-1239,Skeletal,Reasoning,F,I,NSRRL,NSRLR,16,16,0.5,0.375,0.625,1514.9375,-1.25,0.004317,9,0.015069,,,
Text-1239:F-J,Text-1239,Skeletal,Reasoning,F,J,NSRRL,ESRRL,16,16,0.4375,0.875,0.0,1360.4375,-0.25,0.011736,5,0.015069,,,
Text-1241:I-A,Text-1241,Cardiovascular,Reasoning,I,A,Chronic myelogenous leukemia,Multiple myeloma,16,16,1.0,1.0,1.0,1138.8125,-5.5,0.0,4,0.0,C92.Z0,C90.0,1.0
Text-1241:I-B,Text-1241,Cardiovascular,Reasoning,I,B,Chronic myelogenous leukemia,Polycythemia vera,16,16,1.0,1.0,1.0,931.4375,-10.75,0.0,9,0.0,C92.Z0,D45,1.0
Text-1241:I-C,Text-1241,Cardiovascular,Reasoning,I,C,Chronic myelogenous leukemia,Chronic lymphocytic leukemia,16,16,1.0,1.0,1.0,1346.125,-11.25,0.0,10,0.0,C92.Z0,C91.1,1.0
Text-1241:I-D,Text-1241,Cardiovascular,Reasoning,I,D,Chronic myelogenous leukemia,Acute myelogenous leukemia,16,16,0.0,0.0,0.0,632.5,14.75,0.999569,1,0.0,C92.Z0,,
Text-1241:I-E,Text-1241,Cardiovascular,Reasoning,I,E,Chronic myelogenous leukemia,Myelodysplastic syndrome,16,16,0.9375,1.0,0.875,1749.0,-6.25,0.0,5,0.0,C92.Z0,D46.9,1.0
Text-1241:I-F,Text-1241,Cardiovascular,Reasoning,I,F,Chronic myelogenous leukemia,Essential thrombocythemia,16,16,1.0,1.0,1.0,897.0,-8.75,0.0,8,0.0,C92.Z0,D47.3,1.0
Text-1241:I-G,Text-1241,Cardiovascular,Reasoning,I,G,Chronic myelogenous leukemia,Acute promyelocytic leukemia,16,16,0.0,0.0,0.0,1165.375,-8.0,0.0,6,0.0,C92.Z0,C92.4,2.0
Text-1241:I-H,Text-1241,Cardiovascular,Reasoning,I,H,Chronic myelogenous leukemia,Hairy cell leukemia,16,16,1.0,1.0,1.0,1329.125,-8.25,0.0,7,0.0,C92.Z0,C91.4,1.0
Text-1241:I-J,Text-1241,Cardiovascular,Reasoning,I,J,Chronic myelogenous leukemia,Acute lymphoblastic leukemia,16,16,0.0,0.0,0.0,781.875,7.0,0.000431,2,0.0,C92.Z0,C91.0,1.0
Text-1253:J-A,Text-1253,Integumentary,Reasoning,J,A,Bedbug bite,Folliculitis,16,16,1.0,1.0,1.0,414.125,-11.75,0.0,9,2.8e-05,,L66,
Text-1253:J-B,Text-1253,Integumentary,Reasoning,J,B,Bedbug bite,Poison ivy dermatitis,16,16,1.0,1.0,1.0,489.5,-10.25,0.0,8,2.8e-05,,,
Text-1253:J-C,Text-1253,Integumentary,Reasoning,J,C,Bedbug bite,Allergic reaction to clothing material,16,16,1.0,1.0,1.0,415.875,-13.5,0.0,10,2.8e-05,,,
Text-1253:J-D,Text-1253,Integumentary,Reasoning,J,D,Bedbug bite,Scabies,16,16,0.6875,0.625,0.75,833.25,-9.5,0.0,6,2.8e-05,,B86,
Text-1253:J-E,Text-1253,Integumentary,Reasoning,J,E,Bedbug bite,Flea bites,16,16,1.0,1.0,1.0,430.625,-5.0,0.0,5,2.8e-05,,,
Text-1253:J-F,Text-1253,Integumentary,Reasoning,J,F,Bedbug bite,Cutaneous larva migrans,16,16,0.125,0.25,0.0,845.3125,10.5,0.999971,1,2.8e-05,,,
Text-1253:J-G,Text-1253,Integumentary,Reasoning,J,G,Bedbug bite,Contact dermatitis,16,16,1.0,1.0,1.0,498.8125,-4.25,0.0,4,2.8e-05,,L23,
Text-1253:J-H,Text-1253,Integumentary,Reasoning,J,H,Bedbug bite,Dermatophytosis,16,16,1.0,1.0,1.0,437.875,-10.0,0.0,7,2.8e-05,,B35.9,
Text-1253:J-I,Text-1253,Integumentary,Reasoning,J,I,Bedbug bite,Chigger bites,16,16,0.625,0.75,0.5,863.4375,-3.0,1e-06,3,2.8e-05,,,
Text-1259:J-A,Text-1259,Nervous,Reasoning,J,A,Blood vessel narrowing,Vertebrobasilar insufficiency,16,16,0.0,0.0,0.0,551.125,23.0,0.99928,1,0.0,,G45.0,
Text-1259:J-B,Text-1259,Nervous,Reasoning,J,B,Blood vessel narrowing,Transient ischemic attack,16,16,0.25,0.0,0.5,1591.5625,4.25,0.0,5,0.0,,G45,
Text-1259:J-C,Text-1259,Nervous,Reasoning,J,C,Blood vessel narrowing,Stroke,16,16,1.0,1.0,1.0,1085.5,0.75,0.0,6,0.0,,G46,
Text-1259:J-D,Text-1259,Nervous,Reasoning,J,D,Blood vessel narrowing,Orthostatic hypotension,16,16,0.0,0.0,0.0,717.0625,15.75,0.00071,2,0.0,,I95.1,
Text-1259:J-E,Text-1259,Nervous,Reasoning,J,E,Blood vessel narrowing,Subclavian steal syndrome,16,16,0.0,0.0,0.0,496.25,11.5,1e-05,3,0.0,,,
Text-1259:J-F,Text-1259,Nervous,Reasoning,J,F,Blood vessel narrowing,Vasovagal syncope,16,16,0.625,0.25,1.0,1459.6875,4.5,0.0,4,0.0,,,
Text-1259:J-G,Text-1259,Nervous,Reasoning,J,G,Blood vessel narrowing,Vagal event,16,16,0.9375,0.875,1.0,1111.6875,-4.25,0.0,10,0.0,,,
Text-1259:J-H,Text-1259,Nervous,Reasoning,J,H,Blood vessel narrowing,Cardiac arrhythmia,16,16,0.875,0.75,1.0,1723.125,-2.875,0.0,9,0.0,,I49.9,
Text-1259:J-I,Text-1259,Nervous,Reasoning,J,I,Blood vessel narrowing,Postural orthostatic tachycardia syndrome,16,16,0.625,0.375,0.875,1422.0625,-2.5,0.0,8,0.0,,G90.A,
Text-1338:A-B,Text-1338,Respiratory,Reasoning,A,B,Small cell lung cancer,Large cell neuroendocrine carcinoma,16,16,1.0,1.0,1.0,1045.375,-13.75,1e-06,6,0.499872,,,
Text-1338:A-C,Text-1338,Respiratory,Reasoning,A,C,Small cell lung cancer,Carcinoid tumor of the lung,16,16,1.0,1.0,1.0,520.4375,-18.75,0.0,8,0.499872,,,
Text-1338:A-D,Text-1338,Respiratory,Reasoning,A,D,Small cell lung cancer,Adenocarcinoma with neuroendocrine features,16,16,1.0,1.0,1.0,1446.125,-9.5,3.7e-05,4,0.499872,,,
Text-1338:A-E,Text-1338,Respiratory,Reasoning,A,E,Small cell lung cancer,Pulmonary metastasis,16,16,1.0,1.0,1.0,994.3125,-14.25,0.0,7,0.499872,,,
Text-1338:A-F,Text-1338,Respiratory,Reasoning,A,F,Small cell lung cancer,Lymphangitic carcinomatosis,16,16,0.8125,0.625,1.0,2037.875,-7.75,0.000215,3,0.499872,,,
Text-1338:A-G,Text-1338,Respiratory,Reasoning,A,G,Small cell lung cancer,Non–small cell lung cancer,16,16,0.375,0.25,0.5,1560.5625,0.0,0.499872,1,0.499872,,,
Text-1338:A-H,Text-1338,Respiratory,Reasoning,A,H,Small cell lung cancer,Bronchial adenoma,16,16,1.0,1.0,1.0,486.25,-22.5,0.0,10,0.499872,,,
Text-1338:A-I,Text-1338,Respiratory,Reasoning,A,I,Small cell lung cancer,Mesothelioma,16,16,1.0,1.0,1.0,602.75,-20.0,0.0,9,0.499872,,C45.9,
Text-1338:A-J,Text-1338,Respiratory,Reasoning,A,J,Small cell lung cancer,Squamous cell carcinoma,16,16,0.625,0.75,0.5,1419.25,-12.5,2e-06,5,0.499872,,C44,
Text-1361:H-A,Text-1361,Muscular,Reasoning,H,A,Becker muscular dystrophy,Spinal muscular atrophy,16,16,1.0,1.0,1.0,496.0625,-17.75,0.0,7,1e-06,G71.01,G12.9,1.0
Text-1361:H-B,Text-1361,Muscular,Reasoning,H,B,Becker muscular dystrophy,Charcot-Marie-Tooth disease,16,16,1.0,1.0,1.0,486.5,-15.5,0.0,5,1e-06,G71.01,,
Text-1361:H-C,Text-1361,Muscular,Reasoning,H,C,Becker muscular dystrophy,Myotonic dystrophy,16,16,1.0,1.0,1.0,527.125,-19.25,0.0,10,1e-06,G71.01,G71.11,2.0
Text-1361:H-D,Text-1361,Muscular,Reasoning,H,D,Becker muscular dystrophy,Duchenne muscular dystrophy,16,16,0.25,0.5,0.0,1023.1875,14.5,0.999999,1,1e-06,G71.01,G71.01,4.0
Text-1361:H-E,Text-1361,Muscular,Reasoning,H,E,Becker muscular dystrophy,McArdle disease,16,16,1.0,1.0,1.0,487.9375,-14.0,0.0,3,1e-06,G71.01,E74.04,0.0
Text-1361:H-F,Text-1361,Muscular,Reasoning,H,F,Becker muscular dystrophy,Facioscapulohumeral muscular dystrophy,16,16,1.0,1.0,1.0,393.8125,-16.5,0.0,6,1e-06,G71.01,G71.02,3.0
Text-1361:H-G,Text-1361,Muscular,Reasoning,H,G,Becker muscular dystrophy,Limb-girdle muscular dystrophy,16,16,1.0,1.0,1.0,588.1875,-18.0,0.0,8,1e-06,G71.01,G71.03,3.0
Text-1361:H-I,Text-1361,Muscular,Reasoning,H,I,Becker muscular dystrophy,Emery-Dreifuss muscular dystrophy,16,16,1.0,1.0,1.0,531.9375,-18.25,0.0,9,1e-06,G71.01,,
Text-1361:H-J,Text-1361,Muscular,Reasoning,H,J,Becker muscular dystrophy,Fragile X syndrome,16,16,1.0,1.0,1.0,387.1875,-14.75,0.0,4,1e-06,G71.01,Q99.2,0.0
Text-1363:E-A,Text-1363,Cardiovascular,Reasoning,E,A,Aortic valve regurgitation,Tricuspid valve regurgitation,16,16,0.75,0.625,0.875,4674.5,-9.5,0.0,8,0.00667,,,
Text-1363:E-B,Text-1363,Cardiovascular,Reasoning,E,B,Aortic valve regurgitation,Patent ductus arteriosus,16,16,0.875,0.75,1.0,5271.25,-6.25,1.3e-05,5,0.00667,,Q25.0,
Text-1363:E-C,Text-1363,Cardiovascular,Reasoning,E,C,Aortic valve regurgitation,Coarctation of the aorta,16,16,0.8125,0.625,1.0,4414.125,-7.25,5e-06,7,0.00667,,Q25.1,
Text-1363:E-D,Text-1363,Cardiovascular,Reasoning,E,D,Aortic valve regurgitation,Atrial septal defect,16,16,0.75,0.625,0.875,4872.625,-12.0,0.0,10,0.00667,,Q21.1,
Text-1363:E-F,Text-1363,Cardiovascular,Reasoning,E,F,Aortic valve regurgitation,Hypertrophic cardiomyopathy,16,16,0.5625,0.625,0.5,3522.875,-6.75,8e-06,6,0.00667,,I42.2,
Text-1363:E-G,Text-1363,Cardiovascular,Reasoning,E,G,Aortic valve regurgitation,Mitral valve stenosis,16,16,0.9375,0.875,1.0,4894.75,-10.25,0.0,9,0.00667,,I34.2,
Text-1363:E-H,Text-1363,Cardiovascular,Reasoning,E,H,Aortic valve regurgitation,Aortic stenosis,16,16,0.8125,0.75,0.875,4097.75,4.75,0.770938,1,0.00667,,I35.0,
Text-1363:E-I,Text-1363,Cardiovascular,Reasoning,E,I,Aortic valve regurgitation,Ventricular septal defect,16,16,0.8125,0.75,0.875,4812.375,3.5,0.220877,2,0.00667,,Q21.0,
Text-1363:E-J,Text-1363,Cardiovascular,Reasoning,E,J,Aortic valve regurgitation,Pulmonary valve stenosis,16,16,0.375,0.375,0.375,3379.9375,-1.5,0.001488,4,0.00667,,I37,
Text-1367:J-A,Text-1367,Skeletal,Reasoning,J,A,Left unilateral extension about the middle transverse axis,Right unilateral flexion about the inferior transverse axis,16,16,0.4375,0.25,0.625,1560.9375,-4.0,0.001505,8,0.082193,,,
Text-1367:J-B,Text-1367,Skeletal,Reasoning,J,B,Left unilateral extension about the middle transverse axis,Right torsion about an oblique axis,16,16,0.0625,0.0,0.125,660.9375,1.5,0.368365,1,0.082193,,,
Text-1367:J-C,Text-1367,Skeletal,Reasoning,J,C,Left unilateral extension about the middle transverse axis,Bilateral extension about the middle transverse axis,16,16,1.0,1.0,1.0,994.75,-9.5,6e-06,10,0.082193,,,
Text-1367:J-D,Text-1367,Skeletal,Reasoning,J,D,Left unilateral extension about the middle transverse axis,Left rotation about the vertical axis,16,16,0.0,0.0,0.0,1010.9375,-6.0,0.000204,9,0.082193,,,
Text-1367:J-E,Text-1367,Skeletal,Reasoning,J,E,Left unilateral extension about the middle transverse axis,Sacral nutation with compensatory counternutation,16,16,0.25,0.0,0.5,955.0625,0.75,0.174003,3,0.082193,,,
Text-1367:J-F,Text-1367,Skeletal,Reasoning,J,F,Left unilateral extension about the middle transverse axis,Bilateral flexion about the transverse axis,16,16,1.0,1.0,1.0,916.875,-3.0,0.004092,7,0.082193,,,
Text-1367:J-G,Text-1367,Skeletal,Reasoning,J,G,Left unilateral extension about the middle transverse axis,Left unilateral flexion about the middle transverse axis,16,16,0.6875,0.625,0.75,1433.0625,-0.25,0.064012,6,0.082193,,,
Text-1367:J-H,Text-1367,Skeletal,Reasoning,J,H,Left unilateral extension about the middle transverse axis,Right unilateral flexion about the superior transverse axis,16,16,0.5,0.5,0.5,1827.9375,1.0,0.223425,2,0.082193,,,
Text-1367:J-I,Text-1367,Skeletal,Reasoning,J,I,Left unilateral extension about the middle transverse axis,Right unilateral extension about the superior transverse axis,16,16,0.125,0.125,0.125,1108.625,0.0,0.082193,4,0.082193,,,
Text-1385:A-B,Text-1385,Nervous,Reasoning,A,B,Benign hereditary chorea,Functional (psychogenic) movement disorder,16,16,1.0,1.0,1.0,761.6875,-8.5,0.0,3,0.000431,,,
Text-1385:A-C,Text-1385,Nervous,Reasoning,A,C,Benign hereditary chorea,Paroxysmal kinesigenic dyskinesia,16,16,0.125,0.125,0.125,934.75,7.75,0.999569,1,0.000431,,,
Text-1385:A-D,Text-1385,Nervous,Reasoning,A,D,Benign hereditary chorea,Tic disorder,16,16,1.0,1.0,1.0,715.5,-16.75,0.0,4,0.000431,,F95.9,
Text-1385:A-E,Text-1385,Nervous,Reasoning,A,E,Benign hereditary chorea,Sydenham chorea,16,16,1.0,1.0,1.0,703.75,-17.0,0.0,5,0.000431,,,
Text-1385:A-F,Text-1385,Nervous,Reasoning,A,F,Benign hereditary chorea,Wilson disease,16,16,1.0,1.0,1.0,677.625,-21.75,0.0,6,0.000431,,E83.01,
Text-1385:A-G,Text-1385,Nervous,Reasoning,A,G,Benign hereditary chorea,Drug-induced chorea,16,16,1.0,1.0,1.0,672.125,-24.75,0.0,10,0.000431,,G25.4,
Text-1385:A-H,Text-1385,Nervous,Reasoning,A,H,Benign hereditary chorea,Thyrotoxic periodic paralysis,16,16,1.0,1.0,1.0,621.5,-24.25,0.0,9,0.000431,,,
Text-1385:A-I,Text-1385,Nervous,Reasoning,A,I,Benign hereditary chorea,Juvenile myoclonic epilepsy,16,16,1.0,1.0,1.0,696.5,-24.125,0.0,8,0.000431,,G40.B,
Text-1385:A-J,Text-1385,Nervous,Reasoning,A,J,Benign hereditary chorea,Dystonic reaction secondary to medication,16,16,1.0,1.0,1.0,680.0625,-21.75,0.0,6,0.000431,,,
Text-1426:A-B,Text-1426,Muscular,Reasoning,A,B,quadrigia syndrome,flexor digitorum profundus avulsion,16,16,0.875,0.75,1.0,2963.5625,-7.25,1e-06,8,0.001038,,,
Text-1426:A-C,Text-1426,Muscular,Reasoning,A,C,quadrigia syndrome,trigger finger,16,16,1.0,1.0,1.0,2085.125,-9.375,0.0,9,0.001038,,M65.30,
Text-1426:A-D,Text-1426,Muscular,Reasoning,A,D,quadrigia syndrome,Volkmann's contracture,16,16,1.0,1.0,1.0,1704.375,-9.375,0.0,9,0.001038,,,
Text-1426:A-E,Text-1426,Muscular,Reasoning,A,E,quadrigia syndrome,swan neck deformity,16,16,0.375,0.0,0.75,2142.25,-3.5,3.1e-05,7,0.001038,,M20.03,
Text-1426:A-F,Text-1426,Muscular,Reasoning,A,F,quadrigia syndrome,mallet finger,16,16,0.5625,0.75,0.375,2391.4375,2.5,0.012644,4,0.001038,,M20.019,
Text-1426:A-G,Text-1426,Muscular,Reasoning,A,G,quadrigia syndrome,Jersey finger,16,16,0.5,0.375,0.625,2506.875,6.75,0.88638,1,0.001038,,,
Text-1426:A-H,Text-1426,Muscular,Reasoning,A,H,quadrigia syndrome,lumbrical plus deformity,16,16,0.4375,0.375,0.5,2667.8125,-1.0,0.000382,6,0.001038,,,
Text-1426:A-I,Text-1426,Muscular,Reasoning,A,I,quadrigia syndrome,flexor tendon adhesion,16,16,0.1875,0.25,0.125,1772.0625,3.25,0.026766,3,0.001038,,,
Text-1426:A-J,Text-1426,Muscular,Reasoning,A,J,quadrigia syndrome,boutonnière deformity,16,16,0.125,0.125,0.125,2592.5,4.25,0.072758,2,0.001038,,,
Text-1427:J-A,Text-1427,Cardiovascular,Reasoning,J,A,Situational syncope,Vasovagal syncope,16,16,1.0,1.0,1.0,769.0,-0.5,0.0,3,0.0,,,
Text-1427:J-B,Text-1427,Cardiovascular,Reasoning,J,B,Situational syncope,Aortic stenosis-induced syncope,16,16,0.3125,0.25,0.375,1691.1875,15.0,1.0,1,0.0,,,
Text-1427:J-C,Text-1427,Cardiovascular,Reasoning,J,C,Situational syncope,Beta-blocker induced bradycardia,16,16,1.0,1.0,1.0,883.1875,-8.25,0.0,10,0.0,,,
Text-1427:J-D,Text-1427,Cardiovascular,Reasoning,J,D,Situational syncope,Transient ischemic attack,16,16,1.0,1.0,1.0,733.3125,-7.75,0.0,9,0.0,,G45,
Text-1427:J-E,Text-1427,Cardiovascular,Reasoning,J,E,Situational syncope,Cardiac arrhythmia,16,16,1.0,1.0,1.0,1111.5625,-6.5,0.0,7,0.0,,I49.9,
Text-1427:J-F,Text-1427,Cardiovascular,Reasoning,J,F,Situational syncope,Carotid sinus hypersensitivity,16,16,1.0,1.0,1.0,726.0625,-5.5,0.0,4,0.0,,,
Text-1427:J-G,Text-1427,Cardiovascular,Reasoning,J,G,Situational syncope,Medication-induced orthostatic hypotension,16,16,1.0,1.0,1.0,914.75,-5.75,0.0,5,0.0,,,
Text-1427:J-H,Text-1427,Cardiovascular,Reasoning,J,H,Situational syncope,Postural hypotension,16,16,1.0,1.0,1.0,722.0,-6.0,0.0,6,0.0,,,
Text-1427:J-I,Text-1427,Cardiovascular,Reasoning,J,I,Situational syncope,Vertebrobasilar insufficiency,16,16,1.0,1.0,1.0,815.375,-6.75,0.0,8,0.0,,G45.0,
Text-1441:D-A,Text-1441,Skeletal,Reasoning,D,A,C7 FRLSL,C7 ERLSR,16,16,0.125,0.0,0.25,1417.4375,5.5,0.128316,3,0.000524,,,
Text-1441:D-B,Text-1441,Skeletal,Reasoning,D,B,C7 FRLSL,C7 ERRSR,16,16,0.125,0.25,0.0,1455.5,6.25,0.271646,2,0.000524,,,
Text-1441:D-C,Text-1441,Skeletal,Reasoning,D,C,C7 FRLSL,C7 FRRSR,16,16,0.5625,0.5,0.625,1565.625,-2.25,5.5e-05,8,0.000524,,,
Text-1441:D-E,Text-1441,Skeletal,Reasoning,D,E,C7 FRLSL,C6 FRLSL,16,16,1.0,1.0,1.0,1338.5,-1.0,0.000193,7,0.000524,,,
Text-1441:D-F,Text-1441,Skeletal,Reasoning,D,F,C7 FRLSL,C7 ERLSL,16,16,0.1875,0.125,0.25,1352.625,7.0,0.575074,1,0.000524,,,
Text-1441:D-G,Text-1441,Skeletal,Reasoning,D,G,C7 FRLSL,C5 FRLSL,16,16,1.0,1.0,1.0,1096.0,-3.25,2e-05,10,0.000524,,,
Text-1441:D-H,Text-1441,Skeletal,Reasoning,D,H,C7 FRLSL,C7 FRRNR,16,16,0.6875,0.5,0.875,1622.125,-2.5,4.3e-05,9,0.000524,,,
Text-1441:D-I,Text-1441,Skeletal,Reasoning,D,I,C7 FRLSL,C7 FRLNR,16,16,0.625,0.75,0.5,1407.5,1.25,0.00183,5,0.000524,,,
Text-1441:D-J,Text-1441,Skeletal,Reasoning,D,J,C7 FRLSL,C7 FRRSL,16,16,0.1875,0.25,0.125,1614.0,3.75,0.022298,4,0.000524,,,
Text-1467:H-A,Text-1467,Muscular,Reasoning,H,A,Left inferior pubic shear,Left pubic symphysis dysfunction,16,16,0.0625,0.125,0.0,909.6875,-0.75,0.0,6,0.0,,,
Text-1467:H-B,Text-1467,Muscular,Reasoning,H,B,Left inferior pubic shear,Left hip labral tear,16,16,1.0,1.0,1.0,792.8125,-1.25,0.0,7,0.0,,,
Text-1467:H-C,Text-1467,Muscular,Reasoning,H,C,Left inferior pubic shear,Left anterior innominate rotation,16,16,0.1875,0.25,0.125,877.875,1.25,0.0,3,0.0,,,
Text-1467:H-D,Text-1467,Muscular,Reasoning,H,D,Left inferior pubic shear,Left unilateral sacral extension,16,16,0.875,1.0,0.75,957.3125,-1.75,0.0,8,0.0,,,
Text-1467:H-E,Text-1467,Muscular,Reasoning,H,E,Left inferior pubic shear,Left piriformis syndrome,16,16,1.0,1.0,1.0,778.375,-2.75,0.0,10,0.0,,,
Text-1467:H-F,Text-1467,Muscular,Reasoning,H,F,Left inferior pubic shear,Left acetabular impingement,16,16,1.0,1.0,1.0,908.75,0.75,0.0,4,0.0,,,
Text-1467:H-G,Text-1467,Muscular,Reasoning,H,G,Left inferior pubic shear,Left iliopsoas strain,16,16,0.0,0.0,0.0,681.0625,-2.25,0.0,9,0.0,,,
Text-1467:H-I,Text-1467,Muscular,Reasoning,H,I,Left inferior pubic shear,Left adductor tendinopathy,16,16,0.3125,0.25,0.375,791.3125,5.75,1e-06,2,0.0,,,
Text-1467:H-J,Text-1467,Muscular,Reasoning,H,J,Left inferior pubic shear,Left sacroiliac joint dysfunction,16,16,0.125,0.0,0.25,880.5625,20.25,0.999999,1,0.0,,,
Text-1481:I-A,Text-1481,Cardiovascular,Reasoning,I,A,Giant-cell arteritis,Buerger disease,16,16,1.0,1.0,1.0,902.4375,-10.0,0.0,10,1.1e-05,M31.6,I73.1,0.0
Text-1481:I-B,Text-1481,Cardiovascular,Reasoning,I,B,Giant-cell arteritis,Atherosclerotic peripheral artery disease,16,16,0.9375,1.0,0.875,1238.125,-6.75,0.0,5,1.1e-05,M31.6,,
Text-1481:I-C,Text-1481,Cardiovascular,Reasoning,I,C,Giant-cell arteritis,Fibromuscular dysplasia,16,16,0.0625,0.0,0.125,1348.0625,11.25,0.851828,1,1.1e-05,M31.6,I77.3,0.0
Text-1481:I-D,Text-1481,Cardiovascular,Reasoning,I,D,Giant-cell arteritis,Polymyalgia rheumatica,16,16,1.0,1.0,1.0,757.875,-8.75,0.0,8,1.1e-05,M31.6,M35.3,1.0
Text-1481:I-E,Text-1481,Cardiovascular,Reasoning,I,E,Giant-cell arteritis,Raynaud phenomenon,16,16,1.0,1.0,1.0,724.125,-8.75,0.0,8,1.1e-05,M31.6,I73.00,0.0
Text-1481:I-F,Text-1481,Cardiovascular,Reasoning,I,F,Giant-cell arteritis,Subclavian steal syndrome,16,16,0.125,0.0,0.25,1507.875,2.5,0.000135,3,1.1e-05,M31.6,,
Text-1481:I-G,Text-1481,Cardiovascular,Reasoning,I,G,Giant-cell arteritis,Thoracic-outlet obstruction,16,16,0.9375,0.875,1.0,1128.5625,-8.0,0.0,6,1.1e-05,M31.6,G54.0,0.0
Text-1481:I-H,Text-1481,Cardiovascular,Reasoning,I,H,Giant-cell arteritis,Carotid artery stenosis,16,16,1.0,1.0,1.0,1055.4375,-8.5,0.0,7,1.1e-05,M31.6,I65.2,0.0
Text-1481:I-J,Text-1481,Cardiovascular,Reasoning,I,J,Giant-cell arteritis,Takayasu arteritis,16,16,0.0,0.0,0.0,1061.8125,9.5,0.148026,2,1.1e-05,M31.6,M31.4,2.0
Text-1489:I-A,Text-1489,Nervous,Reasoning,I,A,Moderate opiate use disorder,Chronic opioid intoxication,16,16,1.0,1.0,1.0,416.75,10.75,0.0,2,0.0,,,
Text-1489:I-B,Text-1489,Nervous,Reasoning,I,B,Moderate opiate use disorder,Severe opiate use disorder,16,16,0.25,0.375,0.125,1503.5625,28.75,1.0,1,0.0,,,
Text-1489:I-C,Text-1489,Nervous,Reasoning,I,C,Moderate opiate use disorder,Substance-induced sleep disorder,16,16,1.0,1.0,1.0,342.75,1.0,0.0,7,0.0,,F19,
Text-1489:I-D,Text-1489,Nervous,Reasoning,I,D,Moderate opiate use disorder,Opioid withdrawal,16,16,1.0,1.0,1.0,306.0,4.0,0.0,3,0.0,,F11,
Text-1489:I-E,Text-1489,Nervous,Reasoning,I,E,Moderate opiate use disorder,Early remission from opioid use disorder,16,16,1.0,1.0,1.0,524.0625,1.75,0.0,6,0.0,,,
Text-1489:I-F,Text-1489,Nervous,Reasoning,I,F,Moderate opiate use disorder,Tolerance without dependence,16,16,1.0,1.0,1.0,363.125,2.75,0.0,4,0.0,,,
Text-1489:I-G,Text-1489,Nervous,Reasoning,I,G,Moderate opiate use disorder,Acute opioid intoxication,16,16,1.0,1.0,1.0,334.5,-1.75,0.0,10,0.0,,,
Text-1489:I-H,Text-1489,Nervous,Reasoning,I,H,Moderate opiate use disorder,Mild opiate use disorder,16,16,1.0,1.0,1.0,760.8125,-0.75,0.0,9,0.0,,,
Text-1489:I-J,Text-1489,Nervous,Reasoning,I,J,Moderate opiate use disorder,Opioid-induced mood disorder,16,16,1.0,1.0,1.0,436.8125,2.5,0.0,5,0.0,,F11,
Text-1495:J-A,Text-1495,Nervous,Reasoning,J,A,CHARGE association,VACTERL association,16,16,0.4375,0.375,0.5,1398.5625,4.0,1e-06,2,0.0,,,
Text-1495:J-B,Text-1495,Nervous,Reasoning,J,B,CHARGE association,Pierre Robin sequence,16,16,1.0,1.0,1.0,476.125,-6.5,0.0,7,0.0,,,
Text-1495:J-C,Text-1495,Nervous,Reasoning,J,C,CHARGE association,Goldenhar syndrome,16,16,0.1875,0.25,0.125,1472.625,-0.75,0.0,6,0.0,,,
Text-1495:J-D,Text-1495,Nervous,Reasoning,J,D,CHARGE association,Kallman syndrome,16,16,1.0,1.0,1.0,462.8125,-8.0,0.0,8,0.0,,,
Text-1495:J-E,Text-1495,Nervous,Reasoning,J,E,CHARGE association,DiGeorge syndrome,16,16,0.0,0.0,0.0,546.8125,17.75,0.999999,1,0.0,,,
Text-1495:J-F,Text-1495,Nervous,Reasoning,J,F,CHARGE association,Velocardiofacial syndrome,16,16,0.0,0.0,0.0,652.5,1.25,0.0,3,0.0,,,
Text-1495:J-G,Text-1495,Nervous,Reasoning,J,G,CHARGE association,Waardenburg syndrome,16,16,1.0,1.0,1.0,560.4375,-9.75,0.0,10,0.0,,,
Text-1495:J-H,Text-1495,Nervous,Reasoning,J,H,CHARGE association,Treacher Collins syndrome,16,16,1.0,1.0,1.0,493.9375,-9.0,0.0,9,0.0,,,
Text-1495:J-I,Text-1495,Nervous,Reasoning,J,I,CHARGE association,Alagille syndrome,16,16,0.625,0.75,0.5,1385.1875,0.5,0.0,4,0.0,,Q44.71,
Text-1522:B-A,Text-1522,Muscular,Reasoning,B,A,Left superior pubic shear,Left posterior innominate rotation,16,16,0.3125,0.125,0.5,1464.1875,-2.0,0.10059,2,0.743265,,,
Text-1522:B-C,Text-1522,Muscular,Reasoning,B,C,Left superior pubic shear,Bilateral pubic compression,16,16,1.0,1.0,1.0,625.4375,-10.75,1.6e-05,9,0.743265,,,
Text-1522:B-D,Text-1522,Muscular,Reasoning,B,D,Left superior pubic shear,Right anterior innominate rotation,16,16,0.75,0.5,1.0,1331.125,-7.0,0.000678,7,0.743265,,,
Text-1522:B-E,Text-1522,Muscular,Reasoning,B,E,Left superior pubic shear,Right posterior innominate rotation,16,16,0.8125,0.75,0.875,1684.625,-2.25,0.07834,3,0.743265,,,
Text-1522:B-F,Text-1522,Muscular,Reasoning,B,F,Left superior pubic shear,Left inferior pubic shear,16,16,0.4375,0.375,0.5,1568.5,-4.0,0.013613,5,0.743265,,,
Text-1522:B-G,Text-1522,Muscular,Reasoning,B,G,Left superior pubic shear,Sacral torsion on a left oblique axis,16,16,1.0,1.0,1.0,649.9375,-12.25,4e-06,10,0.743265,,,
Text-1522:B-H,Text-1522,Muscular,Reasoning,B,H,Left superior pubic shear,Right superior pubic shear,16,16,1.0,1.0,1.0,1606.6875,-8.75,0.000118,8,0.743265,,,
Text-1522:B-I,Text-1522,Muscular,Reasoning,B,I,Left superior pubic shear,Right inferior innominate shear,16,16,1.0,1.0,1.0,1680.0,-5.75,0.002366,6,0.743265,,,
Text-1522:B-J,Text-1522,Muscular,Reasoning,B,J,Left superior pubic shear,Pubic symphysis compression,16,16,0.8125,0.625,1.0,867.4375,-2.5,0.061011,4,0.743265,,,
Text-1548:G-A,Text-1548,Nervous,Reasoning,G,A,Cervical radiculopathy,Myofascial pain syndrome,16,16,1.0,1.0,1.0,1671.125,-4.25,0.0,8,0.0,,,
Text-1548:G-B,Text-1548,Nervous,Reasoning,G,B,Cervical radiculopathy,Peripheral neuropathy due to diabetes,16,16,0.125,0.0,0.25,2299.5625,-1.75,0.0,7,0.0,,,
Text-1548:G-C,Text-1548,Nervous,Reasoning,G,C,Cervical radiculopathy,Radial nerve compression,16,16,1.0,1.0,1.0,1660.4375,-5.375,0.0,10,0.0,,,
Text-1548:G-D,Text-1548,Nervous,Reasoning,G,D,Cervical radiculopathy,Median nerve entrapment at the wrist,16,16,1.0,1.0,1.0,1518.375,-5.0,0.0,9,0.0,,,
Text-1548:G-E,Text-1548,Nervous,Reasoning,G,E,Cervical radiculopathy,Guyon’s canal syndrome,16,16,0.0,0.0,0.0,1497.625,21.25,0.924142,1,0.0,,,
Text-1548:G-F,Text-1548,Nervous,Reasoning,G,F,Cervical radiculopathy,Brachial plexopathy,16,16,0.9375,1.0,0.875,1564.75,0.5,0.0,5,0.0,,,
Text-1548:G-H,Text-1548,Nervous,Reasoning,G,H,Cervical radiculopathy,Ulnar nerve entrapment at the elbow,16,16,0.0,0.0,0.0,708.75,18.75,0.075858,2,0.0,,,
Text-1548:G-I,Text-1548,Nervous,Reasoning,G,I,Cervical radiculopathy,Cubital tunnel syndrome,16,16,0.0,0.0,0.0,833.0,4.75,0.0,4,0.0,,,
Text-1548:G-J,Text-1548,Nervous,Reasoning,G,J,Cervical radiculopathy,Carpal tunnel syndrome,16,16,1.0,1.0,1.0,1385.375,5.0,0.0,3,0.0,,G56.0,
Text-1553:J-A,Text-1553,Skeletal,Reasoning,J,A,left sacral rotation around a right oblique axis,right sacral torsion on a right oblique axis,16,16,0.6875,0.625,0.75,1520.125,-8.25,0.00022,5,0.843449,,,
Text-1553:J-B,Text-1553,Skeletal,Reasoning,J,B,left sacral rotation around a right oblique axis,left sacral torsion on a left oblique axis,16,16,0.875,1.0,0.75,1835.5,-9.0,0.000104,6,0.843449,,,
Text-1553:J-C,Text-1553,Skeletal,Reasoning,J,C,left sacral rotation around a right oblique axis,right sacral rotation around a right oblique axis,16,16,0.375,0.25,0.5,1609.625,-4.5,0.00937,3,0.843449,,,
Text-1553:J-D,Text-1553,Skeletal,Reasoning,J,D,left sacral rotation around a right oblique axis,right sacral rotation around a left oblique axis,16,16,0.3125,0.375,0.25,1215.6875,-1.75,0.14657,2,0.843449,,,
Text-1553:J-E,Text-1553,Skeletal,Reasoning,J,E,left sacral rotation around a right oblique axis,unilateral sacral flexion on the left,16,16,1.0,1.0,1.0,1317.6875,-12.75,2e-06,7,0.843449,,,
Text-1553:J-F,Text-1553,Skeletal,Reasoning,J,F,left sacral rotation around a right oblique axis,left sacral rotation around a left oblique axis,16,16,0.9375,1.0,0.875,1885.4375,-8.0,0.000283,4,0.843449,,,
Text-1553:J-G,Text-1553,Skeletal,Reasoning,J,G,left sacral rotation around a right oblique axis,unilateral sacral extension on the right,16,16,1.0,1.0,1.0,1476.0625,-15.25,0.0,10,0.843449,,,
Text-1553:J-H,Text-1553,Skeletal,Reasoning,J,H,left sacral rotation around a right oblique axis,anterior sacral base dysfunction,16,16,1.0,1.0,1.0,1161.75,-15.0,0.0,9,0.843449,,,
Text-1553:J-I,Text-1553,Skeletal,Reasoning,J,I,left sacral rotation around a right oblique axis,bilateral sacral flexion,16,16,1.0,1.0,1.0,1215.25,-13.75,1e-06,8,0.843449,,,
Text-1565:G-A,Text-1565,Digestive,Reasoning,G,A,Appendicitis,Pancreatitis,16,16,0.9375,0.875,1.0,1852.1875,12.25,3.1e-05,3,0.0,K37,,
Text-1565:G-B,Text-1565,Digestive,Reasoning,G,B,Appendicitis,Ovarian torsion,16,16,1.0,1.0,1.0,1007.5,3.25,0.0,7,0.0,K37,N83.5,0.0
Text-1565:G-C,Text-1565,Digestive,Reasoning,G,C,Appendicitis,Acute cholecystitis,16,16,0.0,0.0,0.0,1007.875,21.5,0.320811,2,0.0,K37,K81.0,1.0
Text-1565:G-D,Text-1565,Digestive,Reasoning,G,D,Appendicitis,Acute cholangitis,16,16,0.1875,0.0,0.375,1560.9375,22.25,0.679158,1,0.0,K37,K80.3,1.0
Text-1565:G-E,Text-1565,Digestive,Reasoning,G,E,Appendicitis,Diverticulitis,16,16,1.0,1.0,1.0,986.9375,6.5,0.0,4,0.0,K37,K57,1.0
Text-1565:G-F,Text-1565,Digestive,Reasoning,G,F,Appendicitis,HELLP syndrome,16,16,0.625,0.25,1.0,1614.3125,4.25,0.0,5,0.0,K37,O14.2,0.0
Text-1565:G-H,Text-1565,Digestive,Reasoning,G,H,Appendicitis,Hepatic abscess,16,16,1.0,1.0,1.0,1241.875,0.75,0.0,9,0.0,K37,K75.0,1.0
Text-1565:G-I,Text-1565,Digestive,Reasoning,G,I,Appendicitis,Pyelonephritis,16,16,0.625,0.625,0.625,1725.5,2.5,0.0,8,0.0,K37,N12,0.0
Text-1565:G-J,Text-1565,Digestive,Reasoning,G,J,Appendicitis,Gastritis,16,16,1.0,1.0,1.0,936.8125,3.5,0.0,6,0.0,K37,K29,1.0
Text-1582:F-A,Text-1582,Skeletal,Reasoning,F,A,Bilateral sacral extension along the middle transverse axis,Bilateral sacral torsion along the middle transverse axis,16,16,0.6875,0.75,0.625,822.5625,-2.75,0.008698,7,0.136058,,,
Text-1582:F-B,Text-1582,Skeletal,Reasoning,F,B,Bilateral sacral extension along the middle transverse axis,Unilateral sacral flexion along the middle transverse axis,16,16,0.875,0.875,0.875,1089.5,-2.5,0.011168,5,0.136058,,,
Text-1582:F-C,Text-1582,Skeletal,Reasoning,F,C,Bilateral sacral extension along the middle transverse axis,Bilateral sacral flexion along the middle transverse axis,16,16,0.8125,0.75,0.875,852.8125,0.75,0.288035,2,0.136058,,,
Text-1582:F-D,Text-1582,Skeletal,Reasoning,F,D,Bilateral sacral extension along the middle transverse axis,Bilateral sacral extension along the superior transverse axis,16,16,0.4375,0.625,0.25,799.375,-6.5,0.000205,8,0.136058,,,
Text-1582:F-E,Text-1582,Skeletal,Reasoning,F,E,Bilateral sacral extension along the middle transverse axis,Bilateral sacral rotation along the middle transverse axis,16,16,0.6875,0.625,0.75,1205.9375,0.25,0.174702,3,0.136058,,,
Text-1582:F-G,Text-1582,Skeletal,Reasoning,F,G,Bilateral sacral extension along the middle transverse axis,Sacral base anterior with restriction along the superior transverse axis,16,16,0.5625,0.625,0.5,1493.8125,-8.0,4.6e-05,10,0.136058,,,
Text-1582:F-H,Text-1582,Skeletal,Reasoning,F,H,Bilateral sacral extension along the middle transverse axis,Bilateral sacral extension along the inferior transverse axis,16,16,0.8125,0.875,0.75,746.3125,-7.5,7.5e-05,9,0.136058,,,
Text-1582:F-I,Text-1582,Skeletal,Reasoning,F,I,Bilateral sacral extension along the middle transverse axis,Bilateral sacral flexion along the superior transverse axis,16,16,0.375,0.625,0.125,1158.875,-2.5,0.011168,5,0.136058,,,
Text-1582:F-J,Text-1582,Skeletal,Reasoning,F,J,Bilateral sacral extension along the middle transverse axis,Bilateral sacral flexion along the inferior transverse axis,16,16,0.6875,0.625,0.75,1198.8125,1.0,0.369844,1,0.136058,,,
Text-1593:C-A,Text-1593,Muscular,Reasoning,C,A,Left rotation on a right oblique axis,Bilateral sacral extension,16,16,1.0,1.0,1.0,1686.25,-9.25,4.1e-05,8,0.425736,,,
Text-1593:C-B,Text-1593,Muscular,Reasoning,C,B,Left rotation on a right oblique axis,Right rotation on a right oblique axis,16,16,0.125,0.125,0.125,1818.375,0.25,0.546656,1,0.425736,,,
Text-1593:C-D,Text-1593,Muscular,Reasoning,C,D,Left rotation on a right oblique axis,Right unilateral sacral extension,16,16,0.4375,0.125,0.75,1857.75,-5.25,0.002234,4,0.425736,,,
Text-1593:C-E,Text-1593,Muscular,Reasoning,C,E,Left rotation on a right oblique axis,Bilateral sacral flexion,16,16,1.0,1.0,1.0,1732.1875,-10.0,1.9e-05,10,0.425736,,,
Text-1593:C-F,Text-1593,Muscular,Reasoning,C,F,Left rotation on a right oblique axis,Right rotation on a left oblique axis,16,16,0.0625,0.125,0.0,1543.5625,-3.0,0.021196,3,0.425736,,,
Text-1593:C-G,Text-1593,Muscular,Reasoning,C,G,Left rotation on a right oblique axis,Left unilateral sacral extension,16,16,1.0,1.0,1.0,1806.5625,-9.5,3.2e-05,9,0.425736,,,
Text-1593:C-H,Text-1593,Muscular,Reasoning,C,H,Left rotation on a right oblique axis,Left rotation on a left oblique axis,16,16,0.8125,0.75,0.875,2888.375,-8.25,0.000111,7,0.425736,,,
Text-1593:C-I,Text-1593,Muscular,Reasoning,C,I,Left rotation on a right oblique axis,Right unilateral sacral flexion,16,16,0.4375,0.0,0.875,2067.125,-5.25,0.002234,4,0.425736,,,
Text-1593:C-J,Text-1593,Muscular,Reasoning,C,J,Left rotation on a right oblique axis,Left rotation on a transverse axis,16,16,0.875,0.875,0.875,2244.875,-5.5,0.00174,6,0.425736,,,
Text-1603:B-A,Text-1603,Respiratory,Reasoning,B,A,Rupture of an emphysematous bleb,Acute right heart failure,16,16,0.1875,0.0,0.375,1813.5625,0.75,6e-06,3,3e-06,,I50.811,
Text-1603:B-C,Text-1603,Respiratory,Reasoning,B,C,Rupture of an emphysematous bleb,Tension pneumothorax,16,16,0.5625,0.125,1.0,2050.375,12.25,0.56217,1,3e-06,,J93.0,
Text-1603:B-D,Text-1603,Respiratory,Reasoning,B,D,Rupture of an emphysematous bleb,Chemical pneumonitis from inhaled toxins,16,16,1.0,1.0,1.0,2245.75,-2.5,0.0,6,3e-06,,,
Text-1603:B-E,Text-1603,Respiratory,Reasoning,B,E,Rupture of an emphysematous bleb,Methemoglobinemia from chemical exposure,16,16,1.0,1.0,1.0,1557.8125,-4.75,0.0,8,3e-06,,,
Text-1603:B-F,Text-1603,Respiratory,Reasoning,B,F,Rupture of an emphysematous bleb,Acute exacerbation of underlying COPD,16,16,0.875,0.875,0.875,1758.875,0.0,3e-06,4,3e-06,,,
Text-1603:B-G,Text-1603,Respiratory,Reasoning,B,G,Rupture of an emphysematous bleb,Right-sided pulmonary embolism,16,16,0.0,0.0,0.0,1317.375,12.0,0.437819,2,3e-06,,,
Text-1603:B-H,Text-1603,Respiratory,Reasoning,B,H,Rupture of an emphysematous bleb,Bronchial obstruction from mucus plugging,16,16,1.0,1.0,1.0,1364.625,-8.25,0.0,10,3e-06,,,
Text-1603:B-I,Text-1603,Respiratory,Reasoning,B,I,Rupture of an emphysematous bleb,Pulmonary edema secondary to decreased cardiac output,16,16,1.0,1.0,1.0,2466.1875,-5.75,0.0,9,3e-06,,,
Text-1603:B-J,Text-1603,Respiratory,Reasoning,B,J,Rupture of an emphysematous bleb,Fe3+ hemoglobin in circulating red blood cells,16,16,1.0,1.0,1.0,1721.25,-3.5,0.0,7,3e-06,,,
Text-1615:C-A,Text-1615,Skeletal,Reasoning,C,A,left innominate inflare,right innominate outflare,16,16,0.6875,0.375,1.0,2994.5,2.0,8e-06,5,1e-06,,,
Text-1615:C-B,Text-1615,Skeletal,Reasoning,C,B,left innominate inflare,left innominate outflare,16,16,0.1875,0.125,0.25,1669.0,13.75,0.995648,1,1e-06,,,
Text-1615:C-D,Text-1615,Skeletal,Reasoning,C,D,left innominate inflare,left posterior innominate rotation,16,16,0.125,0.125,0.125,1009.125,5.5,0.00026,3,1e-06,,,
Text-1615:C-E,Text-1615,Skeletal,Reasoning,C,E,left innominate inflare,piriformis syndrome,16,16,1.0,1.0,1.0,1130.5625,-1.75,0.0,8,1e-06,,,
Text-1615:C-F,Text-1615,Skeletal,Reasoning,C,F,left innominate inflare,iliopsoas tendinitis,16,16,0.875,0.75,1.0,1599.0,-3.0,0.0,9,1e-06,,,
Text-1615:C-G,Text-1615,Skeletal,Reasoning,C,G,left innominate inflare,left hip impingement syndrome,16,16,0.625,0.375,0.875,1314.8125,-5.5,0.0,10,1e-06,,,
Text-1615:C-H,Text-1615,Skeletal,Reasoning,C,H,left innominate inflare,left innominate posterior rotation,16,16,0.1875,0.375,0.0,1465.375,2.5,1.3e-05,4,1e-06,,,
Text-1615:C-I,Text-1615,Skeletal,Reasoning,C,I,left innominate inflare,trochanteric bursitis,16,16,0.375,0.0,0.75,1562.4375,-1.25,0.0,7,1e-06,,M70.6,
Text-1615:C-J,Text-1615,Skeletal,Reasoning,C,J,left innominate inflare,sacroiliac joint dysfunction,16,16,0.25,0.0,0.5,991.0625,8.25,0.004069,2,1e-06,,,
Text-1687:F-A,Text-1687,Skeletal,Reasoning,F,A,left-on-right sacral torsion,left-on-left sacral torsion,16,16,1.0,1.0,1.0,1173.125,-2.75,0.000334,3,0.005218,,,
Text-1687:F-B,Text-1687,Skeletal,Reasoning,F,B,left-on-right sacral torsion,right-on-left sacral torsion,16,16,0.375,0.5,0.25,1238.6875,5.25,0.994416,1,0.005218,,,
Text-1687:F-C,Text-1687,Skeletal,Reasoning,F,C,left-on-right sacral torsion,bilateral sacral flexion,16,16,1.0,1.0,1.0,1000.875,-11.0,0.0,7,0.005218,,,
Text-1687:F-D,Text-1687,Skeletal,Reasoning,F,D,left-on-right sacral torsion,unilateral sacral flexion on the right,16,16,1.0,1.0,1.0,915.4375,-5.5,2.1e-05,4,0.005218,,,
Text-1687:F-E,Text-1687,Skeletal,Reasoning,F,E,left-on-right sacral torsion,unilateral sacral extension on the left,16,16,1.0,1.0,1.0,789.0625,-6.25,1e-05,5,0.005218,,,
Text-1687:F-G,Text-1687,Skeletal,Reasoning,F,G,left-on-right sacral torsion,bilateral sacral extension,16,16,1.0,1.0,1.0,731.8125,-11.75,0.0,9,0.005218,,,
Text-1687:F-H,Text-1687,Skeletal,Reasoning,F,H,left-on-right sacral torsion,sacral shear dysfunction on the right,16,16,1.0,1.0,1.0,786.4375,-11.5,0.0,8,0.005218,,,
Text-1687:F-I,Text-1687,Skeletal,Reasoning,F,I,left-on-right sacral torsion,anterior sacral base dysfunction,16,16,1.0,1.0,1.0,1127.875,-13.5,0.0,10,0.005218,,,
Text-1687:F-J,Text-1687,Skeletal,Reasoning,F,J,left-on-right sacral torsion,right-on-right sacral torsion,16,16,0.5625,0.875,0.25,1769.125,-8.75,1e-06,6,0.005218,,,
Text-1739:E-A,Text-1739,Skeletal,Reasoning,E,A,Spinal epidural abscess,Psychogenic pain disorder,16,16,1.0,1.0,1.0,771.1875,-19.5,0.0,7,0.923534,G06.1,,
Text-1739:E-B,Text-1739,Skeletal,Reasoning,E,B,Spinal epidural abscess,Musculoskeletal strain,16,16,1.0,1.0,1.0,808.125,-19.75,0.0,9,0.923534,G06.1,,
Text-1739:E-C,Text-1739,Skeletal,Reasoning,E,C,Spinal epidural abscess,Malingering,16,16,0.8125,0.625,1.0,1270.8125,-22.375,0.0,10,0.923534,G06.1,,
Text-1739:E-D,Text-1739,Skeletal,Reasoning,E,D,Spinal epidural abscess,Acute osteomyelitis,16,16,0.8125,0.875,0.75,2175.1875,-2.5,0.075808,2,0.923534,G06.1,M86.0,0.0
Text-1739:E-F,Text-1739,Skeletal,Reasoning,E,F,Spinal epidural abscess,Septic arthritis,16,16,1.0,1.0,1.0,860.0625,-13.75,1e-06,4,0.923534,G06.1,M00.80,0.0
Text-1739:E-G,Text-1739,Skeletal,Reasoning,E,G,Spinal epidural abscess,Drug-seeking behavior,16,16,0.9375,0.875,1.0,1054.0625,-19.5,0.0,7,0.923534,G06.1,,
Text-1739:E-H,Text-1739,Skeletal,Reasoning,E,H,Spinal epidural abscess,Factitious disorder,16,16,0.75,0.5,1.0,1371.3125,-14.5,0.0,5,0.923534,G06.1,F68,0.0
Text-1739:E-I,Text-1739,Skeletal,Reasoning,E,I,Spinal epidural abscess,Spinal epidural hematoma,16,16,1.0,1.0,1.0,783.1875,-14.5,0.0,5,0.923534,G06.1,,
Text-1739:E-J,Text-1739,Skeletal,Reasoning,E,J,Spinal epidural abscess,Acute disc herniation,16,16,1.0,1.0,1.0,669.875,-7.25,0.000656,3,0.923534,G06.1,,
Text-1783:F-A,Text-1783,Digestive,Reasoning,F,A,Hepatitis D virus infection,Acute hepatitis A virus infection,16,16,1.0,1.0,1.0,1875.1875,0.5,0.0,6,0.0,,,
Text-1783:F-B,Text-1783,Digestive,Reasoning,F,B,Hepatitis D virus infection,Chronic hepatitis B virus exacerbation,16,16,0.0,0.0,0.0,912.8125,7.5,8e-06,2,0.0,,,
Text-1783:F-C,Text-1783,Digestive,Reasoning,F,C,Hepatitis D virus infection,Acute hepatitis C virus infection,16,16,1.0,1.0,1.0,1502.3125,-5.0,0.0,10,0.0,,,
Text-1783:F-D,Text-1783,Digestive,Reasoning,F,D,Hepatitis D virus infection,Alcoholic hepatitis,16,16,0.0,0.0,0.0,1137.75,19.25,0.999992,1,0.0,,K70.1,
Text-1783:F-E,Text-1783,Digestive,Reasoning,F,E,Hepatitis D virus infection,Hepatitis B virus reactivation,16,16,0.0,0.0,0.0,989.875,4.5,0.0,3,0.0,,,
Text-1783:F-G,Text-1783,Digestive,Reasoning,F,G,Hepatitis D virus infection,Drug-induced liver injury,16,16,0.0,0.0,0.0,1708.75,1.25,0.0,5,0.0,,,
Text-1783:F-H,Text-1783,Digestive,Reasoning,F,H,Hepatitis D virus infection,Nonalcoholic steatohepatitis,16,16,0.625,0.625,0.625,2898.375,-3.5,0.0,8,0.0,,K75.81,
Text-1783:F-I,Text-1783,Digestive,Reasoning,F,I,Hepatitis D virus infection,Autoimmune hepatitis,16,16,0.8125,0.75,0.875,2682.625,-4.0,0.0,9,0.0,,K75.4,
Text-1783:F-J,Text-1783,Digestive,Reasoning,F,J,Hepatitis D virus infection,Wilson disease,16,16,0.9375,0.875,1.0,1858.9375,1.5,0.0,4,0.0,,E83.01,
Text-1788:C-A,Text-1788,Urinary,Reasoning,C,A,Microscopic polyangiitis,Membranoproliferative glomerulonephritis,16,16,0.875,0.75,1.0,1521.75,1.75,0.0,2,0.0,M31.7,N05.5,0.0
Text-1788:C-B,Text-1788,Urinary,Reasoning,C,B,Microscopic polyangiitis,Diffuse membranous glomerulopathy,16,16,1.0,1.0,1.0,1211.5,-7.75,0.0,9,0.0,M31.7,,
Text-1788:C-D,Text-1788,Urinary,Reasoning,C,D,Microscopic polyangiitis,Acute poststreptococcal glomerulonephritis,16,16,0.9375,0.875,1.0,1146.0625,-7.0,0.0,8,0.0,M31.7,,
Text-1788:C-E,Text-1788,Urinary,Reasoning,C,E,Microscopic polyangiitis,Granulomatosis with polyangiitis,16,16,0.75,1.0,0.5,1186.5,-5.75,0.0,6,0.0,M31.7,,
Text-1788:C-F,Text-1788,Urinary,Reasoning,C,F,Microscopic polyangiitis,Membranous nephropathy,16,16,1.0,1.0,1.0,782.6875,-3.25,0.0,4,0.0,M31.7,,
Text-1788:C-G,Text-1788,Urinary,Reasoning,C,G,Microscopic polyangiitis,Goodpasture syndrome,16,16,0.5625,0.5,0.625,1816.8125,16.5,1.0,1,0.0,M31.7,M31.0,2.0
Text-1788:C-H,Text-1788,Urinary,Reasoning,C,H,Microscopic polyangiitis,Lupus nephritis,16,16,1.0,1.0,1.0,909.9375,-6.75,0.0,7,0.0,M31.7,M32.14,1.0
Text-1788:C-I,Text-1788,Urinary,Reasoning,C,I,Microscopic polyangiitis,Anti-glomerular basement membrane disease,16,16,0.9375,0.875,1.0,1470.6875,-8.25,0.0,10,0.0,M31.7,,
Text-1788:C-J,Text-1788,Urinary,Reasoning,C,J,Microscopic polyangiitis,Eosinophilic granulomatosis with polyangiitis,16,16,1.0,1.0,1.0,632.5625,-4.25,0.0,5,0.0,M31.7,,
Text-1863:B-A,Text-1863,Digestive,Reasoning,B,A,Wilms tumor,Hydatid cyst,16,16,1.0,1.0,1.0,849.0625,-21.75,0.0,5,0.99478,,,
Text-1863:B-C,Text-1863,Digestive,Reasoning,B,C,Wilms tumor,Hepatoblastoma,16,16,0.0,0.0,0.0,1087.125,-5.25,0.00522,2,0.99478,,C22.2,
Text-1863:B-D,Text-1863,Digestive,Reasoning,B,D,Wilms tumor,Mesenteric cyst,16,16,1.0,1.0,1.0,896.625,-20.25,0.0,4,0.99478,,,
Text-1863:B-E,Text-1863,Digestive,Reasoning,B,E,Wilms tumor,Polycystic kidney disease,16,16,1.0,1.0,1.0,671.0,-23.5,0.0,6,0.99478,,Q61.3,
Text-1863:B-F,Text-1863,Digestive,Reasoning,B,F,Wilms tumor,Sarcoma,16,16,1.0,1.0,1.0,540.3125,-27.5,0.0,10,0.99478,,C49.9,
Text-1863:B-G,Text-1863,Digestive,Reasoning,B,G,Wilms tumor,Hepatic hemangioma,16,16,0.4375,0.625,0.25,2032.25,-27.25,0.0,9,0.99478,,,
Text-1863:B-H,Text-1863,Digestive,Reasoning,B,H,Wilms tumor,Teratoma,16,16,1.0,1.0,1.0,632.125,-24.0,0.0,7,0.99478,,,
Text-1863:B-I,Text-1863,Digestive,Reasoning,B,I,Wilms tumor,Rhabdomyosarcoma,16,16,1.0,1.0,1.0,671.125,-24.0,0.0,7,0.99478,,C49.9,
Text-1863:B-J,Text-1863,Digestive,Reasoning,B,J,Wilms tumor,Adrenal carcinoma,16,16,1.0,1.0,1.0,760.25,-19.75,0.0,3,0.99478,,,
Text-1865:F-A,Text-1865,Reproductive,Reasoning,F,A,Rectovaginal fistula,Retained products of conception,16,16,0.625,0.25,1.0,1937.6875,-1.0,0.0,7,0.0,Q52.2,,
Text-1865:F-B,Text-1865,Reproductive,Reasoning,F,B,Rectovaginal fistula,Vaginal hematoma,16,16,0.875,0.75,1.0,1661.4375,0.5,0.0,4,0.0,Q52.2,,
Text-1865:F-C,Text-1865,Reproductive,Reasoning,F,C,Rectovaginal fistula,Vaginal neoplasm,16,16,0.8125,0.75,0.875,2098.3125,-5.25,0.0,10,0.0,Q52.2,,
Text-1865:F-D,Text-1865,Reproductive,Reasoning,F,D,Rectovaginal fistula,Pelvic inflammatory disease,16,16,0.5,0.25,0.75,2074.875,-0.25,0.0,6,0.0,Q52.2,N73.9,0.0
Text-1865:F-E,Text-1865,Reproductive,Reasoning,F,E,Rectovaginal fistula,Urethrovaginal fistula,16,16,1.0,1.0,1.0,1323.5,-1.5,0.0,8,0.0,Q52.2,,
Text-1865:F-G,Text-1865,Reproductive,Reasoning,F,G,Rectovaginal fistula,Vaginal candidiasis,16,16,0.9375,0.875,1.0,1815.875,-1.5,0.0,8,0.0,Q52.2,,
Text-1865:F-H,Text-1865,Reproductive,Reasoning,F,H,Rectovaginal fistula,Bacterial vaginosis,16,16,0.1875,0.0,0.375,1471.875,22.25,0.999899,1,0.0,Q52.2,,
Text-1865:F-I,Text-1865,Reproductive,Reasoning,F,I,Rectovaginal fistula,Granuloma formation due to sutures,16,16,0.0,0.0,0.0,960.1875,13.0,9.6e-05,2,0.0,Q52.2,,
Text-1865:F-J,Text-1865,Reproductive,Reasoning,F,J,Rectovaginal fistula,Endometritis,16,16,0.625,0.375,0.875,2088.5,10.0,5e-06,3,0.0,Q52.2,O86.12,0.0
Text-1881:D-A,Text-1881,Skeletal,Reasoning,D,A,Right superior shear,Bilateral sacral torsion,16,16,0.875,0.75,1.0,1125.125,-2.0,5e-06,10,3.6e-05,,,
Text-1881:D-B,Text-1881,Skeletal,Reasoning,D,B,Right superior shear,Left inferior shear,16,16,0.8125,0.625,1.0,1116.25,-0.75,1.7e-05,8,3.6e-05,,,
Text-1881:D-C,Text-1881,Skeletal,Reasoning,D,C,Right superior shear,Left anterior innominate rotation,16,16,0.125,0.125,0.125,1800.8125,7.5,0.064764,3,3.6e-05,,,
Text-1881:D-E,Text-1881,Skeletal,Reasoning,D,E,Right superior shear,Right posterior innominate rotation,16,16,0.0,0.0,0.0,873.5,10.0,0.788993,1,3.6e-05,,,
Text-1881:D-F,Text-1881,Skeletal,Reasoning,D,F,Right superior shear,Left posterior rotation,16,16,0.0625,0.125,0.0,1137.3125,3.0,0.000719,6,3.6e-05,,,
Text-1881:D-G,Text-1881,Skeletal,Reasoning,D,G,Right superior shear,Bilateral iliosacral dysfunction,16,16,0.9375,0.875,1.0,991.125,-1.25,1e-05,9,3.6e-05,,,
Text-1881:D-H,Text-1881,Skeletal,Reasoning,D,H,Right superior shear,Right anterior rotation,16,16,0.0,0.0,0.0,809.875,5.25,0.006826,4,3.6e-05,,,
Text-1881:D-I,Text-1881,Skeletal,Reasoning,D,I,Right superior shear,Right innominate upslip,16,16,0.0625,0.125,0.0,956.0625,3.75,0.001523,5,3.6e-05,,,
Text-1881:D-J,Text-1881,Skeletal,Reasoning,D,J,Right superior shear,Left sacroiliac joint dysfunction,16,16,0.5625,0.25,0.875,1527.5625,8.25,0.137106,2,3.6e-05,,,
Text-1897:C-A,Text-1897,Endocrine,Reasoning,C,A,Protein-secreting CNS mass,Idiopathic hyperprolactinemia,16,16,0.25,0.0,0.5,1829.9375,4.5,0.0,6,0.0,,E22.1,
Text-1897:C-B,Text-1897,Endocrine,Reasoning,C,B,Protein-secreting CNS mass,Hypothyroidism-induced galactorrhea,16,16,0.25,0.0,0.5,1893.125,4.75,0.0,5,0.0,,,
Text-1897:C-D,Text-1897,Endocrine,Reasoning,C,D,Protein-secreting CNS mass,Medication-induced hyperprolactinemia,16,16,0.0,0.0,0.0,1133.3125,8.25,2e-06,2,0.0,,,
Text-1897:C-E,Text-1897,Endocrine,Reasoning,C,E,Protein-secreting CNS mass,Normal pregnancy,16,16,1.0,1.0,1.0,1069.3125,-2.5,0.0,10,0.0,,,
Text-1897:C-F,Text-1897,Endocrine,Reasoning,C,F,Protein-secreting CNS mass,Polycystic ovary syndrome (PCOS) with hormonal imbalance,16,16,1.0,1.0,1.0,1387.25,5.0,0.0,4,0.0,,,
Text-1897:C-G,Text-1897,Endocrine,Reasoning,C,G,Protein-secreting CNS mass,Hyperestrogenemia from liver dysfunction,16,16,1.0,1.0,1.0,1250.75,-2.25,0.0,9,0.0,,,
Text-1897:C-H,Text-1897,Endocrine,Reasoning,C,H,Protein-secreting CNS mass,Dopamine blockade in the tuberoinfundibular pathway,16,16,0.0,0.0,0.0,1173.875,6.5,0.0,3,0.0,,,
Text-1897:C-I,Text-1897,Endocrine,Reasoning,C,I,Protein-secreting CNS mass,Chronic kidney disease causing secondary hyperprolactinemia,16,16,1.0,1.0,1.0,1843.75,2.5,0.0,7,0.0,,,
Text-1897:C-J,Text-1897,Endocrine,Reasoning,C,J,Protein-secreting CNS mass,Pituitary adenoma causing hyperprolactinemia,16,16,0.0,0.0,0.0,808.6875,21.25,0.999997,1,0.0,,,
Text-1913:G-A,Text-1913,Digestive,Reasoning,G,A,Jejunal atresia,Pyloric stenosis,16,16,1.0,1.0,1.0,895.0625,-0.5,0.0,9,0.0,,,
Text-1913:G-B,Text-1913,Digestive,Reasoning,G,B,Jejunal atresia,Malrotation with volvulus,16,16,0.625,0.375,0.875,1570.1875,16.75,0.987866,1,0.0,,,
Text-1913:G-C,Text-1913,Digestive,Reasoning,G,C,Jejunal atresia,Ileal atresia,16,16,0.875,1.0,0.75,1252.4375,1.0,0.0,6,0.0,,,
Text-1913:G-D,Text-1913,Digestive,Reasoning,G,D,Jejunal atresia,Necrotizing enterocolitis,16,16,1.0,1.0,1.0,805.9375,-0.75,0.0,10,0.0,,K55.30,
Text-1913:G-E,Text-1913,Digestive,Reasoning,G,E,Jejunal atresia,Duodenal atresia,16,16,0.0625,0.125,0.0,1199.3125,12.25,0.010974,2,0.0,,,
Text-1913:G-F,Text-1913,Digestive,Reasoning,G,F,Jejunal atresia,Meconium ileus,16,16,1.0,1.0,1.0,946.5,4.0,3e-06,4,0.0,,E84.11,
Text-1913:G-H,Text-1913,Digestive,Reasoning,G,H,Jejunal atresia,Intestinal malrotation,16,16,0.75,0.5,1.0,1371.5625,0.5,0.0,7,0.0,,,
Text-1913:G-I,Text-1913,Digestive,Reasoning,G,I,Jejunal atresia,Annular pancreas,16,16,1.0,1.0,1.0,1389.125,1.75,0.0,5,0.0,,Q45.1,
Text-1913:G-J,Text-1913,Digestive,Reasoning,G,J,Jejunal atresia,Midgut volvulus,16,16,0.875,0.875,0.875,1419.0625,10.0,0.001157,3,0.0,,,
Text-1914:E-A,Text-1914,Muscular,Reasoning,E,A,Left superior pubic shear,Left superior innominate shear,16,16,0.3125,0.0,0.625,1631.5,1.25,0.005609,4,0.001607,,,
Text-1914:E-B,Text-1914,Muscular,Reasoning,E,B,Left superior pubic shear,Left posterior innominate rotation,16,16,0.125,0.125,0.125,2059.5625,6.25,0.832463,1,0.001607,,,
Text-1914:E-C,Text-1914,Muscular,Reasoning,E,C,Left superior pubic shear,Right anterior innominate rotation,16,16,0.125,0.0,0.25,2013.5,4.25,0.112662,2,0.001607,,,
Text-1914:E-D,Text-1914,Muscular,Reasoning,E,D,Left superior pubic shear,Left sacral torsion,16,16,0.6875,0.5,0.875,1191.0625,-5.5,7e-06,9,0.001607,,,
Text-1914:E-F,Text-1914,Muscular,Reasoning,E,F,Left superior pubic shear,Right superior pubic shear,16,16,0.9375,0.875,1.0,1505.1875,1.25,0.005609,4,0.001607,,,
Text-1914:E-G,Text-1914,Muscular,Reasoning,E,G,Left superior pubic shear,Left inferior pubic shear,16,16,1.0,1.0,1.0,1310.0,-5.75,5e-06,10,0.001607,,,
Text-1914:E-H,Text-1914,Muscular,Reasoning,E,H,Left superior pubic shear,Right inferior pubic shear,16,16,0.5625,0.5,0.625,1592.5,-2.5,0.000132,8,0.001607,,,
Text-1914:E-I,Text-1914,Muscular,Reasoning,E,I,Left superior pubic shear,Left anterior innominate rotation,16,16,0.125,0.0,0.25,1656.8125,3.25,0.041446,3,0.001607,,,
Text-1914:E-J,Text-1914,Muscular,Reasoning,E,J,Left superior pubic shear,Bilateral sacroiliac joint dysfunction,16,16,0.8125,0.625,1.0,1085.6875,-1.25,0.00046,7,0.001607,,,
Text-1920:I-A,Text-1920,Integumentary,Understanding,I,A,Linear IgA disease,Chronic bullous disease of childhood,16,16,1.0,1.0,1.0,678.6875,-21.5,0.0,4,1.0,,L12.2,
Text-1920:I-B,Text-1920,Integumentary,Understanding,I,B,Linear IgA disease,Dermatitis herpetiformis,16,16,1.0,1.0,1.0,1472.875,-17.5,0.0,2,1.0,,L13.0,
Text-1920:I-C,Text-1920,Integumentary,Understanding,I,C,Linear IgA disease,Bullous pemphigoid,16,16,1.0,1.0,1.0,465.3125,-22.0,0.0,5,1.0,,L12.0,
Text-1920:I-D,Text-1920,Integumentary,Understanding,I,D,Linear IgA disease,Pemphigus vulgaris,16,16,1.0,1.0,1.0,509.375,-24.5,0.0,8,1.0,,L10.0,
Text-1920:I-E,Text-1920,Integumentary,Understanding,I,E,Linear IgA disease,Psoriasis with secondary blister formation,16,16,1.0,1.0,1.0,470.0625,-24.25,0.0,7,1.0,,,
Text-1920:I-F,Text-1920,Integumentary,Understanding,I,F,Linear IgA disease,Epidermolysis bullosa acquisita,16,16,1.0,1.0,1.0,575.375,-23.75,0.0,6,1.0,,,
Text-1920:I-G,Text-1920,Integumentary,Understanding,I,G,Linear IgA disease,Bullous systemic lupus erythematosus,16,16,1.0,1.0,1.0,464.8125,-27.25,0.0,10,1.0,,,
Text-1920:I-H,Text-1920,Integumentary,Understanding,I,H,Linear IgA disease,Atopic dermatitis,16,16,1.0,1.0,1.0,408.125,-25.625,0.0,9,1.0,,L20,
Text-1920:I-J,Text-1920,Integumentary,Understanding,I,J,Linear IgA disease,Erythema multiforme,16,16,1.0,1.0,1.0,434.3125,-20.75,0.0,3,1.0,,L51,
Text-1921:H-A,Text-1921,Skeletal,Reasoning,H,A,"T6 extended, rotated left, sidebent left","T7 extended, rotated right, sidebent right",16,16,0.375,0.375,0.375,3790.9375,-2.0,0.00559,5,0.041303,,,
Text-1921:H-B,Text-1921,Skeletal,Reasoning,H,B,"T6 extended, rotated left, sidebent left","T6 extended, rotated right, sidebent left",16,16,0.4375,0.375,0.5,2674.625,-2.5,0.00339,6,0.041303,,,
Text-1921:H-C,Text-1921,Skeletal,Reasoning,H,C,"T6 extended, rotated left, sidebent left","T6 flexed, rotated left, sidebent right",16,16,0.0,0.0,0.0,2779.375,-7.0,3.8e-05,8,0.041303,,,
Text-1921:H-D,Text-1921,Skeletal,Reasoning,H,D,"T6 extended, rotated left, sidebent left","T6 neutral, rotated left, sidebent left",16,16,0.4375,0.5,0.375,3150.9375,-9.75,2e-06,10,0.041303,,,
Text-1921:H-E,Text-1921,Skeletal,Reasoning,H,E,"T6 extended, rotated left, sidebent left","T7 extended, rotated right, sidebent left",16,16,0.125,0.0,0.25,4052.75,2.5,0.503169,1,0.041303,,,
Text-1921:H-F,Text-1921,Skeletal,Reasoning,H,F,"T6 extended, rotated left, sidebent left","T7 flexed, rotated left, sidebent left",16,16,0.4375,0.0,0.875,4284.75,-3.25,0.001601,7,0.041303,,,
Text-1921:H-G,Text-1921,Skeletal,Reasoning,H,G,"T6 extended, rotated left, sidebent left","T5 extended, rotated left, sidebent left",16,16,1.0,1.0,1.0,2492.25,-9.25,4e-06,9,0.041303,,,
Text-1921:H-I,Text-1921,Skeletal,Reasoning,H,I,"T6 extended, rotated left, sidebent left","T7 extended, rotated left, sidebent right",16,16,0.25,0.0,0.5,3536.25,2.25,0.391869,2,0.041303,,,
Text-1921:H-J,Text-1921,Skeletal,Reasoning,H,J,"T6 extended, rotated left, sidebent left","T6 flexed, rotated right, sidebent right",16,16,0.3125,0.5,0.125,2992.1875,0.25,0.053034,3,0.041303,,,
Text-1928:A-B,Text-1928,Muscular,Reasoning,A,B,Anterior thoracic 11 tender point,Oblique muscle strain,16,16,0.0,0.0,0.0,572.0625,3.75,0.0,3,0.0,,,
Text-1928:A-C,Text-1928,Muscular,Reasoning,A,C,Anterior thoracic 11 tender point,Anterior thoracic 10 tender point,16,16,0.5,0.0,1.0,1297.0,-1.0,0.0,7,0.0,,,
Text-1928:A-D,Text-1928,Muscular,Reasoning,A,D,Anterior thoracic 11 tender point,Abdominal wall hematoma,16,16,0.0,0.0,0.0,804.3125,-3.5,0.0,9,0.0,,,
Text-1928:A-E,Text-1928,Muscular,Reasoning,A,E,Anterior thoracic 11 tender point,Iliacus tender point,16,16,0.0,0.0,0.0,772.625,0.75,0.0,5,0.0,,,
Text-1928:A-F,Text-1928,Muscular,Reasoning,A,F,Anterior thoracic 11 tender point,Umbilical hernia,16,16,0.3125,0.0,0.625,1491.8125,2.0,0.0,4,0.0,,K42,
Text-1928:A-G,Text-1928,Muscular,Reasoning,A,G,Anterior thoracic 11 tender point,Pubic symphysis dysfunction,16,16,0.0,0.0,0.0,1009.625,-5.75,0.0,10,0.0,,,
Text-1928:A-H,Text-1928,Muscular,Reasoning,A,H,Anterior thoracic 11 tender point,Constipation,16,16,0.125,0.125,0.125,1617.625,-2.375,0.0,8,0.0,,K59.0,
Text-1928:A-I,Text-1928,Muscular,Reasoning,A,I,Anterior thoracic 11 tender point,Rectus abdominis strain,16,16,0.0,0.0,0.0,431.75,22.5,1.0,1,0.0,,,
Text-1928:A-J,Text-1928,Muscular,Reasoning,A,J,Anterior thoracic 11 tender point,Psoas syndrome,16,16,0.0625,0.0,0.125,788.25,5.75,0.0,2,0.0,,M76.1,
Text-1934:E-A,Text-1934,Skeletal,Reasoning,E,A,The sacrum is a forward torsion,The dysfunction originates from the lumbar spine rather than the sacrum,16,16,0.875,0.75,1.0,1764.1875,-3.25,0.000334,8,0.008606,,,
Text-1934:E-B,Text-1934,Skeletal,Reasoning,E,B,The sacrum is a forward torsion,L1–L5 follow Fryette's 2nd law,16,16,0.3125,0.0,0.625,1966.6875,0.25,0.011051,4,0.008606,,,
Text-1934:E-C,Text-1934,Skeletal,Reasoning,E,C,The sacrum is a forward torsion,The right side of the sacrum is flexed,16,16,0.5,0.125,0.875,1849.875,-1.5,0.00192,6,0.008606,,,
Text-1934:E-D,Text-1934,Skeletal,Reasoning,E,D,The sacrum is a forward torsion,The sacrum is rotated to the opposite side of its axis,16,16,0.3125,0.0,0.625,2304.0,3.5,0.285005,2,0.008606,,,
Text-1934:E-F,Text-1934,Skeletal,Reasoning,E,F,The sacrum is a forward torsion,The sacrum rotates to the same side as the axis,16,16,0.3125,0.0,0.625,2359.1875,3.25,0.221962,3,0.008606,,,
Text-1934:E-G,Text-1934,Skeletal,Reasoning,E,G,The sacrum is a forward torsion,L1–L5 follow Fryette's 1st law exclusively,16,16,0.5,0.25,0.75,2027.0,-6.25,1.7e-05,10,0.008606,,,
Text-1934:E-H,Text-1934,Skeletal,Reasoning,E,H,The sacrum is a forward torsion,The sacrum is extended rather than flexed,16,16,0.9375,0.875,1.0,1648.1875,-5.25,4.5e-05,9,0.008606,,,
Text-1934:E-I,Text-1934,Skeletal,Reasoning,E,I,The sacrum is a forward torsion,The iliolumbar ligament is the primary source of pain,16,16,1.0,1.0,1.0,1484.9375,-2.0,0.001165,7,0.008606,,,
Text-1934:E-J,Text-1934,Skeletal,Reasoning,E,J,The sacrum is a forward torsion,The sacrum is in a backward torsion pattern,16,16,0.75,0.875,0.625,1869.625,4.0,0.469894,1,0.008606,,,
Text-1963:F-A,Text-1963,Nervous,Reasoning,F,A,Schizoaffective disorder,Delusional disorder with depressive features,16,16,1.0,1.0,1.0,613.9375,-13.75,0.0,7,0.000158,F25.9,,
Text-1963:F-B,Text-1963,Nervous,Reasoning,F,B,Schizoaffective disorder,Schizophrenia,16,16,1.0,1.0,1.0,1237.9375,8.75,0.999479,1,0.000158,F25.9,F20,1.0
Text-1963:F-C,Text-1963,Nervous,Reasoning,F,C,Schizoaffective disorder,Brief psychotic disorder,16,16,1.0,1.0,1.0,583.75,-13.75,0.0,7,0.000158,F25.9,F23,1.0
Text-1963:F-D,Text-1963,Nervous,Reasoning,F,D,Schizoaffective disorder,Substance-induced psychotic disorder,16,16,1.0,1.0,1.0,632.25,-13.75,0.0,7,0.000158,F25.9,F19,1.0
Text-1963:F-E,Text-1963,Nervous,Reasoning,F,E,Schizoaffective disorder,Schizophreniform disorder,16,16,0.9375,0.875,1.0,1599.375,0.75,0.000335,2,0.000158,F25.9,F20.81,1.0
Text-1963:F-G,Text-1963,Nervous,Reasoning,F,G,Schizoaffective disorder,Bipolar I disorder with psychotic features,16,16,1.0,1.0,1.0,1260.125,-11.0,0.0,6,0.000158,F25.9,,
Text-1963:F-H,Text-1963,Nervous,Reasoning,F,H,Schizoaffective disorder,Major depressive disorder with catatonic features,16,16,1.0,1.0,1.0,1284.25,-14.75,0.0,10,0.000158,F25.9,,
Text-1963:F-I,Text-1963,Nervous,Reasoning,F,I,Schizoaffective disorder,Mood disorder with psychotic features,16,16,0.25,0.0,0.5,1768.625,-1.75,2.8e-05,4,0.000158,F25.9,,
Text-1963:F-J,Text-1963,Nervous,Reasoning,F,J,Schizoaffective disorder,Psychotic disorder due to another medical condition,16,16,1.0,1.0,1.0,778.8125,-8.25,0.0,5,0.000158,F25.9,,
Text-1976:A-B,Text-1976,Cardiovascular,Reasoning,A,B,Von Willebrand disease,Disseminated intravascular coagulation,16,16,1.0,1.0,1.0,615.75,-6.75,0.0,7,5e-06,D68.0,D65,1.0
Text-1976:A-C,Text-1976,Cardiovascular,Reasoning,A,C,Von Willebrand disease,Glanzmann thrombasthenia,16,16,1.0,1.0,1.0,704.0625,-8.25,0.0,9,5e-06,D68.0,,
Text-1976:A-D,Text-1976,Cardiovascular,Reasoning,A,D,Von Willebrand disease,Factor XII deficiency,16,16,0.6875,0.5,0.875,1206.375,12.25,0.99998,1,5e-06,D68.0,D68.2,2.0
Text-1976:A-E,Text-1976,Cardiovascular,Reasoning,A,E,Von Willebrand disease,Vitamin K deficiency,16,16,1.0,1.0,1.0,558.5625,-5.5,0.0,6,5e-06,D68.0,E56.1,0.0
Text-1976:A-F,Text-1976,Cardiovascular,Reasoning,A,F,Von Willebrand disease,Hemophilia A,16,16,0.125,0.125,0.125,1221.3125,0.5,8e-06,2,5e-06,D68.0,D66,1.0
Text-1976:A-G,Text-1976,Cardiovascular,Reasoning,A,G,Von Willebrand disease,Immune thrombocytopenic purpura,16,16,1.0,1.0,1.0,569.8125,0.25,6e-06,3,5e-06,D68.0,D69.3,1.0
Text-1976:A-H,Text-1976,Cardiovascular,Reasoning,A,H,Von Willebrand disease,Antiphospholipid syndrome,16,16,1.0,1.0,1.0,614.375,-8.25,0.0,9,5e-06,D68.0,D68.61,2.0
Text-1976:A-I,Text-1976,Cardiovascular,Reasoning,A,I,Von Willebrand disease,Liver disease,16,16,1.0,1.0,1.0,566.375,-7.25,0.0,8,5e-06,D68.0,K76.9,0.0
Text-1976:A-J,Text-1976,Cardiovascular,Reasoning,A,J,Von Willebrand disease,Bernard-Soulier syndrome,16,16,1.0,1.0,1.0,540.375,-1.5,1e-06,5,5e-06,D68.0,,
Text-1991:I-A,Text-1991,Digestive,Reasoning,I,A,Cavernous hemangioma,Hepatic abscess,16,16,1.0,1.0,1.0,518.5,-15.75,0.0,9,0.994422,D18.00,K75.0,0.0
Text-1991:I-B,Text-1991,Digestive,Reasoning,I,B,Cavernous hemangioma,Hepatic adenoma,16,16,0.875,0.75,1.0,953.375,-8.75,0.000158,3,0.994422,D18.00,D13.4,1.0
Text-1991:I-C,Text-1991,Digestive,Reasoning,I,C,Cavernous hemangioma,Metastatic colon cancer,16,16,1.0,1.0,1.0,555.5,-14.25,1e-06,7,0.994422,D18.00,,
Text-1991:I-D,Text-1991,Digestive,Reasoning,I,D,Cavernous hemangioma,Angiosarcoma,16,16,1.0,1.0,1.0,633.5,-16.5,0.0,10,0.994422,D18.00,C22.3,1.0
Text-1991:I-E,Text-1991,Digestive,Reasoning,I,E,Cavernous hemangioma,Cholangiocarcinoma,16,16,1.0,1.0,1.0,575.5,-14.25,1e-06,7,0.994422,D18.00,,
Text-1991:I-F,Text-1991,Digestive,Reasoning,I,F,Cavernous hemangioma,Hydatid cyst,16,16,1.0,1.0,1.0,854.1875,-9.5,7.4e-05,5,0.994422,D18.00,,
Text-1991:I-G,Text-1991,Digestive,Reasoning,I,G,Cavernous hemangioma,Simple hepatic cyst,16,16,1.0,1.0,1.0,522.25,-12.5,4e-06,6,0.994422,D18.00,,
Text-1991:I-H,Text-1991,Digestive,Reasoning,I,H,Cavernous hemangioma,Focal nodular hyperplasia,16,16,1.0,1.0,1.0,1160.5625,-5.25,0.005218,2,0.994422,D18.00,,
Text-1991:I-J,Text-1991,Digestive,Reasoning,I,J,Cavernous hemangioma,Hepatocellular carcinoma,16,16,1.0,1.0,1.0,489.4375,-9.0,0.000123,4,0.994422,D18.00,C22.8,1.0
Text-1999:G-A,Text-1999,Skeletal,Reasoning,G,A,left-on-left sacral torsion,right-on-right sacral torsion,16,16,0.125,0.25,0.0,904.0,4.75,8e-06,4,0.0,,,
Text-1999:G-B,Text-1999,Skeletal,Reasoning,G,B,left-on-left sacral torsion,sacral base posterior dysfunction,16,16,0.9375,0.875,1.0,632.8125,1.0,0.0,5,0.0,,,
Text-1999:G-C,Text-1999,Skeletal,Reasoning,G,C,left-on-left sacral torsion,unilateral sacral flexion on the left,16,16,1.0,1.0,1.0,671.625,-1.5,0.0,8,0.0,,,
Text-1999:G-D,Text-1999,Skeletal,Reasoning,G,D,left-on-left sacral torsion,right-on-left sacral torsion,16,16,0.0625,0.125,0.0,822.8125,16.5,0.995864,1,0.0,,,
Text-1999:G-E,Text-1999,Skeletal,Reasoning,G,E,left-on-left sacral torsion,left-on-right sacral torsion,16,16,0.1875,0.375,0.0,851.6875,11.0,0.00407,2,0.0,,,
Text-1999:G-F,Text-1999,Skeletal,Reasoning,G,F,left-on-left sacral torsion,sacral base anterior dysfunction,16,16,0.9375,1.0,0.875,577.875,1.0,0.0,5,0.0,,,
Text-1999:G-H,Text-1999,Skeletal,Reasoning,G,H,left-on-left sacral torsion,bilateral sacral extension,16,16,1.0,1.0,1.0,560.8125,-2.75,0.0,10,0.0,,,
Text-1999:G-I,Text-1999,Skeletal,Reasoning,G,I,left-on-left sacral torsion,bilateral sacral flexion,16,16,1.0,1.0,1.0,556.8125,-2.0,0.0,9,0.0,,,
Text-1999:G-J,Text-1999,Skeletal,Reasoning,G,J,left-on-left sacral torsion,right unilateral sacral flexion,16,16,0.9375,0.875,1.0,736.9375,6.75,5.8e-05,3,0.0,,,
Text-2009:C-A,Text-2009,Digestive,Reasoning,C,A,Colon cancer,Ischemic colitis,16,16,1.0,1.0,1.0,1554.625,-8.75,2e-06,4,0.010914,,K55.9,
Text-2009:C-B,Text-2009,Digestive,Reasoning,C,B,Colon cancer,Liver metastases from an unknown primary tumor,16,16,1.0,1.0,1.0,1617.75,-10.25,0.0,7,0.010914,,,
Text-2009:C-D,Text-2009,Digestive,Reasoning,C,D,Colon cancer,Acute appendicitis,16,16,1.0,1.0,1.0,1222.4375,-17.25,0.0,10,0.010914,,K35.80,
Text-2009:C-E,Text-2009,Digestive,Reasoning,C,E,Colon cancer,Crohn's disease,16,16,1.0,1.0,1.0,1409.5,-13.25,0.0,9,0.010914,,K50.9,
Text-2009:C-F,Text-2009,Digestive,Reasoning,C,F,Colon cancer,Diverticulitis,16,16,1.0,1.0,1.0,1459.875,-9.75,1e-06,6,0.010914,,K57,
Text-2009:C-G,Text-2009,Digestive,Reasoning,C,G,Colon cancer,Hepatocellular carcinoma,16,16,0.8125,0.75,0.875,2451.0625,-9.5,1e-06,5,0.010914,,C22.8,
Text-2009:C-H,Text-2009,Digestive,Reasoning,C,H,Colon cancer,Nonalcoholic steatohepatitis (NASH),16,16,1.0,1.0,1.0,1523.125,-12.75,0.0,8,0.010914,,K75.81,
Text-2009:C-I,Text-2009,Digestive,Reasoning,C,I,Colon cancer,Pancreatic cancer,16,16,0.125,0.0,0.25,1694.625,4.5,0.982462,1,0.010914,,C25.9,
Text-2009:C-J,Text-2009,Digestive,Reasoning,C,J,Colon cancer,Gallbladder carcinoma,16,16,0.25,0.25,0.25,2091.5,-0.5,0.00662,3,0.010914,,D01.5,
Text-2010:G-A,Text-2010,Muscular,Reasoning,G,A,Anteriorly rotated clavicle,Rotator cuff impingement syndrome,16,16,0.9375,0.875,1.0,1191.6875,-6.25,9.5e-05,7,0.049387,,,
Text-2010:G-B,Text-2010,Muscular,Reasoning,G,B,Anteriorly rotated clavicle,First rib dysfunction,16,16,1.0,1.0,1.0,782.6875,-7.0,4.5e-05,8,0.049387,,,
Text-2010:G-C,Text-2010,Muscular,Reasoning,G,C,Anteriorly rotated clavicle,Acromioclavicular joint arthritis,16,16,0.375,0.0,0.75,1187.3125,1.25,0.172377,2,0.049387,,,
Text-2010:G-D,Text-2010,Muscular,Reasoning,G,D,Anteriorly rotated clavicle,Pectoralis minor muscle strain,16,16,0.875,0.75,1.0,1035.0625,-9.25,5e-06,10,0.049387,,,
Text-2010:G-E,Text-2010,Muscular,Reasoning,G,E,Anteriorly rotated clavicle,Costoclavicular ligament strain,16,16,0.5625,0.125,1.0,1309.5,-4.0,0.000905,5,0.049387,,,
Text-2010:G-F,Text-2010,Muscular,Reasoning,G,F,Anteriorly rotated clavicle,Superior clavicle at the sternoclavicular joint,16,16,0.875,0.875,0.875,1573.5,2.75,0.772539,1,0.049387,,,
Text-2010:G-H,Text-2010,Muscular,Reasoning,G,H,Anteriorly rotated clavicle,Inferior clavicle at the acromioclavicular joint,16,16,0.9375,0.875,1.0,1408.875,-7.0,4.5e-05,8,0.049387,,,
Text-2010:G-I,Text-2010,Muscular,Reasoning,G,I,Anteriorly rotated clavicle,Posteriorly rotated clavicle,16,16,0.25,0.5,0.0,1463.875,-4.5,0.000549,6,0.049387,,,
Text-2010:G-J,Text-2010,Muscular,Reasoning,G,J,Anteriorly rotated clavicle,Inhalation dysfunction of the first rib,16,16,0.75,0.5,1.0,1037.8125,-2.5,0.004054,4,0.049387,,,
Text-2019:H-A,Text-2019,Skeletal,Understanding,H,A,Bilaterally flexed sacrum about the middle transverse axis,Bilaterally extended sacrum about the inferior transverse axis,16,16,0.875,0.75,1.0,1264.1875,2.25,0.00346,3,0.000365,,,
Text-2019:H-B,Text-2019,Skeletal,Understanding,H,B,Bilaterally flexed sacrum about the middle transverse axis,Unilaterally flexed sacrum about the middle transverse axis,16,16,1.0,1.0,1.0,766.5625,0.0,0.000365,6,0.000365,,,
Text-2019:H-C,Text-2019,Skeletal,Understanding,H,C,Bilaterally flexed sacrum about the middle transverse axis,Bilaterally flexed sacrum about the superior transverse axis,16,16,0.3125,0.5,0.125,858.375,-1.25,0.000104,9,0.000365,,,
Text-2019:H-D,Text-2019,Skeletal,Understanding,H,D,Bilaterally flexed sacrum about the middle transverse axis,Bilaterally extended sacrum about the middle transverse axis,16,16,0.875,0.875,0.875,1229.0,7.75,0.84666,1,0.000365,,,
Text-2019:H-E,Text-2019,Skeletal,Understanding,H,E,Bilaterally flexed sacrum about the middle transverse axis,Bilaterally extended sacrum about the superior transverse axis,16,16,0.9375,0.875,1.0,1203.6875,6.0,0.147127,2,0.000365,,,
Text-2019:H-F,Text-2019,Skeletal,Understanding,H,F,Bilaterally flexed sacrum about the middle transverse axis,Bilaterally flexed sacrum about the inferior transverse axis,16,16,0.5,0.625,0.375,899.0625,0.25,0.000468,5,0.000365,,,
Text-2019:H-G,Text-2019,Skeletal,Understanding,H,G,Bilaterally flexed sacrum about the middle transverse axis,Unilaterally flexed sacrum about the right oblique axis,16,16,1.0,1.0,1.0,707.8125,-4.25,5e-06,10,0.000365,,,
Text-2019:H-I,Text-2019,Skeletal,Understanding,H,I,Bilaterally flexed sacrum about the middle transverse axis,Bilaterally rotated sacrum about the vertical axis,16,16,0.9375,0.875,1.0,1019.125,-0.75,0.000172,8,0.000365,,,
Text-2019:H-J,Text-2019,Skeletal,Understanding,H,J,Bilaterally flexed sacrum about the middle transverse axis,Unilaterally extended sacrum about the left oblique axis,16,16,1.0,1.0,1.0,920.5625,1.25,0.001273,4,0.000365,,,
Text-2035:I-A,Text-2035,Skeletal,Reasoning,I,A,C2 ERLSL,C3 NRLSL,16,16,1.0,1.0,1.0,1432.6875,-3.75,2.7e-05,4,0.001168,,,
Text-2035:I-B,Text-2035,Skeletal,Reasoning,I,B,C2 ERLSL,C1 NRSR,16,16,0.5625,0.25,0.875,2039.5625,-4.25,1.7e-05,5,0.001168,,,
Text-2035:I-C,Text-2035,Skeletal,Reasoning,I,C,C2 ERLSL,C3 FRLSL,16,16,0.9375,0.875,1.0,1392.4375,-9.25,0.0,10,0.001168,,,
Text-2035:I-D,Text-2035,Skeletal,Reasoning,I,D,C2 ERLSL,C2 FRSR,16,16,0.8125,0.875,0.75,1697.125,-9.0,0.0,9,0.001168,,,
Text-2035:I-E,Text-2035,Skeletal,Reasoning,I,E,C2 ERLSL,C1 ERRSL,16,16,0.25,0.125,0.375,1871.375,-4.75,1e-05,6,0.001168,,,
Text-2035:I-F,Text-2035,Skeletal,Reasoning,I,F,C2 ERLSL,C2 NRLSR,16,16,0.8125,0.875,0.75,1711.875,0.0,0.001168,2,0.001168,,,
Text-2035:I-G,Text-2035,Skeletal,Reasoning,I,G,C2 ERLSL,OA FRSR,16,16,1.0,1.0,1.0,1635.4375,-7.75,1e-06,8,0.001168,,,
Text-2035:I-H,Text-2035,Skeletal,Reasoning,I,H,C2 ERLSL,C4 ERLSL,16,16,1.0,1.0,1.0,1090.25,-6.75,1e-06,7,0.001168,,,
Text-2035:I-J,Text-2035,Skeletal,Reasoning,I,J,C2 ERLSL,AA RR,16,16,0.0,0.0,0.0,986.5625,6.75,0.997607,1,0.001168,,,
Text-2053:A-B,Text-2053,Skeletal,Reasoning,A,B,Coxa valga,Trochanteric bursitis,16,16,0.75,0.75,0.75,1522.1875,0.0,0.0,7,0.0,Q65.81,M70.6,0.0
Text-2053:A-C,Text-2053,Skeletal,Reasoning,A,C,Coxa valga,Developmental dysplasia of the hip,16,16,0.0625,0.0,0.125,1395.625,7.75,0.000276,3,0.0,Q65.81,,
Text-2053:A-D,Text-2053,Skeletal,Reasoning,A,D,Coxa valga,Hip osteoarthritis,16,16,0.9375,1.0,0.875,1244.6875,-3.0,0.0,10,0.0,Q65.81,M16,0.0
Text-2053:A-E,Text-2053,Skeletal,Reasoning,A,E,Coxa valga,Slipped capital femoral epiphysis,16,16,0.625,0.625,0.625,1733.25,2.0,1e-06,6,0.0,Q65.81,M93.003,0.0
Text-2053:A-F,Text-2053,Skeletal,Reasoning,A,F,Coxa valga,Patellofemoral pain syndrome,16,16,0.9375,1.0,0.875,904.5625,3.25,3e-06,5,0.0,Q65.81,,
Text-2053:A-G,Text-2053,Skeletal,Reasoning,A,G,Coxa valga,Femoral head necrosis,16,16,0.9375,0.875,1.0,1393.25,-0.25,0.0,9,0.0,Q65.81,,
Text-2053:A-H,Text-2053,Skeletal,Reasoning,A,H,Coxa valga,Femoral anteversion,16,16,0.0625,0.125,0.0,1227.9375,15.25,0.499721,1,0.0,Q65.81,,
Text-2053:A-I,Text-2053,Skeletal,Reasoning,A,I,Coxa valga,Genu varus,16,16,1.0,1.0,1.0,1070.0,15.25,0.499721,1,0.0,Q65.81,,
Text-2053:A-J,Text-2053,Skeletal,Reasoning,A,J,Coxa valga,Short leg syndrome,16,16,0.25,0.0,0.5,1315.875,7.75,0.000276,3,0.0,Q65.81,,
Text-2072:D-A,Text-2072,Digestive,Reasoning,D,A,Irritable bowel syndrome,Giardiasis,16,16,1.0,1.0,1.0,831.5625,-15.0,0.0,6,0.952452,K58,A07.1,0.0
Text-2072:D-B,Text-2072,Digestive,Reasoning,D,B,Irritable bowel syndrome,Lactose intolerance,16,16,1.0,1.0,1.0,577.9375,-17.5,0.0,7,0.952452,K58,E73,0.0
Text-2072:D-C,Text-2072,Digestive,Reasoning,D,C,Irritable bowel syndrome,Ulcerative colitis,16,16,1.0,1.0,1.0,860.375,-18.0,0.0,10,0.952452,K58,K51,1.0
Text-2072:D-E,Text-2072,Digestive,Reasoning,D,E,Irritable bowel syndrome,Chronic cryptosporidiosis,16,16,1.0,1.0,1.0,823.1875,-17.5,0.0,7,0.952452,K58,,
Text-2072:D-F,Text-2072,Digestive,Reasoning,D,F,Irritable bowel syndrome,Celiac disease,16,16,1.0,1.0,1.0,661.8125,-17.5,0.0,7,0.952452,K58,K90.0,1.0
Text-2072:D-G,Text-2072,Digestive,Reasoning,D,G,Irritable bowel syndrome,Inflammatory bowel disease,16,16,1.0,1.0,1.0,839.6875,-14.75,0.0,5,0.952452,K58,K52.9,1.0
Text-2072:D-H,Text-2072,Digestive,Reasoning,D,H,Irritable bowel syndrome,Post-infectious IBS,16,16,0.1875,0.0,0.375,1113.5,-3.0,0.04742,2,0.952452,K58,,
Text-2072:D-I,Text-2072,Digestive,Reasoning,D,I,Irritable bowel syndrome,Microscopic colitis,16,16,0.75,0.75,0.75,1302.125,-9.0,0.000118,3,0.952452,K58,K52.83,1.0
Text-2072:D-J,Text-2072,Digestive,Reasoning,D,J,Irritable bowel syndrome,Chronic amoebiasis,16,16,1.0,1.0,1.0,728.25,-11.5,1e-05,4,0.952452,K58,,
Text-2082:F-A,Text-2082,Endocrine,Reasoning,F,A,Vaginal septum,Imperforate hymen,16,16,0.0,0.0,0.0,1655.0625,1.5,0.0,5,0.0,Q52.1,Q52.3,2.0
Text-2082:F-B,Text-2082,Endocrine,Reasoning,F,B,Vaginal septum,Müllerian agenesis,16,16,0.75,0.625,0.875,1581.9375,0.25,0.0,6,0.0,Q52.1,,
Text-2082:F-C,Text-2082,Endocrine,Reasoning,F,C,Vaginal septum,Kallmann syndrome,16,16,0.0,0.0,0.0,2301.75,16.5,0.017982,2,0.0,Q52.1,,
Text-2082:F-D,Text-2082,Endocrine,Reasoning,F,D,Vaginal septum,Normal development,16,16,0.0,0.0,0.0,1002.9375,-0.75,0.0,8,0.0,Q52.1,R62.5,0.0
Text-2082:F-E,Text-2082,Endocrine,Reasoning,F,E,Vaginal septum,Hypothalamic amenorrhea,16,16,0.0,0.0,0.0,1461.8125,20.5,0.981762,1,0.0,Q52.1,,
Text-2082:F-G,Text-2082,Endocrine,Reasoning,F,G,Vaginal septum,Androgen insensitivity syndrome,16,15,0.6,0.14285714285714285,1.0,2336.0666666666666,-7.125,0.0,10,0.0,Q52.1,E34.50,0.0
Text-2082:F-H,Text-2082,Endocrine,Reasoning,F,H,Vaginal septum,Polycystic ovary syndrome,16,14,0.35714285714285715,0.16666666666666666,0.5,2085.4285714285716,-3.0,0.0,9,0.0,Q52.1,,
Text-2082:F-I,Text-2082,Endocrine,Reasoning,F,I,Vaginal septum,Gonadal dysgenesis,16,15,0.06666666666666667,0.0,0.14285714285714285,2259.5333333333333,1.75,0.0,4,0.0,Q52.1,Q96.9,1.0
Text-2082:F-J,Text-2082,Endocrine,Reasoning,F,J,Vaginal septum,Constitutional delay of puberty,16,16,0.0,0.0,0.0,702.3125,12.25,0.000256,3,0.0,Q52.1,,
Text-2108:H-A,Text-2108,Nervous,Reasoning,H,A,Lateral strain,Cranial compression,16,16,0.6875,0.375,1.0,645.5625,-5.75,0.0,8,7.5e-05,,,
Text-2108:H-B,Text-2108,Nervous,Reasoning,H,B,Lateral strain,Vertical strain,16,16,0.875,1.0,0.75,635.4375,-0.25,5.8e-05,4,7.5e-05,,,
Text-2108:H-C,Text-2108,Nervous,Reasoning,H,C,Lateral strain,Flexion/extension dysfunction,16,16,1.0,1.0,1.0,611.75,-5.75,0.0,8,7.5e-05,,,
Text-2108:H-D,Text-2108,Nervous,Reasoning,H,D,Lateral strain,Torsion strain,16,16,0.0,0.0,0.0,509.5625,-4.75,1e-06,6,7.5e-05,,,
Text-2108:H-E,Text-2108,Nervous,Reasoning,H,E,Lateral strain,Inferior vertical strain,16,16,0.75,0.75,0.75,793.8125,-4.25,1e-06,5,7.5e-05,,,
Text-2108:H-F,Text-2108,Nervous,Reasoning,H,F,Lateral strain,Temporal bone dysfunction,16,16,1.0,1.0,1.0,687.625,-6.5,0.0,10,7.5e-05,,,
Text-2108:H-G,Text-2108,Nervous,Reasoning,H,G,Lateral strain,Sphenobasilar synchondrosis dysfunction,16,16,0.0625,0.0,0.125,633.625,-4.75,1e-06,6,7.5e-05,,,
Text-2108:H-I,Text-2108,Nervous,Reasoning,H,I,Lateral strain,Sidebending/rotation,16,16,0.0,0.0,0.0,591.375,9.5,0.996692,1,7.5e-05,,,
Text-2108:H-J,Text-2108,Nervous,Reasoning,H,J,Lateral strain,Superior vertical strain,16,16,0.75,0.875,0.625,749.0625,3.75,0.003172,2,7.5e-05,,,
Text-2110:J-A,Text-2110,Digestive,Reasoning,J,A,Ischemic colitis,Acute mesenteric ischemia,16,16,0.875,0.875,0.875,1361.9375,1.0,0.0,2,0.0,K55.9,,
Text-2110:J-B,Text-2110,Digestive,Reasoning,J,B,Ischemic colitis,Pancreatic insufficiency,16,16,0.25,0.0,0.5,1356.9375,-2.75,0.0,6,0.0,K55.9,K86.81,1.0
Text-2110:J-C,Text-2110,Digestive,Reasoning,J,C,Ischemic colitis,Small intestinal bacterial overgrowth,16,16,0.0,0.0,0.0,613.0625,-3.0,0.0,7,0.0,K55.9,K63.8219,1.0
Text-2110:J-D,Text-2110,Digestive,Reasoning,J,D,Ischemic colitis,Lactose intolerance,16,16,0.75,0.5,1.0,1170.125,-3.75,0.0,9,0.0,K55.9,E73,0.0
Text-2110:J-E,Text-2110,Digestive,Reasoning,J,E,Ischemic colitis,Peptic ulcer disease,16,16,0.625,0.25,1.0,1286.5,-3.5,0.0,8,0.0,K55.9,K27,1.0
Text-2110:J-F,Text-2110,Digestive,Reasoning,J,F,Ischemic colitis,Diverticular disease,16,16,0.8125,0.625,1.0,1105.0625,0.5,0.0,3,0.0,K55.9,,
Text-2110:J-G,Text-2110,Digestive,Reasoning,J,G,Ischemic colitis,Chronic mesenteric ischemia,16,16,0.0,0.0,0.0,456.3125,21.0,1.0,1,0.0,K55.9,,
Text-2110:J-H,Text-2110,Digestive,Reasoning,J,H,Ischemic colitis,Celiac disease,16,16,0.1875,0.0,0.375,1293.25,-0.75,0.0,5,0.0,K55.9,K90.0,1.0
Text-2110:J-I,Text-2110,Digestive,Reasoning,J,I,Ischemic colitis,Irritable bowel syndrome,16,16,1.0,1.0,1.0,915.0625,-6.375,0.0,10,0.0,K55.9,K58,1.0
Text-2133:E-A,Text-2133,Integumentary,Reasoning,E,A,Cutaneous anthrax,Ulceroglandular tularemia,16,16,0.6875,0.75,0.625,1465.875,16.5,0.924142,1,0.0,A22.0,A21.0,1.0
Text-2133:E-B,Text-2133,Integumentary,Reasoning,E,B,Cutaneous anthrax,Necrotizing fasciitis,16,16,1.0,1.0,1.0,573.5,-3.0,0.0,4,0.0,A22.0,M72.6,0.0
Text-2133:E-C,Text-2133,Integumentary,Reasoning,E,C,Cutaneous anthrax,Tularemia,16,16,1.0,1.0,1.0,995.1875,14.0,0.075858,2,0.0,A22.0,A21.9,1.0
Text-2133:E-D,Text-2133,Integumentary,Reasoning,E,D,Cutaneous anthrax,Ecthyma gangrenosum,16,16,1.0,1.0,1.0,763.125,-5.25,0.0,5,0.0,A22.0,,
Text-2133:E-F,Text-2133,Integumentary,Reasoning,E,F,Cutaneous anthrax,Bacillary angiomatosis,16,16,1.0,1.0,1.0,557.875,-9.0,0.0,7,0.0,A22.0,,
Text-2133:E-G,Text-2133,Integumentary,Reasoning,E,G,Cutaneous anthrax,Cutaneous leishmaniasis,16,16,0.9375,1.0,0.875,942.25,-8.75,0.0,6,0.0,A22.0,B55.1,1.0
Text-2133:E-H,Text-2133,Integumentary,Reasoning,E,H,Cutaneous anthrax,Sporotrichosis,16,16,1.0,1.0,1.0,672.0625,-12.5,0.0,9,0.0,A22.0,B42.9,1.0
Text-2133:E-I,Text-2133,Integumentary,Reasoning,E,I,Cutaneous anthrax,Pyoderma gangrenosum,16,16,1.0,1.0,1.0,593.75,-12.75,0.0,10,0.0,A22.0,L88,0.0
Text-2133:E-J,Text-2133,Integumentary,Reasoning,E,J,Cutaneous anthrax,Impetigo,16,16,1.0,1.0,1.0,501.75,-9.25,0.0,8,0.0,A22.0,L01.0,0.0
Text-2176:H-A,Text-2176,Reproductive,Reasoning,H,A,Midcycle pain,Functional ovarian cyst,16,16,0.125,0.0,0.25,1493.4375,9.5,0.0,3,0.0,,,
Text-2176:H-B,Text-2176,Reproductive,Reasoning,H,B,Midcycle pain,Endometriosis,16,16,0.125,0.0,0.25,1615.6875,4.75,0.0,6,0.0,,N80,
Text-2176:H-C,Text-2176,Reproductive,Reasoning,H,C,Midcycle pain,Ruptured ectopic pregnancy,16,16,0.0,0.0,0.0,1275.75,5.25,0.0,5,0.0,,,
Text-2176:H-D,Text-2176,Reproductive,Reasoning,H,D,Midcycle pain,Ovarian cyst rupture,16,16,0.0,0.0,0.0,1176.125,3.375,0.0,7,0.0,,,
Text-2176:H-E,Text-2176,Reproductive,Reasoning,H,E,Midcycle pain,Acute appendicitis,16,16,0.0,0.0,0.0,1193.375,28.0,1.0,1,0.0,,K35.80,
Text-2176:H-F,Text-2176,Reproductive,Reasoning,H,F,Midcycle pain,Tubo-ovarian abscess,16,16,0.0,0.0,0.0,775.9375,10.0,0.0,2,0.0,,,
Text-2176:H-G,Text-2176,Reproductive,Reasoning,H,G,Midcycle pain,Acute salpingitis,16,16,0.0,0.0,0.0,744.625,0.375,0.0,9,0.0,,N70.01,
Text-2176:H-I,Text-2176,Reproductive,Reasoning,H,I,Midcycle pain,Mesenteric adenitis,16,16,0.25,0.125,0.375,1800.375,2.875,0.0,8,0.0,,,
Text-2176:H-J,Text-2176,Reproductive,Reasoning,H,J,Midcycle pain,Pelvic inflammatory disease,16,16,0.0,0.0,0.0,883.625,8.75,0.0,4,0.0,,N73.9,
Text-2179:B-A,Text-2179,Endocrine,Understanding,B,A,Secondary pure red cell aplasia,Thymoma-associated myelodysplasia,16,16,0.375,0.25,0.5,2749.3125,-6.75,1e-06,5,0.00071,D60,,
Text-2179:B-C,Text-2179,Endocrine,Understanding,B,C,Secondary pure red cell aplasia,Autoimmune pure red cell aplasia,16,16,0.6875,0.625,0.75,2628.9375,-8.0,0.0,6,0.00071,D60,,
Text-2179:B-D,Text-2179,Endocrine,Understanding,B,D,Secondary pure red cell aplasia,Acquired sideroblastic anemia,16,16,0.875,0.875,0.875,2739.4375,-13.25,0.0,10,0.00071,D60,,
Text-2179:B-E,Text-2179,Endocrine,Understanding,B,E,Secondary pure red cell aplasia,Paraneoplastic erythroid hypoplasia,16,16,0.0,0.0,0.0,1533.4375,7.25,0.999277,1,0.00071,D60,,
Text-2179:B-F,Text-2179,Endocrine,Understanding,B,F,Secondary pure red cell aplasia,Thymoma-induced bone marrow suppression,16,16,0.8125,0.625,1.0,2908.0625,-5.75,2e-06,4,0.00071,D60,,
Text-2179:B-G,Text-2179,Endocrine,Understanding,B,G,Secondary pure red cell aplasia,Diamond-Blackfan anemia,16,16,1.0,1.0,1.0,1746.125,-12.75,0.0,9,0.00071,D60,,
Text-2179:B-H,Text-2179,Endocrine,Understanding,B,H,Secondary pure red cell aplasia,Anemia of chronic disease,16,16,0.875,0.875,0.875,3045.25,-12.25,0.0,8,0.00071,D60,D63,1.0
Text-2179:B-I,Text-2179,Endocrine,Understanding,B,I,Secondary pure red cell aplasia,Myelophthisic anemia,16,16,0.9375,0.875,1.0,2641.8125,-9.25,0.0,7,0.00071,D60,D61.82,1.0
Text-2179:B-J,Text-2179,Endocrine,Understanding,B,J,Secondary pure red cell aplasia,Chronic erythroid maturation arrest,16,16,0.5625,0.5,0.625,2661.75,-4.25,1e-05,3,0.00071,D60,,
Text-2220:D-A,Text-2220,Muscular,Reasoning,D,A,anterior fibular head dysfunction,medial meniscus tear,16,16,1.0,1.0,1.0,544.8125,-0.75,0.0,9,0.0,,S83.2,
Text-2220:D-B,Text-2220,Muscular,Reasoning,D,B,anterior fibular head dysfunction,posterior fibular head dysfunction,16,16,0.125,0.25,0.0,1089.5625,4.375,0.0,5,0.0,,,
Text-2220:D-C,Text-2220,Muscular,Reasoning,D,C,anterior fibular head dysfunction,popliteus muscle strain,16,16,1.0,1.0,1.0,653.875,-0.75,0.0,9,0.0,,,
Text-2220:D-E,Text-2220,Muscular,Reasoning,D,E,anterior fibular head dysfunction,lateral collateral ligament sprain,16,16,1.0,1.0,1.0,709.0625,2.875,0.0,6,0.0,,S83.42,
Text-2220:D-F,Text-2220,Muscular,Reasoning,D,F,anterior fibular head dysfunction,patellofemoral pain syndrome,16,16,1.0,1.0,1.0,617.9375,4.875,0.0,4,0.0,,,
Text-2220:D-G,Text-2220,Muscular,Reasoning,D,G,anterior fibular head dysfunction,stress fracture of the fibula,16,16,1.0,1.0,1.0,894.25,0.0,0.0,7,0.0,,M84.36,
Text-2220:D-H,Text-2220,Muscular,Reasoning,D,H,anterior fibular head dysfunction,peroneal nerve entrapment,16,16,0.0625,0.0,0.125,993.3125,16.625,0.00071,2,0.0,,,
Text-2220:D-I,Text-2220,Muscular,Reasoning,D,I,anterior fibular head dysfunction,iliotibial band syndrome,16,16,0.5625,0.875,0.25,1442.0,23.875,0.999289,1,0.0,,M76.3,
Text-2220:D-J,Text-2220,Muscular,Reasoning,D,J,anterior fibular head dysfunction,tibiofibular joint instability,16,16,0.9375,0.875,1.0,887.5625,9.875,1e-06,3,0.0,,,
Text-2275:B-A,Text-2275,Endocrine,Reasoning,B,A,Drug-induced lupus,Methotrexate-induced pneumonitis,16,16,0.5,0.25,0.75,2183.6875,0.0,0.0,3,0.0,M32.0,,
Text-2275:B-C,Text-2275,Endocrine,Reasoning,B,C,Drug-induced lupus,Seronegative rheumatoid arthritis with extra-articular manifestations,16,16,1.0,1.0,1.0,2078.4375,-4.625,0.0,9,0.0,M32.0,,
Text-2275:B-D,Text-2275,Endocrine,Reasoning,B,D,Drug-induced lupus,Etanercept-induced hypersensitivity reaction,16,16,1.0,1.0,1.0,2056.75,-4.25,0.0,6,0.0,M32.0,,
Text-2275:B-E,Text-2275,Endocrine,Reasoning,B,E,Drug-induced lupus,Idiopathic pleurocutaneous syndrome,16,16,0.8125,1.0,0.625,2138.0,-0.75,0.0,5,0.0,M32.0,,
Text-2275:B-F,Text-2275,Endocrine,Reasoning,B,F,Drug-induced lupus,Systemic lupus erythematosus,16,16,0.0,0.0,0.0,540.5625,26.5,1.0,1,0.0,M32.0,M32.9,2.0
Text-2275:B-G,Text-2275,Endocrine,Reasoning,B,G,Drug-induced lupus,Rheumatoid arthritis flare,16,16,1.0,1.0,1.0,1381.9375,-4.5,0.0,8,0.0,M32.0,,
Text-2275:B-H,Text-2275,Endocrine,Reasoning,B,H,Drug-induced lupus,Viral infection mimicking autoimmune disease,16,15,1.0,1.0,1.0,2235.4,-5.125,0.0,10,0.0,M32.0,,
Text-2275:B-I,Text-2275,Endocrine,Reasoning,B,I,Drug-induced lupus,Mixed connective tissue disease,16,16,0.875,0.875,0.875,2526.9375,-4.375,0.0,7,0.0,M32.0,,
Text-2275:B-J,Text-2275,Endocrine,Reasoning,B,J,Drug-induced lupus,Rheumatoid arthritis flare with systemic symptoms,16,16,0.9375,0.875,1.0,2132.75,0.5,0.0,2,0.0,M32.0,,
Text-2290:J-A,Text-2290,Nervous,Reasoning,J,A,Normal infant crying,Milk protein allergy,16,16,1.0,1.0,1.0,588.9375,-23.75,0.0,4,0.095349,,,
Text-2290:J-B,Text-2290,Nervous,Reasoning,J,B,Normal infant crying,Attachment disorder,16,16,1.0,1.0,1.0,486.5625,-24.75,0.0,5,0.095349,,F94,
Text-2290:J-C,Text-2290,Nervous,Reasoning,J,C,Normal infant crying,Infantile colic,16,16,0.625,0.5,0.75,1216.9375,2.25,0.904651,1,0.095349,,R10.83,
Text-2290:J-D,Text-2290,Nervous,Reasoning,J,D,Normal infant crying,Early autism spectrum disorder,16,16,1.0,1.0,1.0,505.6875,-28.5,0.0,10,0.095349,,,
Text-2290:J-E,Text-2290,Nervous,Reasoning,J,E,Normal infant crying,Feeding intolerance,16,16,1.0,1.0,1.0,520.0,-26.25,0.0,7,0.095349,,,
Text-2290:J-F,Text-2290,Nervous,Reasoning,J,F,Normal infant crying,Sensory processing disorder,16,16,1.0,1.0,1.0,655.25,-26.25,0.0,7,0.095349,,,
Text-2290:J-G,Text-2290,Nervous,Reasoning,J,G,Normal infant crying,Infant regulatory disorder,16,16,1.0,1.0,1.0,652.9375,-26.0,0.0,6,0.095349,,,
Text-2290:J-H,Text-2290,Nervous,Reasoning,J,H,Normal infant crying,Sleep-wake cycle disturbance,16,16,1.0,1.0,1.0,674.9375,-28.0,0.0,9,0.095349,,,
Text-2290:J-I,Text-2290,Nervous,Reasoning,J,I,Normal infant crying,Gastroesophageal reflux disease,16,16,1.0,1.0,1.0,642.75,-21.0,0.0,3,0.095349,,K21,
Text-2291:E-A,Text-2291,Muscular,Reasoning,E,A,Precordial catch syndrome,Costochondritis,16,16,1.0,1.0,1.0,448.5625,-25.25,0.0,2,1.0,,M94.0,
Text-2291:E-B,Text-2291,Muscular,Reasoning,E,B,Precordial catch syndrome,Psychogenic chest pain,16,16,1.0,1.0,1.0,477.4375,-30.75,0.0,7,1.0,,,
Text-2291:E-C,Text-2291,Muscular,Reasoning,E,C,Precordial catch syndrome,Slipping rib syndrome,16,16,1.0,1.0,1.0,537.25,-30.25,0.0,6,1.0,,,
Text-2291:E-D,Text-2291,Muscular,Reasoning,E,D,Precordial catch syndrome,Mitral valve prolapse syndrome,16,16,1.0,1.0,1.0,504.8125,-32.25,0.0,8,1.0,,I34.1,
Text-2291:E-F,Text-2291,Muscular,Reasoning,E,F,Precordial catch syndrome,Pleuritis,16,16,1.0,1.0,1.0,490.6875,-28.5,0.0,4,1.0,,,
Text-2291:E-G,Text-2291,Muscular,Reasoning,E,G,Precordial catch syndrome,Pleurodynia,16,16,1.0,1.0,1.0,568.6875,-35.625,0.0,10,1.0,,R07.81,
Text-2291:E-H,Text-2291,Muscular,Reasoning,E,H,Precordial catch syndrome,Gastroesophageal reflux disease (GERD),16,16,1.0,1.0,1.0,446.6875,-34.5,0.0,9,1.0,,K21,
Text-2291:E-I,Text-2291,Muscular,Reasoning,E,I,Precordial catch syndrome,Musculoskeletal strain,16,16,1.0,1.0,1.0,473.5,-29.5,0.0,5,1.0,,,
Text-2291:E-J,Text-2291,Muscular,Reasoning,E,J,Precordial catch syndrome,Tietze’s syndrome,16,16,1.0,1.0,1.0,518.75,-27.25,0.0,3,1.0,,M94.0,
Text-2328:A-B,Text-2328,Skeletal,Reasoning,A,B,Lumbosacral strain,Ankylosing spondylitis,16,16,1.0,1.0,1.0,649.4375,-10.5,0.0,8,0.00014,,M45,
Text-2328:A-C,Text-2328,Skeletal,Reasoning,A,C,Lumbosacral strain,Sacroiliitis,16,16,1.0,1.0,1.0,662.4375,-11.375,0.0,9,0.00014,,M46.1,
Text-2328:A-D,Text-2328,Skeletal,Reasoning,A,D,Lumbosacral strain,Herniated disc,16,16,1.0,1.0,1.0,563.8125,-13.75,0.0,10,0.00014,,M51.9,
Text-2328:A-E,Text-2328,Skeletal,Reasoning,A,E,Lumbosacral strain,Renal osteodystrophy,16,16,1.0,1.0,1.0,914.0,-7.25,0.0,6,0.00014,,N25.0,
Text-2328:A-F,Text-2328,Skeletal,Reasoning,A,F,Lumbosacral strain,Degenerative disc disease,16,16,1.0,1.0,1.0,662.5,-1.5,3.1e-05,4,0.00014,,,
Text-2328:A-G,Text-2328,Skeletal,Reasoning,A,G,Lumbosacral strain,Osteoporotic fracture,16,16,0.9375,0.875,1.0,940.875,8.75,0.880645,1,0.00014,,,
Text-2328:A-H,Text-2328,Skeletal,Reasoning,A,H,Lumbosacral strain,Herniated lumbar disc,16,16,1.0,1.0,1.0,567.1875,-8.25,0.0,7,0.00014,,,
Text-2328:A-I,Text-2328,Skeletal,Reasoning,A,I,Lumbosacral strain,Vertebral compression fracture,16,16,0.3125,0.125,0.5,1135.0,6.75,0.119182,2,0.00014,,,
Text-2328:A-J,Text-2328,Skeletal,Reasoning,A,J,Lumbosacral strain,Spinal metastasis,16,16,1.0,1.0,1.0,646.8125,-4.5,2e-06,5,0.00014,,,
Text-2367:I-A,Text-2367,Reproductive,Understanding,I,A,5α-reductase deficiency,Persistent Müllerian duct syndrome,16,16,1.0,1.0,1.0,1645.5625,-7.25,0.0,5,0.000553,,,
Text-2367:I-B,Text-2367,Reproductive,Understanding,I,B,5α-reductase deficiency,Mixed gonadal dysgenesis,16,16,1.0,1.0,1.0,1438.375,-9.0,0.0,7,0.000553,,,
Text-2367:I-C,Text-2367,Reproductive,Understanding,I,C,5α-reductase deficiency,Aromatase deficiency,16,16,1.0,1.0,1.0,1507.3125,-12.0,0.0,9,0.000553,,,
Text-2367:I-D,Text-2367,Reproductive,Understanding,I,D,5α-reductase deficiency,Complete gonadal dysgenesis,16,16,1.0,1.0,1.0,1743.0625,-12.25,0.0,10,0.000553,,,
Text-2367:I-E,Text-2367,Reproductive,Understanding,I,E,5α-reductase deficiency,Congenital adrenal hyperplasia,16,16,1.0,1.0,1.0,1226.0,-7.5,0.0,6,0.000553,,E25.0,
Text-2367:I-F,Text-2367,Reproductive,Understanding,I,F,5α-reductase deficiency,Androgen insensitivity syndrome,16,16,0.6875,0.625,0.75,2158.0625,-3.0,2.8e-05,3,0.000553,,E34.50,
Text-2367:I-G,Text-2367,Reproductive,Understanding,I,G,5α-reductase deficiency,True hermaphroditism,16,16,1.0,1.0,1.0,1252.0625,-3.0,2.8e-05,3,0.000553,,,
Text-2367:I-H,Text-2367,Reproductive,Understanding,I,H,5α-reductase deficiency,Leydig cell hypoplasia,16,16,1.0,1.0,1.0,1110.75,-9.5,0.0,8,0.000553,,,
Text-2367:I-J,Text-2367,Reproductive,Understanding,I,J,5α-reductase deficiency,Ovotesticular disorder of sex development,16,16,1.0,1.0,1.0,1873.5,7.5,0.999391,1,0.000553,,,
Text-2410:D-A,Text-2410,Skeletal,Reasoning,D,A,Left on left sacral torsion,Right unilateral sacral flexion,16,16,0.5,0.5,0.5,1554.3125,5.75,0.008389,3,2.7e-05,,,
Text-2410:D-B,Text-2410,Skeletal,Reasoning,D,B,Left on left sacral torsion,Bilateral sacral extension,16,16,1.0,1.0,1.0,1049.4375,0.25,3.4e-05,8,2.7e-05,,,
Text-2410:D-C,Text-2410,Skeletal,Reasoning,D,C,Left on left sacral torsion,Sacral base posterior,16,16,0.9375,1.0,0.875,1037.75,-4.0,0.0,10,2.7e-05,,,
Text-2410:D-E,Text-2410,Skeletal,Reasoning,D,E,Left on left sacral torsion,Sacral base anterior,16,16,0.875,0.75,1.0,1456.4375,2.75,0.000418,6,2.7e-05,,,
Text-2410:D-F,Text-2410,Skeletal,Reasoning,D,F,Left on left sacral torsion,Right on right sacral torsion,16,16,0.0,0.0,0.0,678.0,10.5,0.96959,1,2.7e-05,,,
Text-2410:D-G,Text-2410,Skeletal,Reasoning,D,G,Left on left sacral torsion,Bilateral sacral flexion,16,16,1.0,1.0,1.0,1004.5625,0.5,4.4e-05,7,2.7e-05,,,
Text-2410:D-H,Text-2410,Skeletal,Reasoning,D,H,Left on left sacral torsion,Left on right sacral torsion,16,16,0.1875,0.375,0.0,1019.0,6.25,0.01383,2,2.7e-05,,,
Text-2410:D-I,Text-2410,Skeletal,Reasoning,D,I,Left on left sacral torsion,Left unilateral sacral extension,16,16,0.875,0.875,0.875,1232.8125,3.75,0.001135,5,2.7e-05,,,
Text-2410:D-J,Text-2410,Skeletal,Reasoning,D,J,Left on left sacral torsion,Right on left sacral torsion,16,16,0.0,0.0,0.0,1075.1875,5.5,0.006533,4,2.7e-05,,,
Text-2445:C-A,Text-2445,Digestive,Reasoning,C,A,Gastric ulcer,Biliary colic,16,16,1.0,1.0,1.0,736.75,-10.0,0.0,6,0.00117,K25,K80.50,1.0
Text-2445:C-B,Text-2445,Digestive,Reasoning,C,B,Gastric ulcer,Pancreatitis,16,16,1.0,1.0,1.0,600.8125,-12.25,0.0,7,0.00117,K25,,
Text-2445:C-D,Text-2445,Digestive,Reasoning,C,D,Gastric ulcer,Gastroesophageal reflux disease,16,16,1.0,1.0,1.0,786.25,-15.75,0.0,9,0.00117,K25,K21,1.0
Text-2445:C-E,Text-2445,Digestive,Reasoning,C,E,Gastric ulcer,Functional dyspepsia,16,16,0.4375,0.5,0.375,1321.125,6.75,0.998829,1,0.00117,K25,K30,1.0
Text-2445:C-F,Text-2445,Digestive,Reasoning,C,F,Gastric ulcer,Helicobacter pylori infection,16,16,1.0,1.0,1.0,1104.3125,-12.25,0.0,7,0.00117,K25,B96.81,0.0
Text-2445:C-G,Text-2445,Digestive,Reasoning,C,G,Gastric ulcer,Chronic pancreatitis,16,16,1.0,1.0,1.0,1091.3125,-16.75,0.0,10,0.00117,K25,K86.1,1.0
Text-2445:C-H,Text-2445,Digestive,Reasoning,C,H,Gastric ulcer,Duodenal ulcer,16,16,0.375,0.5,0.25,1938.875,-7.5,1e-06,3,0.00117,K25,K26,1.0
Text-2445:C-I,Text-2445,Digestive,Reasoning,C,I,Gastric ulcer,Chronic gastritis,16,16,1.0,1.0,1.0,1023.125,-8.75,0.0,4,0.00117,K25,K29,1.0
Text-2445:C-J,Text-2445,Digestive,Reasoning,C,J,Gastric ulcer,Gastroparesis,16,16,0.875,0.75,1.0,1294.25,-9.0,0.0,5,0.00117,K25,K31.84,1.0
Text-2449:C-A,Text-2449,Skeletal,Understanding,C,A,Parvovirus,Fibromyalgia,16,16,1.0,1.0,1.0,520.75,4.25,0.0,6,0.0,B34.3,M79.7,0.0
Text-2449:C-B,Text-2449,Skeletal,Understanding,C,B,Parvovirus,Rheumatoid arthritis,16,16,1.0,1.0,1.0,803.5,5.5,1e-06,4,0.0,B34.3,M06.9,0.0
Text-2449:C-D,Text-2449,Skeletal,Understanding,C,D,Parvovirus,Lyme disease,16,16,1.0,1.0,1.0,773.125,7.25,3e-06,3,0.0,B34.3,A69.20,1.0
Text-2449:C-E,Text-2449,Skeletal,Understanding,C,E,Parvovirus,Psoriatic arthritis,16,16,1.0,1.0,1.0,689.1875,3.5,0.0,8,0.0,B34.3,L40.52,0.0
Text-2449:C-F,Text-2449,Skeletal,Understanding,C,F,Parvovirus,Transient synovitis,16,16,1.0,1.0,1.0,551.0,4.0,0.0,7,0.0,B34.3,M67.30,0.0
Text-2449:C-G,Text-2449,Skeletal,Understanding,C,G,Parvovirus,Systemic lupus erythematosus,16,16,0.8125,0.625,1.0,870.125,3.0,0.0,9,0.0,B34.3,M32.9,0.0
Text-2449:C-H,Text-2449,Skeletal,Understanding,C,H,Parvovirus,Reactive arthritis,16,16,0.6875,0.625,0.75,1260.125,20.0,0.999286,1,0.0,B34.3,,
Text-2449:C-I,Text-2449,Skeletal,Understanding,C,I,Parvovirus,Viral arthritis due to hepatitis B infection,16,16,1.0,1.0,1.0,555.125,5.0,0.0,5,0.0,B34.3,,
Text-2449:C-J,Text-2449,Skeletal,Understanding,C,J,Parvovirus,Adult-onset Still’s disease,16,16,0.9375,0.875,1.0,901.1875,12.75,0.00071,2,0.0,B34.3,M06.1,0.0
