pair_id,source_id,question_type,body_system,correct_text,distractor_text,letter_biased,nothink_answer_ab,nothink_correct_ab,nothink_gap_ab,share_correct_ab,share_gap_up_ab,share_gap_down_ab,think_tokens_median_ab,cls_ab,nothink_answer_ba,nothink_correct_ba,nothink_gap_ba,share_correct_ba,share_gap_up_ba,share_gap_down_ba,think_tokens_median_ba,cls_ba,pair_cls
Text-1031:E-A,Text-1031,Reasoning,Nervous,Brain abscess,Viral meningitis,False,A,True,0.7499999701976776,1.0,1.0,0.0,1122.0,helps,B,True,0.25,1.0,1.0,0.0,1209.5,helps,helps
Text-1031:E-B,Text-1031,Reasoning,Nervous,Brain abscess,Intracranial tumor,False,B,False,-3.2499999403953552,0.0,0.0,1.0,1230.5,hurts,A,False,-4.7500000186264515,0.0,0.0,1.0,1018.5,hurts,hurts
Text-1031:E-C,Text-1031,Reasoning,Nervous,Brain abscess,Subdural hematoma,False,A,True,2.7499999962747097,0.5,0.5,0.5,1559.0,neutral,B,True,4.250000044703484,0.3,0.1,0.9,1623.0,hurts,mixed
Text-1031:E-D,Text-1031,Reasoning,Nervous,Brain abscess,Migraine with aura,False,B,False,-3.9999998919665813,0.03333333333333333,0.06666666666666667,0.9,1367.0,hurts,A,False,-1.7499999850988388,0.03333333333333333,0.03333333333333333,0.9,1425.0,hurts,hurts
Text-1031:E-F,Text-1031,Reasoning,Nervous,Brain abscess,Acute stroke,False,B,False,-11.749999761612344,0.0,0.06666666666666667,0.9,855.5,hurts,A,False,-14.749999642372188,0.0,0.0,1.0,725.5,hurts,hurts
Text-1031:E-G,Text-1031,Reasoning,Nervous,Brain abscess,Transient ischemic attack,False,B,False,-5.250000011175871,0.13333333333333333,0.3,0.7,1712.0,hurts,A,False,-6.000000086612999,0.0,0.03333333333333333,0.9666666666666667,1286.5,hurts,hurts
Text-1031:E-H,Text-1031,Reasoning,Nervous,Brain abscess,Conversion disorder,True,B,False,-1.25,0.1,0.1,0.8666666666666667,1091.5,excluded,B,True,0.9999999701976776,0.23333333333333334,0.23333333333333334,0.7666666666666667,1299.0,excluded,excluded
Text-1031:E-I,Text-1031,Reasoning,Nervous,Brain abscess,Cerebral venous thrombosis,False,B,False,-6.000000086612999,0.0,0.0,1.0,936.5,hurts,A,False,-6.749999969732016,0.0,0.0,1.0,843.5,hurts,hurts
Text-1031:E-J,Text-1031,Reasoning,Nervous,Brain abscess,Viral encephalitis,False,B,False,-2.7499999962747097,0.03333333333333333,0.06666666666666667,0.9333333333333333,1578.5,hurts,A,False,-2.9999999925494194,0.13333333333333333,0.16666666666666666,0.8,1602.0,hurts,hurts
Text-1037:D-A,Text-1037,Reasoning,Nervous,Malingering,Munchausen syndrome,False,A,True,0.9999999701976776,0.9333333333333333,0.9333333333333333,0.06666666666666667,1571.0,helps,B,True,6.000000086612999,1.0,1.0,0.0,1554.5,helps,helps
Text-1037:D-B,Text-1037,Reasoning,Nervous,Malingering,Radiculopathy,False,B,False,-11.250000357712452,0.0,0.13333333333333333,0.8333333333333334,1395.0,hurts,A,False,-4.250000044703484,0.06666666666666667,0.06666666666666667,0.9333333333333333,1923.0,hurts,hurts
Text-1037:D-C,Text-1037,Reasoning,Nervous,Malingering,Neuropraxia,False,B,False,-6.50000017543789,0.0,0.03333333333333333,0.9666666666666667,1374.0,hurts,A,False,-0.5,0.3333333333333333,0.3333333333333333,0.6666666666666666,1817.0,neutral,mixed
Text-1037:D-E,Text-1037,Reasoning,Nervous,Malingering,Anxiety disorder,True,B,False,-1.7499999850988388,0.8666666666666667,0.8666666666666667,0.13333333333333333,1747.5,excluded,B,True,6.749999969732016,1.0,1.0,0.0,1406.5,excluded,excluded
Text-1037:D-F,Text-1037,Reasoning,Nervous,Malingering,Factitious disorder,True,B,False,-2.5000000968575478,0.5333333333333333,0.5333333333333333,0.4666666666666667,1832.5,excluded,B,True,3.2499999403953552,0.9333333333333333,0.9333333333333333,0.06666666666666667,1654.0,excluded,excluded
Text-1037:D-G,Text-1037,Reasoning,Nervous,Malingering,Psychogenic paresis,True,B,False,-5.499999983236194,0.0,0.03333333333333333,0.9666666666666667,1240.0,excluded,B,True,0.9999999701976776,0.5333333333333333,0.5333333333333333,0.4666666666666667,1524.0,excluded,excluded
Text-1037:D-H,Text-1037,Reasoning,Nervous,Malingering,Functional neurological symptom disorder,False,B,False,-9.499999525964085,0.0,0.0,1.0,779.0,hurts,A,False,-5.749999928288162,0.0,0.0,1.0,1176.5,hurts,hurts
Text-1037:D-I,Text-1037,Reasoning,Nervous,Malingering,Somatic symptom disorder,True,B,False,-5.250000011175871,0.0,0.03333333333333333,0.9666666666666667,1489.0,excluded,B,True,4.7500000186264515,0.8333333333333334,0.8,0.2,1851.0,excluded,excluded
Text-1037:D-J,Text-1037,Reasoning,Nervous,Malingering,Conversion disorder,False,B,False,-12.750000000004093,0.0,0.06666666666666667,0.9333333333333333,694.5,hurts,A,False,-4.250000044703484,0.0,0.0,1.0,1071.0,hurts,hurts
Text-1074:A-B,Text-1074,Reasoning,Urinary,Normal anion gap metabolic acidosis and respiratory acidosis,"Triple acid-base disorder: metabolic acidosis, respiratory acidosis, and metabolic alkalosis",False,B,False,-0.9999999701976776,0.5666666666666667,0.5666666666666667,0.43333333333333335,3713.5,neutral,A,False,-4.7500000186264515,1.0,1.0,0.0,3041.5,helps,mixed
Text-1074:A-C,Text-1074,Reasoning,Urinary,Normal anion gap metabolic acidosis and respiratory acidosis,Mixed metabolic acidosis with appropriate respiratory compensation,False,B,False,-10.749999523393853,0.0,0.13333333333333333,0.8333333333333334,1061.5,hurts,A,False,-6.749999969732016,0.0,0.0,1.0,1602.5,hurts,hurts
Text-1074:A-D,Text-1074,Reasoning,Urinary,Normal anion gap metabolic acidosis and respiratory acidosis,Metabolic alkalosis,False,A,True,13.749999880791279,1.0,0.8666666666666667,0.13333333333333333,2256.5,helps,B,True,11.999999523181941,1.0,0.9333333333333333,0.06666666666666667,2242.5,helps,helps
Text-1074:A-E,Text-1074,Reasoning,Urinary,Normal anion gap metabolic acidosis and respiratory acidosis,High anion gap metabolic acidosis and respiratory alkalosis,False,B,False,-16.249999880790718,0.0,1.0,0.0,4519.5,neutral,A,False,-22.0,0.0,1.0,0.0,4227.5,neutral,neutral
Text-1074:A-F,Text-1074,Reasoning,Urinary,Normal anion gap metabolic acidosis and respiratory acidosis,High anion gap metabolic acidosis,False,B,False,-15.749999880790718,0.43333333333333335,1.0,0.0,3347.0,neutral,A,False,-21.5,0.36666666666666664,1.0,0.0,3286.0,neutral,neutral
Text-1074:A-G,Text-1074,Reasoning,Urinary,Normal anion gap metabolic acidosis and respiratory acidosis,Combined metabolic and respiratory acidosis with hypokalemia,False,B,False,-10.749999523393853,0.0,1.0,0.0,3027.5,neutral,A,False,-16.75,0.23333333333333334,1.0,0.0,3487.0,neutral,neutral
Text-1074:A-H,Text-1074,Reasoning,Urinary,Normal anion gap metabolic acidosis and respiratory acidosis,Mixed high and normal anion gap metabolic acidosis,False,B,False,-5.749999928288162,0.7,0.9666666666666667,0.03333333333333333,3423.0,helps,A,False,-10.999999523302904,0.7666666666666667,1.0,0.0,4032.5,helps,helps
Text-1074:A-I,Text-1074,Reasoning,Urinary,Normal anion gap metabolic acidosis and respiratory acidosis,Normal anion gap metabolic acidosis,False,B,False,-2.9999999925494194,0.0,0.0,1.0,814.0,hurts,A,False,-5.250000011175871,0.0,0.0,1.0,904.0,hurts,hurts
Text-1074:A-J,Text-1074,Reasoning,Urinary,Normal anion gap metabolic acidosis and respiratory acidosis,Normal anion gap metabolic acidosis with incomplete respiratory compensation,False,B,False,-7.250000132829882,0.0,0.0,1.0,883.0,hurts,A,False,-8.999999649982783,0.0,0.0,1.0,1039.5,hurts,hurts
Text-1173:H-A,Text-1173,Reasoning,Endocrine,Liddle syndrome,Apparent mineralocorticoid excess syndrome,False,B,False,-5.250000011175871,0.1,0.16666666666666666,0.8333333333333334,2489.0,hurts,A,False,-11.250000357712452,0.43333333333333335,0.7666666666666667,0.23333333333333334,2362.0,neutral,mixed
Text-1173:H-B,Text-1173,Reasoning,Endocrine,Liddle syndrome,Gitelman syndrome,False,B,False,-2.7499999962747097,0.3333333333333333,0.3333333333333333,0.6666666666666666,2187.5,neutral,A,False,-15.749999880790718,0.06666666666666667,0.4,0.6,2360.0,neutral,neutral
Text-1173:H-C,Text-1173,Reasoning,Endocrine,Liddle syndrome,11β-hydroxylase deficiency,True,A,True,2.0000000447034836,0.43333333333333335,0.43333333333333335,0.5666666666666667,2689.5,excluded,A,False,-3.749999888241291,0.5,0.5,0.5,2959.0,excluded,excluded
Text-1173:H-D,Text-1173,Reasoning,Endocrine,Liddle syndrome,Primary hyperaldosteronism,False,B,False,-4.7500000186264515,0.03333333333333333,0.03333333333333333,0.9666666666666667,1227.5,hurts,A,False,-9.250000243031536,0.03333333333333333,0.03333333333333333,0.9666666666666667,1449.0,hurts,hurts
Text-1173:H-E,Text-1173,Reasoning,Endocrine,Liddle syndrome,Bartter syndrome,False,B,False,-0.25,0.9666666666666667,0.9666666666666667,0.03333333333333333,1598.0,helps,A,False,-8.999999649982783,0.8666666666666667,0.8666666666666667,0.13333333333333333,1933.0,helps,helps
Text-1173:H-F,Text-1173,Reasoning,Endocrine,Liddle syndrome,Albuterol abuse,True,A,True,0.25,0.13333333333333333,0.13333333333333333,0.8666666666666667,1281.5,excluded,A,False,-2.5000000968575478,0.36666666666666664,0.36666666666666664,0.6333333333333333,1718.0,excluded,excluded
Text-1173:H-G,Text-1173,Reasoning,Endocrine,Liddle syndrome,Gordon syndrome,True,A,True,2.0000000447034836,0.9,0.9,0.1,1789.5,excluded,A,False,-6.250000192085281,0.9666666666666667,0.9666666666666667,0.03333333333333333,2043.0,excluded,excluded
Text-1173:H-I,Text-1173,Reasoning,Endocrine,Liddle syndrome,17α-hydroxylase deficiency,True,A,True,3.9999998919665813,0.7666666666666667,0.7666666666666667,0.23333333333333334,2285.5,excluded,A,False,-2.0000000447034836,0.8666666666666667,0.8666666666666667,0.13333333333333333,2402.5,excluded,excluded
Text-1173:H-J,Text-1173,Reasoning,Endocrine,Liddle syndrome,Hyperthyroidism,False,A,True,9.250000243031536,1.0,1.0,0.0,782.0,helps,B,True,8.000000294676283,1.0,1.0,0.0,779.5,helps,helps
Text-1218:C-A,Text-1218,Reasoning,Skeletal,Left inferior innominate shear,Left innominate inflare,False,A,True,1.5000000596046448,0.5333333333333333,0.5333333333333333,0.4666666666666667,1250.0,neutral,B,True,2.2500000298023224,0.9333333333333333,0.9333333333333333,0.06666666666666667,1216.5,helps,mixed
Text-1218:C-B,Text-1218,Reasoning,Skeletal,Left inferior innominate shear,Right innominate outflare,True,B,False,0.0,0.26666666666666666,0.26666666666666666,0.7333333333333333,1340.5,excluded,B,True,1.7499999850988388,0.7666666666666667,0.7666666666666667,0.23333333333333334,1407.5,excluded,excluded
Text-1218:C-D,Text-1218,Reasoning,Skeletal,Left inferior innominate shear,Right inferior innominate shear,True,B,False,-3.4999999310821295,0.8,0.8,0.2,1793.5,excluded,B,True,1.5000000596046448,0.9666666666666667,0.9666666666666667,0.03333333333333333,1465.0,excluded,excluded
Text-1218:C-E,Text-1218,Reasoning,Skeletal,Left inferior innominate shear,Left superior innominate shear,True,A,True,0.7499999701976776,0.7,0.7,0.3,2129.0,excluded,A,False,-0.25,0.9,0.9,0.1,1664.0,excluded,excluded
Text-1218:C-F,Text-1218,Reasoning,Skeletal,Left inferior innominate shear,Right anteriorly rotated innominate,False,B,False,-2.5000000968575478,0.5666666666666667,0.5666666666666667,0.43333333333333335,3133.0,neutral,A,False,-0.0,0.43333333333333335,0.43333333333333335,0.5666666666666667,2046.0,neutral,neutral
Text-1218:C-G,Text-1218,Reasoning,Skeletal,Left inferior innominate shear,Left posteriorly rotated innominate,False,B,False,-0.9999999701976776,0.0,0.0,1.0,2315.0,hurts,A,False,-0.9999999701976776,0.23333333333333334,0.23333333333333334,0.7666666666666667,2706.0,hurts,hurts
Text-1218:C-H,Text-1218,Reasoning,Skeletal,Left inferior innominate shear,Left anteriorly rotated innominate,False,B,False,-1.25,0.0,0.0,1.0,1126.0,hurts,A,False,-0.9999999701976776,0.2,0.2,0.8,1446.0,hurts,hurts
Text-1218:C-I,Text-1218,Reasoning,Skeletal,Left inferior innominate shear,Right superior innominate shear,True,B,False,-2.5000000968575478,0.0,0.0,1.0,1282.0,excluded,B,True,1.25,0.4666666666666667,0.4666666666666667,0.5333333333333333,2332.0,excluded,excluded
Text-1218:C-J,Text-1218,Reasoning,Skeletal,Left inferior innominate shear,Bilateral sacral flexion,False,A,True,6.50000017543789,1.0,1.0,0.0,928.0,helps,B,True,7.250000132829882,1.0,1.0,0.0,827.0,helps,helps
Text-1239:F-A,Text-1239,Reasoning,Skeletal,NSRRL,FSLRR,True,A,True,0.25,0.5666666666666667,0.5666666666666667,0.43333333333333335,1468.0,excluded,A,False,-2.0000000447034836,0.13333333333333333,0.13333333333333333,0.8666666666666667,1115.5,excluded,excluded
Text-1239:F-B,Text-1239,Reasoning,Skeletal,NSRRL,NSLRR,True,A,True,2.5000000968575478,0.7333333333333333,0.7333333333333333,0.26666666666666666,1321.5,excluded,A,False,-2.5000000968575478,0.5333333333333333,0.5333333333333333,0.4666666666666667,1236.0,excluded,excluded
Text-1239:F-C,Text-1239,Reasoning,Skeletal,NSRRL,FSRRL,False,B,False,-0.7499999701976776,0.4666666666666667,0.4666666666666667,0.5333333333333333,1350.0,neutral,A,False,-3.2499999403953552,0.13333333333333333,0.13333333333333333,0.8666666666666667,1129.0,hurts,mixed
Text-1239:F-D,Text-1239,Reasoning,Skeletal,NSRRL,RSLRR,True,A,True,0.0,0.36666666666666664,0.36666666666666664,0.6333333333333333,1008.5,excluded,A,False,-1.7499999850988388,0.13333333333333333,0.13333333333333333,0.8666666666666667,1200.5,excluded,excluded
Text-1239:F-E,Text-1239,Reasoning,Skeletal,NSRRL,NRSLR,True,A,True,2.2500000298023224,0.6333333333333333,0.6333333333333333,0.36666666666666664,1368.5,excluded,A,False,-1.25,0.3,0.3,0.7,1489.5,excluded,excluded
Text-1239:F-G,Text-1239,Reasoning,Skeletal,NSRRL,RSRRL,False,B,False,-0.25,0.16666666666666666,0.16666666666666666,0.8333333333333334,1234.0,hurts,A,False,-2.2500000298023224,0.13333333333333333,0.13333333333333333,0.8666666666666667,1033.5,hurts,hurts
Text-1239:F-H,Text-1239,Reasoning,Skeletal,NSRRL,NSRRR,True,A,True,1.5000000596046448,0.7666666666666667,0.7666666666666667,0.23333333333333334,1234.5,excluded,A,False,-2.0000000447034836,0.4666666666666667,0.4666666666666667,0.5333333333333333,1420.0,excluded,excluded
Text-1239:F-I,Text-1239,Reasoning,Skeletal,NSRRL,NSRLR,True,A,True,2.0000000447034836,0.7,0.7,0.3,1384.0,excluded,A,False,-1.25,0.43333333333333335,0.43333333333333335,0.5666666666666667,1654.0,excluded,excluded
Text-1239:F-J,Text-1239,Reasoning,Skeletal,NSRRL,ESRRL,False,B,False,-0.5,0.6333333333333333,0.6333333333333333,0.36666666666666664,1267.0,neutral,A,False,-2.7499999962747097,0.13333333333333333,0.13333333333333333,0.8666666666666667,1166.0,hurts,mixed
Text-1241:I-A,Text-1241,Reasoning,Cardiovascular,Chronic myelogenous leukemia,Multiple myeloma,False,A,True,7.749999973515514,1.0,1.0,0.0,1130.5,helps,B,True,2.5000000968575478,1.0,1.0,0.0,1343.5,helps,helps
Text-1241:I-B,Text-1241,Reasoning,Cardiovascular,Chronic myelogenous leukemia,Polycythemia vera,False,A,True,19.75,1.0,0.8666666666666667,0.13333333333333333,936.0,helps,B,True,12.50000011921611,1.0,0.8333333333333334,0.1,879.5,helps,helps
Text-1241:I-C,Text-1241,Reasoning,Cardiovascular,Chronic myelogenous leukemia,Chronic lymphocytic leukemia,False,A,True,11.749999761612344,1.0,1.0,0.0,1218.5,helps,B,True,1.5000000596046448,1.0,1.0,0.0,1439.5,helps,helps
Text-1241:I-D,Text-1241,Reasoning,Cardiovascular,Chronic myelogenous leukemia,Acute myelogenous leukemia,False,B,False,-14.499999523162955,0.0,0.0,1.0,633.0,hurts,A,False,-19.0,0.0,0.0,1.0,627.5,hurts,hurts
Text-1241:I-E,Text-1241,Reasoning,Cardiovascular,Chronic myelogenous leukemia,Myelodysplastic syndrome,False,A,True,10.749999523393853,0.9666666666666667,0.9666666666666667,0.03333333333333333,1531.0,helps,B,True,2.5000000968575478,0.8666666666666667,0.8666666666666667,0.13333333333333333,1848.5,helps,helps
Text-1241:I-F,Text-1241,Reasoning,Cardiovascular,Chronic myelogenous leukemia,Essential thrombocythemia,False,A,True,20.0,1.0,0.9666666666666667,0.03333333333333333,845.0,helps,B,True,14.25000035762804,1.0,0.8,0.2,815.0,helps,helps
Text-1241:I-G,Text-1241,Reasoning,Cardiovascular,Chronic myelogenous leukemia,Acute promyelocytic leukemia,False,B,False,-0.7499999701976776,0.0,0.0,1.0,1547.0,hurts,A,False,-6.749999969732016,0.0,0.0,1.0,1067.0,hurts,hurts
Text-1241:I-H,Text-1241,Reasoning,Cardiovascular,Chronic myelogenous leukemia,Hairy cell leukemia,False,A,True,8.499999663079507,1.0,1.0,0.0,1014.5,helps,B,True,3.749999888241291,1.0,1.0,0.0,1338.5,helps,helps
Text-1241:I-J,Text-1241,Reasoning,Cardiovascular,Chronic myelogenous leukemia,Acute lymphoblastic leukemia,False,B,False,-8.499999663079507,0.0,0.0,1.0,923.5,hurts,A,False,-16.75,0.0,0.0,1.0,705.0,hurts,hurts
Text-1253:J-A,Text-1253,Reasoning,Integumentary,Bedbug bite,Folliculitis,False,A,True,10.249999881416443,1.0,1.0,0.0,402.0,helps,B,True,10.999999523302904,1.0,1.0,0.0,456.5,helps,helps
Text-1253:J-B,Text-1253,Reasoning,Integumentary,Bedbug bite,Poison ivy dermatitis,False,A,True,8.000000294676283,1.0,1.0,0.0,432.5,helps,B,True,8.000000294676283,1.0,1.0,0.0,551.5,helps,helps
Text-1253:J-C,Text-1253,Reasoning,Integumentary,Bedbug bite,Allergic reaction to clothing material,False,A,True,11.749999761612344,1.0,1.0,0.0,406.5,helps,B,True,7.749999973515514,1.0,1.0,0.0,406.0,helps,helps
Text-1253:J-D,Text-1253,Reasoning,Integumentary,Bedbug bite,Scabies,True,A,True,3.9999998919665813,0.7333333333333333,0.7333333333333333,0.26666666666666666,696.5,excluded,A,False,-0.5,0.5333333333333333,0.5333333333333333,0.4666666666666667,1270.0,excluded,excluded
Text-1253:J-E,Text-1253,Reasoning,Integumentary,Bedbug bite,Flea bites,False,A,True,9.749999882489647,1.0,1.0,0.0,373.5,helps,B,True,4.250000044703484,1.0,1.0,0.0,525.0,helps,helps
Text-1253:J-F,Text-1253,Reasoning,Integumentary,Bedbug bite,Cutaneous larva migrans,True,A,True,4.250000044703484,0.03333333333333333,0.03333333333333333,0.9666666666666667,571.0,excluded,A,False,-1.25,0.0,0.0,1.0,525.5,excluded,excluded
Text-1253:J-G,Text-1253,Reasoning,Integumentary,Bedbug bite,Contact dermatitis,False,A,True,8.000000294676283,1.0,1.0,0.0,477.5,helps,B,True,7.749999973515514,1.0,1.0,0.0,464.0,helps,helps
Text-1253:J-H,Text-1253,Reasoning,Integumentary,Bedbug bite,Dermatophytosis,False,A,True,9.499999525964085,1.0,1.0,0.0,423.5,helps,B,True,5.749999928288162,1.0,1.0,0.0,486.5,helps,helps
Text-1253:J-I,Text-1253,Reasoning,Integumentary,Bedbug bite,Chigger bites,True,A,True,5.749999928288162,0.9333333333333333,0.9333333333333333,0.06666666666666667,571.0,excluded,A,False,-1.5000000596046448,0.4,0.4,0.6,661.5,excluded,excluded
Text-1259:J-A,Text-1259,Reasoning,Nervous,Blood vessel narrowing,Vertebrobasilar insufficiency,False,B,False,-12.250000000011369,0.0,0.0,1.0,487.5,hurts,A,False,-14.25000035762804,0.0,0.0,1.0,501.5,hurts,hurts
Text-1259:J-B,Text-1259,Reasoning,Nervous,Blood vessel narrowing,Transient ischemic attack,True,B,False,-0.7499999701976776,0.0,0.03333333333333333,0.9666666666666667,1437.0,excluded,B,True,1.5000000596046448,0.4666666666666667,0.4666666666666667,0.5333333333333333,1517.5,excluded,excluded
Text-1259:J-C,Text-1259,Reasoning,Nervous,Blood vessel narrowing,Stroke,False,A,True,7.250000132829882,0.9666666666666667,0.9333333333333333,0.06666666666666667,1188.0,helps,B,True,6.250000192085281,1.0,0.9666666666666667,0.0,941.5,helps,helps
Text-1259:J-D,Text-1259,Reasoning,Nervous,Blood vessel narrowing,Orthostatic hypotension,False,B,False,-8.999999649982783,0.0,0.0,1.0,585.0,hurts,A,False,-10.50000011958764,0.0,0.0,1.0,790.5,hurts,hurts
Text-1259:J-E,Text-1259,Reasoning,Nervous,Blood vessel narrowing,Subclavian steal syndrome,False,B,False,-11.250000357712452,0.0,0.0,1.0,466.5,hurts,A,False,-13.499999523163865,0.0,0.0,1.0,464.5,hurts,hurts
Text-1259:J-F,Text-1259,Reasoning,Nervous,Blood vessel narrowing,Vasovagal syncope,False,A,True,2.2500000298023224,0.23333333333333334,0.23333333333333334,0.7666666666666667,1412.5,hurts,B,True,5.749999928288162,0.9,0.8333333333333334,0.13333333333333333,1102.0,helps,mixed
Text-1259:J-G,Text-1259,Reasoning,Nervous,Blood vessel narrowing,Vagal event,False,A,True,2.0000000447034836,0.7,0.7,0.3,1525.0,helps,B,True,4.500000096857548,1.0,1.0,0.0,876.5,helps,helps
Text-1259:J-H,Text-1259,Reasoning,Nervous,Blood vessel narrowing,Cardiac arrhythmia,False,B,False,-4.7500000186264515,0.7333333333333333,0.8,0.2,2102.5,helps,A,False,-2.0000000447034836,1.0,1.0,0.0,1113.5,helps,helps
Text-1259:J-I,Text-1259,Reasoning,Nervous,Blood vessel narrowing,Postural orthostatic tachycardia syndrome,True,B,False,-0.7499999701976776,0.3333333333333333,0.3333333333333333,0.6666666666666666,1751.5,excluded,B,True,1.5000000596046448,0.9,0.9,0.1,1335.0,excluded,excluded
Text-1338:A-B,Text-1338,Reasoning,Respiratory,Small cell lung cancer,Large cell neuroendocrine carcinoma,False,A,True,6.749999969732016,1.0,1.0,0.0,1244.5,helps,B,True,4.999999948777258,1.0,1.0,0.0,746.5,helps,helps
Text-1338:A-C,Text-1338,Reasoning,Respiratory,Small cell lung cancer,Carcinoid tumor of the lung,False,A,True,16.499999880790718,1.0,1.0,0.0,523.5,helps,B,True,9.250000243031536,1.0,1.0,0.0,524.5,helps,helps
Text-1338:A-D,Text-1338,Reasoning,Respiratory,Small cell lung cancer,Adenocarcinoma with neuroendocrine features,True,A,True,1.7499999850988388,1.0,1.0,0.0,1480.0,excluded,A,False,-0.5,1.0,1.0,0.0,1040.5,excluded,excluded
Text-1338:A-E,Text-1338,Reasoning,Respiratory,Small cell lung cancer,Pulmonary metastasis,True,A,True,5.499999983236194,1.0,1.0,0.0,1139.5,excluded,A,False,-0.7499999701976776,1.0,1.0,0.0,837.0,excluded,excluded
Text-1338:A-F,Text-1338,Reasoning,Respiratory,Small cell lung cancer,Lymphangitic carcinomatosis,False,B,False,-0.7499999701976776,0.8666666666666667,0.8666666666666667,0.13333333333333333,2544.0,helps,A,False,-4.7500000186264515,1.0,1.0,0.0,1727.0,helps,helps
Text-1338:A-G,Text-1338,Reasoning,Respiratory,Small cell lung cancer,Non–small cell lung cancer,False,B,False,-2.7499999962747097,0.23333333333333334,0.23333333333333334,0.7666666666666667,1619.0,hurts,A,False,-11.749999761612344,0.4,0.5,0.4666666666666667,1183.5,neutral,mixed
Text-1338:A-H,Text-1338,Reasoning,Respiratory,Small cell lung cancer,Bronchial adenoma,False,A,True,19.0,1.0,1.0,0.0,427.0,helps,B,True,13.250000119210881,1.0,1.0,0.0,426.5,helps,helps
Text-1338:A-I,Text-1338,Reasoning,Respiratory,Small cell lung cancer,Mesothelioma,False,A,True,12.250000000011369,1.0,1.0,0.0,521.0,helps,B,True,6.250000192085281,1.0,1.0,0.0,575.5,helps,helps
Text-1338:A-J,Text-1338,Reasoning,Respiratory,Small cell lung cancer,Squamous cell carcinoma,False,A,True,6.50000017543789,0.7,0.7,0.3,1193.0,helps,B,True,0.5,0.7666666666666667,0.7666666666666667,0.23333333333333334,1219.0,helps,helps
Text-1361:H-A,Text-1361,Reasoning,Muscular,Becker muscular dystrophy,Spinal muscular atrophy,False,A,True,25.25,1.0,0.9,0.1,457.0,helps,B,True,23.0,1.0,0.13333333333333333,0.7666666666666667,455.0,neutral,mixed
Text-1361:H-B,Text-1361,Reasoning,Muscular,Becker muscular dystrophy,Charcot-Marie-Tooth disease,False,A,True,22.0,1.0,1.0,0.0,443.0,helps,B,True,21.75,1.0,0.1,0.9,493.0,neutral,mixed
Text-1361:H-C,Text-1361,Reasoning,Muscular,Becker muscular dystrophy,Myotonic dystrophy,False,A,True,19.25,1.0,1.0,0.0,473.5,helps,B,True,20.75,1.0,0.2,0.8,473.5,neutral,mixed
Text-1361:H-D,Text-1361,Reasoning,Muscular,Becker muscular dystrophy,Duchenne muscular dystrophy,True,A,True,8.000000294676283,0.6,0.4,0.6,1276.5,excluded,A,False,-12.750000000004093,0.06666666666666667,0.1,0.9,456.5,excluded,excluded
Text-1361:H-E,Text-1361,Reasoning,Muscular,Becker muscular dystrophy,McArdle disease,False,A,True,20.25,1.0,1.0,0.0,510.0,helps,B,True,23.0,1.0,0.0,0.9333333333333333,455.5,neutral,mixed
Text-1361:H-F,Text-1361,Reasoning,Muscular,Becker muscular dystrophy,Facioscapulohumeral muscular dystrophy,False,A,True,22.0,1.0,1.0,0.0,490.5,helps,B,True,20.75,1.0,0.2,0.7666666666666667,471.5,neutral,mixed
Text-1361:H-G,Text-1361,Reasoning,Muscular,Becker muscular dystrophy,Limb-girdle muscular dystrophy,False,A,True,18.5,1.0,1.0,0.0,586.5,helps,B,True,15.24999976158145,1.0,0.8333333333333334,0.1,605.5,helps,helps
Text-1361:H-I,Text-1361,Reasoning,Muscular,Becker muscular dystrophy,Emery-Dreifuss muscular dystrophy,False,A,True,18.75,1.0,1.0,0.0,518.5,helps,B,True,20.5,1.0,0.3,0.6666666666666666,459.5,neutral,mixed
Text-1361:H-J,Text-1361,Reasoning,Muscular,Becker muscular dystrophy,Fragile X syndrome,False,A,True,26.5,1.0,1.0,0.0,380.0,helps,B,True,23.25,1.0,0.03333333333333333,0.9666666666666667,373.0,neutral,mixed
Text-1363:E-A,Text-1363,Reasoning,Cardiovascular,Aortic valve regurgitation,Tricuspid valve regurgitation,False,A,True,8.749999893334461,0.8333333333333334,0.7333333333333333,0.26666666666666666,4735.0,helps,B,True,8.499999663079507,0.9666666666666667,0.8666666666666667,0.13333333333333333,4306.5,helps,helps
Text-1363:E-B,Text-1363,Reasoning,Cardiovascular,Aortic valve regurgitation,Patent ductus arteriosus,True,B,False,-0.5,0.6666666666666666,0.6333333333333333,0.36666666666666664,5427.5,excluded,B,True,2.0000000447034836,0.9666666666666667,0.9666666666666667,0.03333333333333333,4901.5,excluded,excluded
Text-1363:E-C,Text-1363,Reasoning,Cardiovascular,Aortic valve regurgitation,Coarctation of the aorta,True,B,False,-1.25,0.36666666666666664,0.36666666666666664,0.6333333333333333,5590.0,excluded,B,True,1.7499999850988388,0.8666666666666667,0.8333333333333334,0.16666666666666666,4711.5,excluded,excluded
Text-1363:E-D,Text-1363,Reasoning,Cardiovascular,Aortic valve regurgitation,Atrial septal defect,False,A,True,4.250000044703484,0.8,0.7333333333333333,0.26666666666666666,4982.5,helps,B,True,8.250000034138793,1.0,0.7,0.3,4902.0,helps,helps
Text-1363:E-F,Text-1363,Reasoning,Cardiovascular,Aortic valve regurgitation,Hypertrophic cardiomyopathy,False,A,True,6.749999969732016,0.4,0.4,0.6,4114.5,neutral,B,True,7.500000152911525,0.8333333333333334,0.6,0.4,4960.5,neutral,neutral
Text-1363:E-G,Text-1363,Reasoning,Cardiovascular,Aortic valve regurgitation,Mitral valve stenosis,False,A,True,8.250000034138793,0.9666666666666667,0.9333333333333333,0.06666666666666667,4772.5,helps,B,True,8.499999663079507,1.0,0.8666666666666667,0.13333333333333333,4721.0,helps,helps
Text-1363:E-H,Text-1363,Reasoning,Cardiovascular,Aortic valve regurgitation,Aortic stenosis,False,A,True,4.250000044703484,0.6666666666666666,0.6,0.4,5203.5,neutral,B,True,4.500000096857548,0.9666666666666667,0.8333333333333334,0.16666666666666666,5401.5,helps,mixed
Text-1363:E-I,Text-1363,Reasoning,Cardiovascular,Aortic valve regurgitation,Ventricular septal defect,True,B,False,-0.9999999701976776,0.43333333333333335,0.43333333333333335,0.5666666666666667,5193.5,excluded,B,True,4.7500000186264515,0.9,0.8333333333333334,0.16666666666666666,4390.5,excluded,excluded
Text-1363:E-J,Text-1363,Reasoning,Cardiovascular,Aortic valve regurgitation,Pulmonary valve stenosis,False,A,True,9.499999525964085,0.5,0.4666666666666667,0.5333333333333333,3162.5,neutral,B,True,9.250000243031536,0.8333333333333334,0.43333333333333335,0.5666666666666667,4812.0,neutral,neutral
Text-1367:J-A,Text-1367,Reasoning,Skeletal,Left unilateral extension about the middle transverse axis,Right unilateral flexion about the inferior transverse axis,True,B,False,-2.9999999925494194,0.4666666666666667,0.4666666666666667,0.5333333333333333,1787.5,excluded,B,True,1.25,0.7666666666666667,0.7666666666666667,0.23333333333333334,1257.0,excluded,excluded
Text-1367:J-B,Text-1367,Reasoning,Skeletal,Left unilateral extension about the middle transverse axis,Right torsion about an oblique axis,False,B,False,-6.50000017543789,0.0,0.0,1.0,486.0,hurts,A,False,-0.25,0.26666666666666666,0.26666666666666666,0.7333333333333333,711.0,hurts,hurts
Text-1367:J-C,Text-1367,Reasoning,Skeletal,Left unilateral extension about the middle transverse axis,Bilateral extension about the middle transverse axis,False,A,True,3.749999888241291,1.0,1.0,0.0,1195.0,helps,B,True,9.499999525964085,1.0,1.0,0.0,901.0,helps,helps
Text-1367:J-D,Text-1367,Reasoning,Skeletal,Left unilateral extension about the middle transverse axis,Left rotation about the vertical axis,True,B,False,-2.9999999925494194,0.03333333333333333,0.03333333333333333,0.9666666666666667,736.5,excluded,B,True,1.25,0.03333333333333333,0.03333333333333333,0.9666666666666667,888.0,excluded,excluded
Text-1367:J-E,Text-1367,Reasoning,Skeletal,Left unilateral extension about the middle transverse axis,Sacral nutation with compensatory counternutation,False,B,False,-4.7500000186264515,0.03333333333333333,0.03333333333333333,0.9666666666666667,915.0,hurts,A,False,-2.9999999925494194,0.26666666666666666,0.26666666666666666,0.7333333333333333,1180.0,hurts,hurts
Text-1367:J-F,Text-1367,Reasoning,Skeletal,Left unilateral extension about the middle transverse axis,Bilateral flexion about the transverse axis,False,A,True,3.2499999403953552,1.0,1.0,0.0,1022.5,helps,B,True,5.749999928288162,1.0,1.0,0.0,802.0,helps,helps
Text-1367:J-G,Text-1367,Reasoning,Skeletal,Left unilateral extension about the middle transverse axis,Left unilateral flexion about the middle transverse axis,True,B,False,-1.7499999850988388,0.43333333333333335,0.43333333333333335,0.5666666666666667,1342.5,excluded,B,True,0.25,0.7666666666666667,0.7666666666666667,0.23333333333333334,1463.0,excluded,excluded
Text-1367:J-H,Text-1367,Reasoning,Skeletal,Left unilateral extension about the middle transverse axis,Right unilateral flexion about the superior transverse axis,True,B,False,-2.7499999962747097,0.4,0.4,0.6,1716.0,excluded,B,True,1.25,0.4,0.4,0.6,1296.0,excluded,excluded
Text-1367:J-I,Text-1367,Reasoning,Skeletal,Left unilateral extension about the middle transverse axis,Right unilateral extension about the superior transverse axis,True,B,False,-3.4999999310821295,0.13333333333333333,0.13333333333333333,0.8666666666666667,1179.0,excluded,B,True,2.5000000968575478,0.5666666666666667,0.5666666666666667,0.43333333333333335,1220.5,excluded,excluded
Text-1385:A-B,Text-1385,Reasoning,Nervous,Benign hereditary chorea,Functional (psychogenic) movement disorder,False,A,True,9.749999882489647,1.0,1.0,0.0,697.0,helps,B,True,4.999999948777258,1.0,1.0,0.0,696.5,helps,helps
Text-1385:A-C,Text-1385,Reasoning,Nervous,Benign hereditary chorea,Paroxysmal kinesigenic dyskinesia,False,B,False,-2.9999999925494194,0.06666666666666667,0.06666666666666667,0.9333333333333333,911.0,hurts,A,False,-16.75,0.0,0.0,1.0,696.0,hurts,hurts
Text-1385:A-D,Text-1385,Reasoning,Nervous,Benign hereditary chorea,Tic disorder,False,A,True,5.499999983236194,1.0,1.0,0.0,734.0,helps,B,True,4.250000044703484,1.0,1.0,0.0,670.5,helps,helps
Text-1385:A-E,Text-1385,Reasoning,Nervous,Benign hereditary chorea,Sydenham chorea,False,A,True,14.25000035762804,1.0,1.0,0.0,639.5,helps,B,True,5.499999983236194,1.0,1.0,0.0,653.5,helps,helps
Text-1385:A-F,Text-1385,Reasoning,Nervous,Benign hereditary chorea,Wilson disease,False,A,True,14.749999642372188,1.0,0.9333333333333333,0.03333333333333333,670.5,helps,B,True,13.499999523163865,1.0,0.9333333333333333,0.03333333333333333,634.5,helps,helps
Text-1385:A-G,Text-1385,Reasoning,Nervous,Benign hereditary chorea,Drug-induced chorea,False,A,True,14.25000035762804,1.0,1.0,0.0,711.5,helps,B,True,3.9999998919665813,1.0,1.0,0.0,656.0,helps,helps
Text-1385:A-H,Text-1385,Reasoning,Nervous,Benign hereditary chorea,Thyrotoxic periodic paralysis,False,A,True,19.5,1.0,1.0,0.0,611.5,helps,B,True,15.749999880790718,1.0,0.9666666666666667,0.0,613.0,helps,helps
Text-1385:A-I,Text-1385,Reasoning,Nervous,Benign hereditary chorea,Juvenile myoclonic epilepsy,False,A,True,18.75,1.0,1.0,0.0,662.0,helps,B,True,11.999999523181941,1.0,1.0,0.0,601.0,helps,helps
Text-1385:A-J,Text-1385,Reasoning,Nervous,Benign hereditary chorea,Dystonic reaction secondary to medication,False,A,True,17.0,1.0,1.0,0.0,684.0,helps,B,True,8.999999649982783,1.0,1.0,0.0,687.0,helps,helps
Text-1426:A-B,Text-1426,Reasoning,Muscular,quadrigia syndrome,flexor digitorum profundus avulsion,False,A,True,5.749999928288162,0.9,0.9,0.1,2879.0,helps,B,True,7.500000152911525,1.0,0.9666666666666667,0.03333333333333333,2956.5,helps,helps
Text-1426:A-C,Text-1426,Reasoning,Muscular,quadrigia syndrome,trigger finger,False,A,True,2.5000000968575478,1.0,1.0,0.0,1692.5,helps,B,True,6.999999819439836,1.0,1.0,0.0,1732.5,helps,helps
Text-1426:A-D,Text-1426,Reasoning,Muscular,quadrigia syndrome,Volkmann's contracture,False,A,True,2.7499999962747097,0.9666666666666667,0.9666666666666667,0.03333333333333333,2421.0,helps,B,True,4.500000096857548,1.0,1.0,0.0,2107.5,helps,helps
Text-1426:A-E,Text-1426,Reasoning,Muscular,quadrigia syndrome,swan neck deformity,False,A,True,1.5000000596046448,0.3,0.3,0.7,1846.0,hurts,B,True,5.749999928288162,0.6666666666666666,0.6666666666666666,0.3333333333333333,1925.0,neutral,mixed
Text-1426:A-F,Text-1426,Reasoning,Muscular,quadrigia syndrome,mallet finger,False,A,True,0.9999999701976776,0.5666666666666667,0.5666666666666667,0.43333333333333335,2471.0,neutral,B,True,0.5,0.6333333333333333,0.6333333333333333,0.36666666666666664,2993.0,neutral,neutral
Text-1426:A-G,Text-1426,Reasoning,Muscular,quadrigia syndrome,Jersey finger,False,A,True,0.25,0.3333333333333333,0.3333333333333333,0.6666666666666666,2466.5,neutral,B,True,0.9999999701976776,0.7666666666666667,0.7666666666666667,0.23333333333333334,2340.5,helps,mixed
Text-1426:A-H,Text-1426,Reasoning,Muscular,quadrigia syndrome,lumbrical plus deformity,False,B,False,-0.5,0.3333333333333333,0.3333333333333333,0.6666666666666666,2070.5,neutral,A,False,-1.25,0.5333333333333333,0.5333333333333333,0.4666666666666667,3007.0,neutral,neutral
Text-1426:A-I,Text-1426,Reasoning,Muscular,quadrigia syndrome,flexor tendon adhesion,False,B,False,-0.7499999701976776,0.06666666666666667,0.06666666666666667,0.9333333333333333,1071.5,hurts,A,False,-0.25,0.3,0.3,0.7,2268.0,hurts,hurts
Text-1426:A-J,Text-1426,Reasoning,Muscular,quadrigia syndrome,boutonnière deformity,False,B,False,-3.2499999403953552,0.16666666666666666,0.16666666666666666,0.8333333333333334,1985.0,hurts,A,False,-0.9999999701976776,0.23333333333333334,0.23333333333333334,0.7666666666666667,2288.0,hurts,hurts
Text-1427:J-A,Text-1427,Reasoning,Cardiovascular,Situational syncope,Vasovagal syncope,False,A,True,5.749999928288162,1.0,1.0,0.0,704.0,helps,B,True,3.4999999310821295,1.0,1.0,0.0,775.5,helps,helps
Text-1427:J-B,Text-1427,Reasoning,Cardiovascular,Situational syncope,Aortic stenosis-induced syncope,False,B,False,-4.999999948777258,0.03333333333333333,0.03333333333333333,0.9666666666666667,1176.5,hurts,A,False,-4.250000044703484,0.7,0.7,0.3,1582.0,helps,mixed
Text-1427:J-C,Text-1427,Reasoning,Cardiovascular,Situational syncope,Beta-blocker induced bradycardia,False,A,True,8.999999649982783,1.0,1.0,0.0,685.5,helps,B,True,8.250000034138793,1.0,1.0,0.0,794.5,helps,helps
Text-1427:J-D,Text-1427,Reasoning,Cardiovascular,Situational syncope,Transient ischemic attack,False,A,True,8.250000034138793,1.0,1.0,0.0,775.5,helps,B,True,8.250000034138793,1.0,1.0,0.0,804.0,helps,helps
Text-1427:J-E,Text-1427,Reasoning,Cardiovascular,Situational syncope,Cardiac arrhythmia,False,A,True,7.250000132829882,1.0,0.9666666666666667,0.03333333333333333,1123.5,helps,B,True,4.7500000186264515,1.0,1.0,0.0,918.0,helps,helps
Text-1427:J-F,Text-1427,Reasoning,Cardiovascular,Situational syncope,Carotid sinus hypersensitivity,False,A,True,6.000000086612999,1.0,1.0,0.0,686.5,helps,B,True,3.749999888241291,1.0,1.0,0.0,705.0,helps,helps
Text-1427:J-G,Text-1427,Reasoning,Cardiovascular,Situational syncope,Medication-induced orthostatic hypotension,True,A,True,0.0,0.9666666666666667,0.9666666666666667,0.03333333333333333,807.5,excluded,A,False,-0.25,1.0,1.0,0.0,940.0,excluded,excluded
Text-1427:J-H,Text-1427,Reasoning,Cardiovascular,Situational syncope,Postural hypotension,False,A,True,3.2499999403953552,1.0,1.0,0.0,700.5,helps,B,True,1.5000000596046448,1.0,1.0,0.0,737.0,helps,helps
Text-1427:J-I,Text-1427,Reasoning,Cardiovascular,Situational syncope,Vertebrobasilar insufficiency,False,A,True,6.250000192085281,1.0,1.0,0.0,841.0,helps,B,True,2.9999999925494194,1.0,1.0,0.0,749.5,helps,helps
Text-1441:D-A,Text-1441,Reasoning,Skeletal,C7 FRLSL,C7 ERLSR,True,A,True,0.5,0.13333333333333333,0.13333333333333333,0.8666666666666667,1443.5,excluded,A,False,-4.250000044703484,0.16666666666666666,0.16666666666666666,0.8333333333333334,1379.0,excluded,excluded
Text-1441:D-B,Text-1441,Reasoning,Skeletal,C7 FRLSL,C7 ERRSR,True,A,True,0.5,0.26666666666666666,0.26666666666666666,0.7333333333333333,1389.0,excluded,A,False,-3.4999999310821295,0.23333333333333334,0.23333333333333334,0.7666666666666667,1301.5,excluded,excluded
Text-1441:D-C,Text-1441,Reasoning,Skeletal,C7 FRLSL,C7 FRRSR,True,A,True,0.9999999701976776,0.4,0.4,0.6,1385.5,excluded,A,False,-1.25,0.43333333333333335,0.43333333333333335,0.5666666666666667,1804.5,excluded,excluded
Text-1441:D-E,Text-1441,Reasoning,Skeletal,C7 FRLSL,C6 FRLSL,False,A,True,4.500000096857548,0.8666666666666667,0.8666666666666667,0.13333333333333333,1406.0,helps,B,True,2.9999999925494194,0.9,0.9,0.1,1149.0,helps,helps
Text-1441:D-F,Text-1441,Reasoning,Skeletal,C7 FRLSL,C7 ERLSL,True,A,True,0.7499999701976776,0.23333333333333334,0.23333333333333334,0.7666666666666667,1488.5,excluded,A,False,-3.4999999310821295,0.2,0.2,0.8,1229.0,excluded,excluded
Text-1441:D-G,Text-1441,Reasoning,Skeletal,C7 FRLSL,C5 FRLSL,False,A,True,6.000000086612999,1.0,1.0,0.0,1310.0,helps,B,True,7.250000132829882,1.0,1.0,0.0,893.0,helps,helps
Text-1441:D-H,Text-1441,Reasoning,Skeletal,C7 FRLSL,C7 FRRNR,True,A,True,2.2500000298023224,0.5,0.5,0.5,1382.5,excluded,A,False,-1.5000000596046448,0.6333333333333333,0.6333333333333333,0.36666666666666664,1722.0,excluded,excluded
Text-1441:D-I,Text-1441,Reasoning,Skeletal,C7 FRLSL,C7 FRLNR,True,A,True,4.500000096857548,0.9,0.9,0.1,1110.5,excluded,A,False,-1.7499999850988388,0.43333333333333335,0.43333333333333335,0.5666666666666667,1525.0,excluded,excluded
Text-1441:D-J,Text-1441,Reasoning,Skeletal,C7 FRLSL,C7 FRRSL,True,A,True,0.25,0.26666666666666666,0.26666666666666666,0.7333333333333333,1335.0,excluded,A,False,-2.9999999925494194,0.23333333333333334,0.23333333333333334,0.7666666666666667,1543.5,excluded,excluded
Text-1467:H-A,Text-1467,Reasoning,Muscular,Left inferior pubic shear,Left pubic symphysis dysfunction,True,B,False,-2.2500000298023224,0.0,0.0,1.0,539.5,excluded,B,True,1.5000000596046448,0.13333333333333333,0.13333333333333333,0.8666666666666667,921.5,excluded,excluded
Text-1467:H-B,Text-1467,Reasoning,Muscular,Left inferior pubic shear,Left hip labral tear,False,A,True,3.9999998919665813,0.9,0.9,0.1,790.0,helps,B,True,2.0000000447034836,1.0,1.0,0.0,632.5,helps,helps
Text-1467:H-C,Text-1467,Reasoning,Muscular,Left inferior pubic shear,Left anterior innominate rotation,False,B,False,-1.25,0.23333333333333334,0.23333333333333334,0.7666666666666667,857.5,hurts,A,False,-2.9999999925494194,0.23333333333333334,0.23333333333333334,0.7666666666666667,742.5,hurts,hurts
Text-1467:H-D,Text-1467,Reasoning,Muscular,Left inferior pubic shear,Left unilateral sacral extension,False,A,True,2.5000000968575478,0.9,0.9,0.1,744.5,helps,B,True,2.7499999962747097,0.9,0.9,0.1,1153.5,helps,helps
Text-1467:H-E,Text-1467,Reasoning,Muscular,Left inferior pubic shear,Left piriformis syndrome,False,A,True,6.000000086612999,1.0,1.0,0.0,765.0,helps,B,True,4.500000096857548,1.0,1.0,0.0,660.5,helps,helps
Text-1467:H-F,Text-1467,Reasoning,Muscular,Left inferior pubic shear,Left acetabular impingement,False,A,True,4.999999948777258,0.8333333333333334,0.8333333333333334,0.16666666666666666,621.0,helps,B,True,3.2499999403953552,1.0,1.0,0.0,635.0,helps,helps
Text-1467:H-G,Text-1467,Reasoning,Muscular,Left inferior pubic shear,Left iliopsoas strain,False,B,False,-2.5000000968575478,0.06666666666666667,0.06666666666666667,0.9333333333333333,623.5,hurts,A,False,-3.9999998919665813,0.06666666666666667,0.06666666666666667,0.9333333333333333,592.5,hurts,hurts
Text-1467:H-I,Text-1467,Reasoning,Muscular,Left inferior pubic shear,Left adductor tendinopathy,False,B,False,-1.25,0.23333333333333334,0.23333333333333334,0.7666666666666667,643.5,hurts,A,False,-3.2499999403953552,0.23333333333333334,0.23333333333333334,0.7666666666666667,835.5,hurts,hurts
Text-1467:H-J,Text-1467,Reasoning,Muscular,Left inferior pubic shear,Left sacroiliac joint dysfunction,False,B,False,-4.500000096857548,0.03333333333333333,0.03333333333333333,0.9666666666666667,435.5,hurts,A,False,-0.25,0.43333333333333335,0.43333333333333335,0.5666666666666667,859.0,neutral,mixed
Text-147:D-A,Text-147,Reasoning,Endocrine,Central precocious puberty related to a central nervous system lesion,Primary hypothyroidism with secondary precocious puberty,False,A,True,1.7499999850988388,1.0,1.0,0.0,758.5,helps,B,True,2.0000000447034836,1.0,1.0,0.0,954.0,helps,helps
Text-147:D-B,Text-147,Reasoning,Endocrine,Central precocious puberty related to a central nervous system lesion,Benign premature adrenarche,False,B,False,-7.500000152911525,0.9,0.9333333333333333,0.06666666666666667,2716.5,helps,A,False,-8.250000034138793,0.9666666666666667,0.9666666666666667,0.03333333333333333,1733.0,helps,helps
Text-147:D-C,Text-147,Reasoning,Endocrine,Central precocious puberty related to a central nervous system lesion,Gonadotropin-independent precocious puberty,False,B,False,-13.499999523163865,0.06666666666666667,0.9333333333333333,0.06666666666666667,3067.0,neutral,A,False,-13.250000119210881,0.2,0.7,0.3,3530.5,neutral,neutral
Text-147:D-E,Text-147,Reasoning,Endocrine,Central precocious puberty related to a central nervous system lesion,Familial male-limited precocious puberty,False,B,False,-4.500000096857548,0.03333333333333333,0.03333333333333333,0.9666666666666667,1078.5,hurts,A,False,-8.000000294676283,0.0,0.0,1.0,888.5,hurts,hurts
Text-147:D-F,Text-147,Reasoning,Endocrine,Central precocious puberty related to a central nervous system lesion,Idiopathic central precocious puberty,False,B,False,-10.249999881416443,0.0,0.0,1.0,546.0,hurts,A,False,-8.250000034138793,0.0,0.0,1.0,597.0,hurts,hurts
Text-147:D-G,Text-147,Reasoning,Endocrine,Central precocious puberty related to a central nervous system lesion,Late-onset congenital adrenal hyperplasia,False,B,False,-10.50000011958764,0.5,1.0,0.0,1422.5,neutral,A,False,-8.499999663079507,1.0,1.0,0.0,992.0,helps,mixed
Text-147:D-H,Text-147,Reasoning,Endocrine,Central precocious puberty related to a central nervous system lesion,McCune-Albright syndrome,False,B,False,-4.7500000186264515,0.9666666666666667,0.9666666666666667,0.03333333333333333,1738.0,helps,A,False,-2.9999999925494194,1.0,1.0,0.0,1247.5,helps,helps
Text-147:D-I,Text-147,Reasoning,Endocrine,Central precocious puberty related to a central nervous system lesion,Precocious puberty related to a peripheral androgen-secreting tumor,False,B,False,-2.2500000298023224,1.0,1.0,0.0,1635.0,helps,A,False,-4.500000096857548,1.0,1.0,0.0,1533.0,helps,helps
Text-147:D-J,Text-147,Reasoning,Endocrine,Central precocious puberty related to a central nervous system lesion,Adrenal carcinoma causing androgen excess,True,B,False,-2.9999999925494194,1.0,1.0,0.0,1340.5,excluded,B,True,-0.0,1.0,1.0,0.0,937.5,excluded,excluded
Text-1481:I-A,Text-1481,Reasoning,Cardiovascular,Giant-cell arteritis,Buerger disease,False,A,True,8.000000294676283,1.0,1.0,0.0,773.0,helps,B,True,5.250000011175871,1.0,1.0,0.0,956.0,helps,helps
Text-1481:I-B,Text-1481,Reasoning,Cardiovascular,Giant-cell arteritis,Atherosclerotic peripheral artery disease,False,A,True,1.25,0.8666666666666667,0.8666666666666667,0.13333333333333333,1195.5,helps,B,True,2.5000000968575478,1.0,1.0,0.0,1129.0,helps,helps
Text-1481:I-C,Text-1481,Reasoning,Cardiovascular,Giant-cell arteritis,Fibromuscular dysplasia,False,B,False,-10.999999523302904,0.03333333333333333,0.5666666666666667,0.4,1100.0,neutral,A,False,-14.00000011920963,0.13333333333333333,0.3333333333333333,0.6333333333333333,1347.5,neutral,neutral
Text-1481:I-D,Text-1481,Reasoning,Cardiovascular,Giant-cell arteritis,Polymyalgia rheumatica,False,A,True,2.7499999962747097,1.0,1.0,0.0,660.0,helps,B,True,1.7499999850988388,1.0,1.0,0.0,889.5,helps,helps
Text-1481:I-E,Text-1481,Reasoning,Cardiovascular,Giant-cell arteritis,Raynaud phenomenon,False,A,True,12.50000011921611,1.0,1.0,0.0,609.5,helps,B,True,10.249999881416443,1.0,1.0,0.0,722.0,helps,helps
Text-1481:I-F,Text-1481,Reasoning,Cardiovascular,Giant-cell arteritis,Subclavian steal syndrome,False,B,False,-7.749999973515514,0.03333333333333333,0.03333333333333333,0.9666666666666667,1207.5,hurts,A,False,-10.249999881416443,0.1,0.1,0.9,1193.5,hurts,hurts
Text-1481:I-G,Text-1481,Reasoning,Cardiovascular,Giant-cell arteritis,Thoracic-outlet obstruction,False,B,False,-2.5000000968575478,0.8666666666666667,0.8666666666666667,0.13333333333333333,1343.5,helps,A,False,-3.749999888241291,0.9666666666666667,0.9666666666666667,0.03333333333333333,1315.5,helps,helps
Text-1481:I-H,Text-1481,Reasoning,Cardiovascular,Giant-cell arteritis,Carotid artery stenosis,False,A,True,4.999999948777258,1.0,1.0,0.0,1122.0,helps,B,True,8.000000294676283,1.0,1.0,0.0,897.0,helps,helps
Text-1481:I-J,Text-1481,Reasoning,Cardiovascular,Giant-cell arteritis,Takayasu arteritis,False,B,False,-11.250000357712452,0.0,0.43333333333333335,0.5333333333333333,848.5,neutral,A,False,-15.24999976158145,0.0,0.13333333333333333,0.8666666666666667,1013.5,hurts,mixed
Text-1489:I-A,Text-1489,Reasoning,Nervous,Moderate opiate use disorder,Chronic opioid intoxication,False,A,True,7.749999973515514,1.0,1.0,0.0,447.0,helps,B,True,4.250000044703484,1.0,1.0,0.0,435.5,helps,helps
Text-1489:I-B,Text-1489,Reasoning,Nervous,Moderate opiate use disorder,Severe opiate use disorder,False,B,False,-3.749999888241291,0.1,0.1,0.9,1103.5,hurts,A,False,-18.25,0.16666666666666666,0.4,0.6,1122.0,neutral,mixed
Text-1489:I-C,Text-1489,Reasoning,Nervous,Moderate opiate use disorder,Substance-induced sleep disorder,False,A,True,15.24999976158145,1.0,1.0,0.0,354.5,helps,B,True,13.250000119210881,1.0,1.0,0.0,375.0,helps,helps
Text-1489:I-D,Text-1489,Reasoning,Nervous,Moderate opiate use disorder,Opioid withdrawal,False,A,True,11.999999523181941,1.0,1.0,0.0,326.5,helps,B,True,7.500000152911525,1.0,1.0,0.0,331.0,helps,helps
Text-1489:I-E,Text-1489,Reasoning,Nervous,Moderate opiate use disorder,Early remission from opioid use disorder,False,A,True,22.0,1.0,1.0,0.0,361.0,helps,B,True,15.999999880790718,1.0,0.5333333333333333,0.4,543.5,neutral,mixed
Text-1489:I-F,Text-1489,Reasoning,Nervous,Moderate opiate use disorder,Tolerance without dependence,False,A,True,17.5,1.0,0.9666666666666667,0.03333333333333333,397.5,helps,B,True,12.50000011921611,1.0,0.8666666666666667,0.1,304.0,helps,helps
Text-1489:I-G,Text-1489,Reasoning,Nervous,Moderate opiate use disorder,Acute opioid intoxication,False,A,True,13.749999880791279,1.0,1.0,0.0,314.0,helps,B,True,13.499999523163865,1.0,1.0,0.0,319.0,helps,helps
Text-1489:I-H,Text-1489,Reasoning,Nervous,Moderate opiate use disorder,Mild opiate use disorder,False,A,True,15.49999976158145,1.0,1.0,0.0,852.5,helps,B,True,7.250000132829882,1.0,1.0,0.0,691.5,helps,helps
Text-1489:I-J,Text-1489,Reasoning,Nervous,Moderate opiate use disorder,Opioid-induced mood disorder,False,A,True,16.499999880790718,1.0,1.0,0.0,343.0,helps,B,True,13.749999880791279,1.0,1.0,0.0,452.0,helps,helps
Text-1495:J-A,Text-1495,Reasoning,Nervous,CHARGE association,VACTERL association,False,B,False,-2.5000000968575478,0.26666666666666666,0.26666666666666666,0.7333333333333333,1223.5,hurts,A,False,-2.5000000968575478,0.43333333333333335,0.43333333333333335,0.5666666666666667,1523.0,neutral,mixed
Text-1495:J-B,Text-1495,Reasoning,Nervous,CHARGE association,Pierre Robin sequence,False,A,True,11.999999523181941,1.0,1.0,0.0,469.5,helps,B,True,9.749999882489647,1.0,1.0,0.0,437.0,helps,helps
Text-1495:J-C,Text-1495,Reasoning,Nervous,CHARGE association,Goldenhar syndrome,False,B,False,-1.25,0.43333333333333335,0.43333333333333335,0.5666666666666667,1271.0,neutral,A,False,-5.499999983236194,0.06666666666666667,0.06666666666666667,0.9333333333333333,1224.5,hurts,mixed
Text-1495:J-D,Text-1495,Reasoning,Nervous,CHARGE association,Kallman syndrome,False,A,True,10.50000011958764,1.0,1.0,0.0,454.0,helps,B,True,7.749999973515514,1.0,1.0,0.0,445.5,helps,helps
Text-1495:J-E,Text-1495,Reasoning,Nervous,CHARGE association,DiGeorge syndrome,False,B,False,-8.499999663079507,0.0,0.0,1.0,558.5,hurts,A,False,-10.50000011958764,0.0,0.0,1.0,548.0,hurts,hurts
Text-1495:J-F,Text-1495,Reasoning,Nervous,CHARGE association,Velocardiofacial syndrome,False,B,False,-6.000000086612999,0.0,0.0,1.0,605.0,hurts,A,False,-10.749999523393853,0.0,0.0,1.0,609.0,hurts,hurts
Text-1495:J-G,Text-1495,Reasoning,Nervous,CHARGE association,Waardenburg syndrome,False,A,True,2.7499999962747097,1.0,1.0,0.0,494.5,helps,B,True,1.5000000596046448,1.0,1.0,0.0,510.5,helps,helps
Text-1495:J-H,Text-1495,Reasoning,Nervous,CHARGE association,Treacher Collins syndrome,False,A,True,11.250000357712452,1.0,1.0,0.0,459.0,helps,B,True,8.999999649982783,1.0,1.0,0.0,475.0,helps,helps
Text-1495:J-I,Text-1495,Reasoning,Nervous,CHARGE association,Alagille syndrome,False,A,True,4.7500000186264515,0.9,0.9,0.1,1050.5,helps,B,True,2.7499999962747097,0.6,0.6,0.4,1519.0,neutral,mixed
Text-1522:B-A,Text-1522,Reasoning,Muscular,Left superior pubic shear,Left posterior innominate rotation,True,A,True,1.25,0.43333333333333335,0.43333333333333335,0.5666666666666667,1473.0,excluded,A,False,-0.0,0.5333333333333333,0.5333333333333333,0.4666666666666667,1771.5,excluded,excluded
Text-1522:B-C,Text-1522,Reasoning,Muscular,Left superior pubic shear,Bilateral pubic compression,False,A,True,8.000000294676283,1.0,1.0,0.0,670.5,helps,B,True,6.50000017543789,1.0,1.0,0.0,595.0,helps,helps
Text-1522:B-D,Text-1522,Reasoning,Muscular,Left superior pubic shear,Right anterior innominate rotation,False,A,True,3.2499999403953552,0.5666666666666667,0.5666666666666667,0.43333333333333335,1413.0,neutral,B,True,4.500000096857548,0.9,0.9,0.1,1227.0,helps,mixed
Text-1522:B-E,Text-1522,Reasoning,Muscular,Left superior pubic shear,Right posterior innominate rotation,False,A,True,3.749999888241291,0.7333333333333333,0.7333333333333333,0.26666666666666666,1402.0,helps,B,True,3.9999998919665813,1.0,1.0,0.0,1514.5,helps,helps
Text-1522:B-F,Text-1522,Reasoning,Muscular,Left superior pubic shear,Left inferior pubic shear,True,A,True,0.0,0.43333333333333335,0.43333333333333335,0.5666666666666667,1411.5,excluded,A,False,-2.7499999962747097,0.36666666666666664,0.36666666666666664,0.6333333333333333,1950.5,excluded,excluded
Text-1522:B-G,Text-1522,Reasoning,Muscular,Left superior pubic shear,Sacral torsion on a left oblique axis,False,A,True,7.500000152911525,0.9666666666666667,0.9666666666666667,0.03333333333333333,656.0,helps,B,True,10.000000358661055,1.0,1.0,0.0,573.5,helps,helps
Text-1522:B-H,Text-1522,Reasoning,Muscular,Left superior pubic shear,Right superior pubic shear,False,A,True,3.9999998919665813,0.7666666666666667,0.7666666666666667,0.23333333333333334,1913.5,helps,B,True,7.500000152911525,0.9333333333333333,0.9333333333333333,0.06666666666666667,1442.5,helps,helps
Text-1522:B-I,Text-1522,Reasoning,Muscular,Left superior pubic shear,Right inferior innominate shear,False,A,True,3.2499999403953552,0.7666666666666667,0.7666666666666667,0.23333333333333334,1843.5,helps,B,True,2.7499999962747097,0.9666666666666667,0.9666666666666667,0.03333333333333333,1219.0,helps,helps
Text-1522:B-J,Text-1522,Reasoning,Muscular,Left superior pubic shear,Pubic symphysis compression,False,A,True,3.749999888241291,0.8666666666666667,0.8666666666666667,0.13333333333333333,986.0,helps,B,True,5.499999983236194,1.0,1.0,0.0,713.0,helps,helps
Text-1548:G-A,Text-1548,Reasoning,Nervous,Cervical radiculopathy,Myofascial pain syndrome,False,A,True,4.500000096857548,1.0,1.0,0.0,1586.0,helps,B,True,7.500000152911525,1.0,1.0,0.0,1725.5,helps,helps
Text-1548:G-B,Text-1548,Reasoning,Nervous,Cervical radiculopathy,Peripheral neuropathy due to diabetes,False,A,True,0.0,0.2,0.2,0.8,1471.5,hurts,B,True,5.499999983236194,0.43333333333333335,0.43333333333333335,0.5666666666666667,2503.5,neutral,mixed
Text-1548:G-C,Text-1548,Reasoning,Nervous,Cervical radiculopathy,Radial nerve compression,True,B,False,-0.5,0.9666666666666667,0.9666666666666667,0.03333333333333333,1402.5,excluded,B,True,7.250000132829882,1.0,0.7666666666666667,0.23333333333333334,1528.5,excluded,excluded
Text-1548:G-D,Text-1548,Reasoning,Nervous,Cervical radiculopathy,Median nerve entrapment at the wrist,True,B,False,-1.7499999850988388,1.0,1.0,0.0,1516.0,excluded,B,True,3.749999888241291,1.0,1.0,0.0,1799.0,excluded,excluded
Text-1548:G-E,Text-1548,Reasoning,Nervous,Cervical radiculopathy,Guyon’s canal syndrome,False,B,False,-8.000000294676283,0.0,0.03333333333333333,0.9666666666666667,1056.5,hurts,A,False,-9.499999525964085,0.0,0.0,1.0,1426.5,hurts,hurts
Text-1548:G-F,Text-1548,Reasoning,Nervous,Cervical radiculopathy,Brachial plexopathy,False,A,True,6.749999969732016,1.0,1.0,0.0,1495.0,helps,B,True,7.500000152911525,1.0,0.9,0.1,1645.0,helps,helps
Text-1548:G-H,Text-1548,Reasoning,Nervous,Cervical radiculopathy,Ulnar nerve entrapment at the elbow,False,B,False,-8.749999893334461,0.0,0.0,1.0,484.5,hurts,A,False,-4.7500000186264515,0.0,0.0,1.0,526.5,hurts,hurts
Text-1548:G-I,Text-1548,Reasoning,Nervous,Cervical radiculopathy,Cubital tunnel syndrome,False,B,False,-8.499999663079507,0.0,0.0,1.0,772.5,hurts,A,False,-6.250000192085281,0.0,0.0,1.0,727.5,hurts,hurts
Text-1548:G-J,Text-1548,Reasoning,Nervous,Cervical radiculopathy,Carpal tunnel syndrome,True,B,False,-2.0000000447034836,1.0,1.0,0.0,1733.5,excluded,B,True,6.999999819439836,1.0,0.8333333333333334,0.13333333333333333,1411.5,excluded,excluded
Text-1553:J-A,Text-1553,Reasoning,Skeletal,left sacral rotation around a right oblique axis,right sacral torsion on a right oblique axis,False,A,True,3.749999888241291,0.43333333333333335,0.43333333333333335,0.5666666666666667,1262.0,neutral,B,True,2.9999999925494194,0.6666666666666666,0.6666666666666666,0.3333333333333333,1863.0,neutral,neutral
Text-1553:J-B,Text-1553,Reasoning,Skeletal,left sacral rotation around a right oblique axis,left sacral torsion on a left oblique axis,False,A,True,6.000000086612999,1.0,1.0,0.0,1039.5,helps,B,True,7.749999973515514,0.8333333333333334,0.7666666666666667,0.23333333333333334,1999.0,helps,helps
Text-1553:J-C,Text-1553,Reasoning,Skeletal,left sacral rotation around a right oblique axis,right sacral rotation around a right oblique axis,False,A,True,3.2499999403953552,0.36666666666666664,0.36666666666666664,0.6333333333333333,1149.5,neutral,B,True,2.2500000298023224,0.23333333333333334,0.23333333333333334,0.7666666666666667,1510.0,hurts,mixed
Text-1553:J-D,Text-1553,Reasoning,Skeletal,left sacral rotation around a right oblique axis,right sacral rotation around a left oblique axis,False,B,False,-0.9999999701976776,0.4,0.4,0.6,1085.0,neutral,A,False,-0.5,0.6,0.6,0.4,1084.5,neutral,neutral
Text-1553:J-E,Text-1553,Reasoning,Skeletal,left sacral rotation around a right oblique axis,unilateral sacral flexion on the left,False,A,True,5.499999983236194,1.0,1.0,0.0,1187.5,helps,B,True,8.749999893334461,1.0,1.0,0.0,1128.5,helps,helps
Text-1553:J-F,Text-1553,Reasoning,Skeletal,left sacral rotation around a right oblique axis,left sacral rotation around a left oblique axis,False,A,True,5.499999983236194,0.9333333333333333,0.9333333333333333,0.06666666666666667,1176.5,helps,B,True,5.499999983236194,0.7,0.7,0.3,1815.5,helps,helps
Text-1553:J-G,Text-1553,Reasoning,Skeletal,left sacral rotation around a right oblique axis,unilateral sacral extension on the right,False,A,True,7.250000132829882,1.0,1.0,0.0,1337.0,helps,B,True,8.499999663079507,1.0,1.0,0.0,921.0,helps,helps
Text-1553:J-H,Text-1553,Reasoning,Skeletal,left sacral rotation around a right oblique axis,anterior sacral base dysfunction,False,A,True,10.999999523302904,1.0,1.0,0.0,735.0,helps,B,True,8.499999663079507,1.0,1.0,0.0,1098.5,helps,helps
Text-1553:J-I,Text-1553,Reasoning,Skeletal,left sacral rotation around a right oblique axis,bilateral sacral flexion,False,A,True,14.25000035762804,1.0,0.9666666666666667,0.0,845.5,helps,B,True,10.50000011958764,1.0,0.9666666666666667,0.03333333333333333,1143.5,helps,helps
Text-1565:G-A,Text-1565,Reasoning,Digestive,Appendicitis,Pancreatitis,False,B,False,-10.000000358661055,0.7,0.9333333333333333,0.06666666666666667,2098.0,helps,A,False,-8.499999663079507,1.0,1.0,0.0,1570.0,helps,helps
Text-1565:G-B,Text-1565,Reasoning,Digestive,Appendicitis,Ovarian torsion,False,A,True,8.749999893334461,1.0,1.0,0.0,956.5,helps,B,True,4.7500000186264515,1.0,1.0,0.0,909.5,helps,helps
Text-1565:G-C,Text-1565,Reasoning,Digestive,Appendicitis,Acute cholecystitis,False,B,False,-8.499999663079507,0.0,0.0,1.0,890.0,hurts,A,False,-9.250000243031536,0.0,0.0,1.0,858.0,hurts,hurts
Text-1565:G-D,Text-1565,Reasoning,Digestive,Appendicitis,Acute cholangitis,False,B,False,-6.999999819439836,0.13333333333333333,0.16666666666666666,0.8333333333333334,1416.0,hurts,A,False,-8.250000034138793,0.23333333333333334,0.23333333333333334,0.7666666666666667,1565.5,hurts,hurts
Text-1565:G-E,Text-1565,Reasoning,Digestive,Appendicitis,Diverticulitis,False,A,True,2.7499999962747097,1.0,1.0,0.0,1025.0,helps,B,True,0.25,1.0,1.0,0.0,997.0,helps,helps
Text-1565:G-F,Text-1565,Reasoning,Digestive,Appendicitis,HELLP syndrome,True,B,False,-6.999999819439836,0.3,0.36666666666666664,0.6333333333333333,1612.5,excluded,B,True,4.250000044703484,1.0,1.0,0.0,1320.0,excluded,excluded
Text-1565:G-H,Text-1565,Reasoning,Digestive,Appendicitis,Hepatic abscess,True,A,True,2.0000000447034836,1.0,1.0,0.0,1410.5,excluded,A,False,-0.25,1.0,1.0,0.0,1197.5,excluded,excluded
Text-1565:G-I,Text-1565,Reasoning,Digestive,Appendicitis,Pyelonephritis,False,A,True,1.5000000596046448,0.5333333333333333,0.5333333333333333,0.4666666666666667,1789.5,neutral,B,True,1.25,0.9,0.9,0.1,1749.5,helps,mixed
Text-1565:G-J,Text-1565,Reasoning,Digestive,Appendicitis,Gastritis,False,A,True,14.999999642372188,1.0,1.0,0.0,847.0,helps,B,True,8.250000034138793,1.0,1.0,0.0,802.0,helps,helps
Text-156:I-A,Text-156,Reasoning,Nervous,Schizoaffective disorder,Bipolar I disorder with psychotic features,False,A,True,8.250000034138793,1.0,1.0,0.0,1654.0,helps,B,True,4.7500000186264515,1.0,1.0,0.0,872.5,helps,helps
Text-156:I-B,Text-156,Reasoning,Nervous,Schizoaffective disorder,Major depressive disorder with psychotic features,False,A,True,4.999999948777258,0.6,0.6,0.4,2377.0,neutral,B,True,1.5000000596046448,0.9666666666666667,0.9666666666666667,0.03333333333333333,1791.5,helps,mixed
Text-156:I-C,Text-156,Reasoning,Nervous,Schizoaffective disorder,Substance/medication-induced psychotic disorder,False,A,True,18.0,1.0,1.0,0.0,660.0,helps,B,True,14.25000035762804,1.0,1.0,0.0,574.5,helps,helps
Text-156:I-D,Text-156,Reasoning,Nervous,Schizoaffective disorder,Delusional disorder,False,A,True,10.749999523393853,0.8666666666666667,0.6333333333333333,0.36666666666666664,1883.0,neutral,B,True,5.749999928288162,1.0,1.0,0.0,976.0,helps,mixed
Text-156:I-E,Text-156,Reasoning,Nervous,Schizoaffective disorder,Schizophreniform disorder,False,A,True,11.999999523181941,1.0,1.0,0.0,1136.0,helps,B,True,9.749999882489647,1.0,1.0,0.0,569.0,helps,helps
Text-156:I-F,Text-156,Reasoning,Nervous,Schizoaffective disorder,Borderline personality disorder,False,A,True,18.25,1.0,1.0,0.0,580.0,helps,B,True,14.499999523162955,1.0,0.9,0.03333333333333333,500.5,helps,helps
Text-156:I-G,Text-156,Reasoning,Nervous,Schizoaffective disorder,Psychotic disorder due to another medical condition,False,A,True,12.750000000004093,1.0,0.9666666666666667,0.03333333333333333,1015.5,helps,B,True,7.500000152911525,1.0,1.0,0.0,784.5,helps,helps
Text-156:I-H,Text-156,Reasoning,Nervous,Schizoaffective disorder,Schizophrenia,False,A,True,13.250000119210881,1.0,1.0,0.0,1165.0,helps,B,True,6.250000192085281,1.0,1.0,0.0,683.5,helps,helps
Text-156:I-J,Text-156,Reasoning,Nervous,Schizoaffective disorder,Persistent depressive disorder (dysthymia),False,A,True,26.75,1.0,0.8,0.16666666666666666,476.5,helps,B,True,20.5,1.0,0.06666666666666667,0.7666666666666667,508.5,neutral,mixed
Text-1582:F-A,Text-1582,Reasoning,Skeletal,Bilateral sacral extension along the middle transverse axis,Bilateral sacral torsion along the middle transverse axis,False,B,False,-4.999999948777258,0.6666666666666666,0.6666666666666666,0.3333333333333333,713.0,neutral,A,False,-2.2500000298023224,0.6,0.6,0.4,635.5,neutral,neutral
Text-1582:F-B,Text-1582,Reasoning,Skeletal,Bilateral sacral extension along the middle transverse axis,Unilateral sacral flexion along the middle transverse axis,False,A,True,0.25,0.8666666666666667,0.8666666666666667,0.13333333333333333,1018.5,helps,B,True,2.0000000447034836,1.0,1.0,0.0,706.5,helps,helps
Text-1582:F-C,Text-1582,Reasoning,Skeletal,Bilateral sacral extension along the middle transverse axis,Bilateral sacral flexion along the middle transverse axis,False,B,False,-1.5000000596046448,0.6333333333333333,0.6333333333333333,0.36666666666666664,716.5,neutral,A,False,-0.7499999701976776,0.7,0.7,0.3,815.0,helps,mixed
Text-1582:F-D,Text-1582,Reasoning,Skeletal,Bilateral sacral extension along the middle transverse axis,Bilateral sacral extension along the superior transverse axis,True,B,False,-0.5,0.8333333333333334,0.8333333333333334,0.16666666666666666,636.0,excluded,B,True,1.25,0.13333333333333333,0.13333333333333333,0.8666666666666667,679.0,excluded,excluded
Text-1582:F-E,Text-1582,Reasoning,Skeletal,Bilateral sacral extension along the middle transverse axis,Bilateral sacral rotation along the middle transverse axis,False,B,False,-6.250000192085281,0.7333333333333333,0.7666666666666667,0.23333333333333334,1167.5,helps,A,False,-3.749999888241291,0.7333333333333333,0.7333333333333333,0.26666666666666666,1277.0,helps,helps
Text-1582:F-G,Text-1582,Reasoning,Skeletal,Bilateral sacral extension along the middle transverse axis,Sacral base anterior with restriction along the superior transverse axis,False,B,False,-3.9999998919665813,0.5333333333333333,0.5333333333333333,0.4666666666666667,1961.0,neutral,A,False,-4.250000044703484,0.6,0.6,0.4,1148.0,neutral,neutral
Text-1582:F-H,Text-1582,Reasoning,Skeletal,Bilateral sacral extension along the middle transverse axis,Bilateral sacral extension along the inferior transverse axis,True,B,False,-1.25,0.8666666666666667,0.8666666666666667,0.13333333333333333,800.0,excluded,B,True,0.7499999701976776,0.43333333333333335,0.43333333333333335,0.5666666666666667,813.0,excluded,excluded
Text-1582:F-I,Text-1582,Reasoning,Skeletal,Bilateral sacral extension along the middle transverse axis,Bilateral sacral flexion along the superior transverse axis,False,B,False,-1.5000000596046448,0.5333333333333333,0.5333333333333333,0.4666666666666667,856.5,neutral,A,False,-0.7499999701976776,0.2,0.2,0.8,799.5,hurts,mixed
Text-1582:F-J,Text-1582,Reasoning,Skeletal,Bilateral sacral extension along the middle transverse axis,Bilateral sacral flexion along the inferior transverse axis,False,B,False,-1.5000000596046448,0.5,0.5,0.5,806.5,neutral,A,False,-0.7499999701976776,0.6,0.6,0.4,992.0,neutral,neutral
Text-1593:C-A,Text-1593,Reasoning,Muscular,Left rotation on a right oblique axis,Bilateral sacral extension,False,A,True,6.250000192085281,1.0,1.0,0.0,1203.0,helps,B,True,6.999999819439836,1.0,1.0,0.0,1266.5,helps,helps
Text-1593:C-B,Text-1593,Reasoning,Muscular,Left rotation on a right oblique axis,Right rotation on a right oblique axis,False,B,False,-3.9999998919665813,0.06666666666666667,0.06666666666666667,0.9333333333333333,1154.0,hurts,A,False,-1.25,0.1,0.1,0.9,1857.0,hurts,hurts
Text-1593:C-D,Text-1593,Reasoning,Muscular,Left rotation on a right oblique axis,Right unilateral sacral extension,False,B,False,-0.9999999701976776,0.16666666666666666,0.16666666666666666,0.8333333333333334,1728.0,hurts,A,False,-0.0,0.8,0.8,0.2,1698.5,helps,mixed
Text-1593:C-E,Text-1593,Reasoning,Muscular,Left rotation on a right oblique axis,Bilateral sacral flexion,False,A,True,5.749999928288162,1.0,1.0,0.0,2228.5,helps,B,True,4.999999948777258,1.0,1.0,0.0,1539.0,helps,helps
Text-1593:C-F,Text-1593,Reasoning,Muscular,Left rotation on a right oblique axis,Right rotation on a left oblique axis,False,B,False,-2.7499999962747097,0.06666666666666667,0.06666666666666667,0.9333333333333333,1557.0,hurts,A,False,-1.7499999850988388,0.0,0.0,1.0,1333.0,hurts,hurts
Text-1593:C-G,Text-1593,Reasoning,Muscular,Left rotation on a right oblique axis,Left unilateral sacral extension,False,A,True,1.7499999850988388,0.7666666666666667,0.7666666666666667,0.23333333333333334,1496.0,helps,B,True,5.250000011175871,0.9666666666666667,0.9666666666666667,0.03333333333333333,1416.5,helps,helps
Text-1593:C-H,Text-1593,Reasoning,Muscular,Left rotation on a right oblique axis,Left rotation on a left oblique axis,False,A,True,2.7499999962747097,0.8,0.8,0.2,2735.5,helps,B,True,2.0000000447034836,0.8666666666666667,0.8666666666666667,0.13333333333333333,2824.0,helps,helps
Text-1593:C-I,Text-1593,Reasoning,Muscular,Left rotation on a right oblique axis,Right unilateral sacral flexion,False,B,False,-2.0000000447034836,0.1,0.1,0.9,1550.5,hurts,A,False,-0.5,0.7,0.7,0.3,2049.0,helps,mixed
Text-1593:C-J,Text-1593,Reasoning,Muscular,Left rotation on a right oblique axis,Left rotation on a transverse axis,False,A,True,3.2499999403953552,0.9666666666666667,0.9666666666666667,0.03333333333333333,2470.0,helps,B,True,2.9999999925494194,0.9333333333333333,0.9333333333333333,0.06666666666666667,2774.5,helps,helps
Text-1603:B-A,Text-1603,Reasoning,Respiratory,Rupture of an emphysematous bleb,Acute right heart failure,False,A,True,3.2499999403953552,0.13333333333333333,0.13333333333333333,0.8666666666666667,1644.0,hurts,B,True,1.7499999850988388,0.5666666666666667,0.5333333333333333,0.4666666666666667,2388.0,neutral,mixed
Text-1603:B-C,Text-1603,Reasoning,Respiratory,Rupture of an emphysematous bleb,Tension pneumothorax,False,B,False,-3.749999888241291,0.4,0.4,0.6,2282.5,neutral,A,False,-1.5000000596046448,0.8333333333333334,0.8333333333333334,0.16666666666666666,2021.5,helps,mixed
Text-1603:B-D,Text-1603,Reasoning,Respiratory,Rupture of an emphysematous bleb,Chemical pneumonitis from inhaled toxins,False,A,True,3.2499999403953552,1.0,1.0,0.0,2244.0,helps,B,True,3.749999888241291,1.0,1.0,0.0,2115.0,helps,helps
Text-1603:B-E,Text-1603,Reasoning,Respiratory,Rupture of an emphysematous bleb,Methemoglobinemia from chemical exposure,False,A,True,8.499999663079507,1.0,1.0,0.0,1425.0,helps,B,True,4.500000096857548,1.0,1.0,0.0,1755.5,helps,helps
Text-1603:B-F,Text-1603,Reasoning,Respiratory,Rupture of an emphysematous bleb,Acute exacerbation of underlying COPD,False,A,True,6.749999969732016,0.8,0.8,0.2,1588.5,helps,B,True,6.999999819439836,0.9666666666666667,0.9333333333333333,0.06666666666666667,1810.5,helps,helps
Text-1603:B-G,Text-1603,Reasoning,Respiratory,Rupture of an emphysematous bleb,Right-sided pulmonary embolism,False,B,False,-8.749999893334461,0.0,0.03333333333333333,0.9666666666666667,1024.0,hurts,A,False,-10.749999523393853,0.0,0.03333333333333333,0.9666666666666667,1541.5,hurts,hurts
Text-1603:B-H,Text-1603,Reasoning,Respiratory,Rupture of an emphysematous bleb,Bronchial obstruction from mucus plugging,False,A,True,13.250000119210881,1.0,1.0,0.0,1470.0,helps,B,True,12.999999642374632,1.0,0.7,0.2,1356.0,helps,helps
Text-1603:B-I,Text-1603,Reasoning,Respiratory,Rupture of an emphysematous bleb,Pulmonary edema secondary to decreased cardiac output,False,A,True,8.000000294676283,0.9333333333333333,0.8666666666666667,0.13333333333333333,2546.5,helps,B,True,5.499999983236194,1.0,1.0,0.0,2231.0,helps,helps
Text-1603:B-J,Text-1603,Reasoning,Respiratory,Rupture of an emphysematous bleb,Fe3+ hemoglobin in circulating red blood cells,False,A,True,8.499999663079507,1.0,1.0,0.0,1627.5,helps,B,True,6.749999969732016,1.0,1.0,0.0,1630.0,helps,helps
Text-1615:C-A,Text-1615,Reasoning,Skeletal,left innominate inflare,right innominate outflare,False,A,True,1.5000000596046448,0.4,0.4,0.6,1943.5,neutral,B,True,4.999999948777258,0.7333333333333333,0.6666666666666666,0.3333333333333333,2312.0,neutral,neutral
Text-1615:C-B,Text-1615,Reasoning,Skeletal,left innominate inflare,left innominate outflare,False,B,False,-0.25,0.5,0.5,0.5,1579.0,neutral,A,False,-4.250000044703484,0.4,0.4,0.6,1761.0,neutral,neutral
Text-1615:C-D,Text-1615,Reasoning,Skeletal,left innominate inflare,left posterior innominate rotation,False,B,False,-2.5000000968575478,0.03333333333333333,0.03333333333333333,0.9666666666666667,1022.0,hurts,A,False,-8.000000294676283,0.0,0.0,1.0,930.0,hurts,hurts
Text-1615:C-E,Text-1615,Reasoning,Skeletal,left innominate inflare,piriformis syndrome,True,A,True,5.250000011175871,0.9,0.9,0.1,1439.5,excluded,A,False,-0.9999999701976776,1.0,1.0,0.0,911.5,excluded,excluded
Text-1615:C-F,Text-1615,Reasoning,Skeletal,left innominate inflare,iliopsoas tendinitis,False,A,True,3.2499999403953552,0.4666666666666667,0.4666666666666667,0.5333333333333333,1664.5,neutral,B,True,0.9999999701976776,0.8666666666666667,0.8666666666666667,0.13333333333333333,1525.0,helps,mixed
Text-1615:C-G,Text-1615,Reasoning,Skeletal,left innominate inflare,left hip impingement syndrome,False,A,True,4.7500000186264515,0.3,0.3,0.7,1460.0,hurts,B,True,0.9999999701976776,0.8,0.8,0.2,1466.0,helps,mixed
Text-1615:C-H,Text-1615,Reasoning,Skeletal,left innominate inflare,left innominate posterior rotation,False,B,False,-0.5,0.16666666666666666,0.16666666666666666,0.8333333333333334,906.5,hurts,A,False,-8.749999893334461,0.03333333333333333,0.03333333333333333,0.9666666666666667,818.0,hurts,hurts
Text-1615:C-I,Text-1615,Reasoning,Skeletal,left innominate inflare,trochanteric bursitis,True,A,True,1.5000000596046448,0.13333333333333333,0.13333333333333333,0.8666666666666667,1621.5,excluded,A,False,-0.5,0.7333333333333333,0.7333333333333333,0.26666666666666666,1841.5,excluded,excluded
Text-1615:C-J,Text-1615,Reasoning,Skeletal,left innominate inflare,sacroiliac joint dysfunction,False,B,False,-6.50000017543789,0.0,0.0,1.0,708.0,hurts,A,False,-8.749999893334461,0.16666666666666666,0.26666666666666666,0.7333333333333333,1415.5,hurts,hurts
Text-164:G-A,Text-164,Reasoning,Reproductive,No additional tests are required to make the diagnosis,Transvaginal ultrasound,False,B,False,-12.50000011921611,0.6666666666666666,1.0,0.0,1273.0,neutral,A,False,-18.75,0.5666666666666667,1.0,0.0,1147.5,neutral,neutral
Text-164:G-B,Text-164,Reasoning,Reproductive,No additional tests are required to make the diagnosis,Vaginal pH testing,False,B,False,-6.749999969732016,0.8666666666666667,0.9333333333333333,0.06666666666666667,1069.5,helps,A,False,-8.250000034138793,1.0,1.0,0.0,845.0,helps,helps
Text-164:G-C,Text-164,Reasoning,Reproductive,No additional tests are required to make the diagnosis,Cervical culture for Chlamydia and Gonorrhea,False,B,False,-16.249999880790718,0.0,0.8,0.13333333333333333,1192.0,neutral,A,False,-25.0,0.06666666666666667,0.8,0.2,1483.5,neutral,neutral
Text-164:G-D,Text-164,Reasoning,Reproductive,No additional tests are required to make the diagnosis,Complete blood count with differential,False,B,False,-6.50000017543789,0.8333333333333334,0.8666666666666667,0.13333333333333333,1204.0,helps,A,False,-9.499999525964085,0.9666666666666667,1.0,0.0,919.5,helps,helps
Text-164:G-E,Text-164,Reasoning,Reproductive,No additional tests are required to make the diagnosis,Pelvic ultrasound,False,B,False,-10.000000358661055,0.8666666666666667,0.9333333333333333,0.06666666666666667,1355.0,helps,A,False,-16.249999880790718,0.8333333333333334,1.0,0.0,1078.5,helps,helps
Text-164:G-F,Text-164,Reasoning,Reproductive,No additional tests are required to make the diagnosis,Laparoscopy,False,B,False,-2.5000000968575478,1.0,1.0,0.0,863.0,helps,A,False,-6.999999819439836,1.0,1.0,0.0,812.5,helps,helps
Text-164:G-H,Text-164,Reasoning,Reproductive,No additional tests are required to make the diagnosis,Endometrial biopsy,False,B,False,-3.9999998919665813,1.0,1.0,0.0,869.5,helps,A,False,-3.9999998919665813,1.0,1.0,0.0,782.0,helps,helps
Text-164:G-I,Text-164,Reasoning,Reproductive,No additional tests are required to make the diagnosis,Nucleic acid amplification,False,B,False,-9.499999525964085,0.16666666666666666,0.4,0.6,1099.0,neutral,A,False,-17.0,0.23333333333333334,0.7,0.26666666666666666,1283.5,neutral,neutral
Text-164:G-J,Text-164,Reasoning,Reproductive,No additional tests are required to make the diagnosis,Contrast-enhanced computed tomography (CT),False,B,False,-2.9999999925494194,1.0,1.0,0.0,809.5,helps,A,False,-4.7500000186264515,1.0,1.0,0.0,729.5,helps,helps
Text-1687:F-A,Text-1687,Reasoning,Skeletal,left-on-right sacral torsion,left-on-left sacral torsion,False,A,True,5.749999928288162,1.0,1.0,0.0,866.0,helps,B,True,5.250000011175871,0.9,0.9,0.1,1088.0,helps,helps
Text-1687:F-B,Text-1687,Reasoning,Skeletal,left-on-right sacral torsion,right-on-left sacral torsion,True,A,True,0.0,0.5,0.5,0.5,1202.0,excluded,A,False,-0.0,0.06666666666666667,0.06666666666666667,0.9333333333333333,1144.5,excluded,excluded
Text-1687:F-C,Text-1687,Reasoning,Skeletal,left-on-right sacral torsion,bilateral sacral flexion,False,A,True,11.5000003576788,1.0,1.0,0.0,788.0,helps,B,True,8.999999649982783,1.0,1.0,0.0,692.0,helps,helps
Text-1687:F-D,Text-1687,Reasoning,Skeletal,left-on-right sacral torsion,unilateral sacral flexion on the right,False,A,True,3.9999998919665813,1.0,1.0,0.0,802.5,helps,B,True,5.499999983236194,1.0,1.0,0.0,713.5,helps,helps
Text-1687:F-E,Text-1687,Reasoning,Skeletal,left-on-right sacral torsion,unilateral sacral extension on the left,False,A,True,4.7500000186264515,1.0,1.0,0.0,871.5,helps,B,True,6.749999969732016,1.0,1.0,0.0,716.5,helps,helps
Text-1687:F-G,Text-1687,Reasoning,Skeletal,left-on-right sacral torsion,bilateral sacral extension,False,A,True,13.250000119210881,1.0,1.0,0.0,669.0,helps,B,True,10.999999523302904,1.0,1.0,0.0,731.5,helps,helps
Text-1687:F-H,Text-1687,Reasoning,Skeletal,left-on-right sacral torsion,sacral shear dysfunction on the right,False,A,True,4.500000096857548,1.0,1.0,0.0,831.0,helps,B,True,3.4999999310821295,1.0,1.0,0.0,636.5,helps,helps
Text-1687:F-I,Text-1687,Reasoning,Skeletal,left-on-right sacral torsion,anterior sacral base dysfunction,False,A,True,8.250000034138793,1.0,1.0,0.0,613.0,helps,B,True,8.499999663079507,1.0,1.0,0.0,706.0,helps,helps
Text-1687:F-J,Text-1687,Reasoning,Skeletal,left-on-right sacral torsion,right-on-right sacral torsion,False,A,True,5.499999983236194,0.7333333333333333,0.7333333333333333,0.26666666666666666,1128.0,helps,B,True,0.9999999701976776,0.3333333333333333,0.3333333333333333,0.6666666666666666,1369.0,neutral,mixed
Text-1739:E-A,Text-1739,Reasoning,Skeletal,Spinal epidural abscess,Psychogenic pain disorder,False,A,True,21.0,1.0,0.9333333333333333,0.06666666666666667,770.5,helps,B,True,16.249999880790718,1.0,0.9666666666666667,0.0,708.0,helps,helps
Text-1739:E-B,Text-1739,Reasoning,Skeletal,Spinal epidural abscess,Musculoskeletal strain,False,A,True,23.75,1.0,0.8666666666666667,0.13333333333333333,738.5,helps,B,True,15.749999880790718,1.0,0.8,0.16666666666666666,758.5,helps,helps
Text-1739:E-C,Text-1739,Reasoning,Skeletal,Spinal epidural abscess,Malingering,False,A,True,12.999999642374632,0.5333333333333333,0.2,0.7333333333333333,1706.5,neutral,B,True,10.50000011958764,1.0,1.0,0.0,885.5,helps,mixed
Text-1739:E-D,Text-1739,Reasoning,Skeletal,Spinal epidural abscess,Acute osteomyelitis,True,A,True,6.749999969732016,0.4666666666666667,0.4,0.6,2221.0,excluded,A,False,-0.9999999701976776,0.8,0.8,0.2,2223.5,excluded,excluded
Text-1739:E-F,Text-1739,Reasoning,Skeletal,Spinal epidural abscess,Septic arthritis,False,A,True,16.75,1.0,1.0,0.0,821.5,helps,B,True,5.250000011175871,1.0,1.0,0.0,918.5,helps,helps
Text-1739:E-G,Text-1739,Reasoning,Skeletal,Spinal epidural abscess,Drug-seeking behavior,False,A,True,18.5,0.9666666666666667,0.23333333333333334,0.7333333333333333,1298.5,neutral,B,True,12.250000000011369,1.0,0.9333333333333333,0.03333333333333333,894.5,helps,mixed
Text-1739:E-H,Text-1739,Reasoning,Skeletal,Spinal epidural abscess,Factitious disorder,False,A,True,8.999999649982783,0.3333333333333333,0.23333333333333334,0.7666666666666667,1732.5,neutral,B,True,9.250000243031536,1.0,1.0,0.0,1013.0,helps,mixed
Text-1739:E-I,Text-1739,Reasoning,Skeletal,Spinal epidural abscess,Spinal epidural hematoma,False,A,True,18.5,1.0,1.0,0.0,820.5,helps,B,True,10.249999881416443,1.0,1.0,0.0,815.0,helps,helps
Text-1739:E-J,Text-1739,Reasoning,Skeletal,Spinal epidural abscess,Acute disc herniation,False,A,True,21.75,1.0,1.0,0.0,694.0,helps,B,True,15.49999976158145,1.0,1.0,0.0,702.5,helps,helps
Text-1783:F-A,Text-1783,Reasoning,Digestive,Hepatitis D virus infection,Acute hepatitis A virus infection,False,A,True,0.0,0.6,0.6,0.16666666666666666,2217.0,neutral,B,True,1.5000000596046448,1.0,1.0,0.0,1684.5,helps,mixed
Text-1783:F-B,Text-1783,Reasoning,Digestive,Hepatitis D virus infection,Chronic hepatitis B virus exacerbation,False,B,False,-6.749999969732016,0.0,0.0,1.0,852.5,hurts,A,False,-4.500000096857548,0.0,0.0,1.0,1061.5,hurts,hurts
Text-1783:F-C,Text-1783,Reasoning,Digestive,Hepatitis D virus infection,Acute hepatitis C virus infection,False,A,True,3.4999999310821295,1.0,1.0,0.0,1692.0,helps,B,True,0.25,1.0,1.0,0.0,1379.5,helps,helps
Text-1783:F-D,Text-1783,Reasoning,Digestive,Hepatitis D virus infection,Alcoholic hepatitis,False,B,False,-7.749999973515514,0.0,0.0,1.0,1019.5,hurts,A,False,-14.00000011920963,0.0,0.06666666666666667,0.9333333333333333,1032.0,hurts,hurts
Text-1783:F-E,Text-1783,Reasoning,Digestive,Hepatitis D virus infection,Hepatitis B virus reactivation,False,B,False,-8.000000294676283,0.0,0.0,1.0,896.0,hurts,A,False,-10.999999523302904,0.0,0.0,1.0,1003.0,hurts,hurts
Text-1783:F-G,Text-1783,Reasoning,Digestive,Hepatitis D virus infection,Drug-induced liver injury,False,B,False,-6.000000086612999,0.0,0.0,1.0,1649.5,hurts,A,False,-5.749999928288162,0.0,0.03333333333333333,0.9666666666666667,1857.0,hurts,hurts
Text-1783:F-H,Text-1783,Reasoning,Digestive,Hepatitis D virus infection,Nonalcoholic steatohepatitis,False,A,True,11.749999761612344,0.3333333333333333,0.03333333333333333,0.9666666666666667,2820.0,neutral,B,True,2.7499999962747097,0.7333333333333333,0.7,0.3,2778.0,helps,mixed
Text-1783:F-I,Text-1783,Reasoning,Digestive,Hepatitis D virus infection,Autoimmune hepatitis,False,A,True,7.250000132829882,0.5,0.4,0.6,2725.5,neutral,B,True,2.7499999962747097,0.9666666666666667,0.9666666666666667,0.03333333333333333,2406.5,helps,mixed
Text-1783:F-J,Text-1783,Reasoning,Digestive,Hepatitis D virus infection,Wilson disease,False,A,True,8.000000294676283,0.9666666666666667,0.8666666666666667,0.13333333333333333,2173.0,helps,B,True,5.499999983236194,1.0,1.0,0.0,1601.0,helps,helps
Text-1788:C-A,Text-1788,Reasoning,Urinary,Microscopic polyangiitis,Membranoproliferative glomerulonephritis,False,A,True,0.5,0.7333333333333333,0.7333333333333333,0.26666666666666666,1450.5,helps,B,True,2.5000000968575478,0.7666666666666667,0.7666666666666667,0.23333333333333334,1386.5,helps,helps
Text-1788:C-B,Text-1788,Reasoning,Urinary,Microscopic polyangiitis,Diffuse membranous glomerulopathy,False,A,True,2.7499999962747097,1.0,1.0,0.0,1112.5,helps,B,True,2.9999999925494194,0.9666666666666667,0.9666666666666667,0.03333333333333333,1162.0,helps,helps
Text-1788:C-D,Text-1788,Reasoning,Urinary,Microscopic polyangiitis,Acute poststreptococcal glomerulonephritis,False,A,True,7.749999973515514,0.9,0.9,0.1,1250.0,helps,B,True,8.749999893334461,0.9666666666666667,0.5666666666666667,0.3333333333333333,1007.5,neutral,mixed
Text-1788:C-E,Text-1788,Reasoning,Urinary,Microscopic polyangiitis,Granulomatosis with polyangiitis,False,A,True,8.749999893334461,0.9666666666666667,0.9666666666666667,0.03333333333333333,783.0,helps,B,True,4.500000096857548,0.8333333333333334,0.8333333333333334,0.16666666666666666,1481.5,helps,helps
Text-1788:C-F,Text-1788,Reasoning,Urinary,Microscopic polyangiitis,Membranous nephropathy,False,A,True,8.499999663079507,1.0,1.0,0.0,703.0,helps,B,True,9.250000243031536,1.0,0.9,0.1,686.0,helps,helps
Text-1788:C-G,Text-1788,Reasoning,Urinary,Microscopic polyangiitis,Goodpasture syndrome,True,B,False,-3.2499999403953552,0.3333333333333333,0.3333333333333333,0.6666666666666666,1903.5,excluded,B,True,2.9999999925494194,0.8333333333333334,0.8333333333333334,0.16666666666666666,1412.5,excluded,excluded
Text-1788:C-H,Text-1788,Reasoning,Urinary,Microscopic polyangiitis,Lupus nephritis,False,A,True,3.9999998919665813,1.0,1.0,0.0,828.5,helps,B,True,6.000000086612999,1.0,1.0,0.0,838.5,helps,helps
Text-1788:C-I,Text-1788,Reasoning,Urinary,Microscopic polyangiitis,Anti-glomerular basement membrane disease,False,A,True,0.25,0.8333333333333334,0.8333333333333334,0.16666666666666666,1286.5,helps,B,True,5.499999983236194,1.0,1.0,0.0,1041.0,helps,helps
Text-1788:C-J,Text-1788,Reasoning,Urinary,Microscopic polyangiitis,Eosinophilic granulomatosis with polyangiitis,False,A,True,7.250000132829882,1.0,1.0,0.0,586.5,helps,B,True,3.9999998919665813,1.0,1.0,0.0,666.0,helps,helps
Text-179:J-A,Text-179,Reasoning,Cardiovascular,Primary hyperfibrinolysis,Vitamin K deficiency,False,A,True,12.750000000004093,1.0,1.0,0.0,1422.0,helps,B,True,8.499999663079507,1.0,1.0,0.0,1328.0,helps,helps
Text-179:J-B,Text-179,Reasoning,Cardiovascular,Primary hyperfibrinolysis,Factor XIII deficiency,False,A,True,11.749999761612344,1.0,1.0,0.0,1169.5,helps,B,True,11.5000003576788,1.0,1.0,0.0,954.5,helps,helps
Text-179:J-C,Text-179,Reasoning,Cardiovascular,Primary hyperfibrinolysis,Liver disease coagulopathy,False,A,True,11.749999761612344,1.0,1.0,0.0,1228.5,helps,B,True,8.749999893334461,1.0,1.0,0.0,1160.0,helps,helps
Text-179:J-D,Text-179,Reasoning,Cardiovascular,Primary hyperfibrinolysis,Classic von Willebrand disease,False,A,True,11.250000357712452,1.0,0.9666666666666667,0.03333333333333333,1531.0,helps,B,True,8.499999663079507,1.0,1.0,0.0,1227.0,helps,helps
Text-179:J-E,Text-179,Reasoning,Cardiovascular,Primary hyperfibrinolysis,Secondary hyperfibrinolysis,False,B,False,-1.5000000596046448,0.0,0.0,1.0,782.0,hurts,A,False,-4.7500000186264515,0.06666666666666667,0.1,0.9,1173.5,hurts,hurts
Text-179:J-F,Text-179,Reasoning,Cardiovascular,Primary hyperfibrinolysis,Hemophilia A,False,A,True,14.00000011920963,1.0,1.0,0.0,1157.5,helps,B,True,11.749999761612344,1.0,1.0,0.0,1000.0,helps,helps
Text-179:J-G,Text-179,Reasoning,Cardiovascular,Primary hyperfibrinolysis,Disseminated intravascular coagulation (DIC),False,B,False,-6.749999969732016,0.0,0.0,1.0,746.0,hurts,A,False,-5.499999983236194,0.26666666666666666,0.26666666666666666,0.7333333333333333,1284.5,hurts,hurts
Text-179:J-H,Text-179,Reasoning,Cardiovascular,Primary hyperfibrinolysis,Acquired factor VIII inhibitor,False,A,True,6.50000017543789,1.0,1.0,0.0,1536.0,helps,B,True,5.499999983236194,1.0,1.0,0.0,1125.5,helps,helps
Text-179:J-I,Text-179,Reasoning,Cardiovascular,Primary hyperfibrinolysis,Antiphospholipid syndrome,False,A,True,8.000000294676283,1.0,1.0,0.0,1453.0,helps,B,True,7.500000152911525,1.0,1.0,0.0,1112.0,helps,helps
Text-1863:B-A,Text-1863,Reasoning,Digestive,Wilms tumor,Hydatid cyst,False,A,True,10.999999523302904,1.0,1.0,0.0,890.5,helps,B,True,14.00000011920963,1.0,0.7666666666666667,0.16666666666666666,784.0,helps,helps
Text-1863:B-C,Text-1863,Reasoning,Digestive,Wilms tumor,Hepatoblastoma,False,A,True,0.25,0.0,0.0,1.0,959.5,hurts,B,True,1.25,0.0,0.0,0.9666666666666667,785.0,hurts,hurts
Text-1863:B-D,Text-1863,Reasoning,Digestive,Wilms tumor,Mesenteric cyst,False,A,True,8.499999663079507,1.0,1.0,0.0,1055.0,helps,B,True,13.499999523163865,1.0,0.8,0.1,779.5,helps,helps
Text-1863:B-E,Text-1863,Reasoning,Digestive,Wilms tumor,Polycystic kidney disease,False,A,True,17.75,1.0,1.0,0.0,602.5,helps,B,True,20.0,1.0,0.3,0.4666666666666667,618.0,neutral,mixed
Text-1863:B-F,Text-1863,Reasoning,Digestive,Wilms tumor,Sarcoma,False,A,True,16.249999880790718,1.0,1.0,0.0,573.5,helps,B,True,19.25,1.0,0.6666666666666666,0.13333333333333333,509.0,neutral,mixed
Text-1863:B-G,Text-1863,Reasoning,Digestive,Wilms tumor,Hepatic hemangioma,True,A,True,6.000000086612999,0.3333333333333333,0.3333333333333333,0.6666666666666666,1425.0,excluded,A,False,-1.7499999850988388,0.16666666666666666,0.16666666666666666,0.8333333333333334,1316.0,excluded,excluded
Text-1863:B-H,Text-1863,Reasoning,Digestive,Wilms tumor,Teratoma,False,A,True,12.750000000004093,1.0,1.0,0.0,610.5,helps,B,True,14.999999642372188,1.0,0.8666666666666667,0.0,604.0,helps,helps
Text-1863:B-I,Text-1863,Reasoning,Digestive,Wilms tumor,Rhabdomyosarcoma,False,A,True,12.999999642374632,1.0,1.0,0.0,591.5,helps,B,True,12.999999642374632,1.0,1.0,0.0,622.5,helps,helps
Text-1863:B-J,Text-1863,Reasoning,Digestive,Wilms tumor,Adrenal carcinoma,False,A,True,8.000000294676283,1.0,1.0,0.0,716.5,helps,B,True,15.24999976158145,1.0,0.6666666666666666,0.26666666666666666,715.5,neutral,mixed
Text-1865:F-A,Text-1865,Reasoning,Reproductive,Rectovaginal fistula,Retained products of conception,False,B,False,-2.9999999925494194,0.3,0.3,0.7,1969.0,hurts,A,False,-0.25,0.8666666666666667,0.8666666666666667,0.13333333333333333,1795.5,helps,mixed
Text-1865:F-B,Text-1865,Reasoning,Reproductive,Rectovaginal fistula,Vaginal hematoma,False,A,True,6.000000086612999,0.9,0.8666666666666667,0.13333333333333333,1929.5,helps,B,True,4.999999948777258,1.0,1.0,0.0,1742.5,helps,helps
Text-1865:F-C,Text-1865,Reasoning,Reproductive,Rectovaginal fistula,Vaginal neoplasm,False,A,True,4.7500000186264515,0.43333333333333335,0.43333333333333335,0.5666666666666667,2141.0,neutral,B,True,2.5000000968575478,0.8,0.8,0.2,2167.0,helps,mixed
Text-1865:F-D,Text-1865,Reasoning,Reproductive,Rectovaginal fistula,Pelvic inflammatory disease,False,B,False,-5.499999983236194,0.13333333333333333,0.13333333333333333,0.8666666666666667,2143.0,hurts,A,False,-3.2499999403953552,0.9,0.9,0.1,2000.0,helps,mixed
Text-1865:F-E,Text-1865,Reasoning,Reproductive,Rectovaginal fistula,Urethrovaginal fistula,True,A,True,3.9999998919665813,1.0,1.0,0.0,1240.0,excluded,A,False,-0.5,1.0,1.0,0.0,1300.0,excluded,excluded
Text-1865:F-G,Text-1865,Reasoning,Reproductive,Rectovaginal fistula,Vaginal candidiasis,False,A,True,0.5,0.7,0.7,0.3,2010.5,helps,B,True,5.499999983236194,1.0,1.0,0.0,1377.0,helps,helps
Text-1865:F-H,Text-1865,Reasoning,Reproductive,Rectovaginal fistula,Bacterial vaginosis,False,B,False,-8.999999649982783,0.0,0.03333333333333333,0.9666666666666667,1334.0,hurts,A,False,-4.999999948777258,0.26666666666666666,0.26666666666666666,0.7333333333333333,1867.0,hurts,hurts
Text-1865:F-I,Text-1865,Reasoning,Reproductive,Rectovaginal fistula,Granuloma formation due to sutures,False,B,False,-3.749999888241291,0.0,0.0,1.0,1098.5,hurts,A,False,-2.2500000298023224,0.06666666666666667,0.06666666666666667,0.9333333333333333,1210.5,hurts,hurts
Text-1865:F-J,Text-1865,Reasoning,Reproductive,Rectovaginal fistula,Endometritis,False,B,False,-6.50000017543789,0.16666666666666666,0.16666666666666666,0.8333333333333334,2180.5,hurts,A,False,-4.250000044703484,0.8333333333333334,0.8333333333333334,0.16666666666666666,1825.0,helps,mixed
Text-1881:D-A,Text-1881,Reasoning,Skeletal,Right superior shear,Bilateral sacral torsion,False,A,True,5.250000011175871,0.5,0.5,0.5,1023.0,neutral,B,True,3.2499999403953552,0.7333333333333333,0.7333333333333333,0.26666666666666666,1311.5,helps,mixed
Text-1881:D-B,Text-1881,Reasoning,Skeletal,Right superior shear,Left inferior shear,False,A,True,1.5000000596046448,0.8666666666666667,0.8666666666666667,0.13333333333333333,1348.0,helps,B,True,4.500000096857548,0.9666666666666667,0.9666666666666667,0.03333333333333333,969.5,helps,helps
Text-1881:D-C,Text-1881,Reasoning,Skeletal,Right superior shear,Left anterior innominate rotation,False,B,False,-1.7499999850988388,0.03333333333333333,0.03333333333333333,0.9666666666666667,1039.0,hurts,A,False,-3.749999888241291,0.3,0.3,0.7,1963.0,hurts,hurts
Text-1881:D-E,Text-1881,Reasoning,Skeletal,Right superior shear,Right posterior innominate rotation,False,B,False,-4.7500000186264515,0.03333333333333333,0.03333333333333333,0.9666666666666667,793.5,hurts,A,False,-8.999999649982783,0.0,0.0,1.0,836.0,hurts,hurts
Text-1881:D-F,Text-1881,Reasoning,Skeletal,Right superior shear,Left posterior rotation,True,A,True,1.25,0.03333333333333333,0.03333333333333333,0.9666666666666667,1161.0,excluded,A,False,-3.4999999310821295,0.06666666666666667,0.06666666666666667,0.9333333333333333,1071.5,excluded,excluded
Text-1881:D-G,Text-1881,Reasoning,Skeletal,Right superior shear,Bilateral iliosacral dysfunction,True,B,False,-0.5,0.4666666666666667,0.4666666666666667,0.5333333333333333,1556.5,excluded,B,True,1.25,0.9333333333333333,0.9333333333333333,0.06666666666666667,919.5,excluded,excluded
Text-1881:D-H,Text-1881,Reasoning,Skeletal,Right superior shear,Right anterior rotation,False,B,False,-3.4999999310821295,0.03333333333333333,0.03333333333333333,0.9666666666666667,755.5,hurts,A,False,-10.249999881416443,0.03333333333333333,0.03333333333333333,0.9666666666666667,697.5,hurts,hurts
Text-1881:D-I,Text-1881,Reasoning,Skeletal,Right superior shear,Right innominate upslip,False,B,False,-2.9999999925494194,0.16666666666666666,0.16666666666666666,0.8333333333333334,917.0,hurts,A,False,-6.749999969732016,0.03333333333333333,0.03333333333333333,0.9666666666666667,848.5,hurts,hurts
Text-1881:D-J,Text-1881,Reasoning,Skeletal,Right superior shear,Left sacroiliac joint dysfunction,False,B,False,-0.5,0.16666666666666666,0.16666666666666666,0.8333333333333334,1521.0,hurts,A,False,-0.5,0.7666666666666667,0.7666666666666667,0.23333333333333334,1359.5,helps,mixed
Text-1897:C-A,Text-1897,Reasoning,Endocrine,Protein-secreting CNS mass,Idiopathic hyperprolactinemia,False,B,False,-8.250000034138793,0.0,0.06666666666666667,0.9333333333333333,1313.5,hurts,A,False,-4.999999948777258,0.1,0.1,0.9,2332.5,hurts,hurts
Text-1897:C-B,Text-1897,Reasoning,Endocrine,Protein-secreting CNS mass,Hypothyroidism-induced galactorrhea,False,B,False,-3.2499999403953552,0.0,0.0,1.0,1924.5,hurts,A,False,-4.999999948777258,0.5333333333333333,0.5333333333333333,0.4666666666666667,2006.0,neutral,mixed
Text-1897:C-D,Text-1897,Reasoning,Endocrine,Protein-secreting CNS mass,Medication-induced hyperprolactinemia,False,B,False,-13.499999523163865,0.0,0.3333333333333333,0.6,754.5,neutral,A,False,-14.25000035762804,0.0,0.16666666666666666,0.7666666666666667,1391.0,hurts,mixed
Text-1897:C-E,Text-1897,Reasoning,Endocrine,Protein-secreting CNS mass,Normal pregnancy,False,A,True,14.25000035762804,1.0,0.9666666666666667,0.03333333333333333,1042.0,helps,B,True,8.000000294676283,1.0,1.0,0.0,1044.0,helps,helps
Text-1897:C-F,Text-1897,Reasoning,Endocrine,Protein-secreting CNS mass,Polycystic ovary syndrome (PCOS) with hormonal imbalance,False,A,True,1.25,1.0,1.0,0.0,1283.5,helps,B,True,2.9999999925494194,1.0,1.0,0.0,1220.5,helps,helps
Text-1897:C-G,Text-1897,Reasoning,Endocrine,Protein-secreting CNS mass,Hyperestrogenemia from liver dysfunction,False,A,True,8.000000294676283,1.0,1.0,0.0,1179.5,helps,B,True,6.749999969732016,1.0,1.0,0.0,1069.5,helps,helps
Text-1897:C-H,Text-1897,Reasoning,Endocrine,Protein-secreting CNS mass,Dopamine blockade in the tuberoinfundibular pathway,False,B,False,-5.749999928288162,0.0,0.0,1.0,951.0,hurts,A,False,-4.999999948777258,0.0,0.0,1.0,1326.5,hurts,hurts
Text-1897:C-I,Text-1897,Reasoning,Endocrine,Protein-secreting CNS mass,Chronic kidney disease causing secondary hyperprolactinemia,True,B,False,-1.7499999850988388,0.9333333333333333,0.9333333333333333,0.06666666666666667,2192.5,excluded,B,True,0.25,1.0,1.0,0.0,1700.0,excluded,excluded
Text-1897:C-J,Text-1897,Reasoning,Endocrine,Protein-secreting CNS mass,Pituitary adenoma causing hyperprolactinemia,False,B,False,-20.5,0.0,0.8666666666666667,0.1,718.5,neutral,A,False,-15.999999880790718,0.0,0.0,1.0,762.0,hurts,mixed
Text-1913:G-A,Text-1913,Reasoning,Digestive,Jejunal atresia,Pyloric stenosis,False,A,True,15.749999880790718,1.0,1.0,0.0,666.5,helps,B,True,8.250000034138793,1.0,1.0,0.0,663.0,helps,helps
Text-1913:G-B,Text-1913,Reasoning,Digestive,Jejunal atresia,Malrotation with volvulus,True,A,True,0.9999999701976776,0.6,0.6,0.4,1513.0,excluded,A,False,-4.500000096857548,0.8666666666666667,0.8666666666666667,0.13333333333333333,1578.0,excluded,excluded
Text-1913:G-C,Text-1913,Reasoning,Digestive,Jejunal atresia,Ileal atresia,True,A,True,8.000000294676283,0.9333333333333333,0.9333333333333333,0.06666666666666667,1074.0,excluded,A,False,-0.7499999701976776,0.7,0.7,0.3,1430.0,excluded,excluded
Text-1913:G-D,Text-1913,Reasoning,Digestive,Jejunal atresia,Necrotizing enterocolitis,False,A,True,14.499999523162955,1.0,1.0,0.0,819.5,helps,B,True,10.999999523302904,1.0,1.0,0.0,701.0,helps,helps
Text-1913:G-E,Text-1913,Reasoning,Digestive,Jejunal atresia,Duodenal atresia,False,B,False,-4.999999948777258,0.06666666666666667,0.06666666666666667,0.9333333333333333,1620.5,hurts,A,False,-10.50000011958764,0.06666666666666667,0.1,0.9,1063.0,hurts,hurts
Text-1913:G-F,Text-1913,Reasoning,Digestive,Jejunal atresia,Meconium ileus,False,A,True,10.249999881416443,1.0,1.0,0.0,898.5,helps,B,True,9.250000243031536,1.0,1.0,0.0,764.5,helps,helps
Text-1913:G-H,Text-1913,Reasoning,Digestive,Jejunal atresia,Intestinal malrotation,True,A,True,0.25,0.5666666666666667,0.5666666666666667,0.43333333333333335,1735.5,excluded,A,False,-4.500000096857548,0.9,0.9,0.1,1388.5,excluded,excluded
Text-1913:G-I,Text-1913,Reasoning,Digestive,Jejunal atresia,Annular pancreas,False,A,True,6.250000192085281,1.0,1.0,0.0,1588.5,helps,B,True,1.7499999850988388,1.0,1.0,0.0,1189.5,helps,helps
Text-1913:G-J,Text-1913,Reasoning,Digestive,Jejunal atresia,Midgut volvulus,False,A,True,6.000000086612999,0.9333333333333333,0.9333333333333333,0.06666666666666667,1271.5,helps,B,True,0.5,0.9333333333333333,0.9333333333333333,0.06666666666666667,1076.0,helps,helps
Text-1914:E-A,Text-1914,Reasoning,Muscular,Left superior pubic shear,Left superior innominate shear,False,B,False,-3.2499999403953552,0.0,0.0,1.0,1198.0,hurts,A,False,-0.0,0.6,0.6,0.4,1725.5,neutral,mixed
Text-1914:E-B,Text-1914,Reasoning,Muscular,Left superior pubic shear,Left posterior innominate rotation,False,B,False,-2.9999999925494194,0.06666666666666667,0.06666666666666667,0.9333333333333333,2805.0,hurts,A,False,-2.9999999925494194,0.1,0.1,0.9,1895.0,hurts,hurts
Text-1914:E-C,Text-1914,Reasoning,Muscular,Left superior pubic shear,Right anterior innominate rotation,False,B,False,-1.7499999850988388,0.0,0.0,1.0,1073.5,hurts,A,False,-0.25,0.26666666666666666,0.26666666666666666,0.7333333333333333,2449.0,hurts,hurts
Text-1914:E-D,Text-1914,Reasoning,Muscular,Left superior pubic shear,Left sacral torsion,False,A,True,4.500000096857548,0.43333333333333335,0.43333333333333335,0.5666666666666667,1050.5,neutral,B,True,6.000000086612999,0.9666666666666667,0.9666666666666667,0.03333333333333333,932.0,helps,mixed
Text-1914:E-F,Text-1914,Reasoning,Muscular,Left superior pubic shear,Right superior pubic shear,True,B,False,-0.25,0.7,0.7,0.3,1670.0,excluded,B,True,2.5000000968575478,0.9666666666666667,0.9666666666666667,0.03333333333333333,1231.0,excluded,excluded
Text-1914:E-G,Text-1914,Reasoning,Muscular,Left superior pubic shear,Left inferior pubic shear,True,A,True,0.25,1.0,1.0,0.0,1591.0,excluded,A,False,-2.5000000968575478,1.0,1.0,0.0,1281.0,excluded,excluded
Text-1914:E-H,Text-1914,Reasoning,Muscular,Left superior pubic shear,Right inferior pubic shear,True,B,False,-0.9999999701976776,0.03333333333333333,0.03333333333333333,0.9666666666666667,1253.5,excluded,B,True,1.5000000596046448,0.8333333333333334,0.8333333333333334,0.16666666666666666,1592.5,excluded,excluded
Text-1914:E-I,Text-1914,Reasoning,Muscular,Left superior pubic shear,Left anterior innominate rotation,False,B,False,-2.0000000447034836,0.06666666666666667,0.06666666666666667,0.9333333333333333,1474.5,hurts,A,False,-2.0000000447034836,0.23333333333333334,0.23333333333333334,0.7666666666666667,1474.5,hurts,hurts
Text-1914:E-J,Text-1914,Reasoning,Muscular,Left superior pubic shear,Bilateral sacroiliac joint dysfunction,False,A,True,5.250000011175871,0.7666666666666667,0.7333333333333333,0.26666666666666666,1377.0,helps,B,True,8.250000034138793,1.0,1.0,0.0,725.5,helps,helps
Text-1920:I-A,Text-1920,Understanding,Integumentary,Linear IgA disease,Chronic bullous disease of childhood,False,A,True,19.0,1.0,1.0,0.0,569.5,helps,B,True,17.75,1.0,0.5333333333333333,0.3333333333333333,472.5,neutral,mixed
Text-1920:I-B,Text-1920,Understanding,Integumentary,Linear IgA disease,Dermatitis herpetiformis,False,A,True,11.749999761612344,0.9,0.6666666666666666,0.3333333333333333,1698.0,neutral,B,True,4.7500000186264515,0.9666666666666667,0.9666666666666667,0.03333333333333333,886.0,helps,mixed
Text-1920:I-C,Text-1920,Understanding,Integumentary,Linear IgA disease,Bullous pemphigoid,False,A,True,20.5,1.0,1.0,0.0,471.5,helps,B,True,19.75,1.0,1.0,0.0,465.0,helps,helps
Text-1920:I-D,Text-1920,Understanding,Integumentary,Linear IgA disease,Pemphigus vulgaris,False,A,True,22.75,1.0,1.0,0.0,490.5,helps,B,True,21.0,1.0,0.2,0.7,491.0,neutral,mixed
Text-1920:I-E,Text-1920,Understanding,Integumentary,Linear IgA disease,Psoriasis with secondary blister formation,False,A,True,25.5,1.0,1.0,0.0,419.0,helps,B,True,21.25,1.0,0.4666666666666667,0.3333333333333333,454.5,neutral,mixed
Text-1920:I-F,Text-1920,Understanding,Integumentary,Linear IgA disease,Epidermolysis bullosa acquisita,False,A,True,20.25,1.0,1.0,0.0,513.5,helps,B,True,20.0,1.0,0.8,0.16666666666666666,496.5,helps,helps
Text-1920:I-G,Text-1920,Understanding,Integumentary,Linear IgA disease,Bullous systemic lupus erythematosus,False,A,True,21.75,1.0,1.0,0.0,457.0,helps,B,True,17.75,1.0,1.0,0.0,482.5,helps,helps
Text-1920:I-H,Text-1920,Understanding,Integumentary,Linear IgA disease,Atopic dermatitis,False,A,True,27.0,1.0,1.0,0.0,397.0,helps,B,True,22.5,1.0,0.36666666666666664,0.5,443.5,neutral,mixed
Text-1920:I-J,Text-1920,Understanding,Integumentary,Linear IgA disease,Erythema multiforme,False,A,True,22.75,1.0,1.0,0.0,428.5,helps,B,True,18.5,1.0,1.0,0.0,440.0,helps,helps
Text-1921:H-A,Text-1921,Reasoning,Skeletal,"T6 extended, rotated left, sidebent left","T7 extended, rotated right, sidebent right",False,B,False,-1.25,0.3,0.3,0.7,3401.0,hurts,A,False,-1.5000000596046448,0.16666666666666666,0.16666666666666666,0.8333333333333334,4442.0,hurts,hurts
Text-1921:H-B,Text-1921,Reasoning,Skeletal,"T6 extended, rotated left, sidebent left","T6 extended, rotated right, sidebent left",True,A,True,0.0,0.03333333333333333,0.03333333333333333,0.9666666666666667,1974.5,excluded,A,False,-0.7499999701976776,0.13333333333333333,0.13333333333333333,0.8666666666666667,2227.5,excluded,excluded
Text-1921:H-C,Text-1921,Reasoning,Skeletal,"T6 extended, rotated left, sidebent left","T6 flexed, rotated left, sidebent right",True,A,True,0.0,0.06666666666666667,0.06666666666666667,0.9333333333333333,3854.5,excluded,A,False,-2.2500000298023224,0.06666666666666667,0.06666666666666667,0.9333333333333333,3620.0,excluded,excluded
Text-1921:H-D,Text-1921,Reasoning,Skeletal,"T6 extended, rotated left, sidebent left","T6 neutral, rotated left, sidebent left",True,A,True,3.749999888241291,0.1,0.1,0.9,3127.0,excluded,A,False,-0.25,0.3,0.3,0.7,3657.0,excluded,excluded
Text-1921:H-E,Text-1921,Reasoning,Skeletal,"T6 extended, rotated left, sidebent left","T7 extended, rotated right, sidebent left",False,B,False,-2.5000000968575478,0.2,0.2,0.8,3121.0,hurts,A,False,-1.25,0.3333333333333333,0.3333333333333333,0.6666666666666666,3826.0,neutral,mixed
Text-1921:H-F,Text-1921,Reasoning,Skeletal,"T6 extended, rotated left, sidebent left","T7 flexed, rotated left, sidebent left",False,B,False,-2.5000000968575478,0.2,0.2,0.8,3364.0,hurts,A,False,-1.25,0.5666666666666667,0.5666666666666667,0.43333333333333335,4754.0,neutral,mixed
Text-1921:H-G,Text-1921,Reasoning,Skeletal,"T6 extended, rotated left, sidebent left","T5 extended, rotated left, sidebent left",True,B,False,-0.25,1.0,1.0,0.0,2793.5,excluded,B,True,4.500000096857548,1.0,1.0,0.0,2358.0,excluded,excluded
Text-1921:H-I,Text-1921,Reasoning,Skeletal,"T6 extended, rotated left, sidebent left","T7 extended, rotated left, sidebent right",False,B,False,-2.2500000298023224,0.06666666666666667,0.06666666666666667,0.9333333333333333,3801.5,hurts,A,False,-1.5000000596046448,0.6,0.6,0.4,4952.5,neutral,mixed
Text-1921:H-J,Text-1921,Reasoning,Skeletal,"T6 extended, rotated left, sidebent left","T6 flexed, rotated right, sidebent right",True,A,True,1.25,0.3,0.3,0.7,3186.5,excluded,A,False,-2.9999999925494194,0.2,0.2,0.8,3310.5,excluded,excluded
Text-1928:A-B,Text-1928,Reasoning,Muscular,Anterior thoracic 11 tender point,Oblique muscle strain,False,B,False,-12.750000000004093,0.0,0.0,1.0,482.5,hurts,A,False,-13.250000119210881,0.0,0.0,1.0,602.0,hurts,hurts
Text-1928:A-C,Text-1928,Reasoning,Muscular,Anterior thoracic 11 tender point,Anterior thoracic 10 tender point,False,A,True,0.5,0.3,0.3,0.7,1404.5,hurts,B,True,2.9999999925494194,0.9666666666666667,0.9666666666666667,0.03333333333333333,1039.5,helps,mixed
Text-1928:A-D,Text-1928,Reasoning,Muscular,Anterior thoracic 11 tender point,Abdominal wall hematoma,False,B,False,-6.749999969732016,0.0,0.0,1.0,722.5,hurts,A,False,-6.749999969732016,0.0,0.0,1.0,814.5,hurts,hurts
Text-1928:A-E,Text-1928,Reasoning,Muscular,Anterior thoracic 11 tender point,Iliacus tender point,False,B,False,-4.7500000186264515,0.03333333333333333,0.03333333333333333,0.9666666666666667,615.5,hurts,A,False,-2.7499999962747097,0.0,0.0,1.0,790.0,hurts,hurts
Text-1928:A-F,Text-1928,Reasoning,Muscular,Anterior thoracic 11 tender point,Umbilical hernia,True,B,False,-6.749999969732016,0.0,0.0,1.0,1335.5,excluded,B,True,2.5000000968575478,0.6,0.6,0.4,1628.0,excluded,excluded
Text-1928:A-G,Text-1928,Reasoning,Muscular,Anterior thoracic 11 tender point,Pubic symphysis dysfunction,False,B,False,-2.9999999925494194,0.03333333333333333,0.03333333333333333,0.9666666666666667,851.0,hurts,A,False,-1.25,0.0,0.0,1.0,916.0,hurts,hurts
Text-1928:A-H,Text-1928,Reasoning,Muscular,Anterior thoracic 11 tender point,Constipation,False,A,True,0.25,0.03333333333333333,0.03333333333333333,0.9666666666666667,1308.5,hurts,B,True,4.500000096857548,0.3333333333333333,0.3333333333333333,0.6666666666666666,1534.5,neutral,mixed
Text-1928:A-I,Text-1928,Reasoning,Muscular,Anterior thoracic 11 tender point,Rectus abdominis strain,False,B,False,-18.5,0.0,0.0,1.0,414.5,hurts,A,False,-14.00000011920963,0.0,0.0,1.0,469.0,hurts,hurts
Text-1928:A-J,Text-1928,Reasoning,Muscular,Anterior thoracic 11 tender point,Psoas syndrome,False,B,False,-8.000000294676283,0.0,0.0,1.0,499.5,hurts,A,False,-0.5,0.0,0.0,1.0,940.5,hurts,hurts
Text-1934:E-A,Text-1934,Reasoning,Skeletal,The sacrum is a forward torsion,The dysfunction originates from the lumbar spine rather than the sacrum,False,A,True,4.999999948777258,0.7333333333333333,0.7333333333333333,0.26666666666666666,1829.0,helps,B,True,2.2500000298023224,0.9333333333333333,0.9333333333333333,0.06666666666666667,1869.5,helps,helps
Text-1934:E-B,Text-1934,Reasoning,Skeletal,The sacrum is a forward torsion,L1–L5 follow Fryette's 2nd law,True,B,False,-1.25,0.03333333333333333,0.03333333333333333,0.9666666666666667,1727.0,excluded,B,True,1.25,0.43333333333333335,0.43333333333333335,0.5666666666666667,2410.0,excluded,excluded
Text-1934:E-C,Text-1934,Reasoning,Skeletal,The sacrum is a forward torsion,The right side of the sacrum is flexed,False,A,True,0.25,0.1,0.1,0.9,1631.5,hurts,B,True,0.25,0.7,0.7,0.3,1851.5,helps,mixed
Text-1934:E-D,Text-1934,Reasoning,Skeletal,The sacrum is a forward torsion,The sacrum is rotated to the opposite side of its axis,False,B,False,-3.9999998919665813,0.0,0.0,1.0,1922.5,hurts,A,False,-0.7499999701976776,0.5666666666666667,0.5666666666666667,0.43333333333333335,2686.0,neutral,mixed
Text-1934:E-F,Text-1934,Reasoning,Skeletal,The sacrum is a forward torsion,The sacrum rotates to the same side as the axis,True,B,False,-2.0000000447034836,0.0,0.0,1.0,2553.5,excluded,B,True,0.25,0.5666666666666667,0.5666666666666667,0.43333333333333335,2188.5,excluded,excluded
Text-1934:E-G,Text-1934,Reasoning,Skeletal,The sacrum is a forward torsion,L1–L5 follow Fryette's 1st law exclusively,False,A,True,2.0000000447034836,0.16666666666666666,0.16666666666666666,0.8333333333333334,1685.0,hurts,B,True,3.2499999403953552,0.6333333333333333,0.6,0.4,2264.5,neutral,mixed
Text-1934:E-H,Text-1934,Reasoning,Skeletal,The sacrum is a forward torsion,The sacrum is extended rather than flexed,False,A,True,2.7499999962747097,0.9333333333333333,0.9333333333333333,0.06666666666666667,1752.5,helps,B,True,2.7499999962747097,0.9666666666666667,0.9666666666666667,0.03333333333333333,1447.5,helps,helps
Text-1934:E-I,Text-1934,Reasoning,Skeletal,The sacrum is a forward torsion,The iliolumbar ligament is the primary source of pain,False,A,True,2.0000000447034836,0.8666666666666667,0.8666666666666667,0.13333333333333333,1587.5,helps,B,True,2.2500000298023224,1.0,1.0,0.0,1593.0,helps,helps
Text-1934:E-J,Text-1934,Reasoning,Skeletal,The sacrum is a forward torsion,The sacrum is in a backward torsion pattern,True,A,True,0.9999999701976776,0.7333333333333333,0.7333333333333333,0.26666666666666666,1860.5,excluded,A,False,-0.7499999701976776,0.3333333333333333,0.3333333333333333,0.6666666666666666,1852.0,excluded,excluded
Text-1963:F-A,Text-1963,Reasoning,Nervous,Schizoaffective disorder,Delusional disorder with depressive features,False,A,True,12.50000011921611,1.0,1.0,0.0,625.0,helps,B,True,11.999999523181941,1.0,1.0,0.0,529.5,helps,helps
Text-1963:F-B,Text-1963,Reasoning,Nervous,Schizoaffective disorder,Schizophrenia,True,A,True,2.5000000968575478,0.9666666666666667,0.9666666666666667,0.03333333333333333,1646.0,excluded,A,False,-10.000000358661055,1.0,1.0,0.0,1094.0,excluded,excluded
Text-1963:F-C,Text-1963,Reasoning,Nervous,Schizoaffective disorder,Brief psychotic disorder,False,A,True,15.999999880790718,1.0,1.0,0.0,622.0,helps,B,True,14.25000035762804,1.0,0.9333333333333333,0.06666666666666667,516.0,helps,helps
Text-1963:F-D,Text-1963,Reasoning,Nervous,Schizoaffective disorder,Substance-induced psychotic disorder,False,A,True,14.499999523162955,1.0,1.0,0.0,606.0,helps,B,True,13.250000119210881,1.0,1.0,0.0,549.5,helps,helps
Text-1963:F-E,Text-1963,Reasoning,Nervous,Schizoaffective disorder,Schizophreniform disorder,False,A,True,2.7499999962747097,0.9666666666666667,0.9666666666666667,0.03333333333333333,1818.0,helps,B,True,0.9999999701976776,1.0,1.0,0.0,987.0,helps,helps
Text-1963:F-G,Text-1963,Reasoning,Nervous,Schizoaffective disorder,Bipolar I disorder with psychotic features,False,A,True,4.999999948777258,1.0,1.0,0.0,1523.0,helps,B,True,2.5000000968575478,1.0,1.0,0.0,1093.0,helps,helps
Text-1963:F-H,Text-1963,Reasoning,Nervous,Schizoaffective disorder,Major depressive disorder with catatonic features,False,A,True,9.250000243031536,1.0,0.9,0.1,1596.5,helps,B,True,12.750000000004093,1.0,0.36666666666666664,0.5333333333333333,1095.5,neutral,mixed
Text-1963:F-I,Text-1963,Reasoning,Nervous,Schizoaffective disorder,Mood disorder with psychotic features,False,B,False,-5.250000011175871,0.03333333333333333,0.03333333333333333,0.9666666666666667,1152.5,hurts,A,False,-3.749999888241291,0.36666666666666664,0.36666666666666664,0.6333333333333333,2371.5,neutral,mixed
Text-1963:F-J,Text-1963,Reasoning,Nervous,Schizoaffective disorder,Psychotic disorder due to another medical condition,False,A,True,11.999999523181941,1.0,1.0,0.0,875.0,helps,B,True,9.499999525964085,1.0,1.0,0.0,715.0,helps,helps
Text-1976:A-B,Text-1976,Reasoning,Cardiovascular,Von Willebrand disease,Disseminated intravascular coagulation,False,A,True,2.2500000298023224,1.0,1.0,0.0,656.0,helps,B,True,6.749999969732016,1.0,1.0,0.0,445.5,helps,helps
Text-1976:A-C,Text-1976,Reasoning,Cardiovascular,Von Willebrand disease,Glanzmann thrombasthenia,False,A,True,1.25,1.0,1.0,0.0,819.5,helps,B,True,2.7499999962747097,1.0,1.0,0.0,722.0,helps,helps
Text-1976:A-D,Text-1976,Reasoning,Cardiovascular,Von Willebrand disease,Factor XII deficiency,True,A,True,0.25,0.7666666666666667,0.7666666666666667,0.23333333333333334,1182.5,excluded,A,False,-1.7499999850988388,0.8666666666666667,0.8666666666666667,0.13333333333333333,1072.5,excluded,excluded
Text-1976:A-E,Text-1976,Reasoning,Cardiovascular,Von Willebrand disease,Vitamin K deficiency,False,A,True,3.2499999403953552,1.0,1.0,0.0,567.5,helps,B,True,4.7500000186264515,1.0,1.0,0.0,565.5,helps,helps
Text-1976:A-F,Text-1976,Reasoning,Cardiovascular,Von Willebrand disease,Hemophilia A,True,B,False,-2.0000000447034836,0.03333333333333333,0.03333333333333333,0.9666666666666667,770.0,excluded,B,True,1.25,0.26666666666666666,0.26666666666666666,0.7333333333333333,1053.5,excluded,excluded
Text-1976:A-G,Text-1976,Reasoning,Cardiovascular,Von Willebrand disease,Immune thrombocytopenic purpura,True,B,False,-2.0000000447034836,1.0,1.0,0.0,631.5,excluded,B,True,2.5000000968575478,1.0,1.0,0.0,538.0,excluded,excluded
Text-1976:A-H,Text-1976,Reasoning,Cardiovascular,Von Willebrand disease,Antiphospholipid syndrome,False,A,True,3.4999999310821295,1.0,1.0,0.0,683.0,helps,B,True,9.749999882489647,1.0,1.0,0.0,440.0,helps,helps
Text-1976:A-I,Text-1976,Reasoning,Cardiovascular,Von Willebrand disease,Liver disease,False,A,True,4.500000096857548,1.0,1.0,0.0,589.5,helps,B,True,7.749999973515514,1.0,1.0,0.0,416.0,helps,helps
Text-1976:A-J,Text-1976,Reasoning,Cardiovascular,Von Willebrand disease,Bernard-Soulier syndrome,False,A,True,4.250000044703484,1.0,1.0,0.0,569.0,helps,B,True,8.000000294676283,1.0,1.0,0.0,493.5,helps,helps
Text-1991:I-A,Text-1991,Reasoning,Digestive,Cavernous hemangioma,Hepatic abscess,False,A,True,8.499999663079507,1.0,1.0,0.0,530.0,helps,B,True,10.000000358661055,1.0,1.0,0.0,514.5,helps,helps
Text-1991:I-B,Text-1991,Reasoning,Digestive,Cavernous hemangioma,Hepatic adenoma,False,A,True,2.7499999962747097,0.9666666666666667,0.9666666666666667,0.03333333333333333,957.0,helps,B,True,3.2499999403953552,1.0,1.0,0.0,1141.0,helps,helps
Text-1991:I-C,Text-1991,Reasoning,Digestive,Cavernous hemangioma,Metastatic colon cancer,False,A,True,7.250000132829882,1.0,1.0,0.0,525.5,helps,B,True,10.000000358661055,1.0,1.0,0.0,521.0,helps,helps
Text-1991:I-D,Text-1991,Reasoning,Digestive,Cavernous hemangioma,Angiosarcoma,False,A,True,5.499999983236194,1.0,1.0,0.0,652.0,helps,B,True,5.499999983236194,1.0,1.0,0.0,577.0,helps,helps
Text-1991:I-E,Text-1991,Reasoning,Digestive,Cavernous hemangioma,Cholangiocarcinoma,False,A,True,8.999999649982783,1.0,1.0,0.0,511.5,helps,B,True,10.749999523393853,1.0,1.0,0.0,560.5,helps,helps
Text-1991:I-F,Text-1991,Reasoning,Digestive,Cavernous hemangioma,Hydatid cyst,False,A,True,3.9999998919665813,1.0,1.0,0.0,764.0,helps,B,True,6.250000192085281,1.0,1.0,0.0,751.0,helps,helps
Text-1991:I-G,Text-1991,Reasoning,Digestive,Cavernous hemangioma,Simple hepatic cyst,False,A,True,6.000000086612999,1.0,1.0,0.0,522.5,helps,B,True,7.500000152911525,1.0,1.0,0.0,554.5,helps,helps
Text-1991:I-H,Text-1991,Reasoning,Digestive,Cavernous hemangioma,Focal nodular hyperplasia,True,A,True,1.75,1.0,1.0,0.0,1038.0,excluded,A,False,-0.25,0.9,0.9,0.1,1163.0,excluded,excluded
Text-1991:I-J,Text-1991,Reasoning,Digestive,Cavernous hemangioma,Hepatocellular carcinoma,False,A,True,8.250000034138793,1.0,1.0,0.0,477.5,helps,B,True,8.999999649982783,1.0,1.0,0.0,499.0,helps,helps
Text-1999:G-A,Text-1999,Reasoning,Skeletal,left-on-left sacral torsion,right-on-right sacral torsion,True,A,True,0.9999999701976776,0.3,0.3,0.7,878.5,excluded,A,False,-1.5000000596046448,0.03333333333333333,0.03333333333333333,0.9666666666666667,860.0,excluded,excluded
Text-1999:G-B,Text-1999,Reasoning,Skeletal,left-on-left sacral torsion,sacral base posterior dysfunction,False,A,True,3.4999999310821295,0.9,0.9,0.1,584.5,helps,B,True,3.2499999403953552,1.0,1.0,0.0,557.0,helps,helps
Text-1999:G-C,Text-1999,Reasoning,Skeletal,left-on-left sacral torsion,unilateral sacral flexion on the left,False,A,True,1.7499999850988388,1.0,1.0,0.0,703.0,helps,B,True,3.2499999403953552,1.0,1.0,0.0,597.5,helps,helps
Text-1999:G-D,Text-1999,Reasoning,Skeletal,left-on-left sacral torsion,right-on-left sacral torsion,False,B,False,-2.7499999962747097,0.13333333333333333,0.13333333333333333,0.8666666666666667,941.5,hurts,A,False,-4.250000044703484,0.03333333333333333,0.03333333333333333,0.9666666666666667,694.0,hurts,hurts
Text-1999:G-E,Text-1999,Reasoning,Skeletal,left-on-left sacral torsion,left-on-right sacral torsion,False,B,False,-2.5000000968575478,0.5333333333333333,0.5333333333333333,0.4666666666666667,882.0,neutral,A,False,-4.500000096857548,0.0,0.0,1.0,588.5,hurts,mixed
Text-1999:G-F,Text-1999,Reasoning,Skeletal,left-on-left sacral torsion,sacral base anterior dysfunction,False,A,True,4.250000044703484,0.9666666666666667,0.9666666666666667,0.03333333333333333,568.5,helps,B,True,4.250000044703484,0.9666666666666667,0.9666666666666667,0.03333333333333333,511.0,helps,helps
Text-1999:G-H,Text-1999,Reasoning,Skeletal,left-on-left sacral torsion,bilateral sacral extension,False,A,True,5.250000011175871,1.0,1.0,0.0,552.0,helps,B,True,6.749999969732016,1.0,1.0,0.0,445.0,helps,helps
Text-1999:G-I,Text-1999,Reasoning,Skeletal,left-on-left sacral torsion,bilateral sacral flexion,False,A,True,3.749999888241291,1.0,1.0,0.0,599.0,helps,B,True,4.500000096857548,1.0,1.0,0.0,511.5,helps,helps
Text-1999:G-J,Text-1999,Reasoning,Skeletal,left-on-left sacral torsion,right unilateral sacral flexion,False,A,True,0.7499999701976776,1.0,1.0,0.0,798.5,helps,B,True,1.5000000596046448,1.0,1.0,0.0,618.0,helps,helps
Text-2009:C-A,Text-2009,Reasoning,Digestive,Colon cancer,Ischemic colitis,False,A,True,10.999999523302904,1.0,1.0,0.0,1585.5,helps,B,True,2.7499999962747097,1.0,1.0,0.0,1418.5,helps,helps
Text-2009:C-B,Text-2009,Reasoning,Digestive,Colon cancer,Liver metastases from an unknown primary tumor,False,A,True,7.250000132829882,1.0,1.0,0.0,1714.5,helps,B,True,4.250000044703484,1.0,1.0,0.0,1287.5,helps,helps
Text-2009:C-D,Text-2009,Reasoning,Digestive,Colon cancer,Acute appendicitis,False,A,True,19.5,1.0,0.9333333333333333,0.06666666666666667,1190.0,helps,B,True,9.250000243031536,1.0,1.0,0.0,1286.5,helps,helps
Text-2009:C-E,Text-2009,Reasoning,Digestive,Colon cancer,Crohn's disease,False,A,True,18.5,1.0,0.8666666666666667,0.13333333333333333,1593.5,helps,B,True,6.999999819439836,1.0,1.0,0.0,1446.5,helps,helps
Text-2009:C-F,Text-2009,Reasoning,Digestive,Colon cancer,Diverticulitis,False,A,True,8.749999893334461,1.0,0.9666666666666667,0.03333333333333333,1707.5,helps,B,True,4.500000096857548,1.0,1.0,0.0,1412.0,helps,helps
Text-2009:C-G,Text-2009,Reasoning,Digestive,Colon cancer,Hepatocellular carcinoma,True,A,True,5.499999983236194,0.7333333333333333,0.7,0.3,2443.0,excluded,A,False,-2.2500000298023224,0.9666666666666667,0.9666666666666667,0.03333333333333333,1885.0,excluded,excluded
Text-2009:C-H,Text-2009,Reasoning,Digestive,Colon cancer,Nonalcoholic steatohepatitis (NASH),False,A,True,16.249999880790718,1.0,0.6,0.4,1906.0,neutral,B,True,10.999999523302904,1.0,0.9666666666666667,0.03333333333333333,1377.0,helps,mixed
Text-2009:C-I,Text-2009,Reasoning,Digestive,Colon cancer,Pancreatic cancer,False,B,False,-0.5,0.06666666666666667,0.06666666666666667,0.9333333333333333,1561.0,hurts,A,False,-6.999999819439836,0.1,0.1,0.9,1701.5,hurts,hurts
Text-2009:C-J,Text-2009,Reasoning,Digestive,Colon cancer,Gallbladder carcinoma,True,A,True,2.5000000968575478,0.13333333333333333,0.13333333333333333,0.8666666666666667,2132.0,excluded,A,False,-6.999999819439836,0.06666666666666667,0.06666666666666667,0.9333333333333333,2204.5,excluded,excluded
Text-200:J-A,Text-200,Reasoning,Skeletal,"T9 flexed, rotated right, sidebent right","T9 extended, rotated left, sidebent right",True,A,True,2.0000000447034836,0.7666666666666667,0.7666666666666667,0.23333333333333334,3747.0,excluded,A,False,-1.7499999850988388,0.5666666666666667,0.5666666666666667,0.43333333333333335,3484.0,excluded,excluded
Text-200:J-B,Text-200,Reasoning,Skeletal,"T9 flexed, rotated right, sidebent right","T10 extended, rotated right, sidebent right",False,B,False,-0.25,0.23333333333333334,0.23333333333333334,0.7666666666666667,2241.0,hurts,A,False,-2.7499999962747097,0.16666666666666666,0.16666666666666666,0.8333333333333334,2416.5,hurts,hurts
Text-200:J-C,Text-200,Reasoning,Skeletal,"T9 flexed, rotated right, sidebent right","T9 neutral, rotated right, sidebent right",True,A,True,3.749999888241291,0.03333333333333333,0.03333333333333333,0.9666666666666667,1931.0,excluded,A,False,0.25,0.03333333333333333,0.03333333333333333,0.9666666666666667,2486.0,excluded,excluded
Text-200:J-D,Text-200,Reasoning,Skeletal,"T9 flexed, rotated right, sidebent right","T9 extended, rotated right, sidebent right",True,A,True,0.9999999701976776,0.0,0.0,1.0,2178.5,excluded,A,False,-1.5000000596046448,0.0,0.0,1.0,2157.0,excluded,excluded
Text-200:J-E,Text-200,Reasoning,Skeletal,"T9 flexed, rotated right, sidebent right","T8 flexed, rotated right, sidebent right",True,A,True,2.7499999962747097,1.0,1.0,0.0,3125.5,excluded,A,False,-0.0,1.0,1.0,0.0,3364.0,excluded,excluded
Text-200:J-F,Text-200,Reasoning,Skeletal,"T9 flexed, rotated right, sidebent right","T11 flexed, rotated left, sidebent left",True,A,True,2.9999999925494194,0.6666666666666666,0.6666666666666666,0.3333333333333333,4298.0,excluded,A,False,-0.5,0.7333333333333333,0.7333333333333333,0.26666666666666666,4639.5,excluded,excluded
Text-200:J-G,Text-200,Reasoning,Skeletal,"T9 flexed, rotated right, sidebent right","T10 flexed, rotated right, sidebent left",False,B,False,-2.5000000968575478,0.3,0.3,0.7,2884.0,hurts,A,False,-3.4999999310821295,0.2,0.2,0.8,2802.5,hurts,hurts
Text-200:J-H,Text-200,Reasoning,Skeletal,"T9 flexed, rotated right, sidebent right","T10 flexed, rotated left, sidebent right",True,A,True,0.0,0.5333333333333333,0.5333333333333333,0.4666666666666667,3999.5,excluded,A,False,-1.7499999850988388,0.43333333333333335,0.43333333333333335,0.5666666666666667,3656.0,excluded,excluded
Text-200:J-I,Text-200,Reasoning,Skeletal,"T9 flexed, rotated right, sidebent right","T9 flexed, rotated left, sidebent left",False,A,True,5.749999928288162,1.0,1.0,0.0,3200.0,helps,B,True,0.25,1.0,1.0,0.0,2815.0,helps,helps
Text-2010:G-A,Text-2010,Reasoning,Muscular,Anteriorly rotated clavicle,Rotator cuff impingement syndrome,True,B,False,-3.4999999310821295,0.9666666666666667,0.9666666666666667,0.03333333333333333,1022.0,excluded,B,True,3.9999998919665813,1.0,1.0,0.0,718.0,excluded,excluded
Text-2010:G-B,Text-2010,Reasoning,Muscular,Anteriorly rotated clavicle,First rib dysfunction,False,A,True,2.2500000298023224,1.0,1.0,0.0,834.0,helps,B,True,2.9999999925494194,1.0,1.0,0.0,694.0,helps,helps
Text-2010:G-C,Text-2010,Reasoning,Muscular,Anteriorly rotated clavicle,Acromioclavicular joint arthritis,False,B,False,-6.50000017543789,0.03333333333333333,0.03333333333333333,0.9666666666666667,908.5,hurts,A,False,-3.9999998919665813,0.5,0.5,0.5,1391.0,neutral,mixed
Text-2010:G-D,Text-2010,Reasoning,Muscular,Anteriorly rotated clavicle,Pectoralis minor muscle strain,True,B,False,-2.5000000968575478,0.9666666666666667,0.9666666666666667,0.03333333333333333,1160.5,excluded,B,True,4.500000096857548,1.0,1.0,0.0,683.5,excluded,excluded
Text-2010:G-E,Text-2010,Reasoning,Muscular,Anteriorly rotated clavicle,Costoclavicular ligament strain,False,B,False,-3.749999888241291,0.3,0.3,0.7,1387.0,hurts,A,False,-0.5,0.8666666666666667,0.8666666666666667,0.13333333333333333,957.5,helps,mixed
Text-2010:G-F,Text-2010,Reasoning,Muscular,Anteriorly rotated clavicle,Superior clavicle at the sternoclavicular joint,False,B,False,-0.5,0.9333333333333333,0.9333333333333333,0.06666666666666667,1566.5,helps,A,False,-2.2500000298023224,0.8,0.8,0.2,1292.0,helps,helps
Text-2010:G-H,Text-2010,Reasoning,Muscular,Anteriorly rotated clavicle,Inferior clavicle at the acromioclavicular joint,False,A,True,0.5,0.8666666666666667,0.8666666666666667,0.13333333333333333,1503.5,helps,B,True,1.7499999850988388,1.0,1.0,0.0,1125.5,helps,helps
Text-2010:G-I,Text-2010,Reasoning,Muscular,Anteriorly rotated clavicle,Posteriorly rotated clavicle,False,A,True,3.9999998919665813,0.6333333333333333,0.6333333333333333,0.36666666666666664,1465.0,neutral,B,True,0.9999999701976776,0.16666666666666666,0.16666666666666666,0.8333333333333334,1816.0,hurts,mixed
Text-2010:G-J,Text-2010,Reasoning,Muscular,Anteriorly rotated clavicle,Inhalation dysfunction of the first rib,True,B,False,-0.9999999701976776,0.5,0.5,0.5,1214.5,excluded,B,True,2.0000000447034836,0.9666666666666667,0.9666666666666667,0.03333333333333333,834.0,excluded,excluded
Text-2019:H-A,Text-2019,Understanding,Skeletal,Bilaterally flexed sacrum about the middle transverse axis,Bilaterally extended sacrum about the inferior transverse axis,False,A,True,0.7499999701976776,0.9666666666666667,0.9666666666666667,0.03333333333333333,1114.0,helps,B,True,0.25,0.8666666666666667,0.8666666666666667,0.13333333333333333,1023.0,helps,helps
Text-2019:H-B,Text-2019,Understanding,Skeletal,Bilaterally flexed sacrum about the middle transverse axis,Unilaterally flexed sacrum about the middle transverse axis,False,A,True,2.5000000968575478,1.0,1.0,0.0,927.5,helps,B,True,4.999999948777258,1.0,1.0,0.0,754.0,helps,helps
Text-2019:H-C,Text-2019,Understanding,Skeletal,Bilaterally flexed sacrum about the middle transverse axis,Bilaterally flexed sacrum about the superior transverse axis,False,B,False,-0.25,0.36666666666666664,0.36666666666666664,0.6333333333333333,803.0,neutral,A,False,-0.25,0.03333333333333333,0.03333333333333333,0.9666666666666667,662.5,hurts,mixed
Text-2019:H-D,Text-2019,Understanding,Skeletal,Bilaterally flexed sacrum about the middle transverse axis,Bilaterally extended sacrum about the middle transverse axis,False,A,True,0.9999999701976776,0.9666666666666667,0.9666666666666667,0.03333333333333333,1055.5,helps,B,True,1.25,0.9666666666666667,0.9666666666666667,0.03333333333333333,1064.0,helps,helps
Text-2019:H-E,Text-2019,Understanding,Skeletal,Bilaterally flexed sacrum about the middle transverse axis,Bilaterally extended sacrum about the superior transverse axis,False,A,True,0.7499999701976776,0.8333333333333334,0.8333333333333334,0.16666666666666666,1351.0,helps,B,True,0.25,0.8,0.8,0.2,1032.0,helps,helps
Text-2019:H-F,Text-2019,Understanding,Skeletal,Bilaterally flexed sacrum about the middle transverse axis,Bilaterally flexed sacrum about the inferior transverse axis,False,B,False,-0.25,0.8,0.8,0.2,913.0,helps,A,False,-0.5,0.5,0.5,0.5,714.5,neutral,mixed
Text-2019:H-G,Text-2019,Understanding,Skeletal,Bilaterally flexed sacrum about the middle transverse axis,Unilaterally flexed sacrum about the right oblique axis,False,A,True,3.2499999403953552,1.0,1.0,0.0,738.0,helps,B,True,3.2499999403953552,1.0,1.0,0.0,592.5,helps,helps
Text-2019:H-I,Text-2019,Understanding,Skeletal,Bilaterally flexed sacrum about the middle transverse axis,Bilaterally rotated sacrum about the vertical axis,False,A,True,0.9999999701976776,1.0,1.0,0.0,910.0,helps,B,True,4.500000096857548,0.9666666666666667,0.9666666666666667,0.03333333333333333,725.0,helps,helps
Text-2019:H-J,Text-2019,Understanding,Skeletal,Bilaterally flexed sacrum about the middle transverse axis,Unilaterally extended sacrum about the left oblique axis,False,A,True,3.2499999403953552,1.0,1.0,0.0,870.5,helps,B,True,4.500000096857548,1.0,1.0,0.0,764.0,helps,helps
Text-2035:I-A,Text-2035,Reasoning,Skeletal,C2 ERLSL,C3 NRLSL,False,A,True,4.999999948777258,1.0,1.0,0.0,1046.5,helps,B,True,0.7499999701976776,1.0,1.0,0.0,1293.5,helps,helps
Text-2035:I-B,Text-2035,Reasoning,Skeletal,C2 ERLSL,C1 NRSR,True,A,True,2.9999999925494194,0.26666666666666666,0.23333333333333334,0.7666666666666667,1698.5,excluded,A,False,-0.5,0.7,0.7,0.3,1873.5,excluded,excluded
Text-2035:I-C,Text-2035,Reasoning,Skeletal,C2 ERLSL,C3 FRLSL,True,A,True,5.499999983236194,1.0,1.0,0.0,1304.5,excluded,A,False,-0.25,1.0,1.0,0.0,1286.5,excluded,excluded
Text-2035:I-D,Text-2035,Reasoning,Skeletal,C2 ERLSL,C2 FRSR,True,A,True,3.2499999403953552,0.8333333333333334,0.8333333333333334,0.16666666666666666,1924.0,excluded,A,False,-2.9999999925494194,0.6333333333333333,0.6333333333333333,0.36666666666666664,1661.5,excluded,excluded
Text-2035:I-E,Text-2035,Reasoning,Skeletal,C2 ERLSL,C1 ERRSL,True,A,True,2.9999999925494194,0.16666666666666666,0.13333333333333333,0.8666666666666667,1798.5,excluded,A,False,-3.2499999403953552,0.36666666666666664,0.36666666666666664,0.6333333333333333,1700.0,excluded,excluded
Text-2035:I-F,Text-2035,Reasoning,Skeletal,C2 ERLSL,C2 NRLSR,True,A,True,2.9999999925494194,0.7,0.7,0.3,1648.0,excluded,A,False,-2.7499999962747097,0.9,0.9,0.1,1521.0,excluded,excluded
Text-2035:I-G,Text-2035,Reasoning,Skeletal,C2 ERLSL,OA FRSR,False,A,True,4.250000044703484,0.8666666666666667,0.8666666666666667,0.13333333333333333,1545.5,helps,B,True,0.7499999701976776,1.0,1.0,0.0,1657.0,helps,helps
Text-2035:I-H,Text-2035,Reasoning,Skeletal,C2 ERLSL,C4 ERLSL,True,A,True,4.999999948777258,1.0,1.0,0.0,1142.0,excluded,A,False,-0.25,1.0,1.0,0.0,1183.5,excluded,excluded
Text-2035:I-J,Text-2035,Reasoning,Skeletal,C2 ERLSL,AA RR,False,B,False,-1.25,0.0,0.0,1.0,794.0,hurts,A,False,-0.9999999701976776,0.0,0.0,1.0,1016.5,hurts,hurts
Text-2053:A-B,Text-2053,Reasoning,Skeletal,Coxa valga,Trochanteric bursitis,True,B,False,-1.25,0.7,0.7,0.3,1339.0,excluded,B,True,2.5000000968575478,0.8,0.8,0.2,1530.5,excluded,excluded
Text-2053:A-C,Text-2053,Reasoning,Skeletal,Coxa valga,Developmental dysplasia of the hip,False,B,False,-6.250000192085281,0.13333333333333333,0.23333333333333334,0.7666666666666667,1566.0,hurts,A,False,-2.2500000298023224,0.2,0.2,0.8,1858.0,hurts,hurts
Text-2053:A-D,Text-2053,Reasoning,Skeletal,Coxa valga,Hip osteoarthritis,False,A,True,0.25,0.9333333333333333,0.9333333333333333,0.06666666666666667,1193.0,helps,B,True,3.749999888241291,0.9666666666666667,0.9666666666666667,0.03333333333333333,1359.0,helps,helps
Text-2053:A-E,Text-2053,Reasoning,Skeletal,Coxa valga,Slipped capital femoral epiphysis,False,B,False,-3.2499999403953552,0.6666666666666666,0.7,0.3,1805.5,neutral,A,False,-1.5000000596046448,0.3,0.3,0.7,1687.0,hurts,mixed
Text-2053:A-F,Text-2053,Reasoning,Skeletal,Coxa valga,Patellofemoral pain syndrome,True,B,False,-3.2499999403953552,0.9666666666666667,0.9666666666666667,0.03333333333333333,1005.5,excluded,B,True,1.5000000596046448,1.0,1.0,0.0,756.5,excluded,excluded
Text-2053:A-G,Text-2053,Reasoning,Skeletal,Coxa valga,Femoral head necrosis,True,B,False,-2.9999999925494194,0.8666666666666667,0.8666666666666667,0.13333333333333333,1390.5,excluded,B,True,0.9999999701976776,1.0,1.0,0.0,1296.5,excluded,excluded
Text-2053:A-H,Text-2053,Reasoning,Skeletal,Coxa valga,Femoral anteversion,False,B,False,-6.50000017543789,0.03333333333333333,0.03333333333333333,0.9666666666666667,932.5,hurts,A,False,-7.250000132829882,0.0,0.0,1.0,1144.0,hurts,hurts
Text-2053:A-I,Text-2053,Reasoning,Skeletal,Coxa valga,Genu varus,False,B,False,-3.749999888241291,0.9,0.9,0.1,1232.5,helps,A,False,-0.9999999701976776,0.9666666666666667,0.9666666666666667,0.03333333333333333,857.0,helps,helps
Text-2053:A-J,Text-2053,Reasoning,Skeletal,Coxa valga,Short leg syndrome,True,B,False,-2.5000000968575478,0.06666666666666667,0.06666666666666667,0.9333333333333333,1114.0,excluded,B,True,1.25,0.2,0.2,0.8,1683.5,excluded,excluded
Text-2072:D-A,Text-2072,Reasoning,Digestive,Irritable bowel syndrome,Giardiasis,False,A,True,7.250000132829882,1.0,1.0,0.0,948.5,helps,B,True,4.500000096857548,1.0,1.0,0.0,779.5,helps,helps
Text-2072:D-B,Text-2072,Reasoning,Digestive,Irritable bowel syndrome,Lactose intolerance,False,A,True,16.75,1.0,1.0,0.0,555.0,helps,B,True,9.749999882489647,1.0,1.0,0.0,587.0,helps,helps
Text-2072:D-C,Text-2072,Reasoning,Digestive,Irritable bowel syndrome,Ulcerative colitis,False,A,True,10.249999881416443,1.0,0.8,0.16666666666666666,883.0,helps,B,True,7.500000152911525,1.0,0.6333333333333333,0.36666666666666664,785.5,neutral,mixed
Text-2072:D-E,Text-2072,Reasoning,Digestive,Irritable bowel syndrome,Chronic cryptosporidiosis,False,A,True,11.5000003576788,1.0,0.9333333333333333,0.03333333333333333,887.5,helps,B,True,10.000000358661055,1.0,0.9,0.06666666666666667,732.5,helps,helps
Text-2072:D-F,Text-2072,Reasoning,Digestive,Irritable bowel syndrome,Celiac disease,False,A,True,14.00000011920963,1.0,1.0,0.0,681.0,helps,B,True,9.250000243031536,1.0,1.0,0.0,533.0,helps,helps
Text-2072:D-G,Text-2072,Reasoning,Digestive,Irritable bowel syndrome,Inflammatory bowel disease,False,A,True,8.250000034138793,1.0,0.9333333333333333,0.06666666666666667,896.5,helps,B,True,4.999999948777258,1.0,1.0,0.0,697.5,helps,helps
Text-2072:D-H,Text-2072,Reasoning,Digestive,Irritable bowel syndrome,Post-infectious IBS,False,B,False,-0.5,0.13333333333333333,0.13333333333333333,0.8666666666666667,1084.5,hurts,A,False,-6.250000192085281,0.26666666666666666,0.3,0.7,1248.5,hurts,hurts
Text-2072:D-I,Text-2072,Reasoning,Digestive,Irritable bowel syndrome,Microscopic colitis,True,A,True,6.999999819439836,0.9333333333333333,0.9333333333333333,0.06666666666666667,1380.0,excluded,A,False,-0.25,0.8666666666666667,0.8666666666666667,0.13333333333333333,1185.0,excluded,excluded
Text-2072:D-J,Text-2072,Reasoning,Digestive,Irritable bowel syndrome,Chronic amoebiasis,False,A,True,10.50000011958764,1.0,0.9666666666666667,0.0,834.5,helps,B,True,8.749999893334461,1.0,0.9666666666666667,0.03333333333333333,656.0,helps,helps
Text-2082:F-A,Text-2082,Reasoning,Endocrine,Vaginal septum,Imperforate hymen,True,A,True,0.5,0.0,0.0,1.0,1775.0,excluded,A,False,-6.250000192085281,0.0,0.0,1.0,1748.0,excluded,excluded
Text-2082:F-B,Text-2082,Reasoning,Endocrine,Vaginal septum,Müllerian agenesis,False,B,False,-4.500000096857548,0.7666666666666667,1.0,0.0,1615.0,helps,A,False,-6.749999969732016,0.9333333333333333,1.0,0.0,1648.0,helps,helps
Text-2082:F-C,Text-2082,Reasoning,Endocrine,Vaginal septum,Kallmann syndrome,False,B,False,-9.250000243031536,0.0,0.0,1.0,2213.0,hurts,A,False,-18.75,0.06666666666666667,0.9666666666666667,0.0,2656.0,neutral,mixed
Text-2082:F-D,Text-2082,Reasoning,Endocrine,Vaginal septum,Normal development,False,B,False,-3.9999998919665813,0.0,0.0,1.0,815.5,hurts,A,False,-5.749999928288162,0.0,0.0,1.0,1173.5,hurts,hurts
Text-2082:F-E,Text-2082,Reasoning,Endocrine,Vaginal septum,Hypothalamic amenorrhea,False,B,False,-12.750000000004093,0.0,0.0,1.0,1187.5,hurts,A,False,-20.5,0.0,0.5666666666666667,0.36666666666666664,1359.0,neutral,mixed
Text-2082:F-G,Text-2082,Reasoning,Endocrine,Vaginal septum,Androgen insensitivity syndrome,True,A,True,0.0,0.5,0.5,0.4666666666666667,2720.0,excluded,A,False,-3.4999999310821295,0.8333333333333334,0.8333333333333334,0.16666666666666666,2317.5,excluded,excluded
Text-2082:F-H,Text-2082,Reasoning,Endocrine,Vaginal septum,Polycystic ovary syndrome,False,B,False,-2.5000000968575478,0.26666666666666666,0.26666666666666666,0.6333333333333333,2398.0,neutral,A,False,-6.749999969732016,0.6,0.7,0.3,2065.5,neutral,neutral
Text-2082:F-I,Text-2082,Reasoning,Endocrine,Vaginal septum,Gonadal dysgenesis,False,B,False,-3.749999888241291,0.03333333333333333,0.1,0.8666666666666667,2447.0,hurts,A,False,-8.749999893334461,0.4,0.7333333333333333,0.26666666666666666,2394.5,neutral,mixed
Text-2082:F-J,Text-2082,Reasoning,Endocrine,Vaginal septum,Constitutional delay of puberty,False,B,False,-10.749999523393853,0.0,0.0,1.0,527.5,hurts,A,False,-15.24999976158145,0.0,0.0,1.0,819.0,hurts,hurts
Text-2108:H-A,Text-2108,Reasoning,Nervous,Lateral strain,Cranial compression,False,A,True,1.5000000596046448,0.3333333333333333,0.3333333333333333,0.6666666666666666,632.0,neutral,B,True,2.0000000447034836,0.9666666666666667,0.9666666666666667,0.03333333333333333,541.5,helps,mixed
Text-2108:H-B,Text-2108,Reasoning,Nervous,Lateral strain,Vertical strain,True,A,True,1.25,1.0,1.0,0.0,471.0,excluded,A,False,-1.7499999850988388,0.8333333333333334,0.8333333333333334,0.16666666666666666,491.5,excluded,excluded
Text-2108:H-C,Text-2108,Reasoning,Nervous,Lateral strain,Flexion/extension dysfunction,True,A,True,1.25,0.9666666666666667,0.9666666666666667,0.03333333333333333,634.5,excluded,A,False,-2.2500000298023224,0.9666666666666667,0.9666666666666667,0.03333333333333333,579.0,excluded,excluded
Text-2108:H-D,Text-2108,Reasoning,Nervous,Lateral strain,Torsion strain,False,B,False,-3.4999999310821295,0.0,0.0,1.0,477.0,hurts,A,False,-8.999999649982783,0.0,0.0,1.0,457.0,hurts,hurts
Text-2108:H-E,Text-2108,Reasoning,Nervous,Lateral strain,Inferior vertical strain,False,A,True,2.9999999925494194,0.9666666666666667,0.9666666666666667,0.03333333333333333,634.0,helps,B,True,1.25,0.9,0.9,0.1,621.0,helps,helps
Text-2108:H-F,Text-2108,Reasoning,Nervous,Lateral strain,Temporal bone dysfunction,False,A,True,4.7500000186264515,1.0,1.0,0.0,707.5,helps,B,True,3.749999888241291,1.0,1.0,0.0,550.5,helps,helps
Text-2108:H-G,Text-2108,Reasoning,Nervous,Lateral strain,Sphenobasilar synchondrosis dysfunction,False,B,False,-3.2499999403953552,0.03333333333333333,0.03333333333333333,0.9666666666666667,581.5,hurts,A,False,-4.500000096857548,0.1,0.1,0.9,671.0,hurts,hurts
Text-2108:H-I,Text-2108,Reasoning,Nervous,Lateral strain,Sidebending/rotation,False,B,False,-6.50000017543789,0.03333333333333333,0.03333333333333333,0.9666666666666667,534.0,hurts,A,False,-10.249999881416443,0.03333333333333333,0.03333333333333333,0.9666666666666667,542.0,hurts,hurts
Text-2108:H-J,Text-2108,Reasoning,Nervous,Lateral strain,Superior vertical strain,True,A,True,0.0,1.0,1.0,0.0,666.0,excluded,A,False,-3.4999999310821295,0.8,0.8,0.2,646.0,excluded,excluded
Text-2110:J-A,Text-2110,Reasoning,Digestive,Ischemic colitis,Acute mesenteric ischemia,False,A,True,0.0,0.8666666666666667,0.8666666666666667,0.13333333333333333,1315.5,helps,B,True,7.749999973515514,0.8333333333333334,0.7666666666666667,0.23333333333333334,1163.0,helps,helps
Text-2110:J-B,Text-2110,Reasoning,Digestive,Ischemic colitis,Pancreatic insufficiency,True,B,False,-0.9999999701976776,0.06666666666666667,0.06666666666666667,0.9333333333333333,1039.5,excluded,B,True,3.4999999310821295,0.3,0.3,0.7,1408.0,excluded,excluded
Text-2110:J-C,Text-2110,Reasoning,Digestive,Ischemic colitis,Small intestinal bacterial overgrowth,False,B,False,-2.2500000298023224,0.0,0.0,1.0,565.0,hurts,A,False,-0.25,0.06666666666666667,0.06666666666666667,0.9333333333333333,799.0,hurts,hurts
Text-2110:J-D,Text-2110,Reasoning,Digestive,Ischemic colitis,Lactose intolerance,False,A,True,2.9999999925494194,0.6333333333333333,0.6333333333333333,0.36666666666666664,1260.5,neutral,B,True,7.250000132829882,1.0,1.0,0.0,726.0,helps,mixed
Text-2110:J-E,Text-2110,Reasoning,Digestive,Ischemic colitis,Peptic ulcer disease,True,B,False,-0.7499999701976776,0.4666666666666667,0.4666666666666667,0.5333333333333333,1254.0,excluded,B,True,4.500000096857548,1.0,1.0,0.0,1132.5,excluded,excluded
Text-2110:J-F,Text-2110,Reasoning,Digestive,Ischemic colitis,Diverticular disease,True,B,False,-2.0000000447034836,0.6666666666666666,0.6666666666666666,0.3333333333333333,1127.5,excluded,B,True,3.4999999310821295,0.9666666666666667,0.9666666666666667,0.03333333333333333,941.5,excluded,excluded
Text-2110:J-G,Text-2110,Reasoning,Digestive,Ischemic colitis,Chronic mesenteric ischemia,False,B,False,-16.499999880790718,0.0,0.0,1.0,438.0,hurts,A,False,-14.00000011920963,0.0,0.0,1.0,451.5,hurts,hurts
Text-2110:J-H,Text-2110,Reasoning,Digestive,Ischemic colitis,Celiac disease,False,B,False,-2.7499999962747097,0.0,0.0,1.0,1018.5,hurts,A,False,-0.5,0.36666666666666664,0.36666666666666664,0.6333333333333333,1585.0,neutral,mixed
Text-2110:J-I,Text-2110,Reasoning,Digestive,Ischemic colitis,Irritable bowel syndrome,False,A,True,11.5000003576788,0.9333333333333333,0.8,0.16666666666666666,1029.0,helps,B,True,9.499999525964085,1.0,0.8333333333333334,0.16666666666666666,802.5,helps,helps
Text-2133:E-A,Text-2133,Reasoning,Integumentary,Cutaneous anthrax,Ulceroglandular tularemia,False,B,False,-1.5000000596046448,0.9,0.9,0.1,1016.0,helps,A,False,-7.500000152911525,0.5333333333333333,0.5333333333333333,0.4666666666666667,1308.0,neutral,mixed
Text-2133:E-B,Text-2133,Reasoning,Integumentary,Cutaneous anthrax,Necrotizing fasciitis,False,A,True,16.249999880790718,1.0,1.0,0.0,609.0,helps,B,True,19.5,1.0,0.6666666666666666,0.23333333333333334,604.5,neutral,mixed
Text-2133:E-C,Text-2133,Reasoning,Integumentary,Cutaneous anthrax,Tularemia,True,A,True,10.50000011958764,1.0,1.0,0.0,680.0,excluded,A,False,-2.2500000298023224,1.0,1.0,0.0,974.5,excluded,excluded
Text-2133:E-D,Text-2133,Reasoning,Integumentary,Cutaneous anthrax,Ecthyma gangrenosum,False,A,True,10.999999523302904,1.0,1.0,0.0,684.0,helps,B,True,13.749999880791279,1.0,0.9666666666666667,0.03333333333333333,737.0,helps,helps
Text-2133:E-F,Text-2133,Reasoning,Integumentary,Cutaneous anthrax,Bacillary angiomatosis,False,A,True,15.749999880790718,1.0,1.0,0.0,541.5,helps,B,True,9.499999525964085,1.0,1.0,0.0,585.0,helps,helps
Text-2133:E-G,Text-2133,Reasoning,Integumentary,Cutaneous anthrax,Cutaneous leishmaniasis,False,A,True,9.250000243031536,1.0,1.0,0.0,701.5,helps,B,True,1.7499999850988388,1.0,1.0,0.0,926.5,helps,helps
Text-2133:E-H,Text-2133,Reasoning,Integumentary,Cutaneous anthrax,Sporotrichosis,False,A,True,13.499999523163865,1.0,1.0,0.0,605.5,helps,B,True,9.749999882489647,1.0,1.0,0.0,643.0,helps,helps
Text-2133:E-I,Text-2133,Reasoning,Integumentary,Cutaneous anthrax,Pyoderma gangrenosum,False,A,True,17.25,1.0,1.0,0.0,595.0,helps,B,True,19.75,1.0,0.9666666666666667,0.0,546.0,helps,helps
Text-2133:E-J,Text-2133,Reasoning,Integumentary,Cutaneous anthrax,Impetigo,False,A,True,20.75,1.0,1.0,0.0,519.0,helps,B,True,19.5,1.0,1.0,0.0,521.0,helps,helps
Text-2176:H-A,Text-2176,Reasoning,Reproductive,Midcycle pain,Functional ovarian cyst,False,B,False,-0.5,0.0,0.0,1.0,1318.0,hurts,A,False,-3.2499999403953552,0.06666666666666667,0.1,0.9,1407.5,hurts,hurts
Text-2176:H-B,Text-2176,Reasoning,Reproductive,Midcycle pain,Endometriosis,False,B,False,-3.4999999310821295,0.13333333333333333,0.16666666666666666,0.8333333333333334,1623.0,hurts,A,False,-6.999999819439836,0.4,0.4666666666666667,0.5333333333333333,1744.0,neutral,mixed
Text-2176:H-C,Text-2176,Reasoning,Reproductive,Midcycle pain,Ruptured ectopic pregnancy,False,B,False,-8.749999893334461,0.0,0.0,1.0,1040.0,hurts,A,False,-13.749999880791279,0.0,0.16666666666666666,0.8333333333333334,1282.0,hurts,hurts
Text-2176:H-D,Text-2176,Reasoning,Reproductive,Midcycle pain,Ovarian cyst rupture,False,B,False,-6.250000192085281,0.0,0.0,1.0,1032.0,hurts,A,False,-15.999999880790718,0.0,0.06666666666666667,0.8666666666666667,1013.0,hurts,hurts
Text-2176:H-E,Text-2176,Reasoning,Reproductive,Midcycle pain,Acute appendicitis,False,B,False,-15.24999976158145,0.0,0.36666666666666664,0.5333333333333333,959.0,neutral,A,False,-24.75,0.0,1.0,0.0,1137.0,neutral,neutral
Text-2176:H-F,Text-2176,Reasoning,Reproductive,Midcycle pain,Tubo-ovarian abscess,False,B,False,-10.50000011958764,0.0,0.0,0.9,721.5,hurts,A,False,-20.75,0.0,0.3333333333333333,0.6666666666666666,763.5,neutral,mixed
Text-2176:H-G,Text-2176,Reasoning,Reproductive,Midcycle pain,Acute salpingitis,False,B,False,-7.749999973515514,0.0,0.0,1.0,681.0,hurts,A,False,-18.25,0.0,0.1,0.9,735.0,hurts,hurts
Text-2176:H-I,Text-2176,Reasoning,Reproductive,Midcycle pain,Mesenteric adenitis,False,B,False,-3.4999999310821295,0.06666666666666667,0.06666666666666667,0.9333333333333333,1626.0,hurts,A,False,-4.999999948777258,0.43333333333333335,0.5666666666666667,0.43333333333333335,1778.5,neutral,mixed
Text-2176:H-J,Text-2176,Reasoning,Reproductive,Midcycle pain,Pelvic inflammatory disease,False,B,False,-11.5000003576788,0.0,0.0,1.0,847.5,hurts,A,False,-19.25,0.0,0.36666666666666664,0.5666666666666667,874.0,neutral,mixed
Text-2179:B-A,Text-2179,Understanding,Endocrine,Secondary pure red cell aplasia,Thymoma-associated myelodysplasia,False,A,True,5.749999928288162,0.4,0.36666666666666664,0.6333333333333333,2358.0,neutral,B,True,2.9999999925494194,0.2,0.16666666666666666,0.8333333333333334,2685.0,hurts,mixed
Text-2179:B-C,Text-2179,Understanding,Endocrine,Secondary pure red cell aplasia,Autoimmune pure red cell aplasia,False,A,True,2.5000000968575478,0.7,0.7,0.3,2213.0,helps,B,True,2.2500000298023224,0.7,0.7,0.3,2148.5,helps,helps
Text-2179:B-D,Text-2179,Understanding,Endocrine,Secondary pure red cell aplasia,Acquired sideroblastic anemia,False,A,True,5.749999928288162,0.8,0.7333333333333333,0.26666666666666666,2741.0,helps,B,True,3.9999998919665813,0.8666666666666667,0.8333333333333334,0.16666666666666666,2615.0,helps,helps
Text-2179:B-E,Text-2179,Understanding,Endocrine,Secondary pure red cell aplasia,Paraneoplastic erythroid hypoplasia,True,A,True,0.25,0.0,0.0,1.0,1203.0,excluded,A,False,-0.0,0.03333333333333333,0.03333333333333333,0.9666666666666667,1826.0,excluded,excluded
Text-2179:B-F,Text-2179,Understanding,Endocrine,Secondary pure red cell aplasia,Thymoma-induced bone marrow suppression,False,A,True,8.000000294676283,0.7333333333333333,0.6,0.4,2966.0,neutral,B,True,5.749999928288162,0.6,0.5,0.5,3407.5,neutral,neutral
Text-2179:B-G,Text-2179,Understanding,Endocrine,Secondary pure red cell aplasia,Diamond-Blackfan anemia,False,A,True,10.50000011958764,1.0,1.0,0.0,1908.0,helps,B,True,9.499999525964085,1.0,1.0,0.0,1940.0,helps,helps
Text-2179:B-H,Text-2179,Understanding,Endocrine,Secondary pure red cell aplasia,Anemia of chronic disease,False,A,True,7.500000152911525,0.7666666666666667,0.7333333333333333,0.26666666666666666,2597.0,helps,B,True,7.250000132829882,0.9666666666666667,0.9666666666666667,0.03333333333333333,2427.0,helps,helps
Text-2179:B-I,Text-2179,Understanding,Endocrine,Secondary pure red cell aplasia,Myelophthisic anemia,False,A,True,8.499999663079507,1.0,0.9333333333333333,0.06666666666666667,2242.0,helps,B,True,6.50000017543789,1.0,1.0,0.0,2082.0,helps,helps
Text-2179:B-J,Text-2179,Understanding,Endocrine,Secondary pure red cell aplasia,Chronic erythroid maturation arrest,False,A,True,7.500000152911525,0.3333333333333333,0.2,0.8,2424.0,neutral,B,True,8.499999663079507,0.6666666666666666,0.36666666666666664,0.6333333333333333,3086.0,neutral,neutral
Text-21:E-A,Text-21,Reasoning,Endocrine,Leukemoid reaction,Myelodysplastic syndrome,False,A,True,14.999999642372188,1.0,1.0,0.0,901.0,helps,B,True,10.749999523393853,1.0,1.0,0.0,1003.0,helps,helps
Text-21:E-B,Text-21,Reasoning,Endocrine,Leukemoid reaction,Polycythemia vera,False,A,True,17.5,1.0,0.9333333333333333,0.06666666666666667,1054.0,helps,B,True,12.250000000011369,1.0,0.9333333333333333,0.0,930.0,helps,helps
Text-21:E-C,Text-21,Reasoning,Endocrine,Leukemoid reaction,Chronic lymphocytic leukemia,False,A,True,12.50000011921611,1.0,1.0,0.0,1058.0,helps,B,True,6.50000017543789,1.0,1.0,0.0,996.0,helps,helps
Text-21:E-D,Text-21,Reasoning,Endocrine,Leukemoid reaction,Primary myelofibrosis,True,A,True,6.250000192085281,0.5666666666666667,0.5666666666666667,0.43333333333333335,1717.0,excluded,A,False,-0.0,0.5333333333333333,0.5333333333333333,0.4666666666666667,1586.5,excluded,excluded
Text-21:E-F,Text-21,Reasoning,Endocrine,Leukemoid reaction,Essential thrombocythemia,False,A,True,14.499999523162955,1.0,1.0,0.0,945.0,helps,B,True,8.499999663079507,1.0,1.0,0.0,927.5,helps,helps
Text-21:E-G,Text-21,Reasoning,Endocrine,Leukemoid reaction,Chronic myeloid leukemia,True,A,True,6.749999969732016,0.9333333333333333,0.9333333333333333,0.06666666666666667,1052.5,excluded,A,False,-0.9999999701976776,1.0,1.0,0.0,840.0,excluded,excluded
Text-21:E-H,Text-21,Reasoning,Endocrine,Leukemoid reaction,Acute myeloid leukemia,False,A,True,4.250000044703484,1.0,1.0,0.0,1326.5,helps,B,True,0.7499999701976776,0.9666666666666667,0.9666666666666667,0.03333333333333333,882.0,helps,helps
Text-21:E-I,Text-21,Reasoning,Endocrine,Leukemoid reaction,Chronic myelogenous leukemia,False,A,True,7.500000152911525,0.8,0.7333333333333333,0.26666666666666666,1336.0,helps,B,True,0.7499999701976776,0.9666666666666667,0.9666666666666667,0.03333333333333333,933.0,helps,helps
Text-21:E-J,Text-21,Reasoning,Endocrine,Leukemoid reaction,Paraneoplastic leukocytosis,False,A,True,8.999999649982783,0.5,0.4666666666666667,0.5333333333333333,1552.0,neutral,B,True,5.250000011175871,0.8666666666666667,0.8666666666666667,0.13333333333333333,1500.5,helps,mixed
Text-2220:D-A,Text-2220,Reasoning,Muscular,anterior fibular head dysfunction,medial meniscus tear,False,A,True,13.749999880791279,1.0,1.0,0.0,551.5,helps,B,True,11.250000357712452,1.0,1.0,0.0,545.0,helps,helps
Text-2220:D-B,Text-2220,Reasoning,Muscular,anterior fibular head dysfunction,posterior fibular head dysfunction,True,A,True,6.50000017543789,0.43333333333333335,0.43333333333333335,0.5666666666666667,1296.5,excluded,A,False,-6.999999819439836,0.03333333333333333,0.03333333333333333,0.9666666666666667,774.5,excluded,excluded
Text-2220:D-C,Text-2220,Reasoning,Muscular,anterior fibular head dysfunction,popliteus muscle strain,False,A,True,10.749999523393853,1.0,1.0,0.0,570.5,helps,B,True,7.749999973515514,1.0,0.9666666666666667,0.03333333333333333,541.0,helps,helps
Text-2220:D-E,Text-2220,Reasoning,Muscular,anterior fibular head dysfunction,lateral collateral ligament sprain,False,A,True,6.50000017543789,1.0,1.0,0.0,706.5,helps,B,True,4.7500000186264515,1.0,1.0,0.0,670.0,helps,helps
Text-2220:D-F,Text-2220,Reasoning,Muscular,anterior fibular head dysfunction,patellofemoral pain syndrome,False,A,True,7.500000152911525,0.9666666666666667,0.9666666666666667,0.03333333333333333,687.5,helps,B,True,9.250000243031536,1.0,0.9333333333333333,0.06666666666666667,610.0,helps,helps
Text-2220:D-G,Text-2220,Reasoning,Muscular,anterior fibular head dysfunction,stress fracture of the fibula,False,A,True,6.000000086612999,0.9666666666666667,0.9333333333333333,0.06666666666666667,620.5,helps,B,True,6.50000017543789,1.0,1.0,0.0,646.0,helps,helps
Text-2220:D-H,Text-2220,Reasoning,Muscular,anterior fibular head dysfunction,peroneal nerve entrapment,False,B,False,-4.999999948777258,0.03333333333333333,0.03333333333333333,0.9666666666666667,961.0,hurts,A,False,-6.999999819439836,0.13333333333333333,0.13333333333333333,0.8666666666666667,793.5,hurts,hurts
Text-2220:D-I,Text-2220,Reasoning,Muscular,anterior fibular head dysfunction,iliotibial band syndrome,False,B,False,-4.7500000186264515,0.7666666666666667,0.8,0.2,1266.5,helps,A,False,-11.250000357712452,0.36666666666666664,0.6333333333333333,0.36666666666666664,1242.5,neutral,mixed
Text-2220:D-J,Text-2220,Reasoning,Muscular,anterior fibular head dysfunction,tibiofibular joint instability,False,A,True,5.499999983236194,1.0,1.0,0.0,752.0,helps,B,True,8.499999663079507,1.0,1.0,0.0,565.5,helps,helps
Text-222:C-A,Text-222,Reasoning,Nervous,Cyclothymic disorder,Premenstrual dysphoric disorder,False,A,True,6.749999969732016,1.0,1.0,0.0,800.0,helps,B,True,7.250000132829882,1.0,1.0,0.0,741.0,helps,helps
Text-222:C-B,Text-222,Reasoning,Nervous,Cyclothymic disorder,Persistent depressive disorder,False,A,True,4.250000044703484,1.0,1.0,0.0,1102.0,helps,B,True,0.25,1.0,1.0,0.0,980.5,helps,helps
Text-222:C-D,Text-222,Reasoning,Nervous,Cyclothymic disorder,Generalized anxiety disorder,False,A,True,10.749999523393853,1.0,1.0,0.0,608.0,helps,B,True,9.250000243031536,1.0,1.0,0.0,618.0,helps,helps
Text-222:C-E,Text-222,Reasoning,Nervous,Cyclothymic disorder,Bipolar II disorder,False,B,False,-14.25000035762804,0.0,0.2,0.7,659.5,hurts,A,False,-18.0,0.0,0.03333333333333333,0.9333333333333333,626.5,hurts,hurts
Text-222:C-F,Text-222,Reasoning,Nervous,Cyclothymic disorder,Borderline personality disorder,False,A,True,7.250000132829882,1.0,1.0,0.0,813.0,helps,B,True,8.250000034138793,1.0,1.0,0.0,705.5,helps,helps
Text-222:C-G,Text-222,Reasoning,Nervous,Cyclothymic disorder,Adjustment disorder with depressed mood,False,A,True,2.5000000968575478,1.0,1.0,0.0,957.5,helps,B,True,6.50000017543789,1.0,1.0,0.0,589.5,helps,helps
Text-222:C-H,Text-222,Reasoning,Nervous,Cyclothymic disorder,Bipolar I disorder,False,B,False,-10.749999523393853,0.13333333333333333,0.8333333333333334,0.16666666666666666,2824.0,neutral,A,False,-14.499999523162955,0.23333333333333334,0.9666666666666667,0.0,2554.0,neutral,neutral
Text-222:C-I,Text-222,Reasoning,Nervous,Cyclothymic disorder,Substance-induced mood disorder,True,B,False,-2.2500000298023224,0.9666666666666667,0.9666666666666667,0.03333333333333333,1775.0,excluded,B,True,0.5,1.0,1.0,0.0,1014.0,excluded,excluded
Text-222:C-J,Text-222,Reasoning,Nervous,Cyclothymic disorder,Major depressive disorder,True,B,False,-0.5,0.4666666666666667,0.4666666666666667,0.5333333333333333,2205.5,excluded,B,True,2.7499999962747097,0.9,0.9,0.1,1666.5,excluded,excluded
Text-2275:B-A,Text-2275,Reasoning,Endocrine,Drug-induced lupus,Methotrexate-induced pneumonitis,False,A,True,0.7499999701976776,0.5333333333333333,0.5333333333333333,0.4666666666666667,2352.0,neutral,B,True,4.7500000186264515,0.6,0.5,0.5,2654.0,neutral,neutral
Text-2275:B-C,Text-2275,Reasoning,Endocrine,Drug-induced lupus,Seronegative rheumatoid arthritis with extra-articular manifestations,False,A,True,14.25000035762804,0.9,0.06666666666666667,0.9333333333333333,2358.0,neutral,B,True,15.999999880790718,1.0,0.0,1.0,1931.0,neutral,neutral
Text-2275:B-D,Text-2275,Reasoning,Endocrine,Drug-induced lupus,Etanercept-induced hypersensitivity reaction,False,A,True,12.750000000004093,0.9666666666666667,0.8333333333333334,0.16666666666666666,1588.5,helps,B,True,11.749999761612344,1.0,0.4,0.6,1898.0,neutral,mixed
Text-2275:B-E,Text-2275,Reasoning,Endocrine,Drug-induced lupus,Idiopathic pleurocutaneous syndrome,False,A,True,6.999999819439836,0.8666666666666667,0.8,0.2,1953.5,helps,B,True,9.499999525964085,0.9333333333333333,0.4666666666666667,0.5333333333333333,2076.5,neutral,mixed
Text-2275:B-F,Text-2275,Reasoning,Endocrine,Drug-induced lupus,Systemic lupus erythematosus,False,B,False,-15.749999880790718,0.0,0.0,1.0,555.0,hurts,A,False,-22.75,0.0,0.0,1.0,565.0,hurts,hurts
Text-2275:B-G,Text-2275,Reasoning,Endocrine,Drug-induced lupus,Rheumatoid arthritis flare,False,A,True,12.250000000011369,1.0,0.6666666666666666,0.3,1443.0,neutral,B,True,16.249999880790718,1.0,0.0,1.0,1544.0,neutral,neutral
Text-2275:B-H,Text-2275,Reasoning,Endocrine,Drug-induced lupus,Viral infection mimicking autoimmune disease,False,A,True,12.999999642374632,1.0,0.4666666666666667,0.5,2009.0,neutral,B,True,10.749999523393853,0.8333333333333334,0.1,0.9,2305.5,neutral,neutral
Text-2275:B-I,Text-2275,Reasoning,Endocrine,Drug-induced lupus,Mixed connective tissue disease,False,A,True,4.500000096857548,1.0,1.0,0.0,2336.5,helps,B,True,5.499999983236194,0.9666666666666667,0.9,0.1,2067.5,helps,helps
Text-2275:B-J,Text-2275,Reasoning,Endocrine,Drug-induced lupus,Rheumatoid arthritis flare with systemic symptoms,False,A,True,9.250000243031536,0.8333333333333334,0.4666666666666667,0.5333333333333333,2132.0,neutral,B,True,13.250000119210881,1.0,0.0,1.0,2188.0,neutral,neutral
Text-2290:J-A,Text-2290,Reasoning,Nervous,Normal infant crying,Milk protein allergy,False,A,True,16.75,1.0,1.0,0.0,587.5,helps,B,True,18.25,1.0,0.7333333333333333,0.23333333333333334,558.5,helps,helps
Text-2290:J-B,Text-2290,Reasoning,Nervous,Normal infant crying,Attachment disorder,False,A,True,22.0,1.0,1.0,0.0,462.5,helps,B,True,22.0,1.0,0.5333333333333333,0.4,498.5,neutral,mixed
Text-2290:J-C,Text-2290,Reasoning,Nervous,Normal infant crying,Infantile colic,False,B,False,-9.499999525964085,0.2,0.26666666666666666,0.7333333333333333,1045.0,hurts,A,False,-13.250000119210881,0.6666666666666666,0.7333333333333333,0.23333333333333334,1052.0,neutral,mixed
Text-2290:J-D,Text-2290,Reasoning,Nervous,Normal infant crying,Early autism spectrum disorder,False,A,True,21.0,1.0,1.0,0.0,531.5,helps,B,True,22.25,1.0,0.06666666666666667,0.9333333333333333,553.5,neutral,mixed
Text-2290:J-E,Text-2290,Reasoning,Nervous,Normal infant crying,Feeding intolerance,False,A,True,23.0,1.0,1.0,0.0,474.5,helps,B,True,19.75,1.0,0.5,0.4,479.0,neutral,mixed
Text-2290:J-F,Text-2290,Reasoning,Nervous,Normal infant crying,Sensory processing disorder,False,A,True,14.749999642372188,1.0,1.0,0.0,593.0,helps,B,True,17.5,1.0,0.9333333333333333,0.03333333333333333,580.5,helps,helps
Text-2290:J-G,Text-2290,Reasoning,Nervous,Normal infant crying,Infant regulatory disorder,False,A,True,3.9999998919665813,1.0,1.0,0.0,749.0,helps,B,True,5.250000011175871,1.0,1.0,0.0,648.0,helps,helps
Text-2290:J-H,Text-2290,Reasoning,Nervous,Normal infant crying,Sleep-wake cycle disturbance,False,A,True,12.50000011921611,1.0,1.0,0.0,663.0,helps,B,True,11.749999761612344,1.0,1.0,0.0,652.0,helps,helps
Text-2290:J-I,Text-2290,Reasoning,Nervous,Normal infant crying,Gastroesophageal reflux disease,False,A,True,14.00000011920963,1.0,1.0,0.0,625.5,helps,B,True,15.49999976158145,1.0,0.9,0.1,558.5,helps,helps
Text-2291:E-A,Text-2291,Reasoning,Muscular,Precordial catch syndrome,Costochondritis,False,A,True,22.5,1.0,1.0,0.0,479.0,helps,B,True,18.0,1.0,0.8,0.2,447.0,helps,helps
Text-2291:E-B,Text-2291,Reasoning,Muscular,Precordial catch syndrome,Psychogenic chest pain,False,A,True,28.0,1.0,1.0,0.0,444.5,helps,B,True,20.25,1.0,0.6666666666666666,0.3,440.0,neutral,mixed
Text-2291:E-C,Text-2291,Reasoning,Muscular,Precordial catch syndrome,Slipping rib syndrome,False,A,True,14.25000035762804,1.0,0.9666666666666667,0.03333333333333333,523.5,helps,B,True,6.999999819439836,1.0,1.0,0.0,521.5,helps,helps
Text-2291:E-D,Text-2291,Reasoning,Muscular,Precordial catch syndrome,Mitral valve prolapse syndrome,False,A,True,26.75,1.0,1.0,0.0,522.5,helps,B,True,23.0,1.0,0.03333333333333333,0.9333333333333333,525.5,neutral,mixed
Text-2291:E-F,Text-2291,Reasoning,Muscular,Precordial catch syndrome,Pleuritis,False,A,True,23.0,1.0,1.0,0.0,510.0,helps,B,True,20.25,1.0,0.6,0.3,453.0,neutral,mixed
Text-2291:E-G,Text-2291,Reasoning,Muscular,Precordial catch syndrome,Pleurodynia,False,A,True,22.75,1.0,1.0,0.0,565.5,helps,B,True,18.0,1.0,0.8,0.1,557.5,helps,helps
Text-2291:E-H,Text-2291,Reasoning,Muscular,Precordial catch syndrome,Gastroesophageal reflux disease (GERD),False,A,True,26.0,1.0,1.0,0.0,506.5,helps,B,True,20.75,1.0,0.9,0.1,438.0,helps,helps
Text-2291:E-I,Text-2291,Reasoning,Muscular,Precordial catch syndrome,Musculoskeletal strain,False,A,True,24.5,1.0,1.0,0.0,453.5,helps,B,True,17.0,1.0,0.8666666666666667,0.13333333333333333,415.0,helps,helps
Text-2291:E-J,Text-2291,Reasoning,Muscular,Precordial catch syndrome,Tietze’s syndrome,False,A,True,23.25,1.0,1.0,0.0,501.5,helps,B,True,17.0,1.0,1.0,0.0,474.0,helps,helps
Text-2328:A-B,Text-2328,Reasoning,Skeletal,Lumbosacral strain,Ankylosing spondylitis,False,A,True,14.499999523162955,1.0,1.0,0.0,628.0,helps,B,True,15.49999976158145,1.0,0.9666666666666667,0.0,612.5,helps,helps
Text-2328:A-C,Text-2328,Reasoning,Skeletal,Lumbosacral strain,Sacroiliitis,False,A,True,10.249999881416443,1.0,1.0,0.0,668.5,helps,B,True,14.999999642372188,1.0,1.0,0.0,587.5,helps,helps
Text-2328:A-D,Text-2328,Reasoning,Skeletal,Lumbosacral strain,Herniated disc,False,A,True,10.749999523393853,1.0,1.0,0.0,577.5,helps,B,True,15.24999976158145,1.0,0.9333333333333333,0.03333333333333333,539.0,helps,helps
Text-2328:A-E,Text-2328,Reasoning,Skeletal,Lumbosacral strain,Renal osteodystrophy,False,A,True,4.999999948777258,1.0,1.0,0.0,968.0,helps,B,True,12.250000000011369,1.0,0.9333333333333333,0.06666666666666667,788.5,helps,helps
Text-2328:A-F,Text-2328,Reasoning,Skeletal,Lumbosacral strain,Degenerative disc disease,False,A,True,7.500000152911525,1.0,1.0,0.0,602.5,helps,B,True,1.7499999850988388,1.0,1.0,0.0,697.0,helps,helps
Text-2328:A-G,Text-2328,Reasoning,Skeletal,Lumbosacral strain,Osteoporotic fracture,False,A,True,4.7500000186264515,0.9666666666666667,0.9666666666666667,0.03333333333333333,949.5,helps,B,True,8.749999893334461,1.0,0.9666666666666667,0.0,713.0,helps,helps
Text-2328:A-H,Text-2328,Reasoning,Skeletal,Lumbosacral strain,Herniated lumbar disc,False,A,True,8.749999893334461,1.0,1.0,0.0,540.0,helps,B,True,14.00000011920963,1.0,0.9,0.06666666666666667,539.5,helps,helps
Text-2328:A-I,Text-2328,Reasoning,Skeletal,Lumbosacral strain,Vertebral compression fracture,False,A,True,0.0,0.13333333333333333,0.13333333333333333,0.8666666666666667,1223.5,hurts,B,True,3.9999998919665813,0.7666666666666667,0.7333333333333333,0.26666666666666666,1146.5,helps,mixed
Text-2328:A-J,Text-2328,Reasoning,Skeletal,Lumbosacral strain,Spinal metastasis,False,A,True,11.999999523181941,1.0,1.0,0.0,670.0,helps,B,True,15.999999880790718,1.0,0.8666666666666667,0.1,586.0,helps,helps
Text-2367:I-A,Text-2367,Understanding,Reproductive,5α-reductase deficiency,Persistent Müllerian duct syndrome,True,B,False,-0.7499999701976776,1.0,1.0,0.0,1746.0,excluded,B,True,1.7499999850988388,1.0,1.0,0.0,1420.5,excluded,excluded
Text-2367:I-B,Text-2367,Understanding,Reproductive,5α-reductase deficiency,Mixed gonadal dysgenesis,False,A,True,4.500000096857548,1.0,1.0,0.0,1609.5,helps,B,True,6.250000192085281,1.0,1.0,0.0,1092.0,helps,helps
Text-2367:I-C,Text-2367,Understanding,Reproductive,5α-reductase deficiency,Aromatase deficiency,False,A,True,3.4999999310821295,1.0,1.0,0.0,1544.5,helps,B,True,2.7499999962747097,1.0,1.0,0.0,1412.0,helps,helps
Text-2367:I-D,Text-2367,Understanding,Reproductive,5α-reductase deficiency,Complete gonadal dysgenesis,False,A,True,4.7500000186264515,0.9666666666666667,0.9666666666666667,0.03333333333333333,1833.5,helps,B,True,10.000000358661055,1.0,1.0,0.0,1241.5,helps,helps
Text-2367:I-E,Text-2367,Understanding,Reproductive,5α-reductase deficiency,Congenital adrenal hyperplasia,False,A,True,2.2500000298023224,1.0,1.0,0.0,1444.0,helps,B,True,9.499999525964085,1.0,1.0,0.0,1011.5,helps,helps
Text-2367:I-F,Text-2367,Understanding,Reproductive,5α-reductase deficiency,Androgen insensitivity syndrome,False,A,True,4.7500000186264515,0.7666666666666667,0.7666666666666667,0.23333333333333334,2314.0,helps,B,True,8.250000034138793,0.8,0.7666666666666667,0.23333333333333334,1956.5,helps,helps
Text-2367:I-G,Text-2367,Understanding,Reproductive,5α-reductase deficiency,True hermaphroditism,False,B,False,-0.9999999701976776,1.0,1.0,0.0,1322.5,helps,A,False,-2.2500000298023224,1.0,1.0,0.0,984.5,helps,helps
Text-2367:I-H,Text-2367,Understanding,Reproductive,5α-reductase deficiency,Leydig cell hypoplasia,False,A,True,8.749999893334461,1.0,1.0,0.0,1199.0,helps,B,True,14.499999523162955,1.0,0.9666666666666667,0.03333333333333333,1000.5,helps,helps
Text-2367:I-J,Text-2367,Understanding,Reproductive,5α-reductase deficiency,Ovotesticular disorder of sex development,False,B,False,-8.000000294676283,1.0,1.0,0.0,2427.5,helps,A,False,-0.7499999701976776,1.0,1.0,0.0,1326.0,helps,helps
Text-2410:D-A,Text-2410,Reasoning,Skeletal,Left on left sacral torsion,Right unilateral sacral flexion,False,B,False,-3.749999888241291,0.43333333333333335,0.43333333333333335,0.5666666666666667,1414.5,neutral,A,False,-2.5000000968575478,0.6666666666666666,0.6666666666666666,0.3333333333333333,1409.0,neutral,neutral
Text-2410:D-B,Text-2410,Reasoning,Skeletal,Left on left sacral torsion,Bilateral sacral extension,False,A,True,4.250000044703484,1.0,1.0,0.0,799.5,helps,B,True,3.4999999310821295,1.0,1.0,0.0,737.0,helps,helps
Text-2410:D-C,Text-2410,Reasoning,Skeletal,Left on left sacral torsion,Sacral base posterior,False,A,True,2.9999999925494194,1.0,1.0,0.0,787.5,helps,B,True,1.5000000596046448,1.0,1.0,0.0,691.5,helps,helps
Text-2410:D-E,Text-2410,Reasoning,Skeletal,Left on left sacral torsion,Sacral base anterior,False,A,True,2.5000000968575478,0.9333333333333333,0.9333333333333333,0.06666666666666667,985.0,helps,B,True,2.0000000447034836,0.9,0.9,0.1,846.5,helps,helps
Text-2410:D-F,Text-2410,Reasoning,Skeletal,Left on left sacral torsion,Right on right sacral torsion,False,B,False,-1.5000000596046448,0.0,0.0,1.0,529.0,hurts,A,False,-1.5000000596046448,0.06666666666666667,0.06666666666666667,0.9333333333333333,699.0,hurts,hurts
Text-2410:D-G,Text-2410,Reasoning,Skeletal,Left on left sacral torsion,Bilateral sacral flexion,False,A,True,3.2499999403953552,1.0,1.0,0.0,770.5,helps,B,True,3.749999888241291,1.0,1.0,0.0,691.5,helps,helps
Text-2410:D-H,Text-2410,Reasoning,Skeletal,Left on left sacral torsion,Left on right sacral torsion,False,B,False,-4.7500000186264515,0.26666666666666666,0.26666666666666666,0.7333333333333333,941.0,hurts,A,False,-1.5000000596046448,0.06666666666666667,0.06666666666666667,0.9333333333333333,1040.0,hurts,hurts
Text-2410:D-I,Text-2410,Reasoning,Skeletal,Left on left sacral torsion,Left unilateral sacral extension,False,B,False,-0.25,0.9333333333333333,0.9333333333333333,0.06666666666666667,976.0,helps,A,False,-0.5,0.9666666666666667,0.9666666666666667,0.03333333333333333,866.5,helps,helps
Text-2410:D-J,Text-2410,Reasoning,Skeletal,Left on left sacral torsion,Right on left sacral torsion,False,B,False,-3.749999888241291,0.06666666666666667,0.06666666666666667,0.9333333333333333,867.5,hurts,A,False,-3.749999888241291,0.26666666666666666,0.26666666666666666,0.7333333333333333,1128.0,hurts,hurts
Text-2445:C-A,Text-2445,Reasoning,Digestive,Gastric ulcer,Biliary colic,False,A,True,15.49999976158145,1.0,1.0,0.0,628.0,helps,B,True,6.50000017543789,1.0,1.0,0.0,727.0,helps,helps
Text-2445:C-B,Text-2445,Reasoning,Digestive,Gastric ulcer,Pancreatitis,False,A,True,17.5,1.0,1.0,0.0,645.5,helps,B,True,6.50000017543789,1.0,1.0,0.0,677.5,helps,helps
Text-2445:C-D,Text-2445,Reasoning,Digestive,Gastric ulcer,Gastroesophageal reflux disease,False,A,True,21.0,1.0,0.7666666666666667,0.23333333333333334,859.5,helps,B,True,15.749999880790718,1.0,0.6333333333333333,0.36666666666666664,709.0,neutral,mixed
Text-2445:C-E,Text-2445,Reasoning,Digestive,Gastric ulcer,Functional dyspepsia,True,A,True,6.999999819439836,0.5666666666666667,0.4666666666666667,0.5333333333333333,1306.0,excluded,A,False,-6.749999969732016,0.43333333333333335,0.6,0.4,1255.0,excluded,excluded
Text-2445:C-F,Text-2445,Reasoning,Digestive,Gastric ulcer,Helicobacter pylori infection,False,A,True,14.749999642372188,1.0,0.5333333333333333,0.43333333333333335,1135.5,neutral,B,True,2.7499999962747097,1.0,1.0,0.0,1105.5,helps,mixed
Text-2445:C-G,Text-2445,Reasoning,Digestive,Gastric ulcer,Chronic pancreatitis,True,A,True,12.50000011921611,1.0,0.9666666666666667,0.03333333333333333,929.5,excluded,A,False,-3.9999998919665813,0.8333333333333334,0.8333333333333334,0.16666666666666666,1409.5,excluded,excluded
Text-2445:C-H,Text-2445,Reasoning,Digestive,Gastric ulcer,Duodenal ulcer,False,B,False,-2.0000000447034836,0.2,0.2,0.8,1505.5,hurts,A,False,-16.499999880790718,0.06666666666666667,0.2,0.8,1178.0,hurts,hurts
Text-2445:C-I,Text-2445,Reasoning,Digestive,Gastric ulcer,Chronic gastritis,False,A,True,15.24999976158145,1.0,0.8333333333333334,0.16666666666666666,1013.5,helps,B,True,2.7499999962747097,1.0,1.0,0.0,1109.5,helps,helps
Text-2445:C-J,Text-2445,Reasoning,Digestive,Gastric ulcer,Gastroparesis,False,A,True,14.749999642372188,0.8333333333333334,0.6,0.4,1190.5,neutral,B,True,2.5000000968575478,1.0,1.0,0.0,1378.5,helps,mixed
Text-2449:C-A,Text-2449,Understanding,Skeletal,Parvovirus,Fibromyalgia,False,A,True,0.25,1.0,1.0,0.0,515.0,helps,B,True,1.25,1.0,1.0,0.0,583.0,helps,helps
Text-2449:C-B,Text-2449,Understanding,Skeletal,Parvovirus,Rheumatoid arthritis,True,B,False,-3.4999999310821295,0.8666666666666667,0.9,0.1,692.5,excluded,B,True,2.7499999962747097,1.0,1.0,0.0,595.0,excluded,excluded
Text-2449:C-D,Text-2449,Understanding,Skeletal,Parvovirus,Lyme disease,False,B,False,-4.250000044703484,0.9666666666666667,1.0,0.0,858.0,helps,A,False,-3.4999999310821295,1.0,1.0,0.0,760.5,helps,helps
Text-2449:C-E,Text-2449,Understanding,Skeletal,Parvovirus,Psoriatic arthritis,True,B,False,-0.5,1.0,1.0,0.0,668.5,excluded,B,True,3.4999999310821295,1.0,1.0,0.0,632.5,excluded,excluded
Text-2449:C-F,Text-2449,Understanding,Skeletal,Parvovirus,Transient synovitis,True,B,False,-0.7499999701976776,1.0,1.0,0.0,520.0,excluded,B,True,2.0000000447034836,1.0,1.0,0.0,568.0,excluded,excluded
Text-2449:C-G,Text-2449,Understanding,Skeletal,Parvovirus,Systemic lupus erythematosus,False,B,False,-5.499999983236194,0.7666666666666667,0.7666666666666667,0.23333333333333334,1070.5,helps,A,False,-0.5,1.0,1.0,0.0,654.0,helps,helps
Text-2449:C-H,Text-2449,Understanding,Skeletal,Parvovirus,Reactive arthritis,False,B,False,-6.250000192085281,0.6666666666666666,0.7,0.3,1149.5,neutral,A,False,-6.50000017543789,0.7,0.7333333333333333,0.26666666666666666,1130.0,helps,mixed
Text-2449:C-I,Text-2449,Understanding,Skeletal,Parvovirus,Viral arthritis due to hepatitis B infection,True,B,False,-0.25,1.0,1.0,0.0,558.5,excluded,B,True,0.5,1.0,1.0,0.0,614.0,excluded,excluded
Text-2449:C-J,Text-2449,Understanding,Skeletal,Parvovirus,Adult-onset Still’s disease,True,B,False,-4.7500000186264515,0.9,0.9,0.1,847.0,excluded,B,True,2.7499999962747097,1.0,1.0,0.0,630.5,excluded,excluded
Text-282:J-A,Text-282,Reasoning,Muscular,Left unilateral sacral flexion about the middle transverse axis,Bilateral sacral flexion about the middle transverse axis,False,A,True,4.500000096857548,1.0,1.0,0.0,964.0,helps,B,True,10.999999523302904,1.0,0.8,0.2,1205.0,helps,helps
Text-282:J-B,Text-282,Reasoning,Muscular,Left unilateral sacral flexion about the middle transverse axis,Left-on-left sacral torsion,False,A,True,0.5,0.16666666666666666,0.16666666666666666,0.8333333333333334,1121.5,hurts,B,True,2.2500000298023224,0.5,0.5,0.5,1042.5,neutral,mixed
Text-282:J-C,Text-282,Reasoning,Muscular,Left unilateral sacral flexion about the middle transverse axis,Right unilateral sacral flexion about the middle transverse axis,True,B,False,-2.9999999925494194,0.23333333333333334,0.23333333333333334,0.7666666666666667,974.0,excluded,B,True,5.250000011175871,0.3,0.3,0.7,1185.0,excluded,excluded
Text-282:J-D,Text-282,Reasoning,Muscular,Left unilateral sacral flexion about the middle transverse axis,Left unilateral sacral flexion about the superior transverse axis,True,B,False,-1.25,0.26666666666666666,0.26666666666666666,0.7333333333333333,1362.0,excluded,B,True,0.7499999701976776,0.5333333333333333,0.5333333333333333,0.4666666666666667,1265.5,excluded,excluded
Text-282:J-E,Text-282,Reasoning,Muscular,Left unilateral sacral flexion about the middle transverse axis,Right unilateral sacral extension about the superior transverse axis,True,B,False,-0.5,0.43333333333333335,0.43333333333333335,0.5666666666666667,1479.5,excluded,B,True,4.250000044703484,0.36666666666666664,0.36666666666666664,0.6333333333333333,1266.0,excluded,excluded
Text-282:J-F,Text-282,Reasoning,Muscular,Left unilateral sacral flexion about the middle transverse axis,Left sacral rotation on a right oblique axis,False,B,False,-3.9999998919665813,0.0,0.0,1.0,1193.0,hurts,A,False,-0.9999999701976776,0.06666666666666667,0.06666666666666667,0.9333333333333333,1214.0,hurts,hurts
Text-282:J-G,Text-282,Reasoning,Muscular,Left unilateral sacral flexion about the middle transverse axis,Right unilateral sacral flexion about the superior transverse axis,True,B,False,-2.2500000298023224,0.1,0.1,0.9,1117.5,excluded,B,True,3.749999888241291,0.26666666666666666,0.26666666666666666,0.7333333333333333,1290.5,excluded,excluded
Text-282:J-H,Text-282,Reasoning,Muscular,Left unilateral sacral flexion about the middle transverse axis,Left unilateral sacral extension about the middle transverse axis,True,B,False,-0.25,0.4,0.4,0.6,1752.0,excluded,B,True,1.5000000596046448,0.4666666666666667,0.4666666666666667,0.5333333333333333,1917.5,excluded,excluded
Text-282:J-I,Text-282,Reasoning,Muscular,Left unilateral sacral flexion about the middle transverse axis,Right-on-left sacral torsion,False,A,True,0.5,0.0,0.0,1.0,953.5,hurts,B,True,3.749999888241291,0.5,0.5,0.5,1449.5,neutral,mixed
Text-286:A-B,Text-286,Reasoning,Skeletal,Oligoarticular juvenile idiopathic arthritis,Reactive arthritis,False,A,True,21.25,1.0,0.9666666666666667,0.0,614.5,helps,B,True,10.249999881416443,1.0,1.0,0.0,610.0,helps,helps
Text-286:A-C,Text-286,Reasoning,Skeletal,Oligoarticular juvenile idiopathic arthritis,Seronegative polyarticular juvenile idiopathic arthritis,False,A,True,22.0,1.0,0.9,0.06666666666666667,943.5,helps,B,True,11.5000003576788,1.0,1.0,0.0,888.5,helps,helps
Text-286:A-D,Text-286,Reasoning,Skeletal,Oligoarticular juvenile idiopathic arthritis,Lyme disease,False,A,True,25.25,1.0,0.9333333333333333,0.06666666666666667,671.5,helps,B,True,16.249999880790718,1.0,0.7,0.23333333333333334,597.0,helps,helps
Text-286:A-E,Text-286,Reasoning,Skeletal,Oligoarticular juvenile idiopathic arthritis,Psoriatic arthritis,False,A,True,25.0,1.0,0.9333333333333333,0.06666666666666667,540.5,helps,B,True,17.25,1.0,0.6333333333333333,0.3333333333333333,558.0,neutral,mixed
Text-286:A-F,Text-286,Reasoning,Skeletal,Oligoarticular juvenile idiopathic arthritis,Rheumatic fever,False,A,True,26.25,1.0,0.8,0.13333333333333333,662.0,helps,B,True,15.49999976158145,1.0,0.8333333333333334,0.13333333333333333,613.0,helps,helps
Text-286:A-G,Text-286,Reasoning,Skeletal,Oligoarticular juvenile idiopathic arthritis,Mixed connective tissue disease,False,A,True,25.5,1.0,0.9,0.1,647.5,helps,B,True,18.0,1.0,0.3333333333333333,0.5333333333333333,642.5,neutral,mixed
Text-286:A-H,Text-286,Reasoning,Skeletal,Oligoarticular juvenile idiopathic arthritis,Septic arthritis,False,A,True,28.25,1.0,0.7333333333333333,0.23333333333333334,546.0,helps,B,True,19.5,1.0,0.03333333333333333,0.9666666666666667,565.0,neutral,mixed
Text-286:A-I,Text-286,Reasoning,Skeletal,Oligoarticular juvenile idiopathic arthritis,Post-viral arthritis,False,A,True,23.5,1.0,1.0,0.0,580.5,helps,B,True,17.0,1.0,0.9666666666666667,0.03333333333333333,496.5,helps,helps
Text-286:A-J,Text-286,Reasoning,Skeletal,Oligoarticular juvenile idiopathic arthritis,Systemic juvenile idiopathic arthritis,True,A,True,18.5,1.0,1.0,0.0,601.0,excluded,A,False,-3.749999888241291,0.9333333333333333,0.9333333333333333,0.06666666666666667,885.0,excluded,excluded
Text-303:E-A,Text-303,Reasoning,Cardiovascular,Hypertensive emergency,Essential hypertension with acute kidney injury,False,A,True,7.500000152911525,1.0,0.9666666666666667,0.03333333333333333,1154.0,helps,B,True,10.000000358661055,1.0,1.0,0.0,780.5,helps,helps
Text-303:E-B,Text-303,Reasoning,Cardiovascular,Hypertensive emergency,Pheochromocytoma crisis,False,A,True,11.749999761612344,1.0,1.0,0.0,938.5,helps,B,True,10.249999881416443,1.0,1.0,0.0,875.5,helps,helps
Text-303:E-C,Text-303,Reasoning,Cardiovascular,Hypertensive emergency,Hypertensive urgency,True,A,True,5.749999928288162,0.4,0.4,0.6,950.0,excluded,A,False,-4.250000044703484,0.6666666666666666,0.7,0.3,917.0,excluded,excluded
Text-303:E-D,Text-303,Reasoning,Cardiovascular,Hypertensive emergency,Primary hyperaldosteronism,False,A,True,13.499999523163865,1.0,0.9,0.06666666666666667,951.5,helps,B,True,11.250000357712452,1.0,1.0,0.0,937.0,helps,helps
Text-303:E-F,Text-303,Reasoning,Cardiovascular,Hypertensive emergency,Malignant hypertension,False,A,True,5.250000011175871,0.5333333333333333,0.4666666666666667,0.5333333333333333,1327.5,neutral,B,True,4.999999948777258,0.9333333333333333,0.9333333333333333,0.06666666666666667,1508.0,helps,mixed
Text-303:E-G,Text-303,Reasoning,Cardiovascular,Hypertensive emergency,Acute hypertensive nephrosclerosis,False,A,True,6.999999819439836,0.8,0.7666666666666667,0.23333333333333334,1555.5,helps,B,True,4.500000096857548,1.0,1.0,0.0,965.5,helps,helps
Text-303:E-H,Text-303,Reasoning,Cardiovascular,Hypertensive emergency,Secondary hypertension due to renal artery stenosis,False,A,True,9.749999882489647,0.9,0.5333333333333333,0.4666666666666667,1723.5,neutral,B,True,6.250000192085281,1.0,0.9666666666666667,0.03333333333333333,1591.5,helps,mixed
Text-303:E-I,Text-303,Reasoning,Cardiovascular,Hypertensive emergency,Chronic kidney disease with hypertensive urgency,False,A,True,8.250000034138793,0.13333333333333333,0.13333333333333333,0.8666666666666667,1217.5,hurts,B,True,5.749999928288162,0.7,0.6666666666666666,0.3333333333333333,1321.0,neutral,mixed
Text-303:E-J,Text-303,Reasoning,Cardiovascular,Hypertensive emergency,Hypertension,False,A,True,13.749999880791279,0.8333333333333334,0.36666666666666664,0.6333333333333333,953.0,neutral,B,True,9.749999882489647,0.9333333333333333,0.8666666666666667,0.13333333333333333,1067.5,helps,mixed
Text-317:C-A,Text-317,Understanding,Reproductive,Granulomatous mastitis,Inflammatory breast carcinoma,False,A,True,4.7500000186264515,1.0,1.0,0.0,667.0,helps,B,True,5.250000011175871,1.0,1.0,0.0,712.5,helps,helps
Text-317:C-B,Text-317,Understanding,Reproductive,Granulomatous mastitis,Galactocele,False,A,True,7.250000132829882,1.0,1.0,0.0,760.5,helps,B,True,7.500000152911525,1.0,1.0,0.0,661.5,helps,helps
Text-317:C-D,Text-317,Understanding,Reproductive,Granulomatous mastitis,Subareolar breast abscess,False,B,False,-6.749999969732016,0.3,0.3333333333333333,0.6666666666666666,1451.0,neutral,A,False,-10.749999523393853,0.2,0.2,0.8,1408.0,hurts,mixed
Text-317:C-E,Text-317,Understanding,Reproductive,Granulomatous mastitis,Mammary ductal ectasia,False,A,True,4.500000096857548,1.0,1.0,0.0,1019.0,helps,B,True,3.4999999310821295,1.0,1.0,0.0,1182.5,helps,helps
Text-317:C-F,Text-317,Understanding,Reproductive,Granulomatous mastitis,Plasma cell mastitis,False,B,False,0.0,0.8333333333333334,0.8333333333333334,0.16666666666666666,1097.0,helps,A,False,-3.9999998919665813,0.4,0.4,0.6,1515.0,neutral,mixed
Text-317:C-G,Text-317,Understanding,Reproductive,Granulomatous mastitis,Acute non-puerperal mastitis,False,B,False,-9.499999525964085,0.43333333333333335,0.5,0.5,1238.0,neutral,A,False,-8.250000034138793,0.4666666666666667,0.5,0.5,1277.5,neutral,neutral
Text-317:C-H,Text-317,Understanding,Reproductive,Granulomatous mastitis,Fat necrosis of the breast,False,A,True,8.000000294676283,1.0,1.0,0.0,828.5,helps,B,True,3.9999998919665813,1.0,1.0,0.0,755.5,helps,helps
Text-317:C-I,Text-317,Understanding,Reproductive,Granulomatous mastitis,Periductal mastitis,False,B,False,-9.250000243031536,0.0,0.0,1.0,834.0,hurts,A,False,-14.499999523162955,0.0,0.03333333333333333,0.9666666666666667,639.0,hurts,hurts
Text-317:C-J,Text-317,Understanding,Reproductive,Granulomatous mastitis,Tuberculous mastitis,False,A,True,0.9999999701976776,0.8333333333333334,0.8333333333333334,0.16666666666666666,1412.5,helps,B,True,0.25,0.9666666666666667,0.9666666666666667,0.03333333333333333,1144.0,helps,helps
Text-31:D-A,Text-31,Reasoning,Nervous,Superior vertical strain,Suboccipital strain,False,A,True,2.2500000298023224,0.8666666666666667,0.8666666666666667,0.13333333333333333,707.5,helps,B,True,0.7499999701976776,0.9333333333333333,0.9333333333333333,0.06666666666666667,762.5,helps,helps
Text-31:D-B,Text-31,Reasoning,Nervous,Superior vertical strain,Cranial base dysfunction,False,B,False,-6.50000017543789,0.03333333333333333,0.03333333333333333,0.9666666666666667,482.5,hurts,A,False,-7.500000152911525,0.23333333333333334,0.23333333333333334,0.7666666666666667,490.0,hurts,hurts
Text-31:D-C,Text-31,Reasoning,Nervous,Superior vertical strain,Compression,False,A,True,5.749999928288162,1.0,1.0,0.0,421.0,helps,B,True,3.9999998919665813,1.0,1.0,0.0,411.0,helps,helps
Text-31:D-E,Text-31,Reasoning,Nervous,Superior vertical strain,Lateral strain,False,A,True,7.250000132829882,1.0,1.0,0.0,521.0,helps,B,True,3.9999998919665813,0.9666666666666667,0.9666666666666667,0.03333333333333333,704.0,helps,helps
Text-31:D-F,Text-31,Reasoning,Nervous,Superior vertical strain,Sidebending rotation,False,A,True,6.250000192085281,0.9333333333333333,0.9333333333333333,0.06666666666666667,488.0,helps,B,True,4.500000096857548,1.0,1.0,0.0,457.5,helps,helps
Text-31:D-G,Text-31,Reasoning,Nervous,Superior vertical strain,Inferior vertical strain,False,A,True,4.500000096857548,0.4,0.4,0.6,701.5,neutral,B,True,0.5,0.4666666666666667,0.4666666666666667,0.5333333333333333,793.5,neutral,neutral
Text-31:D-H,Text-31,Reasoning,Nervous,Superior vertical strain,Posterior cranial base strain,False,B,False,-6.50000017543789,0.0,0.0,1.0,387.0,hurts,A,False,-7.749999973515514,0.0,0.0,1.0,396.0,hurts,hurts
Text-31:D-I,Text-31,Reasoning,Nervous,Superior vertical strain,Torsion,False,A,True,5.499999983236194,0.9666666666666667,0.9666666666666667,0.03333333333333333,467.0,helps,B,True,6.50000017543789,1.0,1.0,0.0,476.0,helps,helps
Text-31:D-J,Text-31,Reasoning,Nervous,Superior vertical strain,Sphenobasilar synchondrosis compression,True,A,True,0.7499999701976776,0.7,0.7,0.3,757.0,excluded,A,False,-0.0,0.8333333333333334,0.8333333333333334,0.16666666666666666,704.0,excluded,excluded
Text-326:E-A,Text-326,Reasoning,Muscular,Posterior radial head,Ulnar collateral ligament sprain,True,B,False,-0.5,1.0,1.0,0.0,1021.5,excluded,B,True,3.4999999310821295,1.0,1.0,0.0,1077.0,excluded,excluded
Text-326:E-B,Text-326,Reasoning,Muscular,Posterior radial head,Olecranon bursitis,False,A,True,4.500000096857548,1.0,1.0,0.0,1012.5,helps,B,True,6.000000086612999,1.0,0.9333333333333333,0.06666666666666667,1336.0,helps,helps
Text-326:E-C,Text-326,Reasoning,Muscular,Posterior radial head,Supinator muscle strain,False,B,False,-8.250000034138793,0.06666666666666667,0.2,0.8,1289.0,hurts,A,False,-0.7499999701976776,0.2,0.23333333333333334,0.7666666666666667,1670.5,hurts,hurts
Text-326:E-D,Text-326,Reasoning,Muscular,Posterior radial head,Lateral epicondylitis,False,B,False,-17.25,0.0,0.26666666666666666,0.6666666666666666,467.0,neutral,A,False,-14.25000035762804,0.0,0.03333333333333333,0.9666666666666667,731.0,hurts,mixed
Text-326:E-F,Text-326,Reasoning,Muscular,Posterior radial head,Radial nerve entrapment,True,B,False,-0.5,0.06666666666666667,0.06666666666666667,0.9333333333333333,1385.5,excluded,B,True,2.2500000298023224,0.3333333333333333,0.3,0.7,1657.0,excluded,excluded
Text-326:E-G,Text-326,Reasoning,Muscular,Posterior radial head,Medial epicondylitis,True,B,False,-3.2499999403953552,1.0,1.0,0.0,1188.5,excluded,B,True,4.7500000186264515,1.0,0.9,0.1,1126.0,excluded,excluded
Text-326:E-H,Text-326,Reasoning,Muscular,Posterior radial head,Proximal radioulnar joint dysfunction,False,B,False,-13.499999523163865,0.0,0.16666666666666666,0.8333333333333334,588.5,hurts,A,False,-8.499999663079507,0.03333333333333333,0.03333333333333333,0.9666666666666667,706.5,hurts,hurts
Text-326:E-I,Text-326,Reasoning,Muscular,Posterior radial head,Anterior radial head,False,B,False,-1.7499999850988388,1.0,1.0,0.0,1294.0,helps,A,False,-1.5000000596046448,0.9666666666666667,0.9666666666666667,0.03333333333333333,1361.5,helps,helps
Text-326:E-J,Text-326,Reasoning,Muscular,Posterior radial head,Radial collateral ligament tear,False,B,False,-7.749999973515514,0.03333333333333333,0.23333333333333334,0.7666666666666667,1089.5,hurts,A,False,-2.0000000447034836,0.16666666666666666,0.16666666666666666,0.8333333333333334,1329.0,hurts,hurts
Text-330:G-A,Text-330,Reasoning,Nervous,Anorexia nervosa,Atypical anorexia nervosa,True,A,True,4.250000044703484,0.43333333333333335,0.4,0.6,1960.5,excluded,A,False,-7.250000132829882,0.06666666666666667,0.2,0.8,1893.0,excluded,excluded
Text-330:G-B,Text-330,Reasoning,Nervous,Anorexia nervosa,Bulimia nervosa,True,A,True,1.25,0.0,0.0,1.0,717.5,excluded,A,False,-7.250000132829882,0.0,0.0,1.0,756.5,excluded,excluded
Text-330:G-C,Text-330,Reasoning,Nervous,Anorexia nervosa,Picky eating disorder,False,A,True,16.249999880790718,1.0,0.9666666666666667,0.03333333333333333,1050.0,helps,B,True,11.999999523181941,1.0,1.0,0.0,1023.5,helps,helps
Text-330:G-D,Text-330,Reasoning,Nervous,Anorexia nervosa,Normal adolescent behavior,False,A,True,21.5,1.0,0.6666666666666666,0.3333333333333333,1064.5,neutral,B,True,15.749999880790718,1.0,0.6333333333333333,0.36666666666666664,885.5,neutral,neutral
Text-330:G-E,Text-330,Reasoning,Nervous,Anorexia nervosa,Major depressive disorder,False,A,True,13.499999523163865,1.0,1.0,0.0,1207.5,helps,B,True,10.749999523393853,1.0,1.0,0.0,1375.0,helps,helps
Text-330:G-F,Text-330,Reasoning,Nervous,Anorexia nervosa,Binge eating disorder,False,A,True,14.999999642372188,1.0,0.8,0.2,1616.5,helps,B,True,11.250000357712452,1.0,0.8,0.2,1509.0,helps,helps
Text-330:G-H,Text-330,Reasoning,Nervous,Anorexia nervosa,Avoidant/restrictive food intake disorder,False,A,True,6.250000192085281,1.0,1.0,0.0,1560.5,helps,B,True,0.5,1.0,1.0,0.0,1514.0,helps,helps
Text-330:G-I,Text-330,Reasoning,Nervous,Anorexia nervosa,Other specified feeding or eating disorder,True,A,True,6.000000086612999,0.26666666666666666,0.23333333333333334,0.7666666666666667,1616.5,excluded,A,False,-0.25,0.3333333333333333,0.3333333333333333,0.6666666666666666,1841.0,excluded,excluded
Text-330:G-J,Text-330,Reasoning,Nervous,Anorexia nervosa,Body dysmorphic disorder,False,A,True,12.50000011921611,1.0,1.0,0.0,1030.5,helps,B,True,7.500000152911525,1.0,1.0,0.0,1496.0,helps,helps
Text-409:A-B,Text-409,Reasoning,Muscular,Extension,Contralateral rotation with sidebending,False,B,False,-3.4999999310821295,0.6333333333333333,0.6333333333333333,0.36666666666666664,2207.0,neutral,A,False,-1.7499999850988388,1.0,1.0,0.0,1224.5,helps,mixed
Text-409:A-C,Text-409,Reasoning,Muscular,Extension,Retraction,False,A,True,1.25,1.0,1.0,0.0,766.5,helps,B,True,1.5000000596046448,1.0,1.0,0.0,749.5,helps,helps
Text-409:A-D,Text-409,Reasoning,Muscular,Extension,Combined flexion-rotation,False,B,False,-5.749999928288162,0.8333333333333334,0.8666666666666667,0.13333333333333333,1923.0,helps,A,False,-3.9999998919665813,1.0,1.0,0.0,1102.5,helps,helps
Text-409:A-E,Text-409,Reasoning,Muscular,Extension,Ipsilateral rotation with sidebending,False,B,False,-3.4999999310821295,0.9,0.9,0.1,1901.0,helps,A,False,-2.0000000447034836,1.0,1.0,0.0,1088.0,helps,helps
Text-409:A-F,Text-409,Reasoning,Muscular,Extension,Flexion,True,B,False,-3.9999998919665813,1.0,1.0,0.0,992.0,excluded,B,True,1.5000000596046448,1.0,1.0,0.0,682.5,excluded,excluded
Text-409:A-G,Text-409,Reasoning,Muscular,Extension,Combined extension-rotation,False,B,False,-5.749999928288162,0.23333333333333334,0.3,0.7,2299.0,hurts,A,False,-3.4999999310821295,0.7333333333333333,0.7333333333333333,0.26666666666666666,1809.0,helps,mixed
Text-409:A-H,Text-409,Reasoning,Muscular,Extension,Rotation,False,B,False,-3.2499999403953552,0.9666666666666667,0.9666666666666667,0.03333333333333333,1435.0,helps,A,False,-2.0000000447034836,0.9666666666666667,0.9666666666666667,0.03333333333333333,1360.5,helps,helps
Text-409:A-I,Text-409,Reasoning,Muscular,Extension,Sidebending,False,A,True,0.25,1.0,1.0,0.0,1104.5,helps,B,True,2.0000000447034836,1.0,1.0,0.0,675.5,helps,helps
Text-409:A-J,Text-409,Reasoning,Muscular,Extension,Protraction,False,A,True,2.2500000298023224,1.0,1.0,0.0,696.5,helps,B,True,5.250000011175871,1.0,1.0,0.0,665.0,helps,helps
Text-416:D-A,Text-416,Reasoning,Skeletal,right-on-right sacral torsion,bilateral sacral extension,False,A,True,8.250000034138793,1.0,1.0,0.0,620.0,helps,B,True,8.250000034138793,1.0,1.0,0.0,599.0,helps,helps
Text-416:D-B,Text-416,Reasoning,Skeletal,right-on-right sacral torsion,bilateral sacral flexion,False,A,True,5.250000011175871,1.0,1.0,0.0,763.5,helps,B,True,7.250000132829882,1.0,1.0,0.0,596.5,helps,helps
Text-416:D-C,Text-416,Reasoning,Skeletal,right-on-right sacral torsion,sacral base posterior,False,A,True,1.5000000596046448,0.7666666666666667,0.7666666666666667,0.23333333333333334,928.0,helps,B,True,2.2500000298023224,1.0,1.0,0.0,744.5,helps,helps
Text-416:D-E,Text-416,Reasoning,Skeletal,right-on-right sacral torsion,sacral base anterior,False,A,True,3.749999888241291,0.9,0.9,0.1,960.0,helps,B,True,3.9999998919665813,0.9333333333333333,0.9333333333333333,0.06666666666666667,688.0,helps,helps
Text-416:D-F,Text-416,Reasoning,Skeletal,right-on-right sacral torsion,right-on-left sacral torsion,False,B,False,-4.250000044703484,0.16666666666666666,0.16666666666666666,0.8333333333333334,1235.5,hurts,A,False,-7.250000132829882,0.0,0.0,1.0,622.0,hurts,hurts
Text-416:D-G,Text-416,Reasoning,Skeletal,right-on-right sacral torsion,unilateral sacral flexion on the right,True,B,False,-1.5000000596046448,0.8666666666666667,0.8666666666666667,0.13333333333333333,1182.5,excluded,B,True,1.7499999850988388,1.0,1.0,0.0,939.5,excluded,excluded
Text-416:D-H,Text-416,Reasoning,Skeletal,right-on-right sacral torsion,left-on-left sacral torsion,False,B,False,-4.250000044703484,0.03333333333333333,0.03333333333333333,0.9666666666666667,925.5,hurts,A,False,-6.50000017543789,0.1,0.1,0.9,973.0,hurts,hurts
Text-416:D-I,Text-416,Reasoning,Skeletal,right-on-right sacral torsion,left-on-right sacral torsion,False,B,False,-5.749999928288162,0.03333333333333333,0.03333333333333333,0.9666666666666667,1049.0,hurts,A,False,-9.749999882489647,0.1,0.1,0.9,1115.0,hurts,hurts
Text-416:D-J,Text-416,Reasoning,Skeletal,right-on-right sacral torsion,unilateral sacral extension on the left,False,B,False,-3.749999888241291,0.4666666666666667,0.4666666666666667,0.5333333333333333,1583.0,neutral,A,False,-3.4999999310821295,0.9,0.9,0.1,1034.0,helps,mixed
Text-438:A-B,Text-438,Reasoning,Skeletal,Pronation ankle sprain,Posterior fibular head somatic dysfunction,True,B,False,-0.5,0.0,0.0,1.0,1068.0,excluded,B,True,1.25,0.16666666666666666,0.16666666666666666,0.8333333333333334,1505.0,excluded,excluded
Text-438:A-C,Text-438,Reasoning,Skeletal,Pronation ankle sprain,Anterior talofibular ligament tear,True,B,False,-0.5,0.16666666666666666,0.16666666666666666,0.8333333333333334,1963.0,excluded,B,True,3.9999998919665813,0.2,0.16666666666666666,0.8333333333333334,2027.5,excluded,excluded
Text-438:A-D,Text-438,Reasoning,Skeletal,Pronation ankle sprain,Syndesmotic ankle sprain,False,B,False,-6.999999819439836,0.0,0.0,1.0,659.0,hurts,A,False,-8.499999663079507,0.1,0.1,0.9,818.5,hurts,hurts
Text-438:A-E,Text-438,Reasoning,Skeletal,Pronation ankle sprain,Anterior fibular head somatic dysfunction,False,A,True,1.5000000596046448,0.13333333333333333,0.13333333333333333,0.8666666666666667,1416.0,hurts,B,True,4.250000044703484,0.6666666666666666,0.6666666666666666,0.3333333333333333,1674.5,neutral,mixed
Text-438:A-F,Text-438,Reasoning,Skeletal,Pronation ankle sprain,Tibialis posterior tendinopathy,False,B,False,-0.9999999701976776,0.0,0.0,1.0,983.0,hurts,A,False,-1.5000000596046448,0.16666666666666666,0.16666666666666666,0.8333333333333334,1339.0,hurts,hurts
Text-438:A-G,Text-438,Reasoning,Skeletal,Pronation ankle sprain,Deltoid ligament strain,True,B,False,-0.5,0.5,0.5,0.5,1548.0,excluded,B,True,3.2499999403953552,0.6,0.6,0.4,1458.5,excluded,excluded
Text-438:A-H,Text-438,Reasoning,Skeletal,Pronation ankle sprain,Supination ankle sprain,True,A,True,3.749999888241291,0.8666666666666667,0.8666666666666667,0.13333333333333333,1674.5,excluded,A,False,-0.0,0.26666666666666666,0.26666666666666666,0.7333333333333333,1848.5,excluded,excluded
Text-438:A-I,Text-438,Reasoning,Skeletal,Pronation ankle sprain,Peroneal tendon subluxation,False,B,False,-4.7500000186264515,0.0,0.0,1.0,576.5,hurts,A,False,-4.500000096857548,0.0,0.0,1.0,639.0,hurts,hurts
Text-438:A-J,Text-438,Reasoning,Skeletal,Pronation ankle sprain,Calcaneal stress fracture,False,B,False,-3.4999999310821295,0.23333333333333334,0.23333333333333334,0.7666666666666667,1601.5,hurts,A,False,-3.9999998919665813,0.8666666666666667,0.8666666666666667,0.13333333333333333,1365.0,helps,mixed
Text-460:A-B,Text-460,Reasoning,Muscular,Parvovirus B19,Lyme disease,False,A,True,1.5000000596046448,1.0,1.0,0.0,789.0,helps,B,True,1.5000000596046448,1.0,1.0,0.0,687.0,helps,helps
Text-460:A-C,Text-460,Reasoning,Muscular,Parvovirus B19,Rheumatoid arthritis,False,A,True,4.500000096857548,1.0,1.0,0.0,673.0,helps,B,True,8.250000034138793,1.0,0.7,0.3,614.5,helps,helps
Text-460:A-D,Text-460,Reasoning,Muscular,Parvovirus B19,Gonococcal arthritis,False,A,True,0.9999999701976776,0.9666666666666667,0.9666666666666667,0.03333333333333333,904.5,helps,B,True,0.5,1.0,1.0,0.0,991.0,helps,helps
Text-460:A-E,Text-460,Reasoning,Muscular,Parvovirus B19,Systemic lupus erythematosus,False,A,True,4.250000044703484,1.0,1.0,0.0,581.0,helps,B,True,8.250000034138793,1.0,1.0,0.0,557.5,helps,helps
Text-460:A-F,Text-460,Reasoning,Muscular,Parvovirus B19,Transient synovitis,False,A,True,2.7499999962747097,1.0,1.0,0.0,529.5,helps,B,True,1.25,1.0,1.0,0.0,490.0,helps,helps
Text-460:A-G,Text-460,Reasoning,Muscular,Parvovirus B19,Seronegative spondyloarthropathy,True,B,False,-1.25,0.9666666666666667,0.9666666666666667,0.03333333333333333,899.0,excluded,B,True,2.5000000968575478,1.0,1.0,0.0,672.0,excluded,excluded
Text-460:A-H,Text-460,Reasoning,Muscular,Parvovirus B19,Early-onset osteoarthritis,False,A,True,8.749999893334461,1.0,1.0,0.0,455.0,helps,B,True,8.499999663079507,1.0,1.0,0.0,457.0,helps,helps
Text-460:A-I,Text-460,Reasoning,Muscular,Parvovirus B19,Reactive arthritis,False,B,False,-0.25,1.0,1.0,0.0,744.5,helps,A,False,-1.25,1.0,1.0,0.0,735.0,helps,helps
Text-460:A-J,Text-460,Reasoning,Muscular,Parvovirus B19,Viral arthritis due to EBV,False,B,False,-3.2499999403953552,0.9666666666666667,1.0,0.0,643.5,helps,A,False,-7.250000132829882,0.8666666666666667,0.8666666666666667,0.13333333333333333,870.0,helps,helps
Text-471:I-A,Text-471,Reasoning,Nervous,Dementia,Subjective cognitive decline,False,A,True,21.25,1.0,0.7333333333333333,0.23333333333333334,583.0,helps,B,True,19.75,1.0,0.7333333333333333,0.26666666666666666,452.5,helps,helps
Text-471:I-B,Text-471,Reasoning,Nervous,Dementia,Early-stage Alzheimer's disease,True,A,True,4.500000096857548,0.36666666666666664,0.3333333333333333,0.6666666666666666,1959.0,excluded,A,False,-7.250000132829882,0.7,1.0,0.0,1895.0,excluded,excluded
Text-471:I-C,Text-471,Reasoning,Nervous,Dementia,Vascular cognitive impairment,False,A,True,14.749999642372188,1.0,0.03333333333333333,0.9333333333333333,1315.0,neutral,B,True,7.749999973515514,1.0,0.9666666666666667,0.03333333333333333,1402.5,helps,mixed
Text-471:I-D,Text-471,Reasoning,Nervous,Dementia,Pseudodementia,False,A,True,18.25,1.0,0.8666666666666667,0.1,786.5,helps,B,True,15.49999976158145,1.0,0.9333333333333333,0.06666666666666667,423.0,helps,helps
Text-471:I-E,Text-471,Reasoning,Nervous,Dementia,Major depressive disorder,False,A,True,21.25,1.0,1.0,0.0,563.5,helps,B,True,19.25,1.0,0.7,0.23333333333333334,503.5,helps,helps
Text-471:I-F,Text-471,Reasoning,Nervous,Dementia,Normal pressure hydrocephalus,False,A,True,23.75,1.0,1.0,0.0,561.0,helps,B,True,21.5,1.0,0.06666666666666667,0.9333333333333333,534.0,neutral,mixed
Text-471:I-G,Text-471,Reasoning,Nervous,Dementia,Mixed cognitive impairment,False,A,True,11.999999523181941,0.8333333333333334,0.5666666666666667,0.4,1488.0,neutral,B,True,4.500000096857548,1.0,1.0,0.0,1107.5,helps,mixed
Text-471:I-H,Text-471,Reasoning,Nervous,Dementia,Age-associated memory impairment,False,A,True,20.75,1.0,0.9666666666666667,0.03333333333333333,483.5,helps,B,True,15.999999880790718,1.0,1.0,0.0,459.5,helps,helps
Text-471:I-J,Text-471,Reasoning,Nervous,Dementia,Mild cognitive impairment,True,A,True,6.999999819439836,0.36666666666666664,0.3,0.7,1503.0,excluded,A,False,-13.250000119210881,0.6,0.9666666666666667,0.0,1398.0,excluded,excluded
Text-484:A-B,Text-484,Reasoning,Skeletal,Medial meniscal tear,Anterior cruciate ligament tear,False,B,False,-5.749999928288162,0.0,0.0,1.0,900.5,hurts,A,False,-4.250000044703484,0.3,0.3,0.7,1124.5,hurts,hurts
Text-484:A-C,Text-484,Reasoning,Skeletal,Medial meniscal tear,Lateral meniscal tear,False,B,False,-8.499999663079507,0.1,0.26666666666666666,0.7333333333333333,732.0,hurts,A,False,-15.49999976158145,0.1,0.13333333333333333,0.8666666666666667,598.5,hurts,hurts
Text-484:A-D,Text-484,Reasoning,Skeletal,Medial meniscal tear,Quadriceps tendon rupture,False,A,True,6.749999969732016,1.0,1.0,0.0,774.5,helps,B,True,5.250000011175871,1.0,0.9666666666666667,0.03333333333333333,984.0,helps,helps
Text-484:A-E,Text-484,Reasoning,Skeletal,Medial meniscal tear,Tibial plateau fracture,False,A,True,1.25,0.9666666666666667,0.9666666666666667,0.03333333333333333,986.0,helps,B,True,1.7499999850988388,1.0,1.0,0.0,1026.5,helps,helps
Text-484:A-F,Text-484,Reasoning,Skeletal,Medial meniscal tear,Patellar subluxation,False,B,False,-2.5000000968575478,0.23333333333333334,0.23333333333333334,0.7666666666666667,1090.0,hurts,A,False,-6.250000192085281,0.4,0.4,0.6,1348.5,neutral,mixed
Text-484:A-G,Text-484,Reasoning,Skeletal,Medial meniscal tear,Patellar tendinitis,False,A,True,9.499999525964085,1.0,1.0,0.0,618.5,helps,B,True,6.250000192085281,1.0,1.0,0.0,843.0,helps,helps
Text-484:A-H,Text-484,Reasoning,Skeletal,Medial meniscal tear,Lateral collateral ligament tear,False,B,False,-3.4999999310821295,0.06666666666666667,0.06666666666666667,0.9333333333333333,937.5,hurts,A,False,-2.2500000298023224,0.3,0.3,0.7,1404.0,hurts,hurts
Text-484:A-I,Text-484,Reasoning,Skeletal,Medial meniscal tear,Medial collateral ligament tear,False,B,False,-0.9999999701976776,0.0,0.0,1.0,1088.5,hurts,A,False,-0.9999999701976776,0.36666666666666664,0.36666666666666664,0.6333333333333333,1320.5,neutral,mixed
Text-484:A-J,Text-484,Reasoning,Skeletal,Medial meniscal tear,Posterior cruciate ligament tear,False,A,True,1.7499999850988388,0.9666666666666667,0.9666666666666667,0.03333333333333333,1123.0,helps,B,True,1.7499999850988388,1.0,1.0,0.0,1017.5,helps,helps
Text-500:F-A,Text-500,Reasoning,Cardiovascular,Non-viable limb; Doppler ultrasound,Threatened limb; CT angiography,False,B,False,-5.749999928288162,0.5,0.5333333333333333,0.4666666666666667,1653.5,neutral,A,False,-5.250000011175871,0.6666666666666666,0.6666666666666666,0.3333333333333333,1588.0,neutral,neutral
Text-500:F-B,Text-500,Reasoning,Cardiovascular,Non-viable limb; Doppler ultrasound,Threatened limb; Doppler ultrasound,True,A,True,0.9999999701976776,0.43333333333333335,0.43333333333333335,0.5666666666666667,1294.0,excluded,A,False,-0.9999999701976776,0.8666666666666667,0.8666666666666667,0.13333333333333333,1576.5,excluded,excluded
Text-500:F-C,Text-500,Reasoning,Cardiovascular,Non-viable limb; Doppler ultrasound,Threatened limb; arterial plethysmography,False,A,True,2.2500000298023224,0.8666666666666667,0.8666666666666667,0.13333333333333333,1626.5,helps,B,True,5.749999928288162,1.0,1.0,0.0,1375.0,helps,helps
Text-500:F-D,Text-500,Reasoning,Cardiovascular,Non-viable limb; Doppler ultrasound,Threatened limb; MR angiography,False,B,False,-6.250000192085281,0.0,0.03333333333333333,0.9666666666666667,1266.0,hurts,A,False,-7.250000132829882,0.03333333333333333,0.1,0.9,1549.5,hurts,hurts
Text-500:F-E,Text-500,Reasoning,Cardiovascular,Non-viable limb; Doppler ultrasound,Non-viable limb; MR angiography,False,B,False,-8.250000034138793,0.03333333333333333,0.16666666666666666,0.8333333333333334,1047.5,hurts,A,False,-5.499999983236194,0.1,0.16666666666666666,0.8333333333333334,1389.0,hurts,hurts
Text-500:F-G,Text-500,Reasoning,Cardiovascular,Non-viable limb; Doppler ultrasound,Non-viable limb; plain radiography,False,A,True,11.999999523181941,1.0,1.0,0.0,619.5,helps,B,True,10.249999881416443,1.0,1.0,0.0,644.0,helps,helps
Text-500:F-H,Text-500,Reasoning,Cardiovascular,Non-viable limb; Doppler ultrasound,Threatened limb; carbon dioxide angiogram,False,B,False,-2.0000000447034836,0.06666666666666667,0.06666666666666667,0.9333333333333333,1579.5,hurts,A,False,-5.250000011175871,0.03333333333333333,0.03333333333333333,0.9666666666666667,1541.5,hurts,hurts
Text-500:F-I,Text-500,Reasoning,Cardiovascular,Non-viable limb; Doppler ultrasound,Non-viable limb; duplex ultrasound,False,B,False,-6.50000017543789,0.0,0.0,1.0,606.0,hurts,A,False,-0.9999999701976776,0.23333333333333334,0.23333333333333334,0.7666666666666667,992.0,hurts,hurts
Text-500:F-J,Text-500,Reasoning,Cardiovascular,Non-viable limb; Doppler ultrasound,Non-viable limb; CT angiography,False,B,False,-9.250000243031536,0.6666666666666666,0.8,0.2,829.5,neutral,A,False,-4.7500000186264515,0.6666666666666666,0.6666666666666666,0.3333333333333333,801.5,neutral,neutral
Text-510:I-A,Text-510,Reasoning,Nervous,Enterovirus meningitis,Bacterial meningitis,False,A,True,7.500000152911525,1.0,1.0,0.0,577.5,helps,B,True,8.499999663079507,1.0,1.0,0.0,520.5,helps,helps
Text-510:I-B,Text-510,Reasoning,Nervous,Enterovirus meningitis,Cryptococcal meningitis,False,A,True,4.7500000186264515,1.0,1.0,0.0,846.0,helps,B,True,7.500000152911525,1.0,1.0,0.0,601.0,helps,helps
Text-510:I-C,Text-510,Reasoning,Nervous,Enterovirus meningitis,Paraneoplastic meningitis,False,A,True,10.000000358661055,1.0,1.0,0.0,630.0,helps,B,True,9.749999882489647,1.0,1.0,0.0,541.0,helps,helps
Text-510:I-D,Text-510,Reasoning,Nervous,Enterovirus meningitis,Mumps meningitis,False,A,True,2.0000000447034836,0.8333333333333334,0.8333333333333334,0.16666666666666666,1190.0,helps,B,True,4.7500000186264515,1.0,1.0,0.0,866.5,helps,helps
Text-510:I-E,Text-510,Reasoning,Nervous,Enterovirus meningitis,Lymphocytic choriomeningitis virus,False,B,False,-1.5000000596046448,0.5,0.5,0.5,1257.0,neutral,A,False,-2.7499999962747097,0.8,0.8,0.2,907.0,helps,mixed
Text-510:I-F,Text-510,Reasoning,Nervous,Enterovirus meningitis,Tuberculous meningitis,False,A,True,3.2499999403953552,1.0,1.0,0.0,860.5,helps,B,True,5.499999983236194,1.0,1.0,0.0,712.5,helps,helps
Text-510:I-G,Text-510,Reasoning,Nervous,Enterovirus meningitis,Early-stage fungal meningitis,False,A,True,5.499999983236194,1.0,1.0,0.0,657.5,helps,B,True,6.749999969732016,1.0,1.0,0.0,564.0,helps,helps
Text-510:I-H,Text-510,Reasoning,Nervous,Enterovirus meningitis,Autoimmune meningitis,False,A,True,6.749999969732016,1.0,1.0,0.0,689.5,helps,B,True,6.999999819439836,1.0,1.0,0.0,649.0,helps,helps
Text-510:I-J,Text-510,Reasoning,Nervous,Enterovirus meningitis,Viral encephalitis,True,A,True,2.2500000298023224,1.0,1.0,0.0,950.5,excluded,A,False,-1.5000000596046448,1.0,1.0,0.0,1026.5,excluded,excluded
Text-540:A-B,Text-540,Reasoning,Muscular,Abduction of the ulna,Posterior translation of the ulna,False,B,False,-1.7499999850988388,0.1,0.1,0.9,949.5,hurts,A,False,-2.0000000447034836,0.4666666666666667,0.4666666666666667,0.5333333333333333,1127.0,neutral,mixed
Text-540:A-C,Text-540,Reasoning,Muscular,Abduction of the ulna,Anterior translation of the ulna,False,B,False,-2.0000000447034836,0.3333333333333333,0.3333333333333333,0.6666666666666666,1351.0,neutral,A,False,-0.7499999701976776,0.6666666666666666,0.6666666666666666,0.3333333333333333,1509.0,neutral,neutral
Text-540:A-D,Text-540,Reasoning,Muscular,Abduction of the ulna,Interosseous membrane dysfunction,False,B,False,-8.000000294676283,0.0,0.0,1.0,712.0,hurts,A,False,-8.250000034138793,0.0,0.0,1.0,858.0,hurts,hurts
Text-540:A-E,Text-540,Reasoning,Muscular,Abduction of the ulna,Supination of the radius,False,A,True,1.25,0.5,0.5,0.5,1771.5,neutral,B,True,0.25,0.4666666666666667,0.4666666666666667,0.5333333333333333,1915.5,neutral,neutral
Text-540:A-F,Text-540,Reasoning,Muscular,Abduction of the ulna,Ulnar head subluxation,False,B,False,-7.250000132829882,0.06666666666666667,0.06666666666666667,0.9333333333333333,740.0,hurts,A,False,-3.749999888241291,0.26666666666666666,0.26666666666666666,0.7333333333333333,1041.0,hurts,hurts
Text-540:A-G,Text-540,Reasoning,Muscular,Abduction of the ulna,Proximal radioulnar joint dysfunction,False,B,False,-5.749999928288162,0.03333333333333333,0.03333333333333333,0.9666666666666667,838.5,hurts,A,False,-0.5,0.7333333333333333,0.7333333333333333,0.26666666666666666,1124.5,helps,mixed
Text-540:A-H,Text-540,Reasoning,Muscular,Abduction of the ulna,Adduction of the ulna,False,B,False,-6.999999819439836,0.0,0.0,1.0,790.5,hurts,A,False,-3.9999998919665813,0.03333333333333333,0.03333333333333333,0.9666666666666667,979.5,hurts,hurts
Text-540:A-I,Text-540,Reasoning,Muscular,Abduction of the ulna,Distal radioulnar joint dysfunction,False,B,False,-8.250000034138793,0.0,0.0,1.0,783.5,hurts,A,False,-4.7500000186264515,0.2,0.2,0.8,1191.5,hurts,hurts
Text-540:A-J,Text-540,Reasoning,Muscular,Abduction of the ulna,Pronation of the radius,False,B,False,-0.25,0.13333333333333333,0.13333333333333333,0.8666666666666667,1515.5,hurts,A,False,-2.5000000968575478,0.1,0.1,0.9,1776.0,hurts,hurts
Text-555:I-A,Text-555,Reasoning,Skeletal,Anterior fibular head dysfunction,Cuboid somatic dysfunction,False,A,True,6.000000086612999,0.9666666666666667,0.9666666666666667,0.03333333333333333,902.0,helps,B,True,4.500000096857548,0.9333333333333333,0.9333333333333333,0.06666666666666667,995.0,helps,helps
Text-555:I-B,Text-555,Reasoning,Skeletal,Anterior fibular head dysfunction,Medial tibial torsion,False,A,True,7.250000132829882,0.3333333333333333,0.3333333333333333,0.6666666666666666,1134.0,neutral,B,True,5.499999983236194,0.6333333333333333,0.6,0.4,1017.0,neutral,neutral
Text-555:I-C,Text-555,Reasoning,Skeletal,Anterior fibular head dysfunction,Talus anterior somatic dysfunction,False,A,True,1.5000000596046448,0.4,0.4,0.6,1221.0,neutral,B,True,0.25,0.5333333333333333,0.5333333333333333,0.4666666666666667,1423.5,neutral,neutral
Text-555:I-D,Text-555,Reasoning,Skeletal,Anterior fibular head dysfunction,Subtalar joint dysfunction,False,A,True,2.2500000298023224,0.4666666666666667,0.4666666666666667,0.5333333333333333,1163.5,neutral,B,True,1.25,0.3333333333333333,0.3333333333333333,0.6666666666666666,922.0,neutral,neutral
Text-555:I-E,Text-555,Reasoning,Skeletal,Anterior fibular head dysfunction,Distal fibular fracture without displacement,False,A,True,6.000000086612999,0.9666666666666667,0.9333333333333333,0.06666666666666667,862.5,helps,B,True,5.749999928288162,1.0,0.9666666666666667,0.03333333333333333,818.5,helps,helps
Text-555:I-F,Text-555,Reasoning,Skeletal,Anterior fibular head dysfunction,Posterior fibular head dysfunction,True,A,True,0.7499999701976776,0.0,0.0,1.0,797.5,excluded,A,False,-9.250000243031536,0.0,0.0,1.0,807.5,excluded,excluded
Text-555:I-G,Text-555,Reasoning,Skeletal,Anterior fibular head dysfunction,Navicular somatic dysfunction,False,A,True,6.50000017543789,1.0,1.0,0.0,735.5,helps,B,True,5.250000011175871,0.9666666666666667,0.9666666666666667,0.03333333333333333,759.0,helps,helps
Text-555:I-H,Text-555,Reasoning,Skeletal,Anterior fibular head dysfunction,Lateral tibial torsion,False,A,True,6.999999819439836,0.4666666666666667,0.4666666666666667,0.5333333333333333,903.0,neutral,B,True,5.499999983236194,0.6333333333333333,0.6,0.4,869.5,neutral,neutral
Text-555:I-J,Text-555,Reasoning,Skeletal,Anterior fibular head dysfunction,Plantar fascia strain,False,A,True,13.749999880791279,1.0,1.0,0.0,612.5,helps,B,True,9.749999882489647,1.0,1.0,0.0,624.5,helps,helps
Text-572:D-A,Text-572,Reasoning,Urinary,Renal-cell carcinoma,Renal vein thrombosis,False,B,False,-1.5000000596046448,0.23333333333333334,0.23333333333333334,0.7666666666666667,1675.0,hurts,A,False,-1.7499999850988388,0.8,0.8,0.2,1670.5,helps,mixed
Text-572:D-B,Text-572,Reasoning,Urinary,Renal-cell carcinoma,Congestive heart failure,False,A,True,20.75,1.0,1.0,0.0,534.5,helps,B,True,11.749999761612344,1.0,0.9,0.03333333333333333,644.0,helps,helps
Text-572:D-C,Text-572,Reasoning,Urinary,Renal-cell carcinoma,Acute glomerulonephritis,False,A,True,16.249999880790718,1.0,0.9666666666666667,0.03333333333333333,821.5,helps,B,True,11.5000003576788,1.0,0.6666666666666666,0.26666666666666666,705.5,neutral,mixed
Text-572:D-E,Text-572,Reasoning,Urinary,Renal-cell carcinoma,Membranous nephropathy,False,A,True,9.499999525964085,1.0,0.9,0.1,1150.5,helps,B,True,6.749999969732016,1.0,0.9333333333333333,0.06666666666666667,859.5,helps,helps
Text-572:D-F,Text-572,Reasoning,Urinary,Renal-cell carcinoma,Nephrotic syndrome,False,A,True,19.25,1.0,0.8,0.16666666666666666,581.0,helps,B,True,14.00000011920963,1.0,0.8,0.2,551.0,helps,helps
Text-572:D-G,Text-572,Reasoning,Urinary,Renal-cell carcinoma,Immunoglobulin A nephropathy,False,A,True,10.249999881416443,1.0,1.0,0.0,783.5,helps,B,True,9.499999525964085,1.0,1.0,0.0,726.0,helps,helps
Text-572:D-H,Text-572,Reasoning,Urinary,Renal-cell carcinoma,IgA nephropathy,False,A,True,9.749999882489647,1.0,0.9666666666666667,0.03333333333333333,977.5,helps,B,True,11.250000357712452,1.0,0.9666666666666667,0.03333333333333333,598.0,helps,helps
Text-572:D-I,Text-572,Reasoning,Urinary,Renal-cell carcinoma,Polycystic kidney disease,False,A,True,22.0,1.0,0.9333333333333333,0.06666666666666667,752.5,helps,B,True,16.249999880790718,1.0,0.36666666666666664,0.5333333333333333,615.0,neutral,mixed
Text-572:D-J,Text-572,Reasoning,Urinary,Renal-cell carcinoma,Renal-vein thrombosis,False,A,True,0.5,0.13333333333333333,0.13333333333333333,0.8666666666666667,1888.0,hurts,B,True,4.500000096857548,1.0,1.0,0.0,1073.5,helps,mixed
Text-602:I-A,Text-602,Reasoning,Nervous,Intellectual disability,Sensory processing disorder,True,A,True,0.0,0.03333333333333333,0.03333333333333333,0.9666666666666667,681.0,excluded,A,False,-10.249999881416443,0.03333333333333333,0.03333333333333333,0.9666666666666667,817.0,excluded,excluded
Text-602:I-B,Text-602,Reasoning,Nervous,Intellectual disability,Fragile X syndrome,True,A,True,5.499999983236194,0.9666666666666667,0.9666666666666667,0.03333333333333333,882.5,excluded,A,False,-2.2500000298023224,0.9,0.9,0.1,975.0,excluded,excluded
Text-602:I-C,Text-602,Reasoning,Nervous,Intellectual disability,Specific learning disability,True,A,True,0.9999999701976776,0.0,0.0,1.0,945.5,excluded,A,False,-10.50000011958764,0.0,0.0,1.0,808.0,excluded,excluded
Text-602:I-D,Text-602,Reasoning,Nervous,Intellectual disability,Global developmental delay,False,B,False,-1.5000000596046448,0.16666666666666666,0.16666666666666666,0.8333333333333334,1641.0,hurts,A,False,-8.000000294676283,0.06666666666666667,0.13333333333333333,0.8666666666666667,1546.5,hurts,hurts
Text-602:I-E,Text-602,Reasoning,Nervous,Intellectual disability,Childhood apraxia of speech,False,A,True,9.250000243031536,1.0,0.9666666666666667,0.03333333333333333,1119.0,helps,B,True,2.0000000447034836,1.0,1.0,0.0,788.0,helps,helps
Text-602:I-F,Text-602,Reasoning,Nervous,Intellectual disability,Autism spectrum disorder,False,B,False,-8.999999649982783,0.0,0.0,1.0,453.0,hurts,A,False,-11.5000003576788,0.0,0.0,1.0,503.5,hurts,hurts
Text-602:I-G,Text-602,Reasoning,Nervous,Intellectual disability,Rett syndrome,False,A,True,9.250000243031536,1.0,0.9666666666666667,0.0,526.5,helps,B,True,8.250000034138793,1.0,1.0,0.0,504.0,helps,helps
Text-602:I-H,Text-602,Reasoning,Nervous,Intellectual disability,Social (pragmatic) communication disorder,False,B,False,-3.4999999310821295,0.0,0.0,1.0,774.0,hurts,A,False,-12.250000000011369,0.0,0.06666666666666667,0.9333333333333333,773.5,hurts,hurts
Text-602:I-J,Text-602,Reasoning,Nervous,Intellectual disability,Attention-deficit/hyperactivity disorder (ADHD),False,B,False,-0.5,0.3,0.3,0.7,1076.0,hurts,A,False,-6.50000017543789,0.43333333333333335,0.43333333333333335,0.5666666666666667,1035.0,neutral,mixed
Text-629:J-A,Text-629,Reasoning,Reproductive,Circular anechoic structures within the myometrium without posterior shadowing,Multiple hyperechoic foci with posterior shadowing in the myometrium,True,A,True,1.7499999850988388,0.13333333333333333,0.13333333333333333,0.8666666666666667,1738.5,excluded,A,False,-4.250000044703484,0.0,0.0,1.0,1761.5,excluded,excluded
Text-629:J-B,Text-629,Reasoning,Reproductive,Circular anechoic structures within the myometrium without posterior shadowing,A focal hypoechoic lesion with irregular borders in the endometrium,True,A,True,2.2500000298023224,0.43333333333333335,0.43333333333333335,0.5666666666666667,2343.5,excluded,A,False,-1.25,0.1,0.1,0.9,2351.0,excluded,excluded
Text-629:J-C,Text-629,Reasoning,Reproductive,Circular anechoic structures within the myometrium without posterior shadowing,Endometrial polypoid structures with central vascularity,False,A,True,2.5000000968575478,0.9333333333333333,0.9333333333333333,0.06666666666666667,1334.0,helps,B,True,4.500000096857548,1.0,1.0,0.0,1755.5,helps,helps
Text-629:J-D,Text-629,Reasoning,Reproductive,Circular anechoic structures within the myometrium without posterior shadowing,Thickened endometrial stripe with irregular vascularity,True,B,False,-2.2500000298023224,0.7333333333333333,0.7333333333333333,0.26666666666666666,1968.5,excluded,B,True,0.7499999701976776,0.6333333333333333,0.6333333333333333,0.36666666666666664,1906.0,excluded,excluded
Text-629:J-E,Text-629,Reasoning,Reproductive,Circular anechoic structures within the myometrium without posterior shadowing,"Symmetrical, homogeneous endometrial thickening",False,A,True,1.25,0.6666666666666666,0.6666666666666666,0.3333333333333333,2349.5,neutral,B,True,1.7499999850988388,0.8666666666666667,0.8666666666666667,0.13333333333333333,2207.0,helps,mixed
Text-629:J-F,Text-629,Reasoning,Reproductive,Circular anechoic structures within the myometrium without posterior shadowing,"Asymmetrical, irregular endometrial thickening",True,B,False,-0.5,0.4666666666666667,0.4666666666666667,0.5333333333333333,2523.0,excluded,B,True,2.2500000298023224,0.6666666666666666,0.6666666666666666,0.3333333333333333,2065.0,excluded,excluded
Text-629:J-G,Text-629,Reasoning,Reproductive,Circular anechoic structures within the myometrium without posterior shadowing,"A large, circular hypoechoic structure within the myometrium with posterior shadowing",False,B,False,-2.5000000968575478,0.0,0.0,1.0,1034.0,hurts,A,False,-10.000000358661055,0.0,0.0,1.0,1299.0,hurts,hurts
Text-629:J-H,Text-629,Reasoning,Reproductive,Circular anechoic structures within the myometrium without posterior shadowing,Diffuse myometrial calcifications with acoustic shadowing,False,A,True,6.000000086612999,0.9666666666666667,0.9666666666666667,0.03333333333333333,1842.5,helps,B,True,2.2500000298023224,0.7,0.7,0.3,2840.5,helps,helps
Text-629:J-I,Text-629,Reasoning,Reproductive,Circular anechoic structures within the myometrium without posterior shadowing,"Symmetrical, homogeneous myometrial thickening",True,A,True,2.9999999925494194,0.06666666666666667,0.06666666666666667,0.9333333333333333,1697.5,excluded,A,False,-0.0,0.13333333333333333,0.13333333333333333,0.8666666666666667,1506.5,excluded,excluded
Text-696:B-A,Text-696,Reasoning,Nervous,Dependent,Histrionic,True,A,True,2.7499999962747097,1.0,1.0,0.0,1246.5,excluded,A,False,-1.7499999850988388,1.0,1.0,0.0,773.0,excluded,excluded
Text-696:B-C,Text-696,Reasoning,Nervous,Dependent,Obsessive-compulsive,False,A,True,5.499999983236194,1.0,1.0,0.0,678.5,helps,B,True,7.749999973515514,1.0,1.0,0.0,625.0,helps,helps
Text-696:B-D,Text-696,Reasoning,Nervous,Dependent,Narcissistic,False,A,True,5.499999983236194,1.0,1.0,0.0,929.0,helps,B,True,0.9999999701976776,1.0,1.0,0.0,691.0,helps,helps
Text-696:B-E,Text-696,Reasoning,Nervous,Dependent,Paranoid,True,B,False,-0.25,0.03333333333333333,0.03333333333333333,0.9666666666666667,926.0,excluded,B,True,1.5000000596046448,0.6333333333333333,0.6333333333333333,0.36666666666666664,1587.0,excluded,excluded
Text-696:B-F,Text-696,Reasoning,Nervous,Dependent,Borderline,False,B,False,-6.50000017543789,0.0,0.0,1.0,727.5,hurts,A,False,-7.500000152911525,0.06666666666666667,0.06666666666666667,0.9333333333333333,836.5,hurts,hurts
Text-696:B-G,Text-696,Reasoning,Nervous,Dependent,Antisocial,False,A,True,9.250000243031536,1.0,1.0,0.0,741.5,helps,B,True,6.749999969732016,1.0,1.0,0.0,624.0,helps,helps
Text-696:B-H,Text-696,Reasoning,Nervous,Dependent,Schizoid,False,A,True,9.749999882489647,1.0,1.0,0.0,768.5,helps,B,True,6.50000017543789,1.0,1.0,0.0,841.0,helps,helps
Text-696:B-I,Text-696,Reasoning,Nervous,Dependent,Avoidant,True,A,True,1.25,0.36666666666666664,0.36666666666666664,0.6333333333333333,1564.0,excluded,A,False,-0.9999999701976776,0.9,0.9,0.1,996.5,excluded,excluded
Text-696:B-J,Text-696,Reasoning,Nervous,Dependent,Passive-aggressive,False,A,True,7.749999973515514,1.0,1.0,0.0,1133.5,helps,B,True,4.250000044703484,1.0,1.0,0.0,922.5,helps,helps
Text-697:D-A,Text-697,Reasoning,Cardiovascular,Dysbetalipoproteinemia,Type III hyperlipoproteinemia,False,B,False,-0.5,0.06666666666666667,0.06666666666666667,0.9333333333333333,1760.5,hurts,A,False,-8.999999649982783,0.6,0.7666666666666667,0.23333333333333334,2129.0,neutral,mixed
Text-697:D-B,Text-697,Reasoning,Cardiovascular,Dysbetalipoproteinemia,Hypoalphalipoproteinemia,False,A,True,25.25,1.0,0.8666666666666667,0.1,631.0,helps,B,True,13.250000119210881,1.0,0.9333333333333333,0.03333333333333333,718.0,helps,helps
Text-697:D-C,Text-697,Reasoning,Cardiovascular,Dysbetalipoproteinemia,Familial combined hyperlipidemia,True,A,True,15.999999880790718,1.0,0.9666666666666667,0.03333333333333333,979.0,excluded,A,False,-2.5000000968575478,0.6666666666666666,0.6666666666666666,0.3333333333333333,2066.5,excluded,excluded
Text-697:D-E,Text-697,Reasoning,Cardiovascular,Dysbetalipoproteinemia,Hypertriglyceridemia secondary to metabolic syndrome,False,A,True,23.75,1.0,0.6333333333333333,0.36666666666666664,853.0,neutral,B,True,12.999999642374632,1.0,0.7666666666666667,0.16666666666666666,1096.0,helps,mixed
Text-697:D-F,Text-697,Reasoning,Cardiovascular,Dysbetalipoproteinemia,Familial hypercholesterolemia,True,A,True,6.749999969732016,0.7666666666666667,0.7,0.3,1548.5,excluded,A,False,-9.749999882489647,0.2,0.2,0.8,1094.5,excluded,excluded
Text-697:D-G,Text-697,Reasoning,Cardiovascular,Dysbetalipoproteinemia,Familial hypertriglyceridemia,False,A,True,19.0,1.0,1.0,0.0,812.5,helps,B,True,6.000000086612999,1.0,0.9666666666666667,0.03333333333333333,921.5,helps,helps
Text-697:D-H,Text-697,Reasoning,Cardiovascular,Dysbetalipoproteinemia,Lipoprotein lipase deficiency,False,A,True,18.5,1.0,0.9666666666666667,0.03333333333333333,828.5,helps,B,True,3.749999888241291,1.0,1.0,0.0,1173.0,helps,helps
Text-697:D-I,Text-697,Reasoning,Cardiovascular,Dysbetalipoproteinemia,Polygenic hypercholesterolemia,True,A,True,13.250000119210881,1.0,0.9666666666666667,0.03333333333333333,1127.5,excluded,A,False,-2.2500000298023224,0.7,0.7,0.3,1402.5,excluded,excluded
Text-697:D-J,Text-697,Reasoning,Cardiovascular,Dysbetalipoproteinemia,Tangier disease,True,A,True,20.25,1.0,1.0,0.0,642.0,excluded,A,False,-0.9999999701976776,1.0,1.0,0.0,658.0,excluded,excluded
Text-699:I-A,Text-699,Reasoning,Skeletal,left unilateral sacral extension,right unilateral sacral flexion,False,A,True,0.7499999701976776,0.5666666666666667,0.5666666666666667,0.43333333333333335,2077.5,neutral,B,True,2.5000000968575478,0.7333333333333333,0.7333333333333333,0.26666666666666666,1586.0,helps,mixed
Text-699:I-B,Text-699,Reasoning,Skeletal,left unilateral sacral extension,left unilateral sacral flexion,False,B,False,-2.2500000298023224,0.7,0.7,0.3,764.5,helps,A,False,-1.25,0.7,0.7,0.3,1011.0,helps,helps
Text-699:I-C,Text-699,Reasoning,Skeletal,left unilateral sacral extension,piriformis syndrome,False,A,True,8.749999893334461,1.0,1.0,0.0,526.5,helps,B,True,7.749999973515514,1.0,1.0,0.0,506.0,helps,helps
Text-699:I-D,Text-699,Reasoning,Skeletal,left unilateral sacral extension,sacral counternutation,False,A,True,4.250000044703484,0.23333333333333334,0.23333333333333334,0.7666666666666667,894.5,hurts,B,True,5.749999928288162,0.9,0.9,0.1,960.0,helps,mixed
Text-699:I-E,Text-699,Reasoning,Skeletal,left unilateral sacral extension,bilateral sacral torsion,False,A,True,5.749999928288162,0.9666666666666667,0.9666666666666667,0.03333333333333333,951.5,helps,B,True,3.749999888241291,0.9333333333333333,0.9333333333333333,0.06666666666666667,909.0,helps,helps
Text-699:I-F,Text-699,Reasoning,Skeletal,left unilateral sacral extension,L5-S1 facet syndrome,False,A,True,5.749999928288162,1.0,1.0,0.0,563.5,helps,B,True,4.7500000186264515,1.0,1.0,0.0,639.0,helps,helps
Text-699:I-G,Text-699,Reasoning,Skeletal,left unilateral sacral extension,left sacroiliac joint dysfunction,False,B,False,-2.7499999962747097,0.43333333333333335,0.43333333333333335,0.5666666666666667,716.5,neutral,A,False,-3.749999888241291,0.6,0.6,0.4,725.0,neutral,neutral
Text-699:I-H,Text-699,Reasoning,Skeletal,left unilateral sacral extension,left sacral torsion,False,B,False,-1.5000000596046448,0.03333333333333333,0.03333333333333333,0.9666666666666667,497.0,hurts,A,False,-2.7499999962747097,0.0,0.0,1.0,677.0,hurts,hurts
Text-699:I-J,Text-699,Reasoning,Skeletal,left unilateral sacral extension,sacral shear dysfunction,False,B,False,-1.7499999850988388,0.3,0.3,0.7,895.5,hurts,A,False,-2.0000000447034836,0.26666666666666666,0.26666666666666666,0.7333333333333333,782.5,hurts,hurts
Text-714:J-A,Text-714,Reasoning,Nervous,C8 radiculopathy,Cubital tunnel syndrome,False,B,False,-1.7499999850988388,0.7333333333333333,0.7333333333333333,0.26666666666666666,1766.5,helps,A,False,-3.9999998919665813,0.8666666666666667,0.9,0.1,1781.5,helps,helps
Text-714:J-B,Text-714,Reasoning,Nervous,C8 radiculopathy,T1 radiculopathy,True,B,False,-3.4999999310821295,0.3,0.3333333333333333,0.6666666666666666,2206.0,excluded,B,True,5.499999983236194,0.6333333333333333,0.6333333333333333,0.36666666666666664,2897.5,excluded,excluded
Text-714:J-C,Text-714,Reasoning,Nervous,C8 radiculopathy,Cervical spondylosis,False,A,True,5.250000011175871,1.0,1.0,0.0,1373.5,helps,B,True,7.500000152911525,1.0,1.0,0.0,1050.5,helps,helps
Text-714:J-D,Text-714,Reasoning,Nervous,C8 radiculopathy,Thoracic outlet syndrome,False,A,True,7.500000152911525,0.9333333333333333,0.9,0.1,1322.0,helps,B,True,10.000000358661055,1.0,0.9666666666666667,0.03333333333333333,1152.5,helps,helps
Text-714:J-E,Text-714,Reasoning,Nervous,C8 radiculopathy,Brachial plexopathy,False,A,True,9.749999882489647,1.0,1.0,0.0,1200.0,helps,B,True,12.50000011921611,1.0,0.5333333333333333,0.26666666666666666,904.5,neutral,mixed
Text-714:J-F,Text-714,Reasoning,Nervous,C8 radiculopathy,Cervical disc herniation,True,B,False,-0.7499999701976776,0.5333333333333333,0.5333333333333333,0.4666666666666667,2295.0,excluded,B,True,4.500000096857548,1.0,1.0,0.0,1275.0,excluded,excluded
Text-714:J-G,Text-714,Reasoning,Nervous,C8 radiculopathy,Carpal tunnel syndrome,False,A,True,7.500000152911525,1.0,1.0,0.0,985.0,helps,B,True,10.999999523302904,1.0,0.3333333333333333,0.5666666666666667,765.5,neutral,mixed
Text-714:J-H,Text-714,Reasoning,Nervous,C8 radiculopathy,Median nerve entrapment,False,A,True,0.9999999701976776,1.0,1.0,0.0,1300.5,helps,B,True,8.250000034138793,1.0,0.8333333333333334,0.13333333333333333,1145.5,helps,helps
Text-714:J-I,Text-714,Reasoning,Nervous,C8 radiculopathy,Ulnar neuropathy,False,B,False,-11.250000357712452,0.0,0.7,0.23333333333333334,1447.5,neutral,A,False,-12.999999642374632,0.13333333333333333,0.3,0.6666666666666666,2033.5,neutral,neutral
Text-73:B-A,Text-73,Reasoning,Nervous,Exertional heat stroke,Anticholinergic toxicity,False,A,True,3.4999999310821295,1.0,1.0,0.0,1363.5,helps,B,True,1.25,1.0,1.0,0.0,1305.0,helps,helps
Text-73:B-C,Text-73,Reasoning,Nervous,Exertional heat stroke,Malignant hyperthermia,False,A,True,6.000000086612999,1.0,1.0,0.0,1195.0,helps,B,True,3.2499999403953552,1.0,1.0,0.0,881.0,helps,helps
Text-73:B-D,Text-73,Reasoning,Nervous,Exertional heat stroke,Neuroleptic malignant syndrome,False,B,False,-11.999999523181941,0.0,0.0,1.0,531.5,hurts,A,False,-16.249999880790718,0.0,0.0,1.0,634.5,hurts,hurts
Text-73:B-E,Text-73,Reasoning,Nervous,Exertional heat stroke,Central nervous system infection,False,A,True,10.249999881416443,1.0,1.0,0.0,938.0,helps,B,True,7.749999973515514,1.0,1.0,0.0,955.5,helps,helps
Text-73:B-F,Text-73,Reasoning,Nervous,Exertional heat stroke,Drug-induced hyperthermia,False,B,False,-7.500000152911525,0.0,0.0,1.0,871.0,hurts,A,False,-13.499999523163865,0.0,0.0,1.0,940.5,hurts,hurts
Text-73:B-G,Text-73,Reasoning,Nervous,Exertional heat stroke,Septic shock,False,A,True,8.749999893334461,1.0,1.0,0.0,969.5,helps,B,True,6.250000192085281,1.0,1.0,0.0,776.0,helps,helps
Text-73:B-H,Text-73,Reasoning,Nervous,Exertional heat stroke,Nonexertional heat stroke,True,A,True,2.0000000447034836,1.0,1.0,0.0,990.0,excluded,A,False,-10.50000011958764,0.9333333333333333,1.0,0.0,1414.0,excluded,excluded
Text-73:B-I,Text-73,Reasoning,Nervous,Exertional heat stroke,Thyroid storm,False,A,True,7.250000132829882,1.0,1.0,0.0,887.5,helps,B,True,4.7500000186264515,1.0,1.0,0.0,759.0,helps,helps
Text-73:B-J,Text-73,Reasoning,Nervous,Exertional heat stroke,Status epilepticus,False,A,True,7.500000152911525,1.0,1.0,0.0,892.5,helps,B,True,5.749999928288162,1.0,1.0,0.0,897.5,helps,helps
Text-779:D-A,Text-779,Reasoning,Skeletal,Right unilateral sacral extension,Anterior sacral shear,False,A,True,6.250000192085281,1.0,1.0,0.0,626.5,helps,B,True,4.250000044703484,1.0,1.0,0.0,691.5,helps,helps
Text-779:D-B,Text-779,Reasoning,Skeletal,Right unilateral sacral extension,Left unilateral sacral flexion,False,A,True,6.000000086612999,1.0,1.0,0.0,816.5,helps,B,True,5.499999983236194,0.9666666666666667,0.9666666666666667,0.03333333333333333,1757.0,helps,helps
Text-779:D-C,Text-779,Reasoning,Skeletal,Right unilateral sacral extension,Left unilateral sacral extension,False,A,True,4.500000096857548,0.9666666666666667,0.9666666666666667,0.03333333333333333,698.0,helps,B,True,8.999999649982783,1.0,1.0,0.0,585.0,helps,helps
Text-779:D-E,Text-779,Reasoning,Skeletal,Right unilateral sacral extension,Right unilateral sacral flexion,True,A,True,2.7499999962747097,1.0,1.0,0.0,576.5,excluded,A,False,-2.2500000298023224,0.6,0.6,0.4,1145.0,excluded,excluded
Text-779:D-F,Text-779,Reasoning,Skeletal,Right unilateral sacral extension,Right-on-left sacral torsion,False,B,False,-0.9999999701976776,0.0,0.0,1.0,663.5,hurts,A,False,-6.000000086612999,0.0,0.0,1.0,714.0,hurts,hurts
Text-779:D-G,Text-779,Reasoning,Skeletal,Right unilateral sacral extension,Left on left sacral torsion,False,A,True,4.500000096857548,0.1,0.1,0.9,1613.5,hurts,B,True,3.2499999403953552,0.5,0.5,0.5,2265.5,neutral,mixed
Text-779:D-H,Text-779,Reasoning,Skeletal,Right unilateral sacral extension,Bilateral sacral flexion,False,A,True,10.50000011958764,1.0,1.0,0.0,563.0,helps,B,True,7.500000152911525,1.0,0.9666666666666667,0.03333333333333333,715.0,helps,helps
Text-779:D-I,Text-779,Reasoning,Skeletal,Right unilateral sacral extension,Bilateral sacral extension,False,A,True,10.50000011958764,1.0,1.0,0.0,498.0,helps,B,True,11.749999761612344,1.0,1.0,0.0,494.5,helps,helps
Text-779:D-J,Text-779,Reasoning,Skeletal,Right unilateral sacral extension,Left-on-right sacral torsion,True,A,True,0.9999999701976776,0.0,0.0,1.0,830.5,excluded,A,False,-1.25,0.03333333333333333,0.03333333333333333,0.9666666666666667,1010.5,excluded,excluded
Text-799:A-B,Text-799,Reasoning,Nervous,Normal stress reaction,Acute stress disorder,False,B,False,-7.500000152911525,0.8666666666666667,1.0,0.0,1349.5,helps,A,False,-11.999999523181941,0.6666666666666666,0.9666666666666667,0.03333333333333333,1110.0,neutral,mixed
Text-799:A-C,Text-799,Reasoning,Nervous,Normal stress reaction,Bereavement,False,B,False,-0.7499999701976776,1.0,1.0,0.0,810.0,helps,A,False,-4.500000096857548,0.9666666666666667,0.9666666666666667,0.03333333333333333,1148.0,helps,helps
Text-799:A-D,Text-799,Reasoning,Nervous,Normal stress reaction,Situational depression,False,B,False,-12.750000000004093,0.03333333333333333,0.5333333333333333,0.4,1076.5,neutral,A,False,-18.0,0.03333333333333333,0.5333333333333333,0.4666666666666667,1286.5,neutral,neutral
Text-799:A-E,Text-799,Reasoning,Nervous,Normal stress reaction,Substance-induced mood disorder,False,B,False,-4.500000096857548,0.5333333333333333,0.5666666666666667,0.43333333333333335,1882.5,neutral,A,False,-6.250000192085281,1.0,1.0,0.0,1400.0,helps,mixed
Text-799:A-F,Text-799,Reasoning,Nervous,Normal stress reaction,Acute grief reaction,False,B,False,-4.500000096857548,0.8333333333333334,0.8333333333333334,0.16666666666666666,1227.0,helps,A,False,-10.50000011958764,0.4,0.7,0.26666666666666666,1281.0,neutral,mixed
Text-799:A-G,Text-799,Reasoning,Nervous,Normal stress reaction,Adjustment disorder,False,B,False,-14.999999642372188,0.0,0.43333333333333335,0.5333333333333333,778.0,neutral,A,False,-24.0,0.0,0.36666666666666664,0.6333333333333333,748.0,neutral,neutral
Text-799:A-H,Text-799,Reasoning,Nervous,Normal stress reaction,Generalized anxiety disorder,False,A,True,0.7499999701976776,1.0,1.0,0.0,1047.0,helps,B,True,0.25,1.0,1.0,0.0,1036.0,helps,helps
Text-799:A-I,Text-799,Reasoning,Nervous,Normal stress reaction,Major depressive disorder,False,B,False,-16.249999880790718,0.0,1.0,0.0,2385.5,neutral,A,False,-24.5,0.06666666666666667,0.9666666666666667,0.03333333333333333,2144.0,neutral,neutral
Text-799:A-J,Text-799,Reasoning,Nervous,Normal stress reaction,Dysthymic disorder,False,B,False,-0.25,1.0,1.0,0.0,1222.5,helps,A,False,-2.9999999925494194,1.0,1.0,0.0,999.5,helps,helps
Text-83:I-A,Text-83,Reasoning,Muscular,T5 FRRSR,T4 NRRSR,True,A,True,2.2500000298023224,0.7666666666666667,0.7333333333333333,0.26666666666666666,1894.0,excluded,A,False,-0.9999999701976776,0.5666666666666667,0.5666666666666667,0.43333333333333335,1718.5,excluded,excluded
Text-83:I-B,Text-83,Reasoning,Muscular,T5 FRRSR,T5 NSLSL,True,A,True,1.5000000596046448,0.9,0.9,0.1,1488.0,excluded,A,False,-0.7499999701976776,0.9666666666666667,0.9666666666666667,0.03333333333333333,1039.5,excluded,excluded
Text-83:I-C,Text-83,Reasoning,Muscular,T5 FRRSR,T2–T6 NSLRR,True,A,True,0.0,0.43333333333333335,0.43333333333333335,0.5666666666666667,1727.0,excluded,A,False,-1.5000000596046448,0.9333333333333333,0.9333333333333333,0.06666666666666667,1191.5,excluded,excluded
Text-83:I-D,Text-83,Reasoning,Muscular,T5 FRRSR,T5 ERRSL,True,A,True,0.9999999701976776,0.8,0.8,0.2,1266.5,excluded,A,False,-1.7499999850988388,0.7666666666666667,0.7666666666666667,0.23333333333333334,1489.0,excluded,excluded
Text-83:I-E,Text-83,Reasoning,Muscular,T5 FRRSR,T6 FRLSR,True,A,True,1.5000000596046448,0.8666666666666667,0.8666666666666667,0.13333333333333333,1884.0,excluded,A,False,-0.7499999701976776,0.9333333333333333,0.9333333333333333,0.06666666666666667,1775.0,excluded,excluded
Text-83:I-F,Text-83,Reasoning,Muscular,T5 FRRSR,T5 NRRSL,True,A,True,1.5000000596046448,0.8,0.8,0.2,1115.5,excluded,A,False,-1.5000000596046448,0.7,0.7,0.3,1292.0,excluded,excluded
Text-83:I-G,Text-83,Reasoning,Muscular,T5 FRRSR,T6 ERLSL,True,A,True,1.5000000596046448,0.8,0.8,0.2,1806.0,excluded,A,False,-1.7499999850988388,0.8333333333333334,0.8333333333333334,0.16666666666666666,1681.5,excluded,excluded
Text-83:I-H,Text-83,Reasoning,Muscular,T5 FRRSR,T4 FRLSL,True,A,True,0.9999999701976776,0.8333333333333334,0.8333333333333334,0.16666666666666666,2180.5,excluded,A,False,-1.25,0.8333333333333334,0.8333333333333334,0.16666666666666666,1873.5,excluded,excluded
Text-83:I-J,Text-83,Reasoning,Muscular,T5 FRRSR,T6 FRRSL,True,A,True,0.7499999701976776,0.7666666666666667,0.7666666666666667,0.23333333333333334,2196.5,excluded,A,False,-0.5,0.8666666666666667,0.8666666666666667,0.13333333333333333,2449.0,excluded,excluded
Text-911:E-A,Text-911,Reasoning,Endocrine,Aromatase deficiency,P450 oxidoreductase deficiency,False,B,False,-0.5,0.5333333333333333,0.5333333333333333,0.4666666666666667,2384.5,neutral,A,False,-7.500000152911525,0.43333333333333335,0.43333333333333335,0.5666666666666667,2579.5,neutral,neutral
Text-911:E-B,Text-911,Reasoning,Endocrine,Aromatase deficiency,Androgen insensitivity syndrome,False,A,True,8.749999893334461,0.9,0.8666666666666667,0.13333333333333333,1969.0,helps,B,True,5.499999983236194,0.9333333333333333,0.9333333333333333,0.06666666666666667,1641.5,helps,helps
Text-911:E-C,Text-911,Reasoning,Endocrine,Aromatase deficiency,17β-hydroxysteroid dehydrogenase deficiency,True,A,True,6.999999819439836,0.9666666666666667,0.9666666666666667,0.03333333333333333,1956.5,excluded,A,False,-0.25,1.0,1.0,0.0,2134.5,excluded,excluded
Text-911:E-D,Text-911,Reasoning,Endocrine,Aromatase deficiency,17α-hydroxylase deficiency,True,A,True,6.749999969732016,0.7333333333333333,0.7333333333333333,0.26666666666666666,2644.5,excluded,A,False,-0.5,0.8,0.8,0.2,2447.0,excluded,excluded
Text-911:E-F,Text-911,Reasoning,Endocrine,Aromatase deficiency,Polycystic ovary syndrome,False,A,True,10.000000358661055,1.0,1.0,0.0,1074.5,helps,B,True,9.749999882489647,1.0,1.0,0.0,908.5,helps,helps
Text-911:E-G,Text-911,Reasoning,Endocrine,Aromatase deficiency,Congenital adrenal hyperplasia,False,A,True,3.9999998919665813,0.2,0.2,0.8,1854.0,hurts,B,True,4.7500000186264515,0.9333333333333333,0.9333333333333333,0.06666666666666667,1309.5,helps,mixed
Text-911:E-H,Text-911,Reasoning,Endocrine,Aromatase deficiency,3β-hydroxysteroid dehydrogenase deficiency,False,A,True,8.749999893334461,1.0,1.0,0.0,1423.5,helps,B,True,1.25,0.9,0.9,0.1,1778.5,helps,helps
Text-911:E-I,Text-911,Reasoning,Endocrine,Aromatase deficiency,Steroidogenic acute regulatory protein deficiency,False,A,True,8.999999649982783,1.0,1.0,0.0,1123.0,helps,B,True,3.749999888241291,1.0,1.0,0.0,1088.0,helps,helps
Text-911:E-J,Text-911,Reasoning,Endocrine,Aromatase deficiency,5α-reductase deficiency,True,A,True,11.5000003576788,0.9666666666666667,0.9666666666666667,0.03333333333333333,1498.5,excluded,A,False,-0.9999999701976776,0.6666666666666666,0.6666666666666666,0.3333333333333333,1859.5,excluded,excluded
Text-915:J-A,Text-915,Reasoning,Digestive,Chronic hepatitis B infection,No hepatitis B vaccination or infection,False,A,True,22.75,1.0,0.1,0.8666666666666667,1392.5,neutral,B,True,17.25,1.0,0.16666666666666666,0.8333333333333334,1453.0,neutral,neutral
Text-915:J-B,Text-915,Reasoning,Digestive,Chronic hepatitis B infection,Hepatitis B immune tolerance phase,False,A,True,8.499999663079507,1.0,1.0,0.0,1042.5,helps,B,True,15.749999880790718,1.0,0.6333333333333333,0.26666666666666666,624.5,neutral,mixed
Text-915:J-C,Text-915,Reasoning,Digestive,Chronic hepatitis B infection,Reactivated hepatitis B infection,True,B,False,-7.250000132829882,0.9,0.9666666666666667,0.03333333333333333,2426.5,excluded,B,True,4.500000096857548,1.0,1.0,0.0,2076.0,excluded,excluded
Text-915:J-D,Text-915,Reasoning,Digestive,Chronic hepatitis B infection,Occult hepatitis B infection,False,A,True,4.500000096857548,1.0,1.0,0.0,1257.5,helps,B,True,12.250000000011369,1.0,0.8,0.16666666666666666,1429.5,helps,helps
Text-915:J-E,Text-915,Reasoning,Digestive,Chronic hepatitis B infection,Inactive hepatitis B carrier state,False,A,True,15.999999880790718,1.0,0.9333333333333333,0.03333333333333333,682.5,helps,B,True,19.5,1.0,0.6666666666666666,0.3,412.5,neutral,mixed
Text-915:J-F,Text-915,Reasoning,Digestive,Chronic hepatitis B infection,Resolved hepatitis B infection,False,A,True,15.49999976158145,1.0,0.9,0.06666666666666667,1005.5,helps,B,True,17.75,1.0,0.4,0.6,718.5,neutral,mixed
Text-915:J-G,Text-915,Reasoning,Digestive,Chronic hepatitis B infection,Early convalescent phase of hepatitis B,True,B,False,-9.749999882489647,0.2,0.7333333333333333,0.26666666666666666,2389.0,excluded,B,True,3.2499999403953552,0.5666666666666667,0.5666666666666667,0.43333333333333335,3051.0,excluded,excluded
Text-915:J-H,Text-915,Reasoning,Digestive,Chronic hepatitis B infection,Acute hepatitis B infection,False,B,False,-19.0,0.0,0.7666666666666667,0.2,498.0,neutral,A,False,-11.749999761612344,0.3,0.9666666666666667,0.03333333333333333,1604.5,neutral,neutral
Text-915:J-I,Text-915,Reasoning,Digestive,Chronic hepatitis B infection,Hepatitis B vaccine response,False,A,True,24.25,1.0,0.13333333333333333,0.8666666666666667,1172.5,neutral,B,True,20.75,1.0,0.03333333333333333,0.9333333333333333,1617.0,neutral,neutral
Text-928:G-A,Text-928,Reasoning,Muscular,C4–C6 ERRSR,C4–C5 ERLSR,False,A,True,5.250000011175871,0.8666666666666667,0.8666666666666667,0.13333333333333333,1939.5,helps,B,True,2.7499999962747097,0.9666666666666667,0.9666666666666667,0.03333333333333333,1724.0,helps,helps
Text-928:G-B,Text-928,Reasoning,Muscular,C4–C6 ERRSR,C4–C6 FRRSR,True,A,True,2.2500000298023224,0.4,0.36666666666666664,0.6333333333333333,1787.5,excluded,A,False,-0.7499999701976776,0.2,0.2,0.8,1770.0,excluded,excluded
Text-928:G-C,Text-928,Reasoning,Muscular,C4–C6 ERRSR,C4–C6 NSRRR,False,A,True,3.9999998919665813,0.9666666666666667,0.9666666666666667,0.03333333333333333,1201.5,helps,B,True,0.7499999701976776,0.8,0.8,0.2,1574.0,helps,helps
Text-928:G-D,Text-928,Reasoning,Muscular,C4–C6 ERRSR,C5–C6 ERRSR,True,A,True,0.25,0.03333333333333333,0.03333333333333333,0.9666666666666667,1518.5,excluded,A,False,-0.9999999701976776,0.8333333333333334,0.8333333333333334,0.16666666666666666,1680.5,excluded,excluded
Text-928:G-E,Text-928,Reasoning,Muscular,C4–C6 ERRSR,C4–C6 NSRRL with somatic dysfunction,True,A,True,1.25,0.13333333333333333,0.13333333333333333,0.8666666666666667,1319.5,excluded,A,False,-0.0,0.8333333333333334,0.8333333333333334,0.16666666666666666,1719.5,excluded,excluded
Text-928:G-F,Text-928,Reasoning,Muscular,C4–C6 ERRSR,C4–C6 ERRSR with compensatory rotation,False,B,False,-3.2499999403953552,0.0,0.0,1.0,734.5,hurts,A,False,-6.999999819439836,0.0,0.0,1.0,765.5,hurts,hurts
Text-928:G-H,Text-928,Reasoning,Muscular,C4–C6 ERRSR,C4–C6 FSRRR,True,A,True,2.7499999962747097,0.6666666666666666,0.6666666666666666,0.3333333333333333,1616.5,excluded,A,False,-0.25,0.3333333333333333,0.3333333333333333,0.6666666666666666,1467.5,excluded,excluded
Text-928:G-I,Text-928,Reasoning,Muscular,C4–C6 ERRSR,C5–C6 FSRRL,True,A,True,1.25,0.5,0.5,0.5,1805.5,excluded,A,False,-1.7499999850988388,0.3,0.3,0.7,1648.5,excluded,excluded
Text-928:G-J,Text-928,Reasoning,Muscular,C4–C6 ERRSR,C4–C6 NSRRL,False,A,True,3.2499999403953552,0.8,0.8,0.2,1425.5,helps,B,True,0.9999999701976776,0.9,0.9,0.1,1556.0,helps,helps
Text-959:E-A,Text-959,Reasoning,Nervous,Cyclothymic disorder,Recurrent brief depressive disorder,False,A,True,0.25,1.0,1.0,0.0,1562.0,helps,B,True,4.999999948777258,1.0,1.0,0.0,1373.0,helps,helps
Text-959:E-B,Text-959,Reasoning,Nervous,Cyclothymic disorder,Persistent depressive disorder (dysthymia),False,A,True,2.7499999962747097,0.9333333333333333,0.9333333333333333,0.06666666666666667,2127.0,helps,B,True,3.749999888241291,0.9666666666666667,0.9666666666666667,0.03333333333333333,2150.0,helps,helps
Text-959:E-C,Text-959,Reasoning,Nervous,Cyclothymic disorder,Bipolar I disorder,False,B,False,-13.499999523163865,0.0,0.3,0.7,1794.5,hurts,A,False,-13.749999880791279,0.0,0.4,0.6,2064.5,neutral,mixed
Text-959:E-D,Text-959,Reasoning,Nervous,Cyclothymic disorder,Bipolar II disorder,False,B,False,-13.499999523163865,0.0,0.0,1.0,851.0,hurts,A,False,-11.5000003576788,0.0,0.0,1.0,778.0,hurts,hurts
Text-959:E-F,Text-959,Reasoning,Nervous,Cyclothymic disorder,Bipolar disorder with rapid cycling,False,B,False,-13.250000119210881,0.0,0.7333333333333333,0.23333333333333334,2165.5,neutral,A,False,-12.750000000004093,0.0,0.0,0.9666666666666667,2107.0,hurts,mixed
Text-959:E-G,Text-959,Reasoning,Nervous,Cyclothymic disorder,Seasonal affective disorder,False,A,True,4.500000096857548,1.0,1.0,0.0,1192.5,helps,B,True,6.50000017543789,1.0,1.0,0.0,698.5,helps,helps
Text-959:E-H,Text-959,Reasoning,Nervous,Cyclothymic disorder,Adjustment disorder with depressed mood,False,A,True,1.7499999850988388,1.0,1.0,0.0,730.5,helps,B,True,9.499999525964085,1.0,1.0,0.0,713.0,helps,helps
Text-959:E-I,Text-959,Reasoning,Nervous,Cyclothymic disorder,Borderline personality disorder,False,A,True,8.250000034138793,1.0,1.0,0.0,1116.5,helps,B,True,10.249999881416443,1.0,0.9666666666666667,0.03333333333333333,900.0,helps,helps
Text-959:E-J,Text-959,Reasoning,Nervous,Cyclothymic disorder,Major depressive disorder with atypical features,False,B,False,-4.999999948777258,0.0,0.0,1.0,1856.0,hurts,A,False,-1.7499999850988388,0.06666666666666667,0.06666666666666667,0.9333333333333333,2437.0,hurts,hurts
Text-968:G-A,Text-968,Reasoning,Nervous,Lisdexamfetamine intoxication,Methamphetamine intoxication,False,B,False,-3.749999888241291,0.0,0.0,1.0,1368.5,hurts,A,False,-9.499999525964085,0.03333333333333333,0.03333333333333333,0.9666666666666667,1854.0,hurts,hurts
Text-968:G-B,Text-968,Reasoning,Nervous,Lisdexamfetamine intoxication,Serotonin syndrome,True,A,True,7.250000132829882,0.9666666666666667,0.9666666666666667,0.03333333333333333,1097.0,excluded,A,False,-0.25,0.9,0.9,0.1,1274.5,excluded,excluded
Text-968:G-C,Text-968,Reasoning,Nervous,Lisdexamfetamine intoxication,Alcohol withdrawal delirium,False,A,True,14.499999523162955,1.0,1.0,0.0,878.5,helps,B,True,8.999999649982783,1.0,1.0,0.0,1106.0,helps,helps
Text-968:G-D,Text-968,Reasoning,Nervous,Lisdexamfetamine intoxication,Phencyclidine intoxication,True,A,True,3.749999888241291,0.6333333333333333,0.6333333333333333,0.36666666666666664,2533.0,excluded,A,False,-5.250000011175871,0.2,0.2,0.8,1140.5,excluded,excluded
Text-968:G-E,Text-968,Reasoning,Nervous,Lisdexamfetamine intoxication,Acute mania with psychosis,False,A,True,11.250000357712452,1.0,1.0,0.0,796.5,helps,B,True,10.50000011958764,1.0,1.0,0.0,641.5,helps,helps
Text-968:G-F,Text-968,Reasoning,Nervous,Lisdexamfetamine intoxication,Cocaine intoxication,True,A,True,2.0000000447034836,0.26666666666666666,0.23333333333333334,0.7333333333333333,2794.5,excluded,A,False,-3.4999999310821295,0.5666666666666667,0.5666666666666667,0.43333333333333335,2583.0,excluded,excluded
Text-968:G-H,Text-968,Reasoning,Nervous,Lisdexamfetamine intoxication,Anticholinergic toxicity,True,A,True,6.749999969732016,0.9,0.9,0.1,1489.5,excluded,A,False,-2.2500000298023224,0.9666666666666667,0.9666666666666667,0.03333333333333333,1349.5,excluded,excluded
Text-968:G-I,Text-968,Reasoning,Nervous,Lisdexamfetamine intoxication,Hyperthyroidism-induced psychosis,False,A,True,13.749999880791279,1.0,1.0,0.0,755.5,helps,B,True,9.250000243031536,1.0,1.0,0.0,736.0,helps,helps
Text-968:G-J,Text-968,Reasoning,Nervous,Lisdexamfetamine intoxication,Bath salts (synthetic cathinone) intoxication,False,B,False,-8.999999649982783,0.0,0.0,1.0,888.0,hurts,A,False,-18.75,0.0,0.0,1.0,805.5,hurts,hurts
Text-982:B-A,Text-982,Reasoning,Lymphatic,Pseudothrombocytopenia,Immune thrombocytopenic purpura,False,A,True,24.0,1.0,1.0,0.0,577.0,helps,B,True,21.5,1.0,0.03333333333333333,0.9666666666666667,651.5,neutral,mixed
Text-982:B-C,Text-982,Reasoning,Lymphatic,Pseudothrombocytopenia,Hypersplenism causing platelet sequestration,False,A,True,22.5,1.0,1.0,0.0,489.0,helps,B,True,15.999999880790718,1.0,0.9333333333333333,0.06666666666666667,522.5,helps,helps
Text-982:B-D,Text-982,Reasoning,Lymphatic,Pseudothrombocytopenia,Heparin-induced thrombocytopenia,False,A,True,23.5,1.0,0.9333333333333333,0.06666666666666667,558.5,helps,B,True,21.25,1.0,0.26666666666666666,0.7,556.0,neutral,mixed
Text-982:B-E,Text-982,Reasoning,Lymphatic,Pseudothrombocytopenia,Quinine-induced immune thrombocytopenia,False,A,True,17.5,1.0,1.0,0.0,891.5,helps,B,True,9.499999525964085,1.0,1.0,0.0,947.5,helps,helps
Text-982:B-F,Text-982,Reasoning,Lymphatic,Pseudothrombocytopenia,Bone marrow suppression due to medication toxicity,False,A,True,24.75,1.0,0.9666666666666667,0.03333333333333333,539.0,helps,B,True,20.5,1.0,0.4666666666666667,0.4,533.0,neutral,mixed
Text-982:B-G,Text-982,Reasoning,Lymphatic,Pseudothrombocytopenia,Immune thrombocytopenia,False,A,True,22.5,1.0,1.0,0.0,600.5,helps,B,True,20.25,1.0,0.3,0.6,555.0,neutral,mixed
Text-982:B-H,Text-982,Reasoning,Lymphatic,Pseudothrombocytopenia,Thrombotic thrombocytopenic purpura,False,A,True,24.75,1.0,0.9333333333333333,0.03333333333333333,555.0,helps,B,True,21.75,1.0,0.16666666666666666,0.8,590.5,neutral,mixed
Text-982:B-I,Text-982,Reasoning,Lymphatic,Pseudothrombocytopenia,Drug-induced thrombocytopenia from rivaroxaban,False,A,True,24.0,1.0,0.9666666666666667,0.03333333333333333,657.0,helps,B,True,22.75,1.0,0.0,1.0,598.0,neutral,mixed
Text-982:B-J,Text-982,Reasoning,Lymphatic,Pseudothrombocytopenia,Disseminated intravascular coagulation,False,A,True,26.0,1.0,0.9,0.1,472.5,helps,B,True,20.0,1.0,0.4,0.5,483.5,neutral,mixed
