item_id,pair_id,order,source_id,question_type,body_system,label,correct_text,distractor_text,letter_biased,nothink_answer,nothink_answer_source,nothink_logp_A,nothink_logp_B,nothink_p_A,nothink_p_B,nothink_gap,nothink_gap_bound,nothink_correct,n_think,n_answered,n_correct,n_wrong,share_correct,share_wrong,share_gap_up,share_gap_down,think_gap_median,think_gap_min,think_gap_max,think_tokens_median,n_truncated,cls,reason
medxpertqa:Text-21:E-A:ab,Text-21:E-A,ab,Text-21,Reasoning,Endocrine,A,Leukemoid reaction,Myelodysplastic syndrome,False,A,text,-3.576278118089249e-07,-15.0,0.9999996423722521,3.059023205018258e-07,14.999999642372188,,True,30,30,30,0,1.0,0.0,1.0,0.0,20.8125,16.124999880790718,25.25,901.0,0,helps,more confident
medxpertqa:Text-21:E-A:ba,Text-21:E-A,ba,Text-21,Reasoning,Endocrine,B,Leukemoid reaction,Myelodysplastic syndrome,False,B,text,-10.750020980834961,-2.1457441107486375e-05,2.1444958378736654e-05,0.9999785427891018,10.749999523393853,,True,30,30,30,0,1.0,0.0,1.0,0.0,14.25000035762804,11.499999761638719,17.25,1003.0,0,helps,more confident
medxpertqa:Text-21:E-B:ab,Text-21:E-B,ab,Text-21,Reasoning,Endocrine,A,Leukemoid reaction,Polycythemia vera,False,A,text,0.0,-17.5,1.0,2.510999155743982e-08,17.5,,True,30,30,30,0,1.0,0.0,0.9333333333333333,0.06666666666666667,20.3125,16.124999880790718,26.0,1054.0,0,helps,more confident
medxpertqa:Text-21:E-B:ba,Text-21:E-B,ba,Text-21,Reasoning,Endocrine,B,Leukemoid reaction,Polycythemia vera,False,B,text,-12.250004768371582,-4.768360213347478e-06,4.78509457496562e-06,0.9999952316511552,12.250000000011369,,True,30,30,30,0,1.0,0.0,0.9333333333333333,0.0,14.749999642372188,12.250000000011369,18.5,930.0,0,helps,more confident
medxpertqa:Text-21:E-C:ab,Text-21:E-C,ab,Text-21,Reasoning,Endocrine,A,Leukemoid reaction,Chronic lymphocytic leukemia,False,A,text,-3.6954811548639555e-06,-12.500003814697266,0.9999963045256735,3.7266389560521204e-06,12.50000011921611,,True,30,30,30,0,1.0,0.0,1.0,0.0,18.25,13.749999880791279,24.0,1058.0,0,helps,more confident
medxpertqa:Text-21:E-C:ba,Text-21:E-C,ba,Text-21,Reasoning,Endocrine,B,Leukemoid reaction,Chronic lymphocytic leukemia,False,B,text,-6.501502513885498,-0.0015023384476080537,0.001501181950907551,0.9984987894978749,6.50000017543789,,True,30,30,30,0,1.0,0.0,1.0,0.0,13.000000000002956,8.999999650099198,15.749999880790718,996.0,0,helps,more confident
medxpertqa:Text-21:E-D:ab,Text-21:E-D,ab,Text-21,Reasoning,Endocrine,A,Leukemoid reaction,Primary myelofibrosis,True,A,text,-0.0019286142196506262,-6.251928806304932,0.9980732443617326,0.0019267342527389902,6.250000192085281,,True,30,30,17,13,0.5666666666666667,0.43333333333333335,0.5666666666666667,0.43333333333333335,8.249999814361217,-10.000000358661055,15.999999880790718,1717.0,0,excluded,letter bias: the same letter in both orders
medxpertqa:Text-21:E-D:ba,Text-21:E-D,ba,Text-21,Reasoning,Endocrine,B,Leukemoid reaction,Primary myelofibrosis,True,A,text,-0.6931471824645996,-0.6931471824645996,0.49999999904767284,0.49999999904767284,-0.0,,False,30,30,16,14,0.5333333333333333,0.4666666666666667,0.5333333333333333,0.4666666666666667,5.375000035157427,-12.250000000011369,10.999999523302904,1586.5,0,excluded,letter bias: the same letter in both orders
medxpertqa:Text-21:E-F:ab,Text-21:E-F,ab,Text-21,Reasoning,Endocrine,A,Leukemoid reaction,Essential thrombocythemia,False,A,text,-4.768370445162873e-07,-14.5,0.9999995231630692,5.04347662567888e-07,14.499999523162955,,True,30,30,30,0,1.0,0.0,1.0,0.0,20.5,14.749999642372188,25.5,945.0,0,helps,more confident
medxpertqa:Text-21:E-F:ba,Text-21:E-F,ba,Text-21,Reasoning,Endocrine,B,Leukemoid reaction,Essential thrombocythemia,False,B,text,-8.500203132629395,-0.00020346954988781363,0.00020342704214340812,0.9997965511486372,8.499999663079507,,True,30,30,30,0,1.0,0.0,1.0,0.0,13.875000000000455,10.249999762210791,16.499999880790718,927.5,0,helps,more confident
medxpertqa:Text-21:E-G:ab,Text-21:E-G,ab,Text-21,Reasoning,Endocrine,A,Leukemoid reaction,Chronic myeloid leukemia,True,A,text,-0.0011701886542141438,-6.7511701583862305,0.9988304957495425,0.0011695103074966034,6.749999969732016,,True,30,30,28,2,0.9333333333333333,0.06666666666666667,0.9333333333333333,0.06666666666666667,12.999999642374632,-6.250000192085281,17.25,1052.5,0,excluded,letter bias: the same letter in both orders
medxpertqa:Text-21:E-G:ba,Text-21:E-G,ba,Text-21,Reasoning,Endocrine,B,Leukemoid reaction,Chronic myeloid leukemia,True,A,text,-0.31326165795326233,-1.31326162815094,0.7310586002437232,0.26894143733631704,-0.9999999701976776,,False,30,30,30,0,1.0,0.0,1.0,0.0,11.124999940507678,6.25000008137431,13.250000119210881,840.0,0,excluded,letter bias: the same letter in both orders
medxpertqa:Text-21:E-H:ab,Text-21:E-H,ab,Text-21,Reasoning,Endocrine,A,Leukemoid reaction,Acute myeloid leukemia,False,A,text,-0.01416344940662384,-4.264163494110107,0.9859363803758086,0.014063626520379485,4.250000044703484,,True,30,30,30,0,1.0,0.0,1.0,0.0,8.749999893334461,5.249999899882823,12.750000000004093,1326.5,0,helps,more confident
medxpertqa:Text-21:E-H:ba,Text-21:E-H,ba,Text-21,Reasoning,Endocrine,B,Leukemoid reaction,Acute myeloid leukemia,False,B,text,-1.1368709802627563,-0.38687101006507874,0.32082130911852547,0.6791786964925157,0.7499999701976776,,True,30,30,29,1,0.9666666666666667,0.03333333333333333,0.9666666666666667,0.03333333333333333,10.874999523348379,-6.999999939405825,13.499999523163865,882.0,0,helps,more confident
medxpertqa:Text-21:E-I:ab,Text-21:E-I,ab,Text-21,Reasoning,Endocrine,A,Leukemoid reaction,Chronic myelogenous leukemia,False,A,text,-0.0005529781919904053,-7.500553131103516,0.9994471746722718,0.0005527785265734312,7.500000152911525,,True,30,30,24,6,0.8,0.2,0.7333333333333333,0.26666666666666666,12.750000000004093,-8.000000294676283,19.75,1336.0,0,helps,more confident
medxpertqa:Text-21:E-I:ba,Text-21:E-I,ba,Text-21,Reasoning,Endocrine,B,Leukemoid reaction,Chronic myelogenous leukemia,False,B,text,-1.1368709802627563,-0.38687101006507874,0.32082130911852547,0.6791786964925157,0.7499999701976776,,True,30,30,29,1,0.9666666666666667,0.03333333333333333,0.9666666666666667,0.03333333333333333,10.000000299058229,-11.5000003576788,13.250000119210881,933.0,0,helps,more confident
medxpertqa:Text-21:E-J:ab,Text-21:E-J,ab,Text-21,Reasoning,Endocrine,A,Leukemoid reaction,Paraneoplastic leukocytosis,False,A,text,-0.00012337400403339416,-9.000123023986816,0.999876633606226,0.0001233946226544279,8.999999649982783,,True,30,30,15,15,0.5,0.5,0.4666666666666667,0.5333333333333333,3.8750000849031494,-5.499999985098839,18.5,1552.0,0,neutral,
medxpertqa:Text-21:E-J:ba,Text-21:E-J,ba,Text-21,Reasoning,Endocrine,B,Leukemoid reaction,Paraneoplastic leukocytosis,False,B,text,-5.2552337646484375,-0.005233753472566605,0.005220125868449866,0.9947799187523881,5.250000011175871,,True,30,30,26,4,0.8666666666666667,0.13333333333333333,0.8666666666666667,0.13333333333333333,11.500000298075065,-6.499999937368557,14.25000035762804,1500.5,0,helps,more confident
medxpertqa:Text-31:D-A:ab,Text-31:D-A,ab,Text-31,Reasoning,Nervous,A,Superior vertical strain,Suboccipital strain,False,A,text,-0.10020658373832703,-2.3502066135406494,0.9046505126460354,0.09534945969074979,2.2500000298023224,,True,30,30,26,4,0.8666666666666667,0.13333333333333333,0.8666666666666667,0.13333333333333333,12.749999880795372,-8.999999649982783,19.25,707.5,0,helps,more confident
medxpertqa:Text-31:D-A:ba,Text-31:D-A,ba,Text-31,Reasoning,Nervous,B,Superior vertical strain,Suboccipital strain,False,B,text,-1.1368709802627563,-0.38687101006507874,0.32082130911852547,0.6791786964925157,0.7499999701976776,,True,30,30,28,2,0.9333333333333333,0.06666666666666667,0.9333333333333333,0.06666666666666667,8.874999771658622,-11.749999761612344,13.250000119210881,762.5,0,helps,more confident
medxpertqa:Text-31:D-B:ab,Text-31:D-B,ab,Text-31,Reasoning,Nervous,A,Superior vertical strain,Cranial base dysfunction,False,B,text,-6.501502513885498,-0.0015023384476080537,0.001501181950907551,0.9984987894978749,-6.50000017543789,,False,30,30,1,29,0.03333333333333333,0.9666666666666667,0.03333333333333333,0.9666666666666667,-14.500000000000114,-17.0,3.499999951571226,482.5,0,hurts,more wrong
medxpertqa:Text-31:D-B:ba,Text-31:D-B,ba,Text-31,Reasoning,Nervous,B,Superior vertical strain,Cranial base dysfunction,False,A,text,-0.0005529781919904053,-7.500553131103516,0.9994471746722718,0.0005527785265734312,-7.500000152911525,,False,30,30,7,23,0.23333333333333334,0.7666666666666667,0.23333333333333334,0.7666666666666667,-18.25,-24.25,9.499999525964085,490.0,0,hurts,more wrong
medxpertqa:Text-31:D-C:ab,Text-31:D-C,ab,Text-31,Reasoning,Nervous,A,Superior vertical strain,Compression,False,A,text,-0.0031777145341038704,-5.753177642822266,0.9968273290569476,0.0031726831078774057,5.749999928288162,,True,30,30,30,0,1.0,0.0,1.0,0.0,18.25,13.250000119210881,23.25,421.0,0,helps,more confident
medxpertqa:Text-31:D-C:ba,Text-31:D-C,ba,Text-31,Reasoning,Nervous,B,Superior vertical strain,Compression,False,B,text,-4.0181498527526855,-0.018149960786104202,0.017986211314027313,0.9820137577607906,3.9999998919665813,,True,30,30,30,0,1.0,0.0,1.0,0.0,13.124999880792757,9.250000243031536,15.999999880790718,411.0,0,helps,more confident
medxpertqa:Text-31:D-E:ab,Text-31:D-E,ab,Text-31,Reasoning,Nervous,A,Superior vertical strain,Lateral strain,False,A,text,-0.0007098776986822486,-7.2507100105285645,0.9992903742048809,0.00070967033651176,7.250000132829882,,True,30,30,30,0,1.0,0.0,1.0,0.0,20.5,11.999999523181941,24.0,521.0,0,helps,more confident
medxpertqa:Text-31:D-E:ba,Text-31:D-E,ba,Text-31,Reasoning,Nervous,B,Superior vertical strain,Lateral strain,False,B,text,-4.0181498527526855,-0.018149960786104202,0.017986211314027313,0.9820137577607906,3.9999998919665813,,True,30,30,29,1,0.9666666666666667,0.03333333333333333,0.9666666666666667,0.03333333333333333,11.250000357712452,-8.000000294676283,14.999999642372188,704.0,0,helps,more confident
medxpertqa:Text-31:D-F:ab,Text-31:D-F,ab,Text-31,Reasoning,Nervous,A,Superior vertical strain,Sidebending rotation,False,A,text,-0.0019286142196506262,-6.251928806304932,0.9980732443617326,0.0019267342527389902,6.250000192085281,,True,30,30,28,2,0.9333333333333333,0.06666666666666667,0.9333333333333333,0.06666666666666667,19.75,-4.000000134110451,22.75,488.0,0,helps,more confident
medxpertqa:Text-31:D-F:ba,Text-31:D-F,ba,Text-31,Reasoning,Nervous,B,Superior vertical strain,Sidebending rotation,False,B,text,-4.511047840118408,-0.011047743260860443,0.010986941583869245,0.9890130589396958,4.500000096857548,,True,30,30,30,0,1.0,0.0,1.0,0.0,14.624999582767572,9.499999525964085,17.5,457.5,0,helps,more confident
medxpertqa:Text-31:D-G:ab,Text-31:D-G,ab,Text-31,Reasoning,Nervous,A,Superior vertical strain,Inferior vertical strain,False,A,text,-0.011047743260860443,-4.511047840118408,0.9890130589396958,0.010986941583869245,4.500000096857548,,True,30,30,12,18,0.4,0.6,0.4,0.6,-5.874999950290658,-14.749999642372188,19.75,701.5,0,neutral,
medxpertqa:Text-31:D-G:ba,Text-31:D-G,ba,Text-31,Reasoning,Nervous,B,Superior vertical strain,Inferior vertical strain,False,B,text,-0.9740769863128662,-0.4740769863128662,0.377540667992942,0.6224593298742985,0.5,,True,30,30,14,16,0.4666666666666667,0.5333333333333333,0.4666666666666667,0.5333333333333333,-8.499999963736627,-15.999999880790718,11.5000003576788,793.5,0,neutral,
medxpertqa:Text-31:D-H:ab,Text-31:D-H,ab,Text-31,Reasoning,Nervous,A,Superior vertical strain,Posterior cranial base strain,False,B,text,-6.501502513885498,-0.0015023384476080537,0.001501181950907551,0.9984987894978749,-6.50000017543789,,False,30,30,0,30,0.0,1.0,0.0,1.0,-15.874999880790718,-18.25,-13.499999523163865,387.0,0,hurts,more wrong
medxpertqa:Text-31:D-H:ba,Text-31:D-H,ba,Text-31,Reasoning,Nervous,B,Superior vertical strain,Posterior cranial base strain,False,A,text,-0.0004306104383431375,-7.750430583953857,0.9995694822610254,0.0004305571096741222,-7.749999973515514,,False,30,30,0,30,0.0,1.0,0.0,1.0,-23.25,-25.75,-18.5,396.0,0,hurts,more wrong
medxpertqa:Text-31:D-I:ab,Text-31:D-I,ab,Text-31,Reasoning,Nervous,A,Superior vertical strain,Torsion,False,A,text,-0.004078404977917671,-5.504078388214111,0.9959299004209012,0.004070137939983506,5.499999983236194,,True,30,30,29,1,0.9666666666666667,0.03333333333333333,0.9666666666666667,0.03333333333333333,18.25,-3.000000037252903,22.75,467.0,0,helps,more confident
medxpertqa:Text-31:D-I:ba,Text-31:D-I,ba,Text-31,Reasoning,Nervous,B,Superior vertical strain,Torsion,False,B,text,-6.501502513885498,-0.0015023384476080537,0.001501181950907551,0.9984987894978749,6.50000017543789,,True,30,30,30,0,1.0,0.0,1.0,0.0,14.749999582767572,8.499999663079507,18.0,476.0,0,helps,more confident
medxpertqa:Text-31:D-J:ab,Text-31:D-J,ab,Text-31,Reasoning,Nervous,A,Superior vertical strain,Sphenobasilar synchondrosis compression,True,A,text,-0.38687101006507874,-1.1368709802627563,0.6791786964925157,0.32082130911852547,0.7499999701976776,,True,30,30,21,9,0.7,0.3,0.7,0.3,10.749999821445272,-9.749999882489647,15.999999880790718,757.0,0,excluded,letter bias: the same letter in both orders
medxpertqa:Text-31:D-J:ba,Text-31:D-J,ba,Text-31,Reasoning,Nervous,B,Superior vertical strain,Sphenobasilar synchondrosis compression,True,A,text,-0.6931471824645996,-0.6931471824645996,0.49999999904767284,0.49999999904767284,-0.0,,False,30,30,25,5,0.8333333333333334,0.16666666666666666,0.8333333333333334,0.16666666666666666,7.2500000136788,-13.499999523163865,11.749999761612344,704.0,0,excluded,letter bias: the same letter in both orders
medxpertqa:Text-73:B-A:ab,Text-73:B-A,ab,Text-73,Reasoning,Nervous,A,Exertional heat stroke,Anticholinergic toxicity,False,A,text,-0.029750416055321693,-3.529750347137451,0.9706877714009485,0.029312232836486894,3.4999999310821295,,True,30,30,30,0,1.0,0.0,1.0,0.0,12.874999821189363,8.37500014602847,15.749999880790718,1363.5,0,helps,more confident
medxpertqa:Text-73:B-A:ba,Text-73:B-A,ba,Text-73,Reasoning,Nervous,B,Exertional heat stroke,Anticholinergic toxicity,False,B,text,-1.5019290447235107,-0.25192904472351074,0.2227001469810028,0.77729988964086,1.25,,True,30,30,30,0,1.0,0.0,1.0,0.0,8.749999893334461,7.250000014028046,11.250000357712452,1305.0,0,helps,more confident
medxpertqa:Text-73:B-C:ab,Text-73:B-C,ab,Text-73,Reasoning,Nervous,A,Exertional heat stroke,Malignant hyperthermia,False,A,text,-0.0024756519123911858,-6.002475738525391,0.9975274099865513,0.002472623024627213,6.000000086612999,,True,30,30,30,0,1.0,0.0,1.0,0.0,13.499999523163865,10.874999880974428,19.75,1195.0,0,helps,more confident
medxpertqa:Text-73:B-C:ba,Text-73:B-C,ba,Text-73,Reasoning,Nervous,B,Exertional heat stroke,Malignant hyperthermia,False,B,text,-3.288041353225708,-0.03804141283035278,0.037326888033261264,0.9626730730490257,3.2499999403953552,,True,30,30,30,0,1.0,0.0,1.0,0.0,9.000000306717993,5.750000053085387,14.999999642372188,881.0,0,helps,more confident
medxpertqa:Text-73:B-D:ab,Text-73:B-D,ab,Text-73,Reasoning,Nervous,A,Exertional heat stroke,Neuroleptic malignant syndrome,False,B,text,-12.000005722045898,-6.198863957251888e-06,6.144177195963701e-06,0.9999938011552557,-11.999999523181941,,False,30,30,0,30,0.0,1.0,0.0,1.0,-15.749999880790718,-18.0,-12.50000011921611,531.5,0,hurts,more wrong
medxpertqa:Text-73:B-D:ba,Text-73:B-D,ba,Text-73,Reasoning,Nervous,B,Exertional heat stroke,Neuroleptic malignant syndrome,False,A,text,-1.1920928244535389e-07,-16.25,0.9999998807907247,8.764248219443636e-08,-16.249999880790718,,False,30,30,0,30,0.0,1.0,0.0,1.0,-22.875,-26.0,-18.75,634.5,0,hurts,more wrong
medxpertqa:Text-73:B-E:ab,Text-73:B-E,ab,Text-73,Reasoning,Nervous,A,Exertional heat stroke,Central nervous system infection,False,A,text,-3.540453326422721e-05,-10.250035285949707,0.9999645960934689,3.535625324942473e-05,10.249999881416443,,True,30,30,30,0,1.0,0.0,1.0,0.0,19.875,16.124999880790718,23.25,938.0,0,helps,more confident
medxpertqa:Text-73:B-E:ba,Text-73:B-E,ba,Text-73,Reasoning,Nervous,B,Exertional heat stroke,Central nervous system infection,False,B,text,-7.750430583953857,-0.0004306104383431375,0.0004305571096741222,0.9995694822610254,7.749999973515514,,True,30,30,30,0,1.0,0.0,1.0,0.0,13.875000000000455,11.50000023847133,16.499999880790718,955.5,0,helps,more confident
medxpertqa:Text-73:B-F:ab,Text-73:B-F,ab,Text-73,Reasoning,Nervous,A,Exertional heat stroke,Drug-induced hyperthermia,False,B,text,-7.500553131103516,-0.0005529781919904053,0.0005527785265734312,0.9994471746722718,-7.500000152911525,,False,30,30,0,30,0.0,1.0,0.0,1.0,-11.375000357695626,-14.00000011920963,-10.000000358661055,871.0,0,hurts,more wrong
medxpertqa:Text-73:B-F:ba,Text-73:B-F,ba,Text-73,Reasoning,Nervous,B,Exertional heat stroke,Drug-induced hyperthermia,False,A,text,-1.4305104514278355e-06,-13.500000953674316,0.9999985694905718,1.3709577789362383e-06,-13.499999523163865,,False,30,30,0,30,0.0,1.0,0.0,1.0,-18.25,-22.75,-15.749999880790718,940.5,0,hurts,more wrong
medxpertqa:Text-73:B-G:ab,Text-73:B-G,ab,Text-73,Reasoning,Nervous,A,Exertional heat stroke,Septic shock,False,A,text,-0.00015841660206206143,-8.750158309936523,0.9998415959451853,0.0001584362410990077,8.749999893334461,,True,30,30,30,0,1.0,0.0,1.0,0.0,18.25,14.624999523162955,23.25,969.5,0,helps,more confident
medxpertqa:Text-73:B-G:ba,Text-73:B-G,ba,Text-73,Reasoning,Nervous,B,Exertional heat stroke,Septic shock,False,B,text,-6.251928806304932,-0.0019286142196506262,0.0019267342527389902,0.9980732443617326,6.250000192085281,,True,30,30,30,0,1.0,0.0,1.0,0.0,13.250000119210881,9.749999763287633,15.999999880790718,776.0,0,helps,more confident
medxpertqa:Text-73:B-H:ab,Text-73:B-H,ab,Text-73,Reasoning,Nervous,A,Exertional heat stroke,Nonexertional heat stroke,True,A,text,-0.12692804634571075,-2.1269280910491943,0.8807970468833343,0.11920291248514252,2.0000000447034836,,True,30,30,30,0,1.0,0.0,1.0,0.0,11.250000357712452,8.999999530788045,15.999999880790718,990.0,0,excluded,letter bias: the same letter in both orders
medxpertqa:Text-73:B-H:ba,Text-73:B-H,ba,Text-73,Reasoning,Nervous,B,Exertional heat stroke,Nonexertional heat stroke,True,A,text,-2.753696753643453e-05,-10.500027656555176,0.9999724634116024,2.7535687796947383e-05,-10.50000011958764,,False,30,30,28,2,0.9333333333333333,0.06666666666666667,1.0,0.0,5.000000012805685,-9.12499952923099,8.249999915220542,1414.0,0,excluded,letter bias: the same letter in both orders
medxpertqa:Text-73:B-I:ab,Text-73:B-I,ab,Text-73,Reasoning,Nervous,A,Exertional heat stroke,Thyroid storm,False,A,text,-0.0007098776986822486,-7.2507100105285645,0.9992903742048809,0.00070967033651176,7.250000132829882,,True,30,30,30,0,1.0,0.0,1.0,0.0,17.375,12.999999642374632,21.75,887.5,0,helps,more confident
medxpertqa:Text-73:B-I:ba,Text-73:B-I,ba,Text-73,Reasoning,Nervous,B,Exertional heat stroke,Thyroid storm,False,B,text,-4.758614540100098,-0.008614521473646164,0.008577484930474293,0.9914224771982877,4.7500000186264515,,True,30,30,30,0,1.0,0.0,1.0,0.0,11.874999642397142,9.499999525964085,14.499999523162955,759.0,0,helps,more confident
medxpertqa:Text-73:B-J:ab,Text-73:B-J,ab,Text-73,Reasoning,Nervous,A,Exertional heat stroke,Status epilepticus,False,A,text,-0.0005529781919904053,-7.500553131103516,0.9994471746722718,0.0005527785265734312,7.500000152911525,,True,30,30,30,0,1.0,0.0,1.0,0.0,18.125,15.37499976158145,20.75,892.5,0,helps,more confident
medxpertqa:Text-73:B-J:ba,Text-73:B-J,ba,Text-73,Reasoning,Nervous,B,Exertional heat stroke,Status epilepticus,False,B,text,-5.753177642822266,-0.0031777145341038704,0.0031726831078774057,0.9968273290569476,5.749999928288162,,True,30,30,30,0,1.0,0.0,1.0,0.0,11.625000000041382,8.999999649982783,14.499999523162955,897.5,0,helps,more confident
medxpertqa:Text-83:I-A:ab,Text-83:I-A,ab,Text-83,Reasoning,Muscular,A,T5 FRRSR,T4 NRRSR,True,A,text,-0.10020658373832703,-2.3502066135406494,0.9046505126460354,0.09534945969074979,2.2500000298023224,,True,30,30,23,7,0.7666666666666667,0.23333333333333334,0.7333333333333333,0.26666666666666666,10.125000000833097,-8.249999676598236,14.749999642372188,1894.0,0,excluded,letter bias: the same letter in both orders
medxpertqa:Text-83:I-A:ba,Text-83:I-A,ba,Text-83,Reasoning,Muscular,B,T5 FRRSR,T4 NRRSR,True,A,text,-0.31326165795326233,-1.31326162815094,0.7310586002437232,0.26894143733631704,-0.9999999701976776,,False,30,30,17,13,0.5666666666666667,0.43333333333333335,0.5666666666666667,0.43333333333333335,5.125000071013346,-10.999999523302904,11.250000357712452,1718.5,0,excluded,letter bias: the same letter in both orders
medxpertqa:Text-83:I-B:ab,Text-83:I-B,ab,Text-83,Reasoning,Muscular,A,T5 FRRSR,T5 NSLSL,True,A,text,-0.2014133334159851,-1.7014133930206299,0.8175744308728488,0.18242550282051248,1.5000000596046448,,True,30,30,27,3,0.9,0.1,0.9,0.1,11.999999523181941,-6.250000073108822,15.49999976158145,1488.0,0,excluded,letter bias: the same letter in both orders
medxpertqa:Text-83:I-B:ba,Text-83:I-B,ba,Text-83,Reasoning,Muscular,B,T5 FRRSR,T5 NSLSL,True,A,text,-0.38687101006507874,-1.1368709802627563,0.6791786964925157,0.32082130911852547,-0.7499999701976776,,False,30,30,29,1,0.9666666666666667,0.03333333333333333,0.9666666666666667,0.03333333333333333,8.125000104817445,-7.250000135507435,11.5000003576788,1039.5,0,excluded,letter bias: the same letter in both orders
medxpertqa:Text-83:I-C:ab,Text-83:I-C,ab,Text-83,Reasoning,Muscular,A,T5 FRRSR,T2–T6 NSLRR,True,A,text,-0.6931471824645996,-0.6931471824645996,0.49999999904767284,0.49999999904767284,0.0,,True,30,30,13,17,0.43333333333333335,0.5666666666666667,0.43333333333333335,0.5666666666666667,-4.375000102445483,-12.50000011921611,12.50000011921611,1727.0,0,excluded,letter bias: the same letter in both orders
medxpertqa:Text-83:I-C:ba,Text-83:I-C,ba,Text-83,Reasoning,Muscular,B,T5 FRRSR,T2–T6 NSLRR,True,A,text,-0.2014133334159851,-1.7014133930206299,0.8175744308728488,0.18242550282051248,-1.5000000596046448,,False,30,30,28,2,0.9333333333333333,0.06666666666666667,0.9333333333333333,0.06666666666666667,6.375000124215148,-11.5000003576788,8.749999893334461,1191.5,0,excluded,letter bias: the same letter in both orders
medxpertqa:Text-83:I-D:ab,Text-83:I-D,ab,Text-83,Reasoning,Muscular,A,T5 FRRSR,T5 ERRSL,True,A,text,-0.31326165795326233,-1.31326162815094,0.7310586002437232,0.26894143733631704,0.9999999701976776,,True,30,30,24,6,0.8,0.2,0.8,0.2,11.124999880903943,-10.249999881416443,17.0,1266.5,0,excluded,letter bias: the same letter in both orders
medxpertqa:Text-83:I-D:ba,Text-83:I-D,ba,Text-83,Reasoning,Muscular,B,T5 FRRSR,T5 ERRSL,True,A,text,-0.1602240949869156,-1.9102240800857544,0.8519528492100928,0.14804720844715558,-1.7499999850988388,,False,30,30,23,7,0.7666666666666667,0.23333333333333334,0.7666666666666667,0.23333333333333334,7.124999976309482,-15.49999976158145,10.999999523302904,1489.0,0,excluded,letter bias: the same letter in both orders
medxpertqa:Text-83:I-E:ab,Text-83:I-E,ab,Text-83,Reasoning,Muscular,A,T5 FRRSR,T6 FRLSR,True,A,text,-0.2014133334159851,-1.7014133930206299,0.8175744308728488,0.18242550282051248,1.5000000596046448,,True,30,30,26,4,0.8666666666666667,0.13333333333333333,0.8666666666666667,0.13333333333333333,9.500000003159585,-10.999999523302904,14.999999642372188,1884.0,0,excluded,letter bias: the same letter in both orders
medxpertqa:Text-83:I-E:ba,Text-83:I-E,ba,Text-83,Reasoning,Muscular,B,T5 FRRSR,T6 FRLSR,True,A,text,-0.38687101006507874,-1.1368709802627563,0.6791786964925157,0.32082130911852547,-0.7499999701976776,,False,30,30,28,2,0.9333333333333333,0.06666666666666667,0.9333333333333333,0.06666666666666667,7.875000074520358,-10.000000358661055,11.749999761612344,1775.0,0,excluded,letter bias: the same letter in both orders
medxpertqa:Text-83:I-F:ab,Text-83:I-F,ab,Text-83,Reasoning,Muscular,A,T5 FRRSR,T5 NRRSL,True,A,text,-0.2014133334159851,-1.7014133930206299,0.8175744308728488,0.18242550282051248,1.5000000596046448,,True,30,30,24,6,0.8,0.2,0.8,0.2,11.999999523181941,-10.000000358661055,16.499999880790718,1115.5,0,excluded,letter bias: the same letter in both orders
medxpertqa:Text-83:I-F:ba,Text-83:I-F,ba,Text-83,Reasoning,Muscular,B,T5 FRRSR,T5 NRRSL,True,A,text,-0.2014133334159851,-1.7014133930206299,0.8175744308728488,0.18242550282051248,-1.5000000596046448,,False,30,30,21,9,0.7,0.3,0.7,0.3,6.375000064726919,-15.24999976158145,11.5000003576788,1292.0,0,excluded,letter bias: the same letter in both orders
medxpertqa:Text-83:I-G:ab,Text-83:I-G,ab,Text-83,Reasoning,Muscular,A,T5 FRRSR,T6 ERLSL,True,A,text,-0.2014133334159851,-1.7014133930206299,0.8175744308728488,0.18242550282051248,1.5000000596046448,,True,30,30,24,6,0.8,0.2,0.8,0.2,10.000000299058229,-8.000000175496098,15.24999976158145,1806.0,0,excluded,letter bias: the same letter in both orders
medxpertqa:Text-83:I-G:ba,Text-83:I-G,ba,Text-83,Reasoning,Muscular,B,T5 FRRSR,T6 ERLSL,True,A,text,-0.1602240949869156,-1.9102240800857544,0.8519528492100928,0.14804720844715558,-1.7499999850988388,,False,30,30,25,5,0.8333333333333334,0.16666666666666666,0.8333333333333334,0.16666666666666666,6.625000192201696,-17.25,10.50000011958764,1681.5,0,excluded,letter bias: the same letter in both orders
medxpertqa:Text-83:I-H:ab,Text-83:I-H,ab,Text-83,Reasoning,Muscular,A,T5 FRRSR,T4 FRLSL,True,A,text,-0.31326165795326233,-1.31326162815094,0.7310586002437232,0.26894143733631704,0.9999999701976776,,True,30,30,25,5,0.8333333333333334,0.16666666666666666,0.8333333333333334,0.16666666666666666,9.625000002261004,-8.999999530788045,14.999999642372188,2180.5,0,excluded,letter bias: the same letter in both orders
medxpertqa:Text-83:I-H:ba,Text-83:I-H,ba,Text-83,Reasoning,Muscular,B,T5 FRRSR,T4 FRLSL,True,A,text,-0.25192904472351074,-1.5019290447235107,0.77729988964086,0.2227001469810028,-1.25,,False,30,30,25,5,0.8333333333333334,0.16666666666666666,0.8333333333333334,0.16666666666666666,7.375000075553544,-11.749999642403964,11.250000357712452,1873.5,0,excluded,letter bias: the same letter in both orders
medxpertqa:Text-83:I-J:ab,Text-83:I-J,ab,Text-83,Reasoning,Muscular,A,T5 FRRSR,T6 FRRSL,True,A,text,-0.38687101006507874,-1.1368709802627563,0.6791786964925157,0.32082130911852547,0.7499999701976776,,True,30,30,23,7,0.7666666666666667,0.23333333333333334,0.7666666666666667,0.23333333333333334,8.12499974729144,-9.250000123836799,12.250000000011369,2196.5,0,excluded,letter bias: the same letter in both orders
medxpertqa:Text-83:I-J:ba,Text-83:I-J,ba,Text-83,Reasoning,Muscular,B,T5 FRRSR,T6 FRRSL,True,A,text,-0.4740769863128662,-0.9740769863128662,0.6224593298742985,0.377540667992942,-0.5,,False,30,30,26,4,0.8666666666666667,0.13333333333333333,0.8666666666666667,0.13333333333333333,5.875000017578714,-12.250000000011369,10.749999523393853,2449.0,0,excluded,letter bias: the same letter in both orders
medxpertqa:Text-147:D-A:ab,Text-147:D-A,ab,Text-147,Reasoning,Endocrine,A,Central precocious puberty related to a central nervous system lesion,Primary hypothyroidism with secondary precocious puberty,False,A,text,-0.1602240949869156,-1.9102240800857544,0.8519528492100928,0.14804720844715558,1.7499999850988388,,True,30,30,30,0,1.0,0.0,1.0,0.0,11.375000357695626,8.499999663079507,17.0,758.5,0,helps,more confident
medxpertqa:Text-147:D-A:ba,Text-147:D-A,ba,Text-147,Reasoning,Endocrine,B,Central precocious puberty related to a central nervous system lesion,Primary hypothyroidism with secondary precocious puberty,False,B,text,-2.1269280910491943,-0.12692804634571075,0.11920291248514252,0.8807970468833343,2.0000000447034836,,True,30,30,30,0,1.0,0.0,1.0,0.0,8.749999833744369,7.500000033760443,10.749999523393853,954.0,0,helps,more confident
medxpertqa:Text-147:D-B:ab,Text-147:D-B,ab,Text-147,Reasoning,Endocrine,A,Central precocious puberty related to a central nervous system lesion,Benign premature adrenarche,False,B,text,-7.500553131103516,-0.0005529781919904053,0.0005527785265734312,0.9994471746722718,-7.500000152911525,,False,30,30,27,3,0.9,0.1,0.9333333333333333,0.06666666666666667,3.249999925494194,-9.99999964343806,5.750000066822395,2716.5,0,helps,flips to correct
medxpertqa:Text-147:D-B:ba,Text-147:D-B,ba,Text-147,Reasoning,Endocrine,B,Central precocious puberty related to a central nervous system lesion,Benign premature adrenarche,False,A,text,-0.00026127262390218675,-8.250261306762695,0.9997387615048174,0.0002611902975925828,-8.250000034138793,,False,30,30,29,1,0.9666666666666667,0.03333333333333333,0.9666666666666667,0.03333333333333333,4.249999882187694,-11.250000357712452,7.500000033760443,1733.0,0,helps,flips to correct
medxpertqa:Text-147:D-C:ab,Text-147:D-C,ab,Text-147,Reasoning,Endocrine,A,Central precocious puberty related to a central nervous system lesion,Gonadotropin-independent precocious puberty,False,B,text,-13.500000953674316,-1.4305104514278355e-06,1.3709577789362383e-06,0.9999985694905718,-13.499999523163865,,False,30,30,2,28,0.06666666666666667,0.9333333333333333,0.9333333333333333,0.06666666666666667,-9.624999883159035,-14.75000035762804,1.7499999850988388,3067.0,0,neutral,
medxpertqa:Text-147:D-C:ba,Text-147:D-C,ba,Text-147,Reasoning,Endocrine,B,Central precocious puberty related to a central nervous system lesion,Gonadotropin-independent precocious puberty,False,A,text,-1.7881377516459906e-06,-13.250001907348633,0.9999982118638471,1.7603429545652396e-06,-13.250000119210881,,False,30,30,6,24,0.2,0.8,0.7,0.3,-10.374999762236257,-19.75,2.2500000819563866,3530.5,0,neutral,
medxpertqa:Text-147:D-E:ab,Text-147:D-E,ab,Text-147,Reasoning,Endocrine,A,Central precocious puberty related to a central nervous system lesion,Familial male-limited precocious puberty,False,B,text,-4.511047840118408,-0.011047743260860443,0.010986941583869245,0.9890130589396958,-4.500000096857548,,False,30,30,1,29,0.03333333333333333,0.9666666666666667,0.03333333333333333,0.9666666666666667,-10.375000000502041,-13.499999523163865,2.9999999813735485,1078.5,0,hurts,more wrong
medxpertqa:Text-147:D-E:ba,Text-147:D-E,ba,Text-147,Reasoning,Endocrine,B,Central precocious puberty related to a central nervous system lesion,Familial male-limited precocious puberty,False,A,text,-0.00033539868309162557,-8.000335693359375,0.9996646575567589,0.0003353500342255387,-8.000000294676283,,False,30,30,0,30,0.0,1.0,0.0,1.0,-15.43749976158145,-19.5,-11.374999761649633,888.5,0,hurts,more wrong
medxpertqa:Text-147:D-F:ab,Text-147:D-F,ab,Text-147,Reasoning,Endocrine,A,Central precocious puberty related to a central nervous system lesion,Idiopathic central precocious puberty,False,B,text,-10.250035285949707,-3.540453326422721e-05,3.535625324942473e-05,0.9999645960934689,-10.249999881416443,,False,30,30,0,30,0.0,1.0,0.0,1.0,-17.25,-20.25,-13.499999523163865,546.0,0,hurts,more wrong
medxpertqa:Text-147:D-F:ba,Text-147:D-F,ba,Text-147,Reasoning,Endocrine,B,Central precocious puberty related to a central nervous system lesion,Idiopathic central precocious puberty,False,A,text,-0.00026127262390218675,-8.250261306762695,0.9997387615048174,0.0002611902975925828,-8.250000034138793,,False,30,30,0,30,0.0,1.0,0.0,1.0,-20.125,-22.75,-15.49999976158145,597.0,0,hurts,more wrong
medxpertqa:Text-147:D-G:ab,Text-147:D-G,ab,Text-147,Reasoning,Endocrine,A,Central precocious puberty related to a central nervous system lesion,Late-onset congenital adrenal hyperplasia,False,B,text,-10.500027656555176,-2.753696753643453e-05,2.7535687796947383e-05,0.9999724634116024,-10.50000011958764,,False,30,30,15,15,0.5,0.5,1.0,0.0,0.625,-2.499999985098839,2.749999899417162,1422.5,0,neutral,
medxpertqa:Text-147:D-G:ba,Text-147:D-G,ba,Text-147,Reasoning,Endocrine,B,Central precocious puberty related to a central nervous system lesion,Late-onset congenital adrenal hyperplasia,False,A,text,-0.00020346954988781363,-8.500203132629395,0.9997965511486372,0.00020342704214340812,-8.499999663079507,,False,30,30,30,0,1.0,0.0,1.0,0.0,3.7500000121071935,0.25,6.50000017543789,992.0,0,helps,flips to correct
medxpertqa:Text-147:D-H:ab,Text-147:D-H,ab,Text-147,Reasoning,Endocrine,A,Central precocious puberty related to a central nervous system lesion,McCune-Albright syndrome,False,B,text,-4.758614540100098,-0.008614521473646164,0.008577484930474293,0.9914224771982877,-4.7500000186264515,,False,30,30,29,1,0.9666666666666667,0.03333333333333333,0.9666666666666667,0.03333333333333333,4.125000003259629,-9.74999964408562,5.999999967869371,1738.0,0,helps,flips to correct
medxpertqa:Text-147:D-H:ba,Text-147:D-H,ba,Text-147,Reasoning,Endocrine,B,Central precocious puberty related to a central nervous system lesion,McCune-Albright syndrome,False,A,text,-0.04858732968568802,-3.0485873222351074,0.9525741476724274,0.047425874568977164,-2.9999999925494194,,False,30,30,30,0,1.0,0.0,1.0,0.0,6.250000014028046,3.9999999087303877,7.749999973719241,1247.5,0,helps,flips to correct
medxpertqa:Text-147:D-I:ab,Text-147:D-I,ab,Text-147,Reasoning,Endocrine,A,Central precocious puberty related to a central nervous system lesion,Precocious puberty related to a peripheral androgen-secreting tumor,False,B,text,-2.3502066135406494,-0.10020658373832703,0.09534945969074979,0.9046505126460354,-2.2500000298023224,,False,30,30,30,0,1.0,0.0,1.0,0.0,6.875000074098352,5.249999894760549,9.499999525964085,1635.0,0,helps,flips to correct
medxpertqa:Text-147:D-I:ba,Text-147:D-I,ba,Text-147,Reasoning,Endocrine,B,Central precocious puberty related to a central nervous system lesion,Precocious puberty related to a peripheral androgen-secreting tumor,False,A,text,-0.011047743260860443,-4.511047840118408,0.9890130589396958,0.010986941583869245,-4.500000096857548,,False,30,30,30,0,1.0,0.0,1.0,0.0,7.624999884486897,5.749999932711944,10.999999523302904,1533.0,0,helps,flips to correct
medxpertqa:Text-147:D-J:ab,Text-147:D-J,ab,Text-147,Reasoning,Endocrine,A,Central precocious puberty related to a central nervous system lesion,Adrenal carcinoma causing androgen excess,True,B,text,-3.0485873222351074,-0.04858732968568802,0.047425874568977164,0.9525741476724274,-2.9999999925494194,,False,30,30,30,0,1.0,0.0,1.0,0.0,6.500000175787136,3.7499999161809683,8.5000003783789,1340.5,0,excluded,letter bias: the same letter in both orders
medxpertqa:Text-147:D-J:ba,Text-147:D-J,ba,Text-147,Reasoning,Endocrine,B,Central precocious puberty related to a central nervous system lesion,Adrenal carcinoma causing androgen excess,True,B,text,-0.6931471824645996,-0.6931471824645996,0.49999999904767284,0.49999999904767284,-0.0,,True,30,30,30,0,1.0,0.0,1.0,0.0,8.874999712061253,7.2500000136788,11.999999523181941,937.5,0,excluded,letter bias: the same letter in both orders
medxpertqa:Text-156:I-A:ab,Text-156:I-A,ab,Text-156,Reasoning,Nervous,A,Schizoaffective disorder,Bipolar I disorder with psychotic features,False,A,text,-0.00026127262390218675,-8.250261306762695,0.9997387615048174,0.0002611902975925828,8.250000034138793,,True,30,30,30,0,1.0,0.0,1.0,0.0,11.375000357695626,8.37500038438884,15.749999880790718,1654.0,0,helps,more confident
medxpertqa:Text-156:I-A:ba,Text-156:I-A,ba,Text-156,Reasoning,Nervous,B,Schizoaffective disorder,Bipolar I disorder with psychotic features,False,B,text,-4.758614540100098,-0.008614521473646164,0.008577484930474293,0.9914224771982877,4.7500000186264515,,True,30,30,30,0,1.0,0.0,1.0,0.0,10.249999881416443,8.000000175496098,11.999999523181941,872.5,0,helps,more confident
medxpertqa:Text-156:I-B:ab,Text-156:I-B,ab,Text-156,Reasoning,Nervous,A,Schizoaffective disorder,Major depressive disorder with psychotic features,False,A,text,-0.006715348921716213,-5.006715297698975,0.9933071486460123,0.006692851264215723,4.999999948777258,,True,30,30,18,12,0.6,0.4,0.6,0.4,6.500000057450961,-6.50000017543789,9.250000243031536,2377.0,0,neutral,
medxpertqa:Text-156:I-B:ba,Text-156:I-B,ba,Text-156,Reasoning,Nervous,B,Schizoaffective disorder,Major depressive disorder with psychotic features,False,B,text,-1.7014133930206299,-0.2014133334159851,0.18242550282051248,0.8175744308728488,1.5000000596046448,,True,30,30,29,1,0.9666666666666667,0.03333333333333333,0.9666666666666667,0.03333333333333333,8.499999782361556,-2.0000000298023224,11.250000357712452,1791.5,0,helps,more confident
medxpertqa:Text-156:I-C:ab,Text-156:I-C,ab,Text-156,Reasoning,Nervous,A,Schizoaffective disorder,Substance/medication-induced psychotic disorder,False,A,text,0.0,-18.0,1.0,1.522997974471263e-08,18.0,,True,30,30,30,0,1.0,0.0,1.0,0.0,22.75,20.5,26.25,660.0,0,helps,more confident
medxpertqa:Text-156:I-C:ba,Text-156:I-C,ba,Text-156,Reasoning,Nervous,B,Schizoaffective disorder,Substance/medication-induced psychotic disorder,False,B,text,-14.250000953674316,-5.960462772236497e-07,6.47594599989589e-07,0.9999994039539004,14.25000035762804,,True,30,30,30,0,1.0,0.0,1.0,0.0,16.249999880790718,14.749999642372188,18.0,574.5,0,helps,more confident
medxpertqa:Text-156:I-D:ab,Text-156:I-D,ab,Text-156,Reasoning,Nervous,A,Schizoaffective disorder,Delusional disorder,False,A,text,-2.1457441107486375e-05,-10.750020980834961,0.9999785427891018,2.1444958378736654e-05,10.749999523393853,,True,30,30,26,4,0.8666666666666667,0.13333333333333333,0.6333333333333333,0.36666666666666664,11.687499582803866,-5.250000144354999,16.249999880790718,1883.0,0,neutral,
medxpertqa:Text-156:I-D:ba,Text-156:I-D,ba,Text-156,Reasoning,Nervous,B,Schizoaffective disorder,Delusional disorder,False,B,text,-5.753177642822266,-0.0031777145341038704,0.0031726831078774057,0.9968273290569476,5.749999928288162,,True,30,30,30,0,1.0,0.0,1.0,0.0,9.749999882489647,6.500000058556907,12.50000011921611,976.0,0,helps,more confident
medxpertqa:Text-156:I-E:ab,Text-156:I-E,ab,Text-156,Reasoning,Nervous,A,Schizoaffective disorder,Schizophreniform disorder,False,A,text,-6.198863957251888e-06,-12.000005722045898,0.9999938011552557,6.144177195963701e-06,11.999999523181941,,True,30,30,30,0,1.0,0.0,1.0,0.0,14.812499642372188,12.249999880802534,20.75,1136.0,0,helps,more confident
medxpertqa:Text-156:I-E:ba,Text-156:I-E,ba,Text-156,Reasoning,Nervous,B,Schizoaffective disorder,Schizophreniform disorder,False,B,text,-9.7500581741333,-5.829164365422912e-05,5.829127258796956e-05,0.9999417100552707,9.749999882489647,,True,30,30,30,0,1.0,0.0,1.0,0.0,13.250000119210881,11.250000357712452,15.49999976158145,569.0,0,helps,more confident
medxpertqa:Text-156:I-F:ab,Text-156:I-F,ab,Text-156,Reasoning,Nervous,A,Schizoaffective disorder,Borderline personality disorder,False,A,text,0.0,-18.25,1.0,1.186112015134383e-08,18.25,,True,30,30,30,0,1.0,0.0,1.0,0.0,23.1875,20.75,26.625,580.0,0,helps,more confident
medxpertqa:Text-156:I-F:ba,Text-156:I-F,ba,Text-156,Reasoning,Nervous,B,Schizoaffective disorder,Borderline personality disorder,False,B,text,-14.5,-4.768370445162873e-07,5.04347662567888e-07,0.9999995231630692,14.499999523162955,,True,30,30,30,0,1.0,0.0,0.9,0.03333333333333333,15.999999880790718,14.25000035762804,18.5,500.5,0,helps,more confident
medxpertqa:Text-156:I-G:ab,Text-156:I-G,ab,Text-156,Reasoning,Nervous,A,Schizoaffective disorder,Psychotic disorder due to another medical condition,False,A,text,-2.861018856492592e-06,-12.75000286102295,0.9999971389852362,2.902312105056987e-06,12.750000000004093,,True,30,30,30,0,1.0,0.0,0.9666666666666667,0.03333333333333333,15.624999821186083,11.5000003576788,18.5,1015.5,0,helps,more confident
medxpertqa:Text-156:I-G:ba,Text-156:I-G,ba,Text-156,Reasoning,Nervous,B,Schizoaffective disorder,Psychotic disorder due to another medical condition,False,B,text,-7.500553131103516,-0.0005529781919904053,0.0005527785265734312,0.9994471746722718,7.500000152911525,,True,30,30,30,0,1.0,0.0,1.0,0.0,10.999999523302904,8.749999893334461,14.25000035762804,784.5,0,helps,more confident
medxpertqa:Text-156:I-H:ab,Text-156:I-H,ab,Text-156,Reasoning,Nervous,A,Schizoaffective disorder,Schizophrenia,False,A,text,-1.7881377516459906e-06,-13.250001907348633,0.9999982118638471,1.7603429545652396e-06,13.250000119210881,,True,30,30,30,0,1.0,0.0,1.0,0.0,16.187499880790718,14.37500035762804,18.25,1165.0,0,helps,more confident
medxpertqa:Text-156:I-H:ba,Text-156:I-H,ba,Text-156,Reasoning,Nervous,B,Schizoaffective disorder,Schizophrenia,False,B,text,-6.251928806304932,-0.0019286142196506262,0.0019267342527389902,0.9980732443617326,6.250000192085281,,True,30,30,30,0,1.0,0.0,1.0,0.0,10.249999881416443,7.749999973515514,12.50000011921611,683.5,0,helps,more confident
medxpertqa:Text-156:I-J:ab,Text-156:I-J,ab,Text-156,Reasoning,Nervous,A,Schizoaffective disorder,Persistent depressive disorder (dysthymia),False,A,text,0.0,-26.75,1.0,2.413362771833214e-12,26.75,,True,30,30,30,0,1.0,0.0,0.8,0.16666666666666666,28.0625,24.25,30.875,476.5,0,helps,more confident
medxpertqa:Text-156:I-J:ba,Text-156:I-J,ba,Text-156,Reasoning,Nervous,B,Schizoaffective disorder,Persistent depressive disorder (dysthymia),False,B,text,-20.5,0.0,1.2501528663867426e-09,1.0,20.5,,True,30,30,30,0,1.0,0.0,0.06666666666666667,0.7666666666666667,19.5,17.5,21.75,508.5,0,neutral,
medxpertqa:Text-164:G-A:ab,Text-164:G-A,ab,Text-164,Reasoning,Reproductive,A,No additional tests are required to make the diagnosis,Transvaginal ultrasound,False,B,text,-12.500003814697266,-3.6954811548639555e-06,3.7266389560521204e-06,0.9999963045256735,-12.50000011921611,,False,30,30,20,10,0.6666666666666666,0.3333333333333333,1.0,0.0,0.25,-10.624999761894287,3.2500001154839993,1273.0,0,neutral,
medxpertqa:Text-164:G-A:ba,Text-164:G-A,ba,Text-164,Reasoning,Reproductive,B,No additional tests are required to make the diagnosis,Transvaginal ultrasound,False,A,text,0.0,-18.75,1.0,7.194133030325383e-09,-18.75,,False,30,30,17,13,0.5666666666666667,0.43333333333333335,1.0,0.0,1.499999962747097,-10.250000358271791,4.499999861232936,1147.5,0,neutral,
medxpertqa:Text-164:G-B:ab,Text-164:G-B,ab,Text-164,Reasoning,Reproductive,A,No additional tests are required to make the diagnosis,Vaginal pH testing,False,B,text,-6.7511701583862305,-0.0011701886542141438,0.0011695103074966034,0.9988304957495425,-6.749999969732016,,False,30,30,26,4,0.8666666666666667,0.13333333333333333,0.9333333333333333,0.06666666666666667,5.124999920837581,-8.500000140003976,8.499999663079507,1069.5,0,helps,flips to correct
medxpertqa:Text-164:G-B:ba,Text-164:G-B,ba,Text-164,Reasoning,Reproductive,B,No additional tests are required to make the diagnosis,Vaginal pH testing,False,A,text,-0.00026127262390218675,-8.250261306762695,0.9997387615048174,0.0002611902975925828,-8.250000034138793,,False,30,30,30,0,1.0,0.0,1.0,0.0,7.250000013853423,2.9999999925494194,10.50000011958764,845.0,0,helps,flips to correct
medxpertqa:Text-164:G-C:ab,Text-164:G-C,ab,Text-164,Reasoning,Reproductive,A,No additional tests are required to make the diagnosis,Cervical culture for Chlamydia and Gonorrhea,False,B,text,-16.25,-1.1920928244535389e-07,8.764248219443636e-08,0.9999998807907247,-16.249999880790718,,False,30,30,0,30,0.0,1.0,0.8,0.13333333333333333,-14.000000119209659,-19.0,0.0,1192.0,0,neutral,
medxpertqa:Text-164:G-C:ba,Text-164:G-C,ba,Text-164,Reasoning,Reproductive,B,No additional tests are required to make the diagnosis,Cervical culture for Chlamydia and Gonorrhea,False,A,text,0.0,-25.0,1.0,1.3887943864964021e-11,-25.0,,False,30,30,2,28,0.06666666666666667,0.9333333333333333,0.8,0.2,-20.375,-28.625,1.0000000298023224,1483.5,0,neutral,
medxpertqa:Text-164:G-D:ab,Text-164:G-D,ab,Text-164,Reasoning,Reproductive,A,No additional tests are required to make the diagnosis,Complete blood count with differential,False,B,text,-6.501502513885498,-0.0015023384476080537,0.001501181950907551,0.9984987894978749,-6.50000017543789,,False,30,30,25,5,0.8333333333333334,0.16666666666666666,0.8666666666666667,0.13333333333333333,3.2499999571591616,-9.750000120951881,7.250000132829882,1204.0,0,helps,flips to correct
medxpertqa:Text-164:G-D:ba,Text-164:G-D,ba,Text-164,Reasoning,Reproductive,B,No additional tests are required to make the diagnosis,Complete blood count with differential,False,A,text,-7.486063259420916e-05,-9.50007438659668,0.999925142169393,7.484626212190614e-05,-9.499999525964085,,False,30,30,29,1,0.9666666666666667,0.03333333333333333,1.0,0.0,4.7500000186264515,-9.124999887026206,7.500000152911525,919.5,0,helps,flips to correct
medxpertqa:Text-164:G-E:ab,Text-164:G-E,ab,Text-164,Reasoning,Reproductive,A,No additional tests are required to make the diagnosis,Pelvic ultrasound,False,B,text,-10.000045776367188,-4.541770613286644e-05,4.539785156619626e-05,0.9999545833252356,-10.000000358661055,,False,30,30,26,4,0.8666666666666667,0.13333333333333333,0.9333333333333333,0.06666666666666667,2.249999936670065,-11.00000023856228,5.500000103842467,1355.0,0,helps,flips to correct
medxpertqa:Text-164:G-E:ba,Text-164:G-E,ba,Text-164,Reasoning,Reproductive,B,No additional tests are required to make the diagnosis,Pelvic ultrasound,False,A,text,-1.1920928244535389e-07,-16.25,0.9999998807907247,8.764248219443636e-08,-16.249999880790718,,False,30,30,25,5,0.8333333333333334,0.16666666666666666,1.0,0.0,2.7499999683350325,-3.249999947845936,6.749999970197678,1078.5,0,helps,flips to correct
medxpertqa:Text-164:G-F:ab,Text-164:G-F,ab,Text-164,Reasoning,Reproductive,A,No additional tests are required to make the diagnosis,Laparoscopy,False,B,text,-2.578889846801758,-0.07888974994421005,0.07585817148650026,0.9241418055144026,-2.5000000968575478,,False,30,30,30,0,1.0,0.0,1.0,0.0,9.374999766236215,5.249999894760549,14.999999642372188,863.0,0,helps,flips to correct
medxpertqa:Text-164:G-F:ba,Text-164:G-F,ba,Text-164,Reasoning,Reproductive,B,No additional tests are required to make the diagnosis,Laparoscopy,False,A,text,-0.0009114163694903255,-7.000911235809326,0.9990889988442552,0.0009110514045295695,-6.999999819439836,,False,30,30,30,0,1.0,0.0,1.0,0.0,8.125000164407538,4.250000169500709,11.999999523181941,812.5,0,helps,flips to correct
medxpertqa:Text-164:G-H:ab,Text-164:G-H,ab,Text-164,Reasoning,Reproductive,A,No additional tests are required to make the diagnosis,Endometrial biopsy,False,B,text,-4.0181498527526855,-0.018149960786104202,0.017986211314027313,0.9820137577607906,-3.9999998919665813,,False,30,30,30,0,1.0,0.0,1.0,0.0,8.37499984860915,5.7499998095445335,14.499999523162955,869.5,0,helps,flips to correct
medxpertqa:Text-164:G-H:ba,Text-164:G-H,ba,Text-164,Reasoning,Reproductive,B,No additional tests are required to make the diagnosis,Endometrial biopsy,False,A,text,-0.018149960786104202,-4.0181498527526855,0.9820137577607906,0.017986211314027313,-3.9999998919665813,,False,30,30,30,0,1.0,0.0,1.0,0.0,8.999999649982783,5.499999983236194,14.999999642372188,782.0,0,helps,flips to correct
medxpertqa:Text-164:G-I:ab,Text-164:G-I,ab,Text-164,Reasoning,Reproductive,A,No additional tests are required to make the diagnosis,Nucleic acid amplification,False,B,text,-9.50007438659668,-7.486063259420916e-05,7.484626212190614e-05,0.999925142169393,-9.499999525964085,,False,30,30,5,25,0.16666666666666666,0.8333333333333334,0.4,0.6,-9.87500012057535,-14.499999523162955,5.749999928288162,1099.0,0,neutral,
medxpertqa:Text-164:G-I:ba,Text-164:G-I,ba,Text-164,Reasoning,Reproductive,B,No additional tests are required to make the diagnosis,Nucleic acid amplification,False,A,text,0.0,-17.0,1.0,4.139937718785167e-08,-17.0,,False,30,30,7,23,0.23333333333333334,0.7666666666666667,0.7,0.26666666666666666,-12.937499940401494,-23.875,4.499999866820872,1283.5,0,neutral,
medxpertqa:Text-164:G-J:ab,Text-164:G-J,ab,Text-164,Reasoning,Reproductive,A,No additional tests are required to make the diagnosis,Contrast-enhanced computed tomography (CT),False,B,text,-3.0485873222351074,-0.04858732968568802,0.047425874568977164,0.9525741476724274,-2.9999999925494194,,False,30,30,30,0,1.0,0.0,1.0,0.0,12.124999940414227,7.250000132829882,15.999999880790718,809.5,0,helps,flips to correct
medxpertqa:Text-164:G-J:ba,Text-164:G-J,ba,Text-164,Reasoning,Reproductive,B,No additional tests are required to make the diagnosis,Contrast-enhanced computed tomography (CT),False,A,text,-0.008614521473646164,-4.758614540100098,0.9914224771982877,0.008577484930474293,-4.7500000186264515,,False,30,30,30,0,1.0,0.0,1.0,0.0,9.249999587973434,6.999999938940164,12.250000000011369,729.5,0,helps,flips to correct
medxpertqa:Text-179:J-A:ab,Text-179:J-A,ab,Text-179,Reasoning,Cardiovascular,A,Primary hyperfibrinolysis,Vitamin K deficiency,False,A,text,-2.861018856492592e-06,-12.75000286102295,0.9999971389852362,2.902312105056987e-06,12.750000000004093,,True,30,30,30,0,1.0,0.0,1.0,0.0,18.75,15.12499976158145,21.75,1422.0,0,helps,more confident
medxpertqa:Text-179:J-A:ba,Text-179:J-A,ba,Text-179,Reasoning,Cardiovascular,B,Primary hyperfibrinolysis,Vitamin K deficiency,False,B,text,-8.500203132629395,-0.00020346954988781363,0.00020342704214340812,0.9997965511486372,8.499999663079507,,True,30,30,30,0,1.0,0.0,1.0,0.0,13.749999880791279,11.250000357712452,15.49999976158145,1328.0,0,helps,more confident
medxpertqa:Text-179:J-B:ab,Text-179:J-B,ab,Text-179,Reasoning,Cardiovascular,A,Primary hyperfibrinolysis,Factor XIII deficiency,False,A,text,-7.867782187531702e-06,-11.750007629394531,0.9999921322487634,7.88926463665814e-06,11.749999761612344,,True,30,30,30,0,1.0,0.0,1.0,0.0,18.0625,13.875000000000455,23.5,1169.5,0,helps,more confident
medxpertqa:Text-179:J-B:ba,Text-179:J-B,ba,Text-179,Reasoning,Cardiovascular,B,Primary hyperfibrinolysis,Factor XIII deficiency,False,B,text,-11.50001049041748,-1.0132738680113107e-05,1.0129987330277146e-05,0.9999898673126559,11.5000003576788,,True,30,30,30,0,1.0,0.0,1.0,0.0,14.999999642372188,14.25000035762804,18.0,954.5,0,helps,more confident
medxpertqa:Text-179:J-C:ab,Text-179:J-C,ab,Text-179,Reasoning,Cardiovascular,A,Primary hyperfibrinolysis,Liver disease coagulopathy,False,A,text,-7.867782187531702e-06,-11.750007629394531,0.9999921322487634,7.88926463665814e-06,11.749999761612344,,True,30,30,30,0,1.0,0.0,1.0,0.0,17.75,14.00000011920963,20.5,1228.5,0,helps,more confident
medxpertqa:Text-179:J-C:ba,Text-179:J-C,ba,Text-179,Reasoning,Cardiovascular,B,Primary hyperfibrinolysis,Liver disease coagulopathy,False,B,text,-8.750158309936523,-0.00015841660206206143,0.0001584362410990077,0.9998415959451853,8.749999893334461,,True,30,30,30,0,1.0,0.0,1.0,0.0,12.750000000004093,10.50000011958764,14.499999523162955,1160.0,0,helps,more confident
medxpertqa:Text-179:J-D:ab,Text-179:J-D,ab,Text-179,Reasoning,Cardiovascular,A,Primary hyperfibrinolysis,Classic von Willebrand disease,False,A,text,-1.2993727978027891e-05,-11.25001335144043,0.9999870063564401,1.3007123989067183e-05,11.250000357712452,,True,30,30,30,0,1.0,0.0,0.9666666666666667,0.03333333333333333,17.375,11.125000238531356,20.375,1531.0,0,helps,more confident
medxpertqa:Text-179:J-D:ba,Text-179:J-D,ba,Text-179,Reasoning,Cardiovascular,B,Primary hyperfibrinolysis,Classic von Willebrand disease,False,B,text,-8.500203132629395,-0.00020346954988781363,0.00020342704214340812,0.9997965511486372,8.499999663079507,,True,30,30,30,0,1.0,0.0,1.0,0.0,13.499999940396492,10.7500003578607,15.999999880790718,1227.0,0,helps,more confident
medxpertqa:Text-179:J-E:ab,Text-179:J-E,ab,Text-179,Reasoning,Cardiovascular,A,Primary hyperfibrinolysis,Secondary hyperfibrinolysis,False,B,text,-1.7014133930206299,-0.2014133334159851,0.18242550282051248,0.8175744308728488,-1.5000000596046448,,False,30,30,0,30,0.0,1.0,0.0,1.0,-12.250000000011369,-15.49999976158145,-10.000000239455403,782.0,0,hurts,more wrong
medxpertqa:Text-179:J-E:ba,Text-179:J-E,ba,Text-179,Reasoning,Cardiovascular,B,Primary hyperfibrinolysis,Secondary hyperfibrinolysis,False,A,text,-0.008614521473646164,-4.758614540100098,0.9914224771982877,0.008577484930474293,-4.7500000186264515,,False,30,30,2,28,0.06666666666666667,0.9333333333333333,0.1,0.9,-9.87499976332765,-14.999999642372188,6.750000208383426,1173.5,0,hurts,more wrong
medxpertqa:Text-179:J-F:ab,Text-179:J-F,ab,Text-179,Reasoning,Cardiovascular,A,Primary hyperfibrinolysis,Hemophilia A,False,A,text,-8.344646857949556e-07,-14.000000953674316,0.9999991655356624,8.315279260963632e-07,14.00000011920963,,True,30,30,30,0,1.0,0.0,1.0,0.0,19.1875,15.37499976158145,22.125,1157.5,0,helps,more confident
medxpertqa:Text-179:J-F:ba,Text-179:J-F,ba,Text-179,Reasoning,Cardiovascular,B,Primary hyperfibrinolysis,Hemophilia A,False,B,text,-11.750007629394531,-7.867782187531702e-06,7.88926463665814e-06,0.9999921322487634,11.749999761612344,,True,30,30,30,0,1.0,0.0,1.0,0.0,15.49999976158145,13.749999880791279,17.25,1000.0,0,helps,more confident
medxpertqa:Text-179:J-G:ab,Text-179:J-G,ab,Text-179,Reasoning,Cardiovascular,A,Primary hyperfibrinolysis,Disseminated intravascular coagulation (DIC),False,B,text,-6.7511701583862305,-0.0011701886542141438,0.0011695103074966034,0.9988304957495425,-6.749999969732016,,False,30,30,0,30,0.0,1.0,0.0,1.0,-15.49999976158145,-18.25,-12.999999642374632,746.0,0,hurts,more wrong
medxpertqa:Text-179:J-G:ba,Text-179:J-G,ba,Text-179,Reasoning,Cardiovascular,B,Primary hyperfibrinolysis,Disseminated intravascular coagulation (DIC),False,A,text,-0.004078404977917671,-5.504078388214111,0.9959299004209012,0.004070137939983506,-5.499999983236194,,False,30,30,8,22,0.26666666666666666,0.7333333333333333,0.26666666666666666,0.7333333333333333,-13.374999821187373,-18.0,6.249999964260496,1284.5,0,hurts,more wrong
medxpertqa:Text-179:J-H:ab,Text-179:J-H,ab,Text-179,Reasoning,Cardiovascular,A,Primary hyperfibrinolysis,Acquired factor VIII inhibitor,False,A,text,-0.0015023384476080537,-6.501502513885498,0.9984987894978749,0.001501181950907551,6.50000017543789,,True,30,30,30,0,1.0,0.0,1.0,0.0,14.00000011920963,10.000000358661055,18.25,1536.0,0,helps,more confident
medxpertqa:Text-179:J-H:ba,Text-179:J-H,ba,Text-179,Reasoning,Cardiovascular,B,Primary hyperfibrinolysis,Acquired factor VIII inhibitor,False,B,text,-5.504078388214111,-0.004078404977917671,0.004070137939983506,0.9959299004209012,5.499999983236194,,True,30,30,30,0,1.0,0.0,1.0,0.0,12.999999642374632,9.250000243126124,14.999999642372188,1125.5,0,helps,more confident
medxpertqa:Text-179:J-I:ab,Text-179:J-I,ab,Text-179,Reasoning,Cardiovascular,A,Primary hyperfibrinolysis,Antiphospholipid syndrome,False,A,text,-0.00033539868309162557,-8.000335693359375,0.9996646575567589,0.0003353500342255387,8.000000294676283,,True,30,30,30,0,1.0,0.0,1.0,0.0,16.374999880790718,13.250000119210881,19.5,1453.0,0,helps,more confident
medxpertqa:Text-179:J-I:ba,Text-179:J-I,ba,Text-179,Reasoning,Cardiovascular,B,Primary hyperfibrinolysis,Antiphospholipid syndrome,False,B,text,-7.500553131103516,-0.0005529781919904053,0.0005527785265734312,0.9994471746722718,7.500000152911525,,True,30,30,30,0,1.0,0.0,1.0,0.0,14.624999523162955,11.749999642403964,17.25,1112.0,0,helps,more confident
medxpertqa:Text-200:J-A:ab,Text-200:J-A,ab,Text-200,Reasoning,Skeletal,A,"T9 flexed, rotated right, sidebent right","T9 extended, rotated left, sidebent right",True,A,text,-0.12692804634571075,-2.1269280910491943,0.8807970468833343,0.11920291248514252,2.0000000447034836,,True,30,30,23,7,0.7666666666666667,0.23333333333333334,0.7666666666666667,0.23333333333333334,7.7500000932923285,-10.250000119860488,12.750000000004093,3747.0,0,excluded,letter bias: the same letter in both orders
medxpertqa:Text-200:J-A:ba,Text-200:J-A,ba,Text-200,Reasoning,Skeletal,B,"T9 flexed, rotated right, sidebent right","T9 extended, rotated left, sidebent right",True,A,text,-0.1602240949869156,-1.9102240800857544,0.8519528492100928,0.14804720844715558,-1.7499999850988388,,False,30,30,17,13,0.5666666666666667,0.43333333333333335,0.5666666666666667,0.43333333333333335,5.625000081956387,-11.999999523181941,10.999999523302904,3484.0,0,excluded,letter bias: the same letter in both orders
medxpertqa:Text-200:J-B:ab,Text-200:J-B,ab,Text-200,Reasoning,Skeletal,A,"T9 flexed, rotated right, sidebent right","T10 extended, rotated right, sidebent right",False,B,text,-0.825939416885376,-0.575939416885376,0.43782350042481233,0.5621765025686553,-0.25,,False,30,30,7,23,0.23333333333333334,0.7666666666666667,0.23333333333333334,0.7666666666666667,-8.2499999745487,-13.250000119210881,10.249999881416443,2241.0,0,hurts,more wrong
medxpertqa:Text-200:J-B:ba,Text-200:J-B,ba,Text-200,Reasoning,Skeletal,B,"T9 flexed, rotated right, sidebent right","T10 extended, rotated right, sidebent right",False,A,text,-0.06196761503815651,-2.811967611312866,0.9399133253553882,0.060086648833494447,-2.7499999962747097,,False,30,30,5,25,0.16666666666666666,0.8333333333333334,0.16666666666666666,0.8333333333333334,-11.874999642397142,-16.249999880790718,8.250000034138793,2416.5,0,hurts,more wrong
medxpertqa:Text-200:J-C:ab,Text-200:J-C,ab,Text-200,Reasoning,Skeletal,A,"T9 flexed, rotated right, sidebent right","T9 neutral, rotated right, sidebent right",True,A,text,-0.023245446383953094,-3.773245334625244,0.9770226476651187,0.02297737289127478,3.749999888241291,,True,30,30,1,29,0.03333333333333333,0.9666666666666667,0.03333333333333333,0.9666666666666667,-5.750000108033419,-8.000000294676283,14.00000011920963,1931.0,0,excluded,letter bias: the same letter in both orders
medxpertqa:Text-200:J-C:ba,Text-200:J-C,ba,Text-200,Reasoning,Skeletal,B,"T9 flexed, rotated right, sidebent right","T9 neutral, rotated right, sidebent right",True,A,text,-0.825939416885376,-0.575939416885376,0.43782350042481233,0.5621765025686553,0.25,,False,30,30,1,29,0.03333333333333333,0.9666666666666667,0.03333333333333333,0.9666666666666667,-8.125000045227353,-11.250000357712452,5.500000228639692,2486.0,0,excluded,letter bias: the same letter in both orders
medxpertqa:Text-200:J-D:ab,Text-200:J-D,ab,Text-200,Reasoning,Skeletal,A,"T9 flexed, rotated right, sidebent right","T9 extended, rotated right, sidebent right",True,A,text,-0.31326165795326233,-1.31326162815094,0.7310586002437232,0.26894143733631704,0.9999999701976776,,True,30,30,0,30,0.0,1.0,0.0,1.0,-9.250000243031536,-12.750000000004093,-6.250000192085281,2178.5,0,excluded,letter bias: the same letter in both orders
medxpertqa:Text-200:J-D:ba,Text-200:J-D,ba,Text-200,Reasoning,Skeletal,B,"T9 flexed, rotated right, sidebent right","T9 extended, rotated right, sidebent right",True,A,text,-0.2014133334159851,-1.7014133930206299,0.8175744308728488,0.18242550282051248,-1.5000000596046448,,False,30,30,0,30,0.0,1.0,0.0,1.0,-9.875000060972525,-12.750000000004093,-6.000000092666596,2157.0,0,excluded,letter bias: the same letter in both orders
medxpertqa:Text-200:J-E:ab,Text-200:J-E,ab,Text-200,Reasoning,Skeletal,A,"T9 flexed, rotated right, sidebent right","T8 flexed, rotated right, sidebent right",True,A,text,-0.06196761503815651,-2.811967611312866,0.9399133253553882,0.060086648833494447,2.7499999962747097,,True,30,30,30,0,1.0,0.0,1.0,0.0,9.625000004138201,5.999999854713678,15.24999976158145,3125.5,0,excluded,letter bias: the same letter in both orders
medxpertqa:Text-200:J-E:ba,Text-200:J-E,ba,Text-200,Reasoning,Skeletal,B,"T9 flexed, rotated right, sidebent right","T8 flexed, rotated right, sidebent right",True,A,text,-0.6931471824645996,-0.6931471824645996,0.49999999904767284,0.49999999904767284,-0.0,,False,30,30,30,0,1.0,0.0,1.0,0.0,8.500000318788807,5.249999919906259,11.749999761612344,3364.0,0,excluded,letter bias: the same letter in both orders
medxpertqa:Text-200:J-F:ab,Text-200:J-F,ab,Text-200,Reasoning,Skeletal,A,"T9 flexed, rotated right, sidebent right","T11 flexed, rotated left, sidebent left",True,A,text,-0.04858732968568802,-3.0485873222351074,0.9525741476724274,0.047425874568977164,2.9999999925494194,,True,30,30,20,10,0.6666666666666666,0.3333333333333333,0.6666666666666666,0.3333333333333333,8.937500247207936,-10.500000358026227,14.499999523162955,4298.0,0,excluded,letter bias: the same letter in both orders
medxpertqa:Text-200:J-F:ba,Text-200:J-F,ba,Text-200,Reasoning,Skeletal,B,"T9 flexed, rotated right, sidebent right","T11 flexed, rotated left, sidebent left",True,A,text,-0.4740769863128662,-0.9740769863128662,0.6224593298742985,0.377540667992942,-0.5,,False,30,30,22,8,0.7333333333333333,0.26666666666666666,0.7333333333333333,0.26666666666666666,6.874999835534254,-11.999999523181941,9.249999766332621,4639.5,0,excluded,letter bias: the same letter in both orders
medxpertqa:Text-200:J-G:ab,Text-200:J-G,ab,Text-200,Reasoning,Skeletal,A,"T9 flexed, rotated right, sidebent right","T10 flexed, rotated right, sidebent left",False,B,text,-2.578889846801758,-0.07888974994421005,0.07585817148650026,0.9241418055144026,-2.5000000968575478,,False,30,30,9,21,0.3,0.7,0.3,0.7,-8.499999663079507,-11.250000357712452,8.749999893334461,2884.0,0,hurts,more wrong
medxpertqa:Text-200:J-G:ba,Text-200:J-G,ba,Text-200,Reasoning,Skeletal,B,"T9 flexed, rotated right, sidebent right","T10 flexed, rotated right, sidebent left",False,A,text,-0.029750416055321693,-3.529750347137451,0.9706877714009485,0.029312232836486894,-3.4999999310821295,,False,30,30,6,24,0.2,0.8,0.2,0.8,-10.999999523302904,-14.999999642372188,7.749999973515514,2802.5,0,hurts,more wrong
medxpertqa:Text-200:J-H:ab,Text-200:J-H,ab,Text-200,Reasoning,Skeletal,A,"T9 flexed, rotated right, sidebent right","T10 flexed, rotated left, sidebent right",True,A,text,-0.6931471824645996,-0.6931471824645996,0.49999999904767284,0.49999999904767284,0.0,,True,30,30,16,14,0.5333333333333333,0.4666666666666667,0.5333333333333333,0.4666666666666667,6.625000111554982,-10.50000011958764,12.50000011921611,3999.5,0,excluded,letter bias: the same letter in both orders
medxpertqa:Text-200:J-H:ba,Text-200:J-H,ba,Text-200,Reasoning,Skeletal,B,"T9 flexed, rotated right, sidebent right","T10 flexed, rotated left, sidebent right",True,A,text,-0.1602240949869156,-1.9102240800857544,0.8519528492100928,0.14804720844715558,-1.7499999850988388,,False,30,30,13,17,0.43333333333333335,0.5666666666666667,0.43333333333333335,0.5666666666666667,-7.187499990250217,-14.25000035762804,8.750000131869456,3656.0,0,excluded,letter bias: the same letter in both orders
medxpertqa:Text-200:J-I:ab,Text-200:J-I,ab,Text-200,Reasoning,Skeletal,A,"T9 flexed, rotated right, sidebent right","T9 flexed, rotated left, sidebent left",False,A,text,-0.0031777145341038704,-5.753177642822266,0.9968273290569476,0.0031726831078774057,5.749999928288162,,True,30,30,30,0,1.0,0.0,1.0,0.0,14.374999940395497,11.374999642442162,19.0,3200.0,0,helps,more confident
medxpertqa:Text-200:J-I:ba,Text-200:J-I,ba,Text-200,Reasoning,Skeletal,B,"T9 flexed, rotated right, sidebent right","T9 flexed, rotated left, sidebent left",False,B,text,-0.825939416885376,-0.575939416885376,0.43782350042481233,0.5621765025686553,0.25,,True,30,30,30,0,1.0,0.0,1.0,0.0,8.750000072279363,6.500000059953891,12.750000000004093,2815.0,0,helps,more confident
medxpertqa:Text-222:C-A:ab,Text-222:C-A,ab,Text-222,Reasoning,Nervous,A,Cyclothymic disorder,Premenstrual dysphoric disorder,False,A,text,-0.0011701886542141438,-6.7511701583862305,0.9988304957495425,0.0011695103074966034,6.749999969732016,,True,30,30,30,0,1.0,0.0,1.0,0.0,17.0625,15.24999976158145,24.0,800.0,0,helps,more confident
medxpertqa:Text-222:C-A:ba,Text-222:C-A,ba,Text-222,Reasoning,Nervous,B,Cyclothymic disorder,Premenstrual dysphoric disorder,False,B,text,-7.2507100105285645,-0.0007098776986822486,0.00070967033651176,0.9992903742048809,7.250000132829882,,True,30,30,30,0,1.0,0.0,1.0,0.0,12.750000000004093,10.000000239455403,15.999999880790718,741.0,0,helps,more confident
medxpertqa:Text-222:C-B:ab,Text-222:C-B,ab,Text-222,Reasoning,Nervous,A,Cyclothymic disorder,Persistent depressive disorder,False,A,text,-0.01416344940662384,-4.264163494110107,0.9859363803758086,0.014063626520379485,4.250000044703484,,True,30,30,30,0,1.0,0.0,1.0,0.0,14.562499523162955,11.5000003576788,19.25,1102.0,0,helps,more confident
medxpertqa:Text-222:C-B:ba,Text-222:C-B,ba,Text-222,Reasoning,Nervous,B,Cyclothymic disorder,Persistent depressive disorder,False,B,text,-0.825939416885376,-0.575939416885376,0.43782350042481233,0.5621765025686553,0.25,,True,30,30,30,0,1.0,0.0,1.0,0.0,8.499999663079507,5.500000224914402,11.5000003576788,980.5,0,helps,more confident
medxpertqa:Text-222:C-D:ab,Text-222:C-D,ab,Text-222,Reasoning,Nervous,A,Cyclothymic disorder,Generalized anxiety disorder,False,A,text,-2.1457441107486375e-05,-10.750020980834961,0.9999785427891018,2.1444958378736654e-05,10.749999523393853,,True,30,30,30,0,1.0,0.0,1.0,0.0,21.75,17.375,26.25,608.0,0,helps,more confident
medxpertqa:Text-222:C-D:ba,Text-222:C-D,ba,Text-222,Reasoning,Nervous,B,Cyclothymic disorder,Generalized anxiety disorder,False,B,text,-9.250096321105957,-9.60780744208023e-05,9.610239492660866e-05,0.9999039265409296,9.250000243031536,,True,30,30,30,0,1.0,0.0,1.0,0.0,14.374999940395497,11.999999523181941,17.75,618.0,0,helps,more confident
medxpertqa:Text-222:C-E:ab,Text-222:C-E,ab,Text-222,Reasoning,Nervous,A,Cyclothymic disorder,Bipolar II disorder,False,B,text,-14.250000953674316,-5.960462772236497e-07,6.47594599989589e-07,0.9999994039539004,-14.25000035762804,,False,30,30,0,30,0.0,1.0,0.2,0.7,-15.624999821186083,-17.75,-12.999999642374632,659.5,0,hurts,more wrong
medxpertqa:Text-222:C-E:ba,Text-222:C-E,ba,Text-222,Reasoning,Nervous,B,Cyclothymic disorder,Bipolar II disorder,False,A,text,0.0,-18.0,1.0,1.522997974471263e-08,-18.0,,False,30,30,0,30,0.0,1.0,0.03333333333333333,0.9333333333333333,-22.125,-25.75,-16.75,626.5,0,hurts,more wrong
medxpertqa:Text-222:C-F:ab,Text-222:C-F,ab,Text-222,Reasoning,Nervous,A,Cyclothymic disorder,Borderline personality disorder,False,A,text,-0.0007098776986822486,-7.2507100105285645,0.9992903742048809,0.00070967033651176,7.250000132829882,,True,30,30,30,0,1.0,0.0,1.0,0.0,18.0625,14.874999642372188,21.875,813.0,0,helps,more confident
medxpertqa:Text-222:C-F:ba,Text-222:C-F,ba,Text-222,Reasoning,Nervous,B,Cyclothymic disorder,Borderline personality disorder,False,B,text,-8.250261306762695,-0.00026127262390218675,0.0002611902975925828,0.9997387615048174,8.250000034138793,,True,30,30,30,0,1.0,0.0,1.0,0.0,13.499999523163865,8.50000002082379,16.75,705.5,0,helps,more confident
medxpertqa:Text-222:C-G:ab,Text-222:C-G,ab,Text-222,Reasoning,Nervous,A,Cyclothymic disorder,Adjustment disorder with depressed mood,False,A,text,-0.07888974994421005,-2.578889846801758,0.9241418055144026,0.07585817148650026,2.5000000968575478,,True,30,30,30,0,1.0,0.0,1.0,0.0,14.499999523162955,11.999999523181941,19.5,957.5,0,helps,more confident
medxpertqa:Text-222:C-G:ba,Text-222:C-G,ba,Text-222,Reasoning,Nervous,B,Cyclothymic disorder,Adjustment disorder with depressed mood,False,B,text,-6.501502513885498,-0.0015023384476080537,0.001501181950907551,0.9984987894978749,6.50000017543789,,True,30,30,30,0,1.0,0.0,1.0,0.0,13.250000119210881,9.749999763287633,15.999999880790718,589.5,0,helps,more confident
medxpertqa:Text-222:C-H:ab,Text-222:C-H,ab,Text-222,Reasoning,Nervous,A,Cyclothymic disorder,Bipolar I disorder,False,B,text,-10.750020980834961,-2.1457441107486375e-05,2.1444958378736654e-05,0.9999785427891018,-10.749999523393853,,False,30,30,4,26,0.13333333333333333,0.8666666666666667,0.8333333333333334,0.16666666666666666,-9.249999825933628,-12.249999880802534,0.75,2824.0,0,neutral,
medxpertqa:Text-222:C-H:ba,Text-222:C-H,ba,Text-222,Reasoning,Nervous,B,Cyclothymic disorder,Bipolar I disorder,False,A,text,-4.768370445162873e-07,-14.5,0.9999995231630692,5.04347662567888e-07,-14.499999523162955,,False,30,30,7,23,0.23333333333333334,0.7666666666666667,0.9666666666666667,0.0,-10.374999881289114,-14.499999523162955,3.749999925494194,2554.0,0,neutral,
medxpertqa:Text-222:C-I:ab,Text-222:C-I,ab,Text-222,Reasoning,Nervous,A,Cyclothymic disorder,Substance-induced mood disorder,True,B,text,-2.3502066135406494,-0.10020658373832703,0.09534945969074979,0.9046505126460354,-2.2500000298023224,,False,30,30,29,1,0.9666666666666667,0.03333333333333333,0.9666666666666667,0.03333333333333333,6.37499988701893,-4.250000122003257,7.749999973515514,1775.0,0,excluded,letter bias: the same letter in both orders
medxpertqa:Text-222:C-I:ba,Text-222:C-I,ba,Text-222,Reasoning,Nervous,B,Cyclothymic disorder,Substance-induced mood disorder,True,B,text,-0.9740769863128662,-0.4740769863128662,0.377540667992942,0.6224593298742985,0.5,,True,30,30,30,0,1.0,0.0,1.0,0.0,7.625000003637979,5.9999998500570655,10.249999881416443,1014.0,0,excluded,letter bias: the same letter in both orders
medxpertqa:Text-222:C-J:ab,Text-222:C-J,ab,Text-222,Reasoning,Nervous,A,Cyclothymic disorder,Major depressive disorder,True,B,text,-0.9740769863128662,-0.4740769863128662,0.377540667992942,0.6224593298742985,-0.5,,False,30,30,14,16,0.4666666666666667,0.5333333333333333,0.4666666666666667,0.5333333333333333,-4.624999862164259,-7.249999894585926,10.249999643008778,2205.5,0,excluded,letter bias: the same letter in both orders
medxpertqa:Text-222:C-J:ba,Text-222:C-J,ba,Text-222,Reasoning,Nervous,B,Cyclothymic disorder,Major depressive disorder,True,B,text,-2.811967611312866,-0.06196761503815651,0.060086648833494447,0.9399133253553882,2.7499999962747097,,True,30,30,27,3,0.9,0.1,0.9,0.1,8.49999996398401,-5.500000103842467,11.5000003576788,1666.5,0,excluded,letter bias: the same letter in both orders
medxpertqa:Text-282:J-A:ab,Text-282:J-A,ab,Text-282,Reasoning,Muscular,A,Left unilateral sacral flexion about the middle transverse axis,Bilateral sacral flexion about the middle transverse axis,False,A,text,-0.011047743260860443,-4.511047840118408,0.9890130589396958,0.010986941583869245,4.500000096857548,,True,30,30,30,0,1.0,0.0,1.0,0.0,13.124999880792757,8.999999530788045,15.999999880790718,964.0,0,helps,more confident
medxpertqa:Text-282:J-A:ba,Text-282:J-A,ba,Text-282,Reasoning,Muscular,B,Left unilateral sacral flexion about the middle transverse axis,Bilateral sacral flexion about the middle transverse axis,False,B,text,-11.000016212463379,-1.6689160474925302e-05,1.670143001672819e-05,0.9999833109787883,10.999999523302904,,True,30,30,30,0,1.0,0.0,0.8,0.2,12.750000000004093,8.999999531151843,15.999999880790718,1205.0,0,helps,more confident
medxpertqa:Text-282:J-B:ab,Text-282:J-B,ab,Text-282,Reasoning,Muscular,A,Left unilateral sacral flexion about the middle transverse axis,Left-on-left sacral torsion,False,A,text,-0.4740769863128662,-0.9740769863128662,0.6224593298742985,0.377540667992942,0.5,,True,30,30,5,25,0.16666666666666666,0.8333333333333334,0.16666666666666666,0.8333333333333334,-6.50000017543789,-9.250000243031536,8.000000294676283,1121.5,0,hurts,flips to wrong
medxpertqa:Text-282:J-B:ba,Text-282:J-B,ba,Text-282,Reasoning,Muscular,B,Left unilateral sacral flexion about the middle transverse axis,Left-on-left sacral torsion,False,B,text,-2.3502066135406494,-0.10020658373832703,0.09534945969074979,0.9046505126460354,2.2500000298023224,,True,30,30,15,15,0.5,0.5,0.5,0.5,0.4999999220017344,-8.250000034138793,12.50000011921611,1042.5,0,neutral,
medxpertqa:Text-282:J-C:ab,Text-282:J-C,ab,Text-282,Reasoning,Muscular,A,Left unilateral sacral flexion about the middle transverse axis,Right unilateral sacral flexion about the middle transverse axis,True,B,text,-3.0485873222351074,-0.04858732968568802,0.047425874568977164,0.9525741476724274,-2.9999999925494194,,False,30,30,7,23,0.23333333333333334,0.7666666666666667,0.23333333333333334,0.7666666666666667,-10.999999523302904,-15.49999976158145,8.000000294676283,974.0,0,excluded,letter bias: the same letter in both orders
medxpertqa:Text-282:J-C:ba,Text-282:J-C,ba,Text-282,Reasoning,Muscular,B,Left unilateral sacral flexion about the middle transverse axis,Right unilateral sacral flexion about the middle transverse axis,True,B,text,-5.2552337646484375,-0.005233753472566605,0.005220125868449866,0.9947799187523881,5.250000011175871,,True,30,30,9,21,0.3,0.7,0.3,0.7,-6.000000087311491,-8.999999649982783,14.25000035762804,1185.0,0,excluded,letter bias: the same letter in both orders
medxpertqa:Text-282:J-D:ab,Text-282:J-D,ab,Text-282,Reasoning,Muscular,A,Left unilateral sacral flexion about the middle transverse axis,Left unilateral sacral flexion about the superior transverse axis,True,B,text,-1.5019290447235107,-0.25192904472351074,0.2227001469810028,0.77729988964086,-1.25,,False,30,30,8,22,0.26666666666666666,0.7333333333333333,0.26666666666666666,0.7333333333333333,-7.625000003637979,-12.50000011921611,8.749999893334461,1362.0,0,excluded,letter bias: the same letter in both orders
medxpertqa:Text-282:J-D:ba,Text-282:J-D,ba,Text-282,Reasoning,Muscular,B,Left unilateral sacral flexion about the middle transverse axis,Left unilateral sacral flexion about the superior transverse axis,True,B,text,-1.1368709802627563,-0.38687101006507874,0.32082130911852547,0.6791786964925157,0.7499999701976776,,True,30,30,16,14,0.5333333333333333,0.4666666666666667,0.5333333333333333,0.4666666666666667,4.74999987706542,-10.000000358661055,9.499999525964085,1265.5,0,excluded,letter bias: the same letter in both orders
medxpertqa:Text-282:J-E:ab,Text-282:J-E,ab,Text-282,Reasoning,Muscular,A,Left unilateral sacral flexion about the middle transverse axis,Right unilateral sacral extension about the superior transverse axis,True,B,text,-0.9740769863128662,-0.4740769863128662,0.377540667992942,0.6224593298742985,-0.5,,False,30,30,13,17,0.43333333333333335,0.5666666666666667,0.43333333333333335,0.5666666666666667,-6.74999991041841,-11.999999523181941,10.874999880974428,1479.5,0,excluded,letter bias: the same letter in both orders
medxpertqa:Text-282:J-E:ba,Text-282:J-E,ba,Text-282,Reasoning,Muscular,B,Left unilateral sacral flexion about the middle transverse axis,Right unilateral sacral extension about the superior transverse axis,True,B,text,-4.264163494110107,-0.01416344940662384,0.014063626520379485,0.9859363803758086,4.250000044703484,,True,30,30,11,19,0.36666666666666664,0.6333333333333333,0.36666666666666664,0.6333333333333333,-6.999999998311978,-10.249999881416443,10.50000011958764,1266.0,0,excluded,letter bias: the same letter in both orders
medxpertqa:Text-282:J-F:ab,Text-282:J-F,ab,Text-282,Reasoning,Muscular,A,Left unilateral sacral flexion about the middle transverse axis,Left sacral rotation on a right oblique axis,False,B,text,-4.0181498527526855,-0.018149960786104202,0.017986211314027313,0.9820137577607906,-3.9999998919665813,,False,30,30,0,30,0.0,1.0,0.0,1.0,-9.250000243031536,-11.5000003576788,-7.500000152911525,1193.0,0,hurts,more wrong
medxpertqa:Text-282:J-F:ba,Text-282:J-F,ba,Text-282,Reasoning,Muscular,B,Left unilateral sacral flexion about the middle transverse axis,Left sacral rotation on a right oblique axis,False,A,text,-0.31326165795326233,-1.31326162815094,0.7310586002437232,0.26894143733631704,-0.9999999701976776,,False,30,30,2,28,0.06666666666666667,0.9333333333333333,0.06666666666666667,0.9333333333333333,-9.250000243031536,-11.749999761612344,5.750000167405233,1214.0,0,hurts,more wrong
medxpertqa:Text-282:J-G:ab,Text-282:J-G,ab,Text-282,Reasoning,Muscular,A,Left unilateral sacral flexion about the middle transverse axis,Right unilateral sacral flexion about the superior transverse axis,True,B,text,-2.3502066135406494,-0.10020658373832703,0.09534945969074979,0.9046505126460354,-2.2500000298023224,,False,30,30,3,27,0.1,0.9,0.1,0.9,-9.625000121463017,-12.750000000004093,8.499999663079507,1117.5,0,excluded,letter bias: the same letter in both orders
medxpertqa:Text-282:J-G:ba,Text-282:J-G,ba,Text-282,Reasoning,Muscular,B,Left unilateral sacral flexion about the middle transverse axis,Right unilateral sacral flexion about the superior transverse axis,True,B,text,-3.773245334625244,-0.023245446383953094,0.02297737289127478,0.9770226476651187,3.749999888241291,,True,30,30,8,22,0.26666666666666666,0.7333333333333333,0.26666666666666666,0.7333333333333333,-6.874999835039489,-10.249999881416443,10.000000358661055,1290.5,0,excluded,letter bias: the same letter in both orders
medxpertqa:Text-282:J-H:ab,Text-282:J-H,ab,Text-282,Reasoning,Muscular,A,Left unilateral sacral flexion about the middle transverse axis,Left unilateral sacral extension about the middle transverse axis,True,B,text,-0.825939416885376,-0.575939416885376,0.43782350042481233,0.5621765025686553,-0.25,,False,30,30,12,18,0.4,0.6,0.4,0.6,-5.875000068801455,-10.249999881416443,13.250000119210881,1752.0,0,excluded,letter bias: the same letter in both orders
medxpertqa:Text-282:J-H:ba,Text-282:J-H,ba,Text-282,Reasoning,Muscular,B,Left unilateral sacral flexion about the middle transverse axis,Left unilateral sacral extension about the middle transverse axis,True,B,text,-1.7014133930206299,-0.2014133334159851,0.18242550282051248,0.8175744308728488,1.5000000596046448,,True,30,30,14,16,0.4666666666666667,0.5333333333333333,0.4666666666666667,0.5333333333333333,-5.74999987881165,-11.5000003576788,10.749999523393853,1917.5,0,excluded,letter bias: the same letter in both orders
medxpertqa:Text-282:J-I:ab,Text-282:J-I,ab,Text-282,Reasoning,Muscular,A,Left unilateral sacral flexion about the middle transverse axis,Right-on-left sacral torsion,False,A,text,-0.4740769863128662,-0.9740769863128662,0.6224593298742985,0.377540667992942,0.5,,True,30,30,0,30,0.0,1.0,0.0,1.0,-7.375000142870704,-10.249999881416443,-4.000000016763806,953.5,0,hurts,flips to wrong
medxpertqa:Text-282:J-I:ba,Text-282:J-I,ba,Text-282,Reasoning,Muscular,B,Left unilateral sacral flexion about the middle transverse axis,Right-on-left sacral torsion,False,B,text,-3.773245334625244,-0.023245446383953094,0.02297737289127478,0.9770226476651187,3.749999888241291,,True,30,30,15,15,0.5,0.5,0.5,0.5,0.7500000526197255,-9.250000243031536,12.50000011921611,1449.5,0,neutral,
medxpertqa:Text-286:A-B:ab,Text-286:A-B,ab,Text-286,Reasoning,Skeletal,A,Oligoarticular juvenile idiopathic arthritis,Reactive arthritis,False,A,text,0.0,-21.25,1.0,5.905303998944039e-10,21.25,,True,30,30,30,0,1.0,0.0,0.9666666666666667,0.0,25.0,21.25,28.25,614.5,0,helps,more confident
medxpertqa:Text-286:A-B:ba,Text-286:A-B,ba,Text-286,Reasoning,Skeletal,B,Oligoarticular juvenile idiopathic arthritis,Reactive arthritis,False,B,text,-10.250035285949707,-3.540453326422721e-05,3.535625324942473e-05,0.9999645960934689,10.249999881416443,,True,30,30,30,0,1.0,0.0,1.0,0.0,15.124999701976819,12.50000011921611,17.0,610.0,0,helps,more confident
medxpertqa:Text-286:A-C:ab,Text-286:A-C,ab,Text-286,Reasoning,Skeletal,A,Oligoarticular juvenile idiopathic arthritis,Seronegative polyarticular juvenile idiopathic arthritis,False,A,text,0.0,-22.0,1.0,2.7894680928689246e-10,22.0,,True,30,30,30,0,1.0,0.0,0.9,0.06666666666666667,24.125,21.625,27.25,943.5,0,helps,more confident
medxpertqa:Text-286:A-C:ba,Text-286:A-C,ba,Text-286,Reasoning,Skeletal,B,Oligoarticular juvenile idiopathic arthritis,Seronegative polyarticular juvenile idiopathic arthritis,False,B,text,-11.50001049041748,-1.0132738680113107e-05,1.0129987330277146e-05,0.9999898673126559,11.5000003576788,,True,30,30,30,0,1.0,0.0,1.0,0.0,15.124999701976819,12.50000011921611,17.0,888.5,0,helps,more confident
medxpertqa:Text-286:A-D:ab,Text-286:A-D,ab,Text-286,Reasoning,Skeletal,A,Oligoarticular juvenile idiopathic arthritis,Lyme disease,False,A,text,0.0,-25.25,1.0,1.0815941557285693e-11,25.25,,True,30,30,30,0,1.0,0.0,0.9333333333333333,0.06666666666666667,26.5,24.375,28.5,671.5,0,helps,more confident
medxpertqa:Text-286:A-D:ba,Text-286:A-D,ba,Text-286,Reasoning,Skeletal,B,Oligoarticular juvenile idiopathic arthritis,Lyme disease,False,B,text,-16.25,-1.1920928244535389e-07,8.764248219443636e-08,0.9999998807907247,16.249999880790718,,True,30,30,30,0,1.0,0.0,0.7,0.23333333333333334,17.375,13.749999880791279,19.5,597.0,0,helps,more confident
medxpertqa:Text-286:A-E:ab,Text-286:A-E,ab,Text-286,Reasoning,Skeletal,A,Oligoarticular juvenile idiopathic arthritis,Psoriatic arthritis,False,A,text,0.0,-25.0,1.0,1.3887943864964021e-11,25.0,,True,30,30,30,0,1.0,0.0,0.9333333333333333,0.06666666666666667,27.75,24.125,30.25,540.5,0,helps,more confident
medxpertqa:Text-286:A-E:ba,Text-286:A-E,ba,Text-286,Reasoning,Skeletal,B,Oligoarticular juvenile idiopathic arthritis,Psoriatic arthritis,False,B,text,-17.25,0.0,3.2241867372567335e-08,1.0,17.25,,True,30,30,30,0,1.0,0.0,0.6333333333333333,0.3333333333333333,18.0,15.49999976158145,19.5,558.0,0,neutral,
medxpertqa:Text-286:A-F:ab,Text-286:A-F,ab,Text-286,Reasoning,Skeletal,A,Oligoarticular juvenile idiopathic arthritis,Rheumatic fever,False,A,text,0.0,-26.25,1.0,3.97896253583724e-12,26.25,,True,30,30,30,0,1.0,0.0,0.8,0.13333333333333333,27.375,24.75,29.5,662.0,0,helps,more confident
medxpertqa:Text-286:A-F:ba,Text-286:A-F,ba,Text-286,Reasoning,Skeletal,B,Oligoarticular juvenile idiopathic arthritis,Rheumatic fever,False,B,text,-15.5,-2.3841855067985307e-07,1.8553913626159784e-07,0.9999997615814777,15.49999976158145,,True,30,30,30,0,1.0,0.0,0.8333333333333334,0.13333333333333333,16.875,14.00000011920963,19.25,613.0,0,helps,more confident
medxpertqa:Text-286:A-G:ab,Text-286:A-G,ab,Text-286,Reasoning,Skeletal,A,Oligoarticular juvenile idiopathic arthritis,Mixed connective tissue disease,False,A,text,0.0,-25.5,1.0,8.423463754468647e-12,25.5,,True,30,30,30,0,1.0,0.0,0.9,0.1,27.125,24.25,29.25,647.5,0,helps,more confident
medxpertqa:Text-286:A-G:ba,Text-286:A-G,ba,Text-286,Reasoning,Skeletal,B,Oligoarticular juvenile idiopathic arthritis,Mixed connective tissue disease,False,B,text,-18.0,0.0,1.522997974471263e-08,1.0,18.0,,True,30,30,30,0,1.0,0.0,0.3333333333333333,0.5333333333333333,17.625,14.999999642372188,20.0,642.5,0,neutral,
medxpertqa:Text-286:A-H:ab,Text-286:A-H,ab,Text-286,Reasoning,Skeletal,A,Oligoarticular juvenile idiopathic arthritis,Septic arthritis,False,A,text,0.0,-28.25,1.0,5.384940217754036e-13,28.25,,True,30,30,30,0,1.0,0.0,0.7333333333333333,0.23333333333333334,29.1875,26.875,31.0,546.0,0,helps,more confident
medxpertqa:Text-286:A-H:ba,Text-286:A-H,ba,Text-286,Reasoning,Skeletal,B,Oligoarticular juvenile idiopathic arthritis,Septic arthritis,False,B,text,-19.5,0.0,3.398267819495071e-09,1.0,19.5,,True,30,30,30,0,1.0,0.0,0.03333333333333333,0.9666666666666667,17.625,15.999999880790718,20.0,565.0,0,neutral,
medxpertqa:Text-286:A-I:ab,Text-286:A-I,ab,Text-286,Reasoning,Skeletal,A,Oligoarticular juvenile idiopathic arthritis,Post-viral arthritis,False,A,text,0.0,-23.5,1.0,6.224144622907783e-11,23.5,,True,30,30,30,0,1.0,0.0,1.0,0.0,27.625,24.5,29.5,580.5,0,helps,more confident
medxpertqa:Text-286:A-I:ba,Text-286:A-I,ba,Text-286,Reasoning,Skeletal,B,Oligoarticular juvenile idiopathic arthritis,Post-viral arthritis,False,B,text,-17.0,0.0,4.139937718785167e-08,1.0,17.0,,True,30,30,30,0,1.0,0.0,0.9666666666666667,0.03333333333333333,18.5,16.499999880790718,20.0,496.5,0,helps,more confident
medxpertqa:Text-286:A-J:ab,Text-286:A-J,ab,Text-286,Reasoning,Skeletal,A,Oligoarticular juvenile idiopathic arthritis,Systemic juvenile idiopathic arthritis,True,A,text,0.0,-18.5,1.0,9.237449661970594e-09,18.5,,True,30,30,30,0,1.0,0.0,1.0,0.0,23.0,19.5,27.25,601.0,0,excluded,letter bias: the same letter in both orders
medxpertqa:Text-286:A-J:ba,Text-286:A-J,ba,Text-286,Reasoning,Skeletal,B,Oligoarticular juvenile idiopathic arthritis,Systemic juvenile idiopathic arthritis,True,A,text,-0.023245446383953094,-3.773245334625244,0.9770226476651187,0.02297737289127478,-3.749999888241291,,False,30,30,28,2,0.9333333333333333,0.06666666666666667,0.9333333333333333,0.06666666666666667,8.374999789011781,-13.250000000001819,13.250000119210881,885.0,0,excluded,letter bias: the same letter in both orders
medxpertqa:Text-303:E-A:ab,Text-303:E-A,ab,Text-303,Reasoning,Cardiovascular,A,Hypertensive emergency,Essential hypertension with acute kidney injury,False,A,text,-0.0005529781919904053,-7.500553131103516,0.9994471746722718,0.0005527785265734312,7.500000152911525,,True,30,30,30,0,1.0,0.0,0.9666666666666667,0.03333333333333333,10.000000358661055,6.250000193016604,12.250000000011369,1154.0,0,helps,more confident
medxpertqa:Text-303:E-A:ba,Text-303:E-A,ba,Text-303,Reasoning,Cardiovascular,B,Hypertensive emergency,Essential hypertension with acute kidney injury,False,B,text,-10.000045776367188,-4.541770613286644e-05,4.539785156619626e-05,0.9999545833252356,10.000000358661055,,True,30,30,30,0,1.0,0.0,1.0,0.0,11.5000003576788,10.249999643008778,12.750000000004093,780.5,0,helps,more confident
medxpertqa:Text-303:E-B:ab,Text-303:E-B,ab,Text-303,Reasoning,Cardiovascular,A,Hypertensive emergency,Pheochromocytoma crisis,False,A,text,-7.867782187531702e-06,-11.750007629394531,0.9999921322487634,7.88926463665814e-06,11.749999761612344,,True,30,30,30,0,1.0,0.0,1.0,0.0,15.624999821186083,12.750000000004093,18.5,938.5,0,helps,more confident
medxpertqa:Text-303:E-B:ba,Text-303:E-B,ba,Text-303,Reasoning,Cardiovascular,B,Hypertensive emergency,Pheochromocytoma crisis,False,B,text,-10.250035285949707,-3.540453326422721e-05,3.535625324942473e-05,0.9999645960934689,10.249999881416443,,True,30,30,30,0,1.0,0.0,1.0,0.0,14.499999523162955,12.000000357647878,18.5,875.5,0,helps,more confident
medxpertqa:Text-303:E-C:ab,Text-303:E-C,ab,Text-303,Reasoning,Cardiovascular,A,Hypertensive emergency,Hypertensive urgency,True,A,text,-0.0031777145341038704,-5.753177642822266,0.9968273290569476,0.0031726831078774057,5.749999928288162,,True,30,30,12,18,0.4,0.6,0.4,0.6,-4.749999912921339,-10.249999881416443,11.999999523181941,950.0,0,excluded,letter bias: the same letter in both orders
medxpertqa:Text-303:E-C:ba,Text-303:E-C,ba,Text-303,Reasoning,Cardiovascular,B,Hypertensive emergency,Hypertensive urgency,True,A,text,-0.01416344940662384,-4.264163494110107,0.9859363803758086,0.014063626520379485,-4.250000044703484,,False,30,30,20,10,0.6666666666666666,0.3333333333333333,0.7,0.3,6.874999954568921,-12.50000011921611,15.49999976158145,917.0,0,excluded,letter bias: the same letter in both orders
medxpertqa:Text-303:E-D:ab,Text-303:E-D,ab,Text-303,Reasoning,Cardiovascular,A,Hypertensive emergency,Primary hyperaldosteronism,False,A,text,-1.4305104514278355e-06,-13.500000953674316,0.9999985694905718,1.3709577789362383e-06,13.499999523163865,,True,30,30,30,0,1.0,0.0,0.9,0.06666666666666667,15.124999701976819,11.749999761612344,21.75,951.5,0,helps,more confident
medxpertqa:Text-303:E-D:ba,Text-303:E-D,ba,Text-303,Reasoning,Cardiovascular,B,Hypertensive emergency,Primary hyperaldosteronism,False,B,text,-11.25001335144043,-1.2993727978027891e-05,1.3007123989067183e-05,0.9999870063564401,11.250000357712452,,True,30,30,30,0,1.0,0.0,1.0,0.0,13.875000000000455,11.999999523181941,18.25,937.0,0,helps,more confident
medxpertqa:Text-303:E-F:ab,Text-303:E-F,ab,Text-303,Reasoning,Cardiovascular,A,Hypertensive emergency,Malignant hypertension,False,A,text,-0.005233753472566605,-5.2552337646484375,0.9947799187523881,0.005220125868449866,5.250000011175871,,True,30,30,16,14,0.5333333333333333,0.4666666666666667,0.4666666666666667,0.5333333333333333,4.874999884981662,-6.000000088009983,10.000000358661055,1327.5,0,neutral,
medxpertqa:Text-303:E-F:ba,Text-303:E-F,ba,Text-303,Reasoning,Cardiovascular,B,Hypertensive emergency,Malignant hypertension,False,B,text,-5.006715297698975,-0.006715348921716213,0.006692851264215723,0.9933071486460123,4.999999948777258,,True,30,30,28,2,0.9333333333333333,0.06666666666666667,0.9333333333333333,0.06666666666666667,7.375000025262125,-3.249999888241291,11.749999642403964,1508.0,0,helps,more confident
medxpertqa:Text-303:E-G:ab,Text-303:E-G,ab,Text-303,Reasoning,Cardiovascular,A,Hypertensive emergency,Acute hypertensive nephrosclerosis,False,A,text,-0.0009114163694903255,-7.000911235809326,0.9990889988442552,0.0009110514045295695,6.999999819439836,,True,30,30,24,6,0.8,0.2,0.7666666666666667,0.23333333333333334,8.62499995707185,-4.499999861232936,11.749999761612344,1555.5,0,helps,more confident
medxpertqa:Text-303:E-G:ba,Text-303:E-G,ba,Text-303,Reasoning,Cardiovascular,B,Hypertensive emergency,Acute hypertensive nephrosclerosis,False,B,text,-4.511047840118408,-0.011047743260860443,0.010986941583869245,0.9890130589396958,4.500000096857548,,True,30,30,30,0,1.0,0.0,1.0,0.0,9.50000006243863,8.000000175496098,12.50000011921611,965.5,0,helps,more confident
medxpertqa:Text-303:E-H:ab,Text-303:E-H,ab,Text-303,Reasoning,Cardiovascular,A,Hypertensive emergency,Secondary hypertension due to renal artery stenosis,False,A,text,-5.829164365422912e-05,-9.7500581741333,0.9999417100552707,5.829127258796956e-05,9.749999882489647,,True,30,30,27,3,0.9,0.1,0.5333333333333333,0.4666666666666667,10.250000179521521,-1.7500000149011612,14.749999642372188,1723.5,0,neutral,
medxpertqa:Text-303:E-H:ba,Text-303:E-H,ba,Text-303,Reasoning,Cardiovascular,B,Hypertensive emergency,Secondary hypertension due to renal artery stenosis,False,B,text,-6.251928806304932,-0.0019286142196506262,0.0019267342527389902,0.9980732443617326,6.250000192085281,,True,30,30,30,0,1.0,0.0,0.9666666666666667,0.03333333333333333,10.499999881176336,3.250000037252903,12.50000011921611,1591.5,0,helps,more confident
medxpertqa:Text-303:E-I:ab,Text-303:E-I,ab,Text-303,Reasoning,Cardiovascular,A,Hypertensive emergency,Chronic kidney disease with hypertensive urgency,False,A,text,-0.00026127262390218675,-8.250261306762695,0.9997387615048174,0.0002611902975925828,8.250000034138793,,True,30,30,4,26,0.13333333333333333,0.8666666666666667,0.13333333333333333,0.8666666666666667,-3.2500000800937414,-6.500000056345016,10.749999523393853,1217.5,0,hurts,flips to wrong
medxpertqa:Text-303:E-I:ba,Text-303:E-I,ba,Text-303,Reasoning,Cardiovascular,B,Hypertensive emergency,Chronic kidney disease with hypertensive urgency,False,B,text,-5.753177642822266,-0.0031777145341038704,0.0031726831078774057,0.9968273290569476,5.749999928288162,,True,30,30,21,9,0.7,0.3,0.6666666666666666,0.3333333333333333,9.000000365267624,-5.000000070314854,13.749999880791279,1321.0,0,neutral,
medxpertqa:Text-303:E-J:ab,Text-303:E-J,ab,Text-303,Reasoning,Cardiovascular,A,Hypertensive emergency,Hypertension,False,A,text,-1.0728830375228426e-06,-13.750000953674316,0.999998927117538,1.0677029917933763e-06,13.749999880791279,,True,30,30,25,5,0.8333333333333334,0.16666666666666666,0.36666666666666664,0.6333333333333333,1.4999999850988388,-2.2499999552965164,19.75,953.0,0,neutral,
medxpertqa:Text-303:E-J:ba,Text-303:E-J,ba,Text-303,Reasoning,Cardiovascular,B,Hypertensive emergency,Hypertension,False,B,text,-9.7500581741333,-5.829164365422912e-05,5.829127258796956e-05,0.9999417100552707,9.749999882489647,,True,30,30,28,2,0.9333333333333333,0.06666666666666667,0.8666666666666667,0.13333333333333333,11.5000003576788,-2.2499999180436134,17.5,1067.5,0,helps,more confident
medxpertqa:Text-317:C-A:ab,Text-317:C-A,ab,Text-317,Understanding,Reproductive,A,Granulomatous mastitis,Inflammatory breast carcinoma,False,A,text,-0.008614521473646164,-4.758614540100098,0.9914224771982877,0.008577484930474293,4.7500000186264515,,True,30,30,30,0,1.0,0.0,1.0,0.0,16.249999880790718,10.999999523302904,21.0,667.0,0,helps,more confident
medxpertqa:Text-317:C-A:ba,Text-317:C-A,ba,Text-317,Understanding,Reproductive,B,Granulomatous mastitis,Inflammatory breast carcinoma,False,B,text,-5.2552337646484375,-0.005233753472566605,0.005220125868449866,0.9947799187523881,5.250000011175871,,True,30,30,30,0,1.0,0.0,1.0,0.0,11.5000003576788,9.250000243031536,14.499999523162955,712.5,0,helps,more confident
medxpertqa:Text-317:C-B:ab,Text-317:C-B,ab,Text-317,Understanding,Reproductive,A,Granulomatous mastitis,Galactocele,False,A,text,-0.0007098776986822486,-7.2507100105285645,0.9992903742048809,0.00070967033651176,7.250000132829882,,True,30,30,30,0,1.0,0.0,1.0,0.0,16.875,13.749999761582103,23.0,760.5,0,helps,more confident
medxpertqa:Text-317:C-B:ba,Text-317:C-B,ba,Text-317,Understanding,Reproductive,B,Granulomatous mastitis,Galactocele,False,B,text,-7.500553131103516,-0.0005529781919904053,0.0005527785265734312,0.9994471746722718,7.500000152911525,,True,30,30,30,0,1.0,0.0,1.0,0.0,12.999999642374632,9.749999882489647,14.749999642372188,661.5,0,helps,more confident
medxpertqa:Text-317:C-D:ab,Text-317:C-D,ab,Text-317,Understanding,Reproductive,A,Granulomatous mastitis,Subareolar breast abscess,False,B,text,-6.7511701583862305,-0.0011701886542141438,0.0011695103074966034,0.9988304957495425,-6.749999969732016,,False,30,30,9,21,0.3,0.7,0.3333333333333333,0.6666666666666666,-7.874999895953806,-12.250000000011369,7.000000058033038,1451.0,0,neutral,
medxpertqa:Text-317:C-D:ba,Text-317:C-D,ba,Text-317,Understanding,Reproductive,B,Granulomatous mastitis,Subareolar breast abscess,False,A,text,-2.1457441107486375e-05,-10.750020980834961,0.9999785427891018,2.1444958378736654e-05,-10.749999523393853,,False,30,30,6,24,0.2,0.8,0.2,0.8,-14.25000035762804,-17.5,3.4999998845160007,1408.0,0,hurts,more wrong
medxpertqa:Text-317:C-E:ab,Text-317:C-E,ab,Text-317,Understanding,Reproductive,A,Granulomatous mastitis,Mammary ductal ectasia,False,A,text,-0.011047743260860443,-4.511047840118408,0.9890130589396958,0.010986941583869245,4.500000096857548,,True,30,30,30,0,1.0,0.0,1.0,0.0,15.124999701976819,10.7500003578607,19.25,1019.0,0,helps,more confident
medxpertqa:Text-317:C-E:ba,Text-317:C-E,ba,Text-317,Understanding,Reproductive,B,Granulomatous mastitis,Mammary ductal ectasia,False,B,text,-3.529750347137451,-0.029750416055321693,0.029312232836486894,0.9706877714009485,3.4999999310821295,,True,30,30,30,0,1.0,0.0,1.0,0.0,8.999999649982783,5.9999998500570655,11.749999761612344,1182.5,0,helps,more confident
medxpertqa:Text-317:C-F:ab,Text-317:C-F,ab,Text-317,Understanding,Reproductive,A,Granulomatous mastitis,Plasma cell mastitis,False,B,text,-0.6931471824645996,-0.6931471824645996,0.49999999904767284,0.49999999904767284,0.0,,False,30,30,25,5,0.8333333333333334,0.16666666666666666,0.8333333333333334,0.16666666666666666,11.375000357695626,-9.749999882489647,16.499999880790718,1097.0,0,helps,flips to correct
medxpertqa:Text-317:C-F:ba,Text-317:C-F,ba,Text-317,Understanding,Reproductive,B,Granulomatous mastitis,Plasma cell mastitis,False,A,text,-0.018149960786104202,-4.0181498527526855,0.9820137577607906,0.017986211314027313,-3.9999998919665813,,False,30,30,12,18,0.4,0.6,0.4,0.6,-10.250000119918695,-17.25,7.749999973515514,1515.0,0,neutral,
medxpertqa:Text-317:C-G:ab,Text-317:C-G,ab,Text-317,Understanding,Reproductive,A,Granulomatous mastitis,Acute non-puerperal mastitis,False,B,text,-9.50007438659668,-7.486063259420916e-05,7.484626212190614e-05,0.999925142169393,-9.499999525964085,,False,30,30,13,17,0.43333333333333335,0.5666666666666667,0.5,0.5,-9.374999766236215,-14.00000011920963,7.499999914609361,1238.0,0,neutral,
medxpertqa:Text-317:C-G:ba,Text-317:C-G,ba,Text-317,Understanding,Reproductive,B,Granulomatous mastitis,Acute non-puerperal mastitis,False,A,text,-0.00026127262390218675,-8.250261306762695,0.9997387615048174,0.0002611902975925828,-8.250000034138793,,False,30,30,14,16,0.4666666666666667,0.5333333333333333,0.5,0.5,-8.124999831830792,-16.75,6.000000206753612,1277.5,0,neutral,
medxpertqa:Text-317:C-H:ab,Text-317:C-H,ab,Text-317,Understanding,Reproductive,A,Granulomatous mastitis,Fat necrosis of the breast,False,A,text,-0.00033539868309162557,-8.000335693359375,0.9996646575567589,0.0003353500342255387,8.000000294676283,,True,30,30,30,0,1.0,0.0,1.0,0.0,16.8125,13.499999523163865,19.25,828.5,0,helps,more confident
medxpertqa:Text-317:C-H:ba,Text-317:C-H,ba,Text-317,Understanding,Reproductive,B,Granulomatous mastitis,Fat necrosis of the breast,False,B,text,-4.0181498527526855,-0.018149960786104202,0.017986211314027313,0.9820137577607906,3.9999998919665813,,True,30,30,30,0,1.0,0.0,1.0,0.0,10.624999821490746,8.000000294676283,12.750000000004093,755.5,0,helps,more confident
medxpertqa:Text-317:C-I:ab,Text-317:C-I,ab,Text-317,Understanding,Reproductive,A,Granulomatous mastitis,Periductal mastitis,False,B,text,-9.250096321105957,-9.60780744208023e-05,9.610239492660866e-05,0.9999039265409296,-9.250000243031536,,False,30,30,0,30,0.0,1.0,0.0,1.0,-13.124999880792757,-15.999999880790718,-10.249999762210791,834.0,0,hurts,more wrong
medxpertqa:Text-317:C-I:ba,Text-317:C-I,ba,Text-317,Understanding,Reproductive,B,Granulomatous mastitis,Periductal mastitis,False,A,text,-4.768370445162873e-07,-14.5,0.9999995231630692,5.04347662567888e-07,-14.499999523162955,,False,30,30,0,30,0.0,1.0,0.03333333333333333,0.9666666666666667,-22.625,-26.0,-0.25,639.0,0,hurts,more wrong
medxpertqa:Text-317:C-J:ab,Text-317:C-J,ab,Text-317,Understanding,Reproductive,A,Granulomatous mastitis,Tuberculous mastitis,False,A,text,-0.31326165795326233,-1.31326162815094,0.7310586002437232,0.26894143733631704,0.9999999701976776,,True,30,30,25,5,0.8333333333333334,0.16666666666666666,0.8333333333333334,0.16666666666666666,9.749999763287633,-5.250000020954758,12.50000011921611,1412.5,0,helps,more confident
medxpertqa:Text-317:C-J:ba,Text-317:C-J,ba,Text-317,Understanding,Reproductive,B,Granulomatous mastitis,Tuberculous mastitis,False,B,text,-0.825939416885376,-0.575939416885376,0.43782350042481233,0.5621765025686553,0.25,,True,30,30,29,1,0.9666666666666667,0.03333333333333333,0.9666666666666667,0.03333333333333333,8.250000034138793,-7.249999894585926,11.999999523181941,1144.0,0,helps,more confident
medxpertqa:Text-326:E-A:ab,Text-326:E-A,ab,Text-326,Reasoning,Muscular,A,Posterior radial head,Ulnar collateral ligament sprain,True,B,text,-0.9740769863128662,-0.4740769863128662,0.377540667992942,0.6224593298742985,-0.5,,False,30,30,30,0,1.0,0.0,1.0,0.0,9.499999525964085,7.250000132829882,14.25000035762804,1021.5,0,excluded,letter bias: the same letter in both orders
medxpertqa:Text-326:E-A:ba,Text-326:E-A,ba,Text-326,Reasoning,Muscular,B,Posterior radial head,Ulnar collateral ligament sprain,True,B,text,-3.529750347137451,-0.029750416055321693,0.029312232836486894,0.9706877714009485,3.4999999310821295,,True,30,30,30,0,1.0,0.0,1.0,0.0,8.000000294676283,4.999999836552888,10.50000011958764,1077.0,0,excluded,letter bias: the same letter in both orders
medxpertqa:Text-326:E-B:ab,Text-326:E-B,ab,Text-326,Reasoning,Muscular,A,Posterior radial head,Olecranon bursitis,False,A,text,-0.011047743260860443,-4.511047840118408,0.9890130589396958,0.010986941583869245,4.500000096857548,,True,30,30,30,0,1.0,0.0,1.0,0.0,13.374999761582956,9.624999644562195,17.5,1012.5,0,helps,more confident
medxpertqa:Text-326:E-B:ba,Text-326:E-B,ba,Text-326,Reasoning,Muscular,B,Posterior radial head,Olecranon bursitis,False,B,text,-6.002475738525391,-0.0024756519123911858,0.002472623024627213,0.9975274099865513,6.000000086612999,,True,30,30,30,0,1.0,0.0,0.9333333333333333,0.06666666666666667,7.875000014930265,3.9999999348074198,11.999999523181941,1336.0,0,helps,more confident
medxpertqa:Text-326:E-C:ab,Text-326:E-C,ab,Text-326,Reasoning,Muscular,A,Posterior radial head,Supinator muscle strain,False,B,text,-8.250261306762695,-0.00026127262390218675,0.0002611902975925828,0.9997387615048174,-8.250000034138793,,False,30,30,2,28,0.06666666666666667,0.9333333333333333,0.2,0.8,-9.625000121463017,-12.50000011921611,3.250000011175871,1289.0,0,hurts,more wrong
medxpertqa:Text-326:E-C:ba,Text-326:E-C,ba,Text-326,Reasoning,Muscular,B,Posterior radial head,Supinator muscle strain,False,A,text,-0.38687101006507874,-1.1368709802627563,0.6791786964925157,0.32082130911852547,-0.7499999701976776,,False,30,30,6,24,0.2,0.8,0.23333333333333334,0.7666666666666667,-7.249999954132363,-10.50000011958764,6.000000086612999,1670.5,0,hurts,more wrong
medxpertqa:Text-326:E-D:ab,Text-326:E-D,ab,Text-326,Reasoning,Muscular,A,Posterior radial head,Lateral epicondylitis,False,B,text,-17.25,0.0,3.2241867372567335e-08,1.0,-17.25,,False,30,30,0,30,0.0,1.0,0.26666666666666666,0.6666666666666666,-18.25,-22.25,-14.25000035762804,467.0,0,neutral,
medxpertqa:Text-326:E-D:ba,Text-326:E-D,ba,Text-326,Reasoning,Muscular,B,Posterior radial head,Lateral epicondylitis,False,A,text,-5.960462772236497e-07,-14.250000953674316,0.9999994039539004,6.47594599989589e-07,-14.25000035762804,,False,30,30,0,30,0.0,1.0,0.03333333333333333,0.9666666666666667,-21.25,-26.75,-14.125000238418806,731.0,0,hurts,more wrong
medxpertqa:Text-326:E-F:ab,Text-326:E-F,ab,Text-326,Reasoning,Muscular,A,Posterior radial head,Radial nerve entrapment,True,B,text,-0.9740769863128662,-0.4740769863128662,0.377540667992942,0.6224593298742985,-0.5,,False,30,30,2,28,0.06666666666666667,0.9333333333333333,0.06666666666666667,0.9333333333333333,-6.250000192550942,-8.250000034138793,10.999999523302904,1385.5,0,excluded,letter bias: the same letter in both orders
medxpertqa:Text-326:E-F:ba,Text-326:E-F,ba,Text-326,Reasoning,Muscular,B,Posterior radial head,Radial nerve entrapment,True,B,text,-2.3502066135406494,-0.10020658373832703,0.09534945969074979,0.9046505126460354,2.2500000298023224,,True,30,30,10,20,0.3333333333333333,0.6666666666666666,0.3,0.7,-5.124999982770532,-9.250000243031536,8.000000294676283,1657.0,0,excluded,letter bias: the same letter in both orders
medxpertqa:Text-326:E-G:ab,Text-326:E-G,ab,Text-326,Reasoning,Muscular,A,Posterior radial head,Medial epicondylitis,True,B,text,-3.288041353225708,-0.03804141283035278,0.037326888033261264,0.9626730730490257,-3.2499999403953552,,False,30,30,30,0,1.0,0.0,1.0,0.0,5.374999937834218,2.499999962747097,8.499999663079507,1188.5,0,excluded,letter bias: the same letter in both orders
medxpertqa:Text-326:E-G:ba,Text-326:E-G,ba,Text-326,Reasoning,Muscular,B,Posterior radial head,Medial epicondylitis,True,B,text,-4.758614540100098,-0.008614521473646164,0.008577484930474293,0.9914224771982877,4.7500000186264515,,True,30,30,30,0,1.0,0.0,0.9,0.1,5.999999967869371,4.499999861232936,10.249999881416443,1126.0,0,excluded,letter bias: the same letter in both orders
medxpertqa:Text-326:E-H:ab,Text-326:E-H,ab,Text-326,Reasoning,Muscular,A,Posterior radial head,Proximal radioulnar joint dysfunction,False,B,text,-13.500000953674316,-1.4305104514278355e-06,1.3709577789362383e-06,0.9999985694905718,-13.499999523163865,,False,30,30,0,30,0.0,1.0,0.16666666666666666,0.8333333333333334,-14.999999642372188,-18.75,-11.5000003576788,588.5,0,hurts,more wrong
medxpertqa:Text-326:E-H:ba,Text-326:E-H,ba,Text-326,Reasoning,Muscular,B,Posterior radial head,Proximal radioulnar joint dysfunction,False,A,text,-0.00020346954988781363,-8.500203132629395,0.9997965511486372,0.00020342704214340812,-8.499999663079507,,False,30,30,1,29,0.03333333333333333,0.9666666666666667,0.03333333333333333,0.9666666666666667,-15.624999821186083,-21.0,1.7499999701976776,706.5,0,hurts,more wrong
medxpertqa:Text-326:E-I:ab,Text-326:E-I,ab,Text-326,Reasoning,Muscular,A,Posterior radial head,Anterior radial head,False,B,text,-1.9102240800857544,-0.1602240949869156,0.14804720844715558,0.8519528492100928,-1.7499999850988388,,False,30,30,30,0,1.0,0.0,1.0,0.0,9.499999525964085,6.249999835155904,17.75,1294.0,0,helps,flips to correct
medxpertqa:Text-326:E-I:ba,Text-326:E-I,ba,Text-326,Reasoning,Muscular,B,Posterior radial head,Anterior radial head,False,A,text,-0.2014133334159851,-1.7014133930206299,0.8175744308728488,0.18242550282051248,-1.5000000596046448,,False,30,30,29,1,0.9666666666666667,0.03333333333333333,0.9666666666666667,0.03333333333333333,6.500000118394382,-8.499999543884769,10.249999881416443,1361.5,0,helps,flips to correct
medxpertqa:Text-326:E-J:ab,Text-326:E-J,ab,Text-326,Reasoning,Muscular,A,Posterior radial head,Radial collateral ligament tear,False,B,text,-7.750430583953857,-0.0004306104383431375,0.0004305571096741222,0.9995694822610254,-7.749999973515514,,False,30,30,1,29,0.03333333333333333,0.9666666666666667,0.23333333333333334,0.7666666666666667,-9.250000243031536,-13.250000119210881,2.250000074505806,1089.5,0,hurts,more wrong
medxpertqa:Text-326:E-J:ba,Text-326:E-J,ba,Text-326,Reasoning,Muscular,B,Posterior radial head,Radial collateral ligament tear,False,A,text,-0.12692804634571075,-2.1269280910491943,0.8807970468833343,0.11920291248514252,-2.0000000447034836,,False,30,30,5,25,0.16666666666666666,0.8333333333333334,0.16666666666666666,0.8333333333333334,-8.624999659019522,-11.250000357712452,4.249999927356839,1329.0,0,hurts,more wrong
medxpertqa:Text-330:G-A:ab,Text-330:G-A,ab,Text-330,Reasoning,Nervous,A,Anorexia nervosa,Atypical anorexia nervosa,True,A,text,-0.01416344940662384,-4.264163494110107,0.9859363803758086,0.014063626520379485,4.250000044703484,,True,30,30,13,17,0.43333333333333335,0.5666666666666667,0.4,0.6,-3.6249999525025487,-9.249999647043296,10.50000011958764,1960.5,0,excluded,letter bias: the same letter in both orders
medxpertqa:Text-330:G-A:ba,Text-330:G-A,ba,Text-330,Reasoning,Nervous,B,Anorexia nervosa,Atypical anorexia nervosa,True,A,text,-0.0007098776986822486,-7.2507100105285645,0.9992903742048809,0.00070967033651176,-7.250000132829882,,False,30,30,2,28,0.06666666666666667,0.9333333333333333,0.2,0.8,-10.499999583201316,-14.00000011920963,6.499999938067049,1893.0,0,excluded,letter bias: the same letter in both orders
medxpertqa:Text-330:G-B:ab,Text-330:G-B,ab,Text-330,Reasoning,Nervous,A,Anorexia nervosa,Bulimia nervosa,True,A,text,-0.25192904472351074,-1.5019290447235107,0.77729988964086,0.2227001469810028,1.25,,True,30,30,0,30,0.0,1.0,0.0,1.0,-8.250000034138793,-11.999999523181941,-5.250000134576112,717.5,0,excluded,letter bias: the same letter in both orders
medxpertqa:Text-330:G-B:ba,Text-330:G-B,ba,Text-330,Reasoning,Nervous,B,Anorexia nervosa,Bulimia nervosa,True,A,text,-0.0007098776986822486,-7.2507100105285645,0.9992903742048809,0.00070967033651176,-7.250000132829882,,False,30,30,0,30,0.0,1.0,0.0,1.0,-12.874999821189363,-16.75,-10.249999881416443,756.5,0,excluded,letter bias: the same letter in both orders
medxpertqa:Text-330:G-C:ab,Text-330:G-C,ab,Text-330,Reasoning,Nervous,A,Anorexia nervosa,Picky eating disorder,False,A,text,-1.1920928244535389e-07,-16.25,0.9999998807907247,8.764248219443636e-08,16.249999880790718,,True,30,30,30,0,1.0,0.0,0.9666666666666667,0.03333333333333333,20.8125,15.49999976158145,27.25,1050.0,0,helps,more confident
medxpertqa:Text-330:G-C:ba,Text-330:G-C,ba,Text-330,Reasoning,Nervous,B,Anorexia nervosa,Picky eating disorder,False,B,text,-12.000005722045898,-6.198863957251888e-06,6.144177195963701e-06,0.9999938011552557,11.999999523181941,,True,30,30,30,0,1.0,0.0,1.0,0.0,15.49999976158145,12.750000000004093,20.5,1023.5,0,helps,more confident
medxpertqa:Text-330:G-D:ab,Text-330:G-D,ab,Text-330,Reasoning,Nervous,A,Anorexia nervosa,Normal adolescent behavior,False,A,text,0.0,-21.5,1.0,4.5990553786523166e-10,21.5,,True,30,30,30,0,1.0,0.0,0.6666666666666666,0.3333333333333333,22.375,18.125,28.5,1064.5,0,neutral,
medxpertqa:Text-330:G-D:ba,Text-330:G-D,ba,Text-330,Reasoning,Nervous,B,Anorexia nervosa,Normal adolescent behavior,False,B,text,-15.75,-1.1920928244535389e-07,1.4449802461092448e-07,0.9999998807907247,15.749999880790718,,True,30,30,30,0,1.0,0.0,0.6333333333333333,0.36666666666666664,16.437499880790718,13.499999523163865,20.25,885.5,0,neutral,
medxpertqa:Text-330:G-E:ab,Text-330:G-E,ab,Text-330,Reasoning,Nervous,A,Anorexia nervosa,Major depressive disorder,False,A,text,-1.4305104514278355e-06,-13.500000953674316,0.9999985694905718,1.3709577789362383e-06,13.499999523163865,,True,30,30,30,0,1.0,0.0,1.0,0.0,18.75,15.749999880790718,23.5,1207.5,0,helps,more confident
medxpertqa:Text-330:G-E:ba,Text-330:G-E,ba,Text-330,Reasoning,Nervous,B,Anorexia nervosa,Major depressive disorder,False,B,text,-10.750020980834961,-2.1457441107486375e-05,2.1444958378736654e-05,0.9999785427891018,10.749999523393853,,True,30,30,30,0,1.0,0.0,1.0,0.0,13.625000119210199,11.00000035776975,20.5,1375.0,0,helps,more confident
medxpertqa:Text-330:G-F:ab,Text-330:G-F,ab,Text-330,Reasoning,Nervous,A,Anorexia nervosa,Binge eating disorder,False,A,text,-3.576278118089249e-07,-15.0,0.9999996423722521,3.059023205018258e-07,14.999999642372188,,True,30,30,30,0,1.0,0.0,0.8,0.2,16.687499880790725,12.875000119213155,24.75,1616.5,0,helps,more confident
medxpertqa:Text-330:G-F:ba,Text-330:G-F,ba,Text-330,Reasoning,Nervous,B,Anorexia nervosa,Binge eating disorder,False,B,text,-11.25001335144043,-1.2993727978027891e-05,1.3007123989067183e-05,0.9999870063564401,11.250000357712452,,True,30,30,30,0,1.0,0.0,0.8,0.2,12.499999880798441,9.87500012057717,17.25,1509.0,0,helps,more confident
medxpertqa:Text-330:G-H:ab,Text-330:G-H,ab,Text-330,Reasoning,Nervous,A,Anorexia nervosa,Avoidant/restrictive food intake disorder,False,A,text,-0.0019286142196506262,-6.251928806304932,0.9980732443617326,0.0019267342527389902,6.250000192085281,,True,30,30,30,0,1.0,0.0,1.0,0.0,12.062499880807763,9.624999525360181,18.75,1560.5,0,helps,more confident
medxpertqa:Text-330:G-H:ba,Text-330:G-H,ba,Text-330,Reasoning,Nervous,B,Anorexia nervosa,Avoidant/restrictive food intake disorder,False,B,text,-0.9740769863128662,-0.4740769863128662,0.377540667992942,0.6224593298742985,0.5,,True,30,30,30,0,1.0,0.0,1.0,0.0,9.249999885443685,4.750000161118805,13.499999523163865,1514.0,0,helps,more confident
medxpertqa:Text-330:G-I:ab,Text-330:G-I,ab,Text-330,Reasoning,Nervous,A,Anorexia nervosa,Other specified feeding or eating disorder,True,A,text,-0.0024756519123911858,-6.002475738525391,0.9975274099865513,0.002472623024627213,6.000000086612999,,True,30,30,8,22,0.26666666666666666,0.7333333333333333,0.23333333333333334,0.7666666666666667,-3.624999918974936,-7.500000033760443,11.24999988088166,1616.5,0,excluded,letter bias: the same letter in both orders
medxpertqa:Text-330:G-I:ba,Text-330:G-I,ba,Text-330,Reasoning,Nervous,B,Anorexia nervosa,Other specified feeding or eating disorder,True,A,text,-0.575939416885376,-0.825939416885376,0.5621765025686553,0.43782350042481233,-0.25,,False,30,30,10,20,0.3333333333333333,0.6666666666666666,0.3333333333333333,0.6666666666666666,-3.6249998658895493,-6.9999998198472895,7.250000017113052,1841.0,0,excluded,letter bias: the same letter in both orders
medxpertqa:Text-330:G-J:ab,Text-330:G-J,ab,Text-330,Reasoning,Nervous,A,Anorexia nervosa,Body dysmorphic disorder,False,A,text,-3.6954811548639555e-06,-12.500003814697266,0.9999963045256735,3.7266389560521204e-06,12.50000011921611,,True,30,30,30,0,1.0,0.0,1.0,0.0,20.4375,14.12500011920963,26.0,1030.5,0,helps,more confident
medxpertqa:Text-330:G-J:ba,Text-330:G-J,ba,Text-330,Reasoning,Nervous,B,Anorexia nervosa,Body dysmorphic disorder,False,B,text,-7.500553131103516,-0.0005529781919904053,0.0005527785265734312,0.9994471746722718,7.500000152911525,,True,30,30,30,0,1.0,0.0,1.0,0.0,11.749999582799774,9.124999767729605,16.499999880790718,1496.0,0,helps,more confident
medxpertqa:Text-409:A-B:ab,Text-409:A-B,ab,Text-409,Reasoning,Muscular,A,Extension,Contralateral rotation with sidebending,False,B,text,-3.529750347137451,-0.029750416055321693,0.029312232836486894,0.9706877714009485,-3.4999999310821295,,False,30,30,19,11,0.6333333333333333,0.36666666666666664,0.6333333333333333,0.36666666666666664,4.999999832129106,-8.499999543884769,8.250000034138793,2207.0,0,neutral,
medxpertqa:Text-409:A-B:ba,Text-409:A-B,ba,Text-409,Reasoning,Muscular,B,Extension,Contralateral rotation with sidebending,False,A,text,-0.1602240949869156,-1.9102240800857544,0.8519528492100928,0.14804720844715558,-1.7499999850988388,,False,30,30,30,0,1.0,0.0,1.0,0.0,9.87500012057535,6.499999818275683,11.5000003576788,1224.5,0,helps,flips to correct
medxpertqa:Text-409:A-C:ab,Text-409:A-C,ab,Text-409,Reasoning,Muscular,A,Extension,Retraction,False,A,text,-0.25192904472351074,-1.5019290447235107,0.77729988964086,0.2227001469810028,1.25,,True,30,30,30,0,1.0,0.0,1.0,0.0,15.24999976158145,12.50000011921611,17.5,766.5,0,helps,more confident
medxpertqa:Text-409:A-C:ba,Text-409:A-C,ba,Text-409,Reasoning,Muscular,B,Extension,Retraction,False,B,text,-1.7014133930206299,-0.2014133334159851,0.18242550282051248,0.8175744308728488,1.5000000596046448,,True,30,30,30,0,1.0,0.0,1.0,0.0,10.50000011958764,8.999999649982783,13.499999523163865,749.5,0,helps,more confident
medxpertqa:Text-409:A-D:ab,Text-409:A-D,ab,Text-409,Reasoning,Muscular,A,Extension,Combined flexion-rotation,False,B,text,-5.753177642822266,-0.0031777145341038704,0.0031726831078774057,0.9968273290569476,-5.749999928288162,,False,30,30,25,5,0.8333333333333334,0.16666666666666666,0.8666666666666667,0.13333333333333333,4.499999982304871,-10.50000011958764,7.749999973515514,1923.0,0,helps,flips to correct
medxpertqa:Text-409:A-D:ba,Text-409:A-D,ba,Text-409,Reasoning,Muscular,B,Extension,Combined flexion-rotation,False,A,text,-0.018149960786104202,-4.0181498527526855,0.9820137577607906,0.017986211314027313,-3.9999998919665813,,False,30,30,30,0,1.0,0.0,1.0,0.0,9.749999763287633,7.249999894876964,11.5000003576788,1102.5,0,helps,flips to correct
medxpertqa:Text-409:A-E:ab,Text-409:A-E,ab,Text-409,Reasoning,Muscular,A,Extension,Ipsilateral rotation with sidebending,False,B,text,-3.529750347137451,-0.029750416055321693,0.029312232836486894,0.9706877714009485,-3.4999999310821295,,False,30,30,27,3,0.9,0.1,0.9,0.1,6.3750000052386895,-9.749999882489647,9.749999882489647,1901.0,0,helps,flips to correct
medxpertqa:Text-409:A-E:ba,Text-409:A-E,ba,Text-409,Reasoning,Muscular,B,Extension,Ipsilateral rotation with sidebending,False,A,text,-0.12692804634571075,-2.1269280910491943,0.8807970468833343,0.11920291248514252,-2.0000000447034836,,False,30,30,30,0,1.0,0.0,1.0,0.0,10.000000358661055,7.500000152911525,12.50000011921611,1088.0,0,helps,flips to correct
medxpertqa:Text-409:A-F:ab,Text-409:A-F,ab,Text-409,Reasoning,Muscular,A,Extension,Flexion,True,B,text,-4.0181498527526855,-0.018149960786104202,0.017986211314027313,0.9820137577607906,-3.9999998919665813,,False,30,30,30,0,1.0,0.0,1.0,0.0,8.624999778206984,4.499999979510903,12.999999642374632,992.0,0,excluded,letter bias: the same letter in both orders
medxpertqa:Text-409:A-F:ba,Text-409:A-F,ba,Text-409,Reasoning,Muscular,B,Extension,Flexion,True,B,text,-1.7014133930206299,-0.2014133334159851,0.18242550282051248,0.8175744308728488,1.5000000596046448,,True,30,30,30,0,1.0,0.0,1.0,0.0,11.250000357712452,4.000000085681677,14.25000035762804,682.5,0,excluded,letter bias: the same letter in both orders
medxpertqa:Text-409:A-G:ab,Text-409:A-G,ab,Text-409,Reasoning,Muscular,A,Extension,Combined extension-rotation,False,B,text,-5.753177642822266,-0.0031777145341038704,0.0031726831078774057,0.9968273290569476,-5.749999928288162,,False,30,30,7,23,0.23333333333333334,0.7666666666666667,0.3,0.7,-8.00000017551065,-12.999999642374632,2.2500000968575478,2299.0,0,hurts,more wrong
medxpertqa:Text-409:A-G:ba,Text-409:A-G,ba,Text-409,Reasoning,Muscular,B,Extension,Combined extension-rotation,False,A,text,-0.029750416055321693,-3.529750347137451,0.9706877714009485,0.029312232836486894,-3.4999999310821295,,False,30,30,22,8,0.7333333333333333,0.26666666666666666,0.7333333333333333,0.26666666666666666,6.375000124215148,-10.999999523302904,11.5000003576788,1809.0,0,helps,flips to correct
medxpertqa:Text-409:A-H:ab,Text-409:A-H,ab,Text-409,Reasoning,Muscular,A,Extension,Rotation,False,B,text,-3.288041353225708,-0.03804141283035278,0.037326888033261264,0.9626730730490257,-3.2499999403953552,,False,30,30,29,1,0.9666666666666667,0.03333333333333333,0.9666666666666667,0.03333333333333333,10.249999881416443,-6.750000208965503,11.999999523181941,1435.0,0,helps,flips to correct
medxpertqa:Text-409:A-H:ba,Text-409:A-H,ba,Text-409,Reasoning,Muscular,B,Extension,Rotation,False,A,text,-0.12692804634571075,-2.1269280910491943,0.8807970468833343,0.11920291248514252,-2.0000000447034836,,False,30,30,29,1,0.9666666666666667,0.03333333333333333,0.9666666666666667,0.03333333333333333,10.249999881416443,-3.7500000968575478,12.50000011921611,1360.5,0,helps,flips to correct
medxpertqa:Text-409:A-I:ab,Text-409:A-I,ab,Text-409,Reasoning,Muscular,A,Extension,Sidebending,False,A,text,-0.575939416885376,-0.825939416885376,0.5621765025686553,0.43782350042481233,0.25,,True,30,30,30,0,1.0,0.0,1.0,0.0,14.00000011920963,9.749999882489647,16.75,1104.5,0,helps,more confident
medxpertqa:Text-409:A-I:ba,Text-409:A-I,ba,Text-409,Reasoning,Muscular,B,Extension,Sidebending,False,B,text,-2.1269280910491943,-0.12692804634571075,0.11920291248514252,0.8807970468833343,2.0000000447034836,,True,30,30,30,0,1.0,0.0,1.0,0.0,11.749999761612344,10.000000358661055,14.749999642372188,675.5,0,helps,more confident
medxpertqa:Text-409:A-J:ab,Text-409:A-J,ab,Text-409,Reasoning,Muscular,A,Extension,Protraction,False,A,text,-0.10020658373832703,-2.3502066135406494,0.9046505126460354,0.09534945969074979,2.2500000298023224,,True,30,30,30,0,1.0,0.0,1.0,0.0,17.0,14.999999642372188,20.5,696.5,0,helps,more confident
medxpertqa:Text-409:A-J:ba,Text-409:A-J,ba,Text-409,Reasoning,Muscular,B,Extension,Protraction,False,B,text,-5.2552337646484375,-0.005233753472566605,0.005220125868449866,0.9947799187523881,5.250000011175871,,True,30,30,30,0,1.0,0.0,1.0,0.0,13.499999523163865,11.250000357712452,15.999999880790718,665.0,0,helps,more confident
medxpertqa:Text-416:D-A:ab,Text-416:D-A,ab,Text-416,Reasoning,Skeletal,A,right-on-right sacral torsion,bilateral sacral extension,False,A,text,-0.00026127262390218675,-8.250261306762695,0.9997387615048174,0.0002611902975925828,8.250000034138793,,True,30,30,30,0,1.0,0.0,1.0,0.0,17.5,13.250000119210881,20.0,620.0,0,helps,more confident
medxpertqa:Text-416:D-A:ba,Text-416:D-A,ba,Text-416,Reasoning,Skeletal,B,right-on-right sacral torsion,bilateral sacral extension,False,B,text,-8.250261306762695,-0.00026127262390218675,0.0002611902975925828,0.9997387615048174,8.250000034138793,,True,30,30,30,0,1.0,0.0,1.0,0.0,12.250000000011369,9.250000243031536,15.49999976158145,599.0,0,helps,more confident
medxpertqa:Text-416:D-B:ab,Text-416:D-B,ab,Text-416,Reasoning,Skeletal,A,right-on-right sacral torsion,bilateral sacral flexion,False,A,text,-0.005233753472566605,-5.2552337646484375,0.9947799187523881,0.005220125868449866,5.250000011175871,,True,30,30,30,0,1.0,0.0,1.0,0.0,13.749999880791279,9.250000243031536,16.75,763.5,0,helps,more confident
medxpertqa:Text-416:D-B:ba,Text-416:D-B,ba,Text-416,Reasoning,Skeletal,B,right-on-right sacral torsion,bilateral sacral flexion,False,B,text,-7.2507100105285645,-0.0007098776986822486,0.00070967033651176,0.9992903742048809,7.250000132829882,,True,30,30,30,0,1.0,0.0,1.0,0.0,11.5000003576788,8.499999663079507,12.999999642374632,596.5,0,helps,more confident
medxpertqa:Text-416:D-C:ab,Text-416:D-C,ab,Text-416,Reasoning,Skeletal,A,right-on-right sacral torsion,sacral base posterior,False,A,text,-0.2014133334159851,-1.7014133930206299,0.8175744308728488,0.18242550282051248,1.5000000596046448,,True,30,30,23,7,0.7666666666666667,0.23333333333333334,0.7666666666666667,0.23333333333333334,9.37499988449781,-12.750000000004093,12.50000011921611,928.0,0,helps,more confident
medxpertqa:Text-416:D-C:ba,Text-416:D-C,ba,Text-416,Reasoning,Skeletal,B,right-on-right sacral torsion,sacral base posterior,False,B,text,-2.3502066135406494,-0.10020658373832703,0.09534945969074979,0.9046505126460354,2.2500000298023224,,True,30,30,30,0,1.0,0.0,1.0,0.0,8.37499984860915,4.749999904073775,11.5000003576788,744.5,0,helps,more confident
medxpertqa:Text-416:D-E:ab,Text-416:D-E,ab,Text-416,Reasoning,Skeletal,A,right-on-right sacral torsion,sacral base anterior,False,A,text,-0.023245446383953094,-3.773245334625244,0.9770226476651187,0.02297737289127478,3.749999888241291,,True,30,30,27,3,0.9,0.1,0.9,0.1,11.999999523181941,-7.749999973515514,14.00000011920963,960.0,0,helps,more confident
medxpertqa:Text-416:D-E:ba,Text-416:D-E,ba,Text-416,Reasoning,Skeletal,B,right-on-right sacral torsion,sacral base anterior,False,B,text,-4.0181498527526855,-0.018149960786104202,0.017986211314027313,0.9820137577607906,3.9999998919665813,,True,30,30,28,2,0.9333333333333333,0.06666666666666667,0.9333333333333333,0.06666666666666667,8.999999649982783,-13.499999523163865,12.250000000011369,688.0,0,helps,more confident
medxpertqa:Text-416:D-F:ab,Text-416:D-F,ab,Text-416,Reasoning,Skeletal,A,right-on-right sacral torsion,right-on-left sacral torsion,False,B,text,-4.264163494110107,-0.01416344940662384,0.014063626520379485,0.9859363803758086,-4.250000044703484,,False,30,30,5,25,0.16666666666666666,0.8333333333333334,0.16666666666666666,0.8333333333333334,-9.499999525964085,-14.999999642372188,9.500000360436388,1235.5,0,hurts,more wrong
medxpertqa:Text-416:D-F:ba,Text-416:D-F,ba,Text-416,Reasoning,Skeletal,B,right-on-right sacral torsion,right-on-left sacral torsion,False,A,text,-0.0007098776986822486,-7.2507100105285645,0.9992903742048809,0.00070967033651176,-7.250000132829882,,False,30,30,0,30,0.0,1.0,0.0,1.0,-18.25,-22.25,-16.249999880790718,622.0,0,hurts,more wrong
medxpertqa:Text-416:D-G:ab,Text-416:D-G,ab,Text-416,Reasoning,Skeletal,A,right-on-right sacral torsion,unilateral sacral flexion on the right,True,B,text,-1.7014133930206299,-0.2014133334159851,0.18242550282051248,0.8175744308728488,-1.5000000596046448,,False,30,30,26,4,0.8666666666666667,0.13333333333333333,0.8666666666666667,0.13333333333333333,6.999999819439836,-8.000000175496098,13.499999523163865,1182.5,0,excluded,letter bias: the same letter in both orders
medxpertqa:Text-416:D-G:ba,Text-416:D-G,ba,Text-416,Reasoning,Skeletal,B,right-on-right sacral torsion,unilateral sacral flexion on the right,True,B,text,-1.9102240800857544,-0.1602240949869156,0.14804720844715558,0.8519528492100928,1.7499999850988388,,True,30,30,30,0,1.0,0.0,1.0,0.0,7.875000134095899,4.250000052154064,10.999999523302904,939.5,0,excluded,letter bias: the same letter in both orders
medxpertqa:Text-416:D-H:ab,Text-416:D-H,ab,Text-416,Reasoning,Skeletal,A,right-on-right sacral torsion,left-on-left sacral torsion,False,B,text,-4.264163494110107,-0.01416344940662384,0.014063626520379485,0.9859363803758086,-4.250000044703484,,False,30,30,1,29,0.03333333333333333,0.9666666666666667,0.03333333333333333,0.9666666666666667,-11.999999523181941,-13.749999880791279,7.749999854568159,925.5,0,hurts,more wrong
medxpertqa:Text-416:D-H:ba,Text-416:D-H,ba,Text-416,Reasoning,Skeletal,B,right-on-right sacral torsion,left-on-left sacral torsion,False,A,text,-0.0015023384476080537,-6.501502513885498,0.9984987894978749,0.001501181950907551,-6.50000017543789,,False,30,30,3,27,0.1,0.9,0.1,0.9,-15.124999701976819,-19.0,10.749999523393853,973.0,0,hurts,more wrong
medxpertqa:Text-416:D-I:ab,Text-416:D-I,ab,Text-416,Reasoning,Skeletal,A,right-on-right sacral torsion,left-on-right sacral torsion,False,B,text,-5.753177642822266,-0.0031777145341038704,0.0031726831078774057,0.9968273290569476,-5.749999928288162,,False,30,30,1,29,0.03333333333333333,0.9666666666666667,0.03333333333333333,0.9666666666666667,-10.999999523302904,-12.50000011921611,7.00000017718412,1049.0,0,hurts,more wrong
medxpertqa:Text-416:D-I:ba,Text-416:D-I,ba,Text-416,Reasoning,Skeletal,B,right-on-right sacral torsion,left-on-right sacral torsion,False,A,text,-5.829164365422912e-05,-9.7500581741333,0.9999417100552707,5.829127258796956e-05,-9.749999882489647,,False,30,30,3,27,0.1,0.9,0.1,0.9,-17.5,-21.0,6.750000089290552,1115.0,0,hurts,more wrong
medxpertqa:Text-416:D-J:ab,Text-416:D-J,ab,Text-416,Reasoning,Skeletal,A,right-on-right sacral torsion,unilateral sacral extension on the left,False,B,text,-3.773245334625244,-0.023245446383953094,0.02297737289127478,0.9770226476651187,-3.749999888241291,,False,30,30,14,16,0.4666666666666667,0.5333333333333333,0.4666666666666667,0.5333333333333333,-4.624999992083758,-10.249999881416443,7.749999973515514,1583.0,0,neutral,
medxpertqa:Text-416:D-J:ba,Text-416:D-J,ba,Text-416,Reasoning,Skeletal,B,right-on-right sacral torsion,unilateral sacral extension on the left,False,A,text,-0.029750416055321693,-3.529750347137451,0.9706877714009485,0.029312232836486894,-3.4999999310821295,,False,30,30,27,3,0.9,0.1,0.9,0.1,5.8749999480787665,-11.999999523181941,8.999999649982783,1034.0,0,helps,flips to correct
medxpertqa:Text-438:A-B:ab,Text-438:A-B,ab,Text-438,Reasoning,Skeletal,A,Pronation ankle sprain,Posterior fibular head somatic dysfunction,True,B,text,-0.9740769863128662,-0.4740769863128662,0.377540667992942,0.6224593298742985,-0.5,,False,30,30,0,30,0.0,1.0,0.0,1.0,-7.124999857012881,-9.499999525964085,-4.7499999003484845,1068.0,0,excluded,letter bias: the same letter in both orders
medxpertqa:Text-438:A-B:ba,Text-438:A-B,ba,Text-438,Reasoning,Skeletal,B,Pronation ankle sprain,Posterior fibular head somatic dysfunction,True,B,text,-1.5019290447235107,-0.25192904472351074,0.2227001469810028,0.77729988964086,1.25,,True,30,30,5,25,0.16666666666666666,0.8333333333333334,0.16666666666666666,0.8333333333333334,-7.124999916559318,-10.749999523393853,8.749999893334461,1505.0,0,excluded,letter bias: the same letter in both orders
medxpertqa:Text-438:A-C:ab,Text-438:A-C,ab,Text-438,Reasoning,Skeletal,A,Pronation ankle sprain,Anterior talofibular ligament tear,True,B,text,-0.9740769863128662,-0.4740769863128662,0.377540667992942,0.6224593298742985,-0.5,,False,30,30,5,25,0.16666666666666666,0.8333333333333334,0.16666666666666666,0.8333333333333334,-7.250000073254341,-10.249999881416443,5.249999776482582,1963.0,0,excluded,letter bias: the same letter in both orders
medxpertqa:Text-438:A-C:ba,Text-438:A-C,ba,Text-438,Reasoning,Skeletal,B,Pronation ankle sprain,Anterior talofibular ligament tear,True,B,text,-4.0181498527526855,-0.018149960786104202,0.017986211314027313,0.9820137577607906,3.9999998919665813,,True,30,30,6,24,0.2,0.8,0.16666666666666666,0.8333333333333334,-6.124999901512638,-8.749999893334461,6.250000074040145,2027.5,0,excluded,letter bias: the same letter in both orders
medxpertqa:Text-438:A-D:ab,Text-438:A-D,ab,Text-438,Reasoning,Skeletal,A,Pronation ankle sprain,Syndesmotic ankle sprain,False,B,text,-7.000911235809326,-0.0009114163694903255,0.0009110514045295695,0.9990889988442552,-6.999999819439836,,False,30,30,0,30,0.0,1.0,0.0,1.0,-13.374999821187373,-15.749999880790718,-10.750000119447577,659.0,0,hurts,more wrong
medxpertqa:Text-438:A-D:ba,Text-438:A-D,ba,Text-438,Reasoning,Skeletal,B,Pronation ankle sprain,Syndesmotic ankle sprain,False,A,text,-0.00020346954988781363,-8.500203132629395,0.9997965511486372,0.00020342704214340812,-8.499999663079507,,False,30,30,3,27,0.1,0.9,0.1,0.9,-19.0625,-22.5,4.749999916180968,818.5,0,hurts,more wrong
medxpertqa:Text-438:A-E:ab,Text-438:A-E,ab,Text-438,Reasoning,Skeletal,A,Pronation ankle sprain,Anterior fibular head somatic dysfunction,False,A,text,-0.2014133334159851,-1.7014133930206299,0.8175744308728488,0.18242550282051248,1.5000000596046448,,True,30,30,4,26,0.13333333333333333,0.8666666666666667,0.13333333333333333,0.8666666666666667,-5.7499998095445335,-8.000000294676283,7.749999973515514,1416.0,0,hurts,flips to wrong
medxpertqa:Text-438:A-E:ba,Text-438:A-E,ba,Text-438,Reasoning,Skeletal,B,Pronation ankle sprain,Anterior fibular head somatic dysfunction,False,B,text,-4.264163494110107,-0.01416344940662384,0.014063626520379485,0.9859363803758086,4.250000044703484,,True,30,30,20,10,0.6666666666666666,0.3333333333333333,0.6666666666666666,0.3333333333333333,6.125000020954758,-7.000000058033038,11.250000357712452,1674.5,0,neutral,
medxpertqa:Text-438:A-F:ab,Text-438:A-F,ab,Text-438,Reasoning,Skeletal,A,Pronation ankle sprain,Tibialis posterior tendinopathy,False,B,text,-1.31326162815094,-0.31326165795326233,0.26894143733631704,0.7310586002437232,-0.9999999701976776,,False,30,30,0,30,0.0,1.0,0.0,1.0,-9.749999882489647,-12.999999642374632,-7.500000152911525,983.0,0,hurts,more wrong
medxpertqa:Text-438:A-F:ba,Text-438:A-F,ba,Text-438,Reasoning,Skeletal,B,Pronation ankle sprain,Tibialis posterior tendinopathy,False,A,text,-0.2014133334159851,-1.7014133930206299,0.8175744308728488,0.18242550282051248,-1.5000000596046448,,False,30,30,5,25,0.16666666666666666,0.8333333333333334,0.16666666666666666,0.8333333333333334,-10.499999702405148,-14.999999642372188,3.5000001154839993,1339.0,0,hurts,more wrong
medxpertqa:Text-438:A-G:ab,Text-438:A-G,ab,Text-438,Reasoning,Skeletal,A,Pronation ankle sprain,Deltoid ligament strain,True,B,text,-0.9740769863128662,-0.4740769863128662,0.377540667992942,0.6224593298742985,-0.5,,False,30,30,15,15,0.5,0.5,0.5,0.5,1.0000000507570803,-9.749999882489647,11.749999761612344,1548.0,0,excluded,letter bias: the same letter in both orders
medxpertqa:Text-438:A-G:ba,Text-438:A-G,ba,Text-438,Reasoning,Skeletal,B,Pronation ankle sprain,Deltoid ligament strain,True,B,text,-3.288041353225708,-0.03804141283035278,0.037326888033261264,0.9626730730490257,3.2499999403953552,,True,30,30,18,12,0.6,0.4,0.6,0.4,6.37499994575046,-9.499999525964085,11.999999523181941,1458.5,0,excluded,letter bias: the same letter in both orders
medxpertqa:Text-438:A-H:ab,Text-438:A-H,ab,Text-438,Reasoning,Skeletal,A,Pronation ankle sprain,Supination ankle sprain,True,A,text,-0.023245446383953094,-3.773245334625244,0.9770226476651187,0.02297737289127478,3.749999888241291,,True,30,30,26,4,0.8666666666666667,0.13333333333333333,0.8666666666666667,0.13333333333333333,12.625000059610102,-5.499999985098839,18.75,1674.5,0,excluded,letter bias: the same letter in both orders
medxpertqa:Text-438:A-H:ba,Text-438:A-H,ba,Text-438,Reasoning,Skeletal,B,Pronation ankle sprain,Supination ankle sprain,True,A,text,-0.6931471824645996,-0.6931471824645996,0.49999999904767284,0.49999999904767284,-0.0,,False,30,30,8,22,0.26666666666666666,0.7333333333333333,0.26666666666666666,0.7333333333333333,-9.124999530864443,-17.5,8.000000294676283,1848.5,0,excluded,letter bias: the same letter in both orders
medxpertqa:Text-438:A-I:ab,Text-438:A-I,ab,Text-438,Reasoning,Skeletal,A,Pronation ankle sprain,Peroneal tendon subluxation,False,B,text,-4.758614540100098,-0.008614521473646164,0.008577484930474293,0.9914224771982877,-4.7500000186264515,,False,30,30,0,30,0.0,1.0,0.0,1.0,-11.5000003576788,-14.00000011920963,-8.749999893334461,576.5,0,hurts,more wrong
medxpertqa:Text-438:A-I:ba,Text-438:A-I,ba,Text-438,Reasoning,Skeletal,B,Pronation ankle sprain,Peroneal tendon subluxation,False,A,text,-0.011047743260860443,-4.511047840118408,0.9890130589396958,0.010986941583869245,-4.500000096857548,,False,30,30,0,30,0.0,1.0,0.0,1.0,-14.999999642372188,-19.25,-11.250000357712452,639.0,0,hurts,more wrong
medxpertqa:Text-438:A-J:ab,Text-438:A-J,ab,Text-438,Reasoning,Skeletal,A,Pronation ankle sprain,Calcaneal stress fracture,False,B,text,-3.529750347137451,-0.029750416055321693,0.029312232836486894,0.9706877714009485,-3.4999999310821295,,False,30,30,7,23,0.23333333333333334,0.7666666666666667,0.23333333333333334,0.7666666666666667,-8.124999926047167,-11.250000238504981,6.249999954132363,1601.5,0,hurts,more wrong
medxpertqa:Text-438:A-J:ba,Text-438:A-J,ba,Text-438,Reasoning,Skeletal,B,Pronation ankle sprain,Calcaneal stress fracture,False,A,text,-0.018149960786104202,-4.0181498527526855,0.9820137577607906,0.017986211314027313,-3.9999998919665813,,False,30,30,26,4,0.8666666666666667,0.13333333333333333,0.8666666666666667,0.13333333333333333,3.7499999022111297,-15.49999976158145,5.500000103842467,1365.0,0,helps,flips to correct
medxpertqa:Text-460:A-B:ab,Text-460:A-B,ab,Text-460,Reasoning,Muscular,A,Parvovirus B19,Lyme disease,False,A,text,-0.2014133334159851,-1.7014133930206299,0.8175744308728488,0.18242550282051248,1.5000000596046448,,True,30,30,30,0,1.0,0.0,1.0,0.0,12.625000059610102,9.499999525964085,18.0,789.0,0,helps,more confident
medxpertqa:Text-460:A-B:ba,Text-460:A-B,ba,Text-460,Reasoning,Muscular,B,Parvovirus B19,Lyme disease,False,B,text,-1.7014133930206299,-0.2014133334159851,0.18242550282051248,0.8175744308728488,1.5000000596046448,,True,30,30,30,0,1.0,0.0,1.0,0.0,7.125000035885023,4.250000052154064,9.749999882489647,687.0,0,helps,more confident
medxpertqa:Text-460:A-C:ab,Text-460:A-C,ab,Text-460,Reasoning,Muscular,A,Parvovirus B19,Rheumatoid arthritis,False,A,text,-0.011047743260860443,-4.511047840118408,0.9890130589396958,0.010986941583869245,4.500000096857548,,True,30,30,30,0,1.0,0.0,1.0,0.0,10.000000358661055,6.2499998359708115,14.25000035762804,673.0,0,helps,more confident
medxpertqa:Text-460:A-C:ba,Text-460:A-C,ba,Text-460,Reasoning,Muscular,B,Parvovirus B19,Rheumatoid arthritis,False,B,text,-8.250261306762695,-0.00026127262390218675,0.0002611902975925828,0.9997387615048174,8.250000034138793,,True,30,30,30,0,1.0,0.0,0.7,0.3,10.125000120038749,5.9999998500570655,12.250000000011369,614.5,0,helps,more confident
medxpertqa:Text-460:A-D:ab,Text-460:A-D,ab,Text-460,Reasoning,Muscular,A,Parvovirus B19,Gonococcal arthritis,False,A,text,-0.31326165795326233,-1.31326162815094,0.7310586002437232,0.26894143733631704,0.9999999701976776,,True,30,30,29,1,0.9666666666666667,0.03333333333333333,0.9666666666666667,0.03333333333333333,11.249999940490852,-2.999999936670065,14.749999642372188,904.5,0,helps,more confident
medxpertqa:Text-460:A-D:ba,Text-460:A-D,ba,Text-460,Reasoning,Muscular,B,Parvovirus B19,Gonococcal arthritis,False,B,text,-0.9740769863128662,-0.4740769863128662,0.377540667992942,0.6224593298742985,0.5,,True,30,30,30,0,1.0,0.0,1.0,0.0,6.250000073108822,3.749999936670065,8.250000034138793,991.0,0,helps,more confident
medxpertqa:Text-460:A-E:ab,Text-460:A-E,ab,Text-460,Reasoning,Muscular,A,Parvovirus B19,Systemic lupus erythematosus,False,A,text,-0.01416344940662384,-4.264163494110107,0.9859363803758086,0.014063626520379485,4.250000044703484,,True,30,30,30,0,1.0,0.0,1.0,0.0,13.625000119210256,6.50000017543789,19.0,581.0,0,helps,more confident
medxpertqa:Text-460:A-E:ba,Text-460:A-E,ba,Text-460,Reasoning,Muscular,B,Parvovirus B19,Systemic lupus erythematosus,False,B,text,-8.250261306762695,-0.00026127262390218675,0.0002611902975925828,0.9997387615048174,8.250000034138793,,True,30,30,30,0,1.0,0.0,1.0,0.0,11.874999642397142,9.749999882489647,13.749999880791279,557.5,0,helps,more confident
medxpertqa:Text-460:A-F:ab,Text-460:A-F,ab,Text-460,Reasoning,Muscular,A,Parvovirus B19,Transient synovitis,False,A,text,-0.06196761503815651,-2.811967611312866,0.9399133253553882,0.060086648833494447,2.7499999962747097,,True,30,30,30,0,1.0,0.0,1.0,0.0,18.75,12.750000000004093,21.75,529.5,0,helps,more confident
medxpertqa:Text-460:A-F:ba,Text-460:A-F,ba,Text-460,Reasoning,Muscular,B,Parvovirus B19,Transient synovitis,False,B,text,-1.5019290447235107,-0.25192904472351074,0.2227001469810028,0.77729988964086,1.25,,True,30,30,30,0,1.0,0.0,1.0,0.0,11.625000059645572,7.749999973515514,12.999999642374632,490.0,0,helps,more confident
medxpertqa:Text-460:A-G:ab,Text-460:A-G,ab,Text-460,Reasoning,Muscular,A,Parvovirus B19,Seronegative spondyloarthropathy,True,B,text,-1.5019290447235107,-0.25192904472351074,0.2227001469810028,0.77729988964086,-1.25,,False,30,30,29,1,0.9666666666666667,0.03333333333333333,0.9666666666666667,0.03333333333333333,8.000000294676283,-8.749999893334461,12.999999642374632,899.0,0,excluded,letter bias: the same letter in both orders
medxpertqa:Text-460:A-G:ba,Text-460:A-G,ba,Text-460,Reasoning,Muscular,B,Parvovirus B19,Seronegative spondyloarthropathy,True,B,text,-2.578889846801758,-0.07888974994421005,0.07585817148650026,0.9241418055144026,2.5000000968575478,,True,30,30,30,0,1.0,0.0,1.0,0.0,9.250000243031536,5.249999892432243,11.999999523181941,672.0,0,excluded,letter bias: the same letter in both orders
medxpertqa:Text-460:A-H:ab,Text-460:A-H,ab,Text-460,Reasoning,Muscular,A,Parvovirus B19,Early-onset osteoarthritis,False,A,text,-0.00015841660206206143,-8.750158309936523,0.9998415959451853,0.0001584362410990077,8.749999893334461,,True,30,30,30,0,1.0,0.0,1.0,0.0,21.125,17.0,24.75,455.0,0,helps,more confident
medxpertqa:Text-460:A-H:ba,Text-460:A-H,ba,Text-460,Reasoning,Muscular,B,Parvovirus B19,Early-onset osteoarthritis,False,B,text,-8.500203132629395,-0.00020346954988781363,0.00020342704214340812,0.9997965511486372,8.499999663079507,,True,30,30,30,0,1.0,0.0,1.0,0.0,14.624999582767572,12.50000011921611,16.499999880790718,457.0,0,helps,more confident
medxpertqa:Text-460:A-I:ab,Text-460:A-I,ab,Text-460,Reasoning,Muscular,A,Parvovirus B19,Reactive arthritis,False,B,text,-0.825939416885376,-0.575939416885376,0.43782350042481233,0.5621765025686553,-0.25,,False,30,30,30,0,1.0,0.0,1.0,0.0,12.750000000004093,6.250000073108822,19.0,744.5,0,helps,flips to correct
medxpertqa:Text-460:A-I:ba,Text-460:A-I,ba,Text-460,Reasoning,Muscular,B,Parvovirus B19,Reactive arthritis,False,A,text,-0.25192904472351074,-1.5019290447235107,0.77729988964086,0.2227001469810028,-1.25,,False,30,30,30,0,1.0,0.0,1.0,0.0,5.499999924795702,3.4999999720603228,9.749999882489647,735.0,0,helps,flips to correct
medxpertqa:Text-460:A-J:ab,Text-460:A-J,ab,Text-460,Reasoning,Muscular,A,Parvovirus B19,Viral arthritis due to EBV,False,B,text,-3.288041353225708,-0.03804141283035278,0.037326888033261264,0.9626730730490257,-3.2499999403953552,,False,30,30,29,1,0.9666666666666667,0.03333333333333333,1.0,0.0,10.875000238650046,0.75,14.749999642372188,643.5,0,helps,flips to correct
medxpertqa:Text-460:A-J:ba,Text-460:A-J,ba,Text-460,Reasoning,Muscular,B,Parvovirus B19,Viral arthritis due to EBV,False,A,text,-0.0007098776986822486,-7.2507100105285645,0.9992903742048809,0.00070967033651176,-7.250000132829882,,False,30,30,26,4,0.8666666666666667,0.13333333333333333,0.8666666666666667,0.13333333333333333,2.7499999701976776,-15.49999976158145,5.499999864492565,870.0,0,helps,flips to correct
medxpertqa:Text-471:I-A:ab,Text-471:I-A,ab,Text-471,Reasoning,Nervous,A,Dementia,Subjective cognitive decline,False,A,text,0.0,-21.25,1.0,5.905303998944039e-10,21.25,,True,30,30,30,0,1.0,0.0,0.7333333333333333,0.23333333333333334,23.375,19.25,28.0,583.0,0,helps,more confident
medxpertqa:Text-471:I-A:ba,Text-471:I-A,ba,Text-471,Reasoning,Nervous,B,Dementia,Subjective cognitive decline,False,B,text,-19.75,0.0,2.646573638909117e-09,1.0,19.75,,True,30,30,30,0,1.0,0.0,0.7333333333333333,0.26666666666666666,20.625,14.999999642372188,22.5,452.5,0,helps,more confident
medxpertqa:Text-471:I-B:ab,Text-471:I-B,ab,Text-471,Reasoning,Nervous,A,Dementia,Early-stage Alzheimer's disease,True,A,text,-0.011047743260860443,-4.511047840118408,0.9890130589396958,0.010986941583869245,4.500000096857548,,True,30,30,11,19,0.36666666666666664,0.6333333333333333,0.3333333333333333,0.6666666666666666,-1.25,-5.500000103842467,8.249999914958607,1959.0,0,excluded,letter bias: the same letter in both orders
medxpertqa:Text-471:I-B:ba,Text-471:I-B,ba,Text-471,Reasoning,Nervous,B,Dementia,Early-stage Alzheimer's disease,True,A,text,-0.0007098776986822486,-7.2507100105285645,0.9992903742048809,0.00070967033651176,-7.250000132829882,,False,30,30,21,9,0.7,0.3,1.0,0.0,3.6250000009313226,-6.250000074040145,7.249999894585926,1895.0,0,excluded,letter bias: the same letter in both orders
medxpertqa:Text-471:I-C:ab,Text-471:I-C,ab,Text-471,Reasoning,Nervous,A,Dementia,Vascular cognitive impairment,False,A,text,-3.576278118089249e-07,-14.75,0.9999996423722521,3.927863545481039e-07,14.749999642372188,,True,30,30,30,0,1.0,0.0,0.03333333333333333,0.9333333333333333,12.250000000011369,8.749999535924871,14.999999642372188,1315.0,0,neutral,
medxpertqa:Text-471:I-C:ba,Text-471:I-C,ba,Text-471,Reasoning,Nervous,B,Dementia,Vascular cognitive impairment,False,B,text,-7.750430583953857,-0.0004306104383431375,0.0004305571096741222,0.9995694822610254,7.749999973515514,,True,30,30,30,0,1.0,0.0,0.9666666666666667,0.03333333333333333,9.37499988449781,7.74999985579052,11.250000357712452,1402.5,0,helps,more confident
medxpertqa:Text-471:I-D:ab,Text-471:I-D,ab,Text-471,Reasoning,Nervous,A,Dementia,Pseudodementia,False,A,text,0.0,-18.25,1.0,1.186112015134383e-08,18.25,,True,30,30,30,0,1.0,0.0,0.8666666666666667,0.1,19.5,17.5,26.0,786.5,0,helps,more confident
medxpertqa:Text-471:I-D:ba,Text-471:I-D,ba,Text-471,Reasoning,Nervous,B,Dementia,Pseudodementia,False,B,text,-15.5,-2.3841855067985307e-07,1.8553913626159784e-07,0.9999997615814777,15.49999976158145,,True,30,30,30,0,1.0,0.0,0.9333333333333333,0.06666666666666667,18.25,14.499999523162955,20.25,423.0,0,helps,more confident
medxpertqa:Text-471:I-E:ab,Text-471:I-E,ab,Text-471,Reasoning,Nervous,A,Dementia,Major depressive disorder,False,A,text,0.0,-21.25,1.0,5.905303998944039e-10,21.25,,True,30,30,30,0,1.0,0.0,1.0,0.0,24.5,22.0,28.0,563.5,0,helps,more confident
medxpertqa:Text-471:I-E:ba,Text-471:I-E,ba,Text-471,Reasoning,Nervous,B,Dementia,Major depressive disorder,False,B,text,-19.25,0.0,4.363462252943702e-09,1.0,19.25,,True,30,30,30,0,1.0,0.0,0.7,0.23333333333333334,19.5,16.75,21.5,503.5,0,helps,more confident
medxpertqa:Text-471:I-F:ab,Text-471:I-F,ab,Text-471,Reasoning,Nervous,A,Dementia,Normal pressure hydrocephalus,False,A,text,0.0,-23.75,1.0,4.8473687062702556e-11,23.75,,True,30,30,30,0,1.0,0.0,1.0,0.0,27.5,24.125,29.5,561.0,0,helps,more confident
medxpertqa:Text-471:I-F:ba,Text-471:I-F,ba,Text-471,Reasoning,Nervous,B,Dementia,Normal pressure hydrocephalus,False,B,text,-21.5,0.0,4.5990553786523166e-10,1.0,21.5,,True,30,30,30,0,1.0,0.0,0.06666666666666667,0.9333333333333333,20.375,18.0,22.25,534.0,0,neutral,
medxpertqa:Text-471:I-G:ab,Text-471:I-G,ab,Text-471,Reasoning,Nervous,A,Dementia,Mixed cognitive impairment,False,A,text,-6.198863957251888e-06,-12.000005722045898,0.9999938011552557,6.144177195963701e-06,11.999999523181941,,True,30,30,25,5,0.8333333333333334,0.16666666666666666,0.5666666666666667,0.4,12.37500005961374,-4.499999872408807,16.249999880790718,1488.0,0,neutral,
medxpertqa:Text-471:I-G:ba,Text-471:I-G,ba,Text-471,Reasoning,Nervous,B,Dementia,Mixed cognitive impairment,False,B,text,-4.511047840118408,-0.011047743260860443,0.010986941583869245,0.9890130589396958,4.500000096857548,,True,30,30,30,0,1.0,0.0,1.0,0.0,9.625000061865649,5.999999908031896,11.999999523181941,1107.5,0,helps,more confident
medxpertqa:Text-471:I-H:ab,Text-471:I-H,ab,Text-471,Reasoning,Nervous,A,Dementia,Age-associated memory impairment,False,A,text,0.0,-20.75,1.0,9.736200313009565e-10,20.75,,True,30,30,30,0,1.0,0.0,0.9666666666666667,0.03333333333333333,24.875,20.25,26.5,483.5,0,helps,more confident
medxpertqa:Text-471:I-H:ba,Text-471:I-H,ba,Text-471,Reasoning,Nervous,B,Dementia,Age-associated memory impairment,False,B,text,-16.0,-1.1920928244535389e-07,1.1253517471925912e-07,0.9999998807907247,15.999999880790718,,True,30,30,30,0,1.0,0.0,1.0,0.0,19.25,17.0,21.0,459.5,0,helps,more confident
medxpertqa:Text-471:I-J:ab,Text-471:I-J,ab,Text-471,Reasoning,Nervous,A,Dementia,Mild cognitive impairment,True,A,text,-0.0009114163694903255,-7.000911235809326,0.9990889988442552,0.0009110514045295695,6.999999819439836,,True,30,30,11,19,0.36666666666666664,0.6333333333333333,0.3,0.7,-3.749999986961484,-7.000000058033038,10.50000011958764,1503.0,0,excluded,letter bias: the same letter in both orders
medxpertqa:Text-471:I-J:ba,Text-471:I-J,ba,Text-471,Reasoning,Nervous,B,Dementia,Mild cognitive impairment,True,A,text,-1.7881377516459906e-06,-13.250001907348633,0.9999982118638471,1.7603429545652396e-06,-13.250000119210881,,False,30,30,18,12,0.6,0.4,0.9666666666666667,0.0,3.999999833293259,-13.250000119210881,6.999999819439836,1398.0,0,excluded,letter bias: the same letter in both orders
medxpertqa:Text-484:A-B:ab,Text-484:A-B,ab,Text-484,Reasoning,Skeletal,A,Medial meniscal tear,Anterior cruciate ligament tear,False,B,text,-5.753177642822266,-0.0031777145341038704,0.0031726831078774057,0.9968273290569476,-5.749999928288162,,False,30,30,0,30,0.0,1.0,0.0,1.0,-9.000000007625204,-14.00000011920963,-7.000000058033038,900.5,0,hurts,more wrong
medxpertqa:Text-484:A-B:ba,Text-484:A-B,ba,Text-484,Reasoning,Skeletal,B,Medial meniscal tear,Anterior cruciate ligament tear,False,A,text,-0.01416344940662384,-4.264163494110107,0.9859363803758086,0.014063626520379485,-4.250000044703484,,False,30,30,9,21,0.3,0.7,0.3,0.7,-9.375000123878635,-18.5,9.250000243031536,1124.5,0,hurts,more wrong
medxpertqa:Text-484:A-C:ab,Text-484:A-C,ab,Text-484,Reasoning,Skeletal,A,Medial meniscal tear,Lateral meniscal tear,False,B,text,-8.500203132629395,-0.00020346954988781363,0.00020342704214340812,0.9997965511486372,-8.499999663079507,,False,30,30,3,27,0.1,0.9,0.26666666666666666,0.7333333333333333,-10.749999523393853,-16.249999880790718,6.250000073108822,732.0,0,hurts,more wrong
medxpertqa:Text-484:A-C:ba,Text-484:A-C,ba,Text-484,Reasoning,Skeletal,B,Medial meniscal tear,Lateral meniscal tear,False,A,text,-2.3841855067985307e-07,-15.5,0.9999997615814777,1.8553913626159784e-07,-15.49999976158145,,False,30,30,3,27,0.1,0.9,0.13333333333333333,0.8666666666666667,-22.875,-28.25,3.4999999310821295,598.5,0,hurts,more wrong
medxpertqa:Text-484:A-D:ab,Text-484:A-D,ab,Text-484,Reasoning,Skeletal,A,Medial meniscal tear,Quadriceps tendon rupture,False,A,text,-0.0011701886542141438,-6.7511701583862305,0.9988304957495425,0.0011695103074966034,6.749999969732016,,True,30,30,30,0,1.0,0.0,1.0,0.0,13.499999523163865,11.749999761612344,20.5,774.5,0,helps,more confident
medxpertqa:Text-484:A-D:ba,Text-484:A-D,ba,Text-484,Reasoning,Skeletal,B,Medial meniscal tear,Quadriceps tendon rupture,False,B,text,-5.2552337646484375,-0.005233753472566605,0.005220125868449866,0.9947799187523881,5.250000011175871,,True,30,30,30,0,1.0,0.0,0.9666666666666667,0.03333333333333333,7.500000152911525,5.249999892432243,10.749999523393853,984.0,0,helps,more confident
medxpertqa:Text-484:A-E:ab,Text-484:A-E,ab,Text-484,Reasoning,Skeletal,A,Medial meniscal tear,Tibial plateau fracture,False,A,text,-0.25192904472351074,-1.5019290447235107,0.77729988964086,0.2227001469810028,1.25,,True,30,30,29,1,0.9666666666666667,0.03333333333333333,0.9666666666666667,0.03333333333333333,9.37499988449781,-4.5,12.750000000004093,986.0,0,helps,more confident
medxpertqa:Text-484:A-E:ba,Text-484:A-E,ba,Text-484,Reasoning,Skeletal,B,Medial meniscal tear,Tibial plateau fracture,False,B,text,-1.9102240800857544,-0.1602240949869156,0.14804720844715558,0.8519528492100928,1.7499999850988388,,True,30,30,30,0,1.0,0.0,1.0,0.0,6.625000013038516,4.249999810010195,9.499999525964085,1026.5,0,helps,more confident
medxpertqa:Text-484:A-F:ab,Text-484:A-F,ab,Text-484,Reasoning,Skeletal,A,Medial meniscal tear,Patellar subluxation,False,B,text,-2.578889846801758,-0.07888974994421005,0.07585817148650026,0.9241418055144026,-2.5000000968575478,,False,30,30,7,23,0.23333333333333334,0.7666666666666667,0.23333333333333334,0.7666666666666667,-6.1249998431885615,-11.749999761612344,8.749999893334461,1090.0,0,hurts,more wrong
medxpertqa:Text-484:A-F:ba,Text-484:A-F,ba,Text-484,Reasoning,Skeletal,B,Medial meniscal tear,Patellar subluxation,False,A,text,-0.0019286142196506262,-6.251928806304932,0.9980732443617326,0.0019267342527389902,-6.250000192085281,,False,30,30,12,18,0.4,0.6,0.4,0.6,-8.562499958847184,-19.25,5.249999892432243,1348.5,0,neutral,
medxpertqa:Text-484:A-G:ab,Text-484:A-G,ab,Text-484,Reasoning,Skeletal,A,Medial meniscal tear,Patellar tendinitis,False,A,text,-7.486063259420916e-05,-9.50007438659668,0.999925142169393,7.484626212190614e-05,9.499999525964085,,True,30,30,30,0,1.0,0.0,1.0,0.0,17.5,14.37500035762804,22.5,618.5,0,helps,more confident
medxpertqa:Text-484:A-G:ba,Text-484:A-G,ba,Text-484,Reasoning,Skeletal,B,Medial meniscal tear,Patellar tendinitis,False,B,text,-6.251928806304932,-0.0019286142196506262,0.0019267342527389902,0.9980732443617326,6.250000192085281,,True,30,30,30,0,1.0,0.0,1.0,0.0,8.250000034138793,6.749999850639142,13.499999523163865,843.0,0,helps,more confident
medxpertqa:Text-484:A-H:ab,Text-484:A-H,ab,Text-484,Reasoning,Skeletal,A,Medial meniscal tear,Lateral collateral ligament tear,False,B,text,-3.529750347137451,-0.029750416055321693,0.029312232836486894,0.9706877714009485,-3.4999999310821295,,False,30,30,2,28,0.06666666666666667,0.9333333333333333,0.06666666666666667,0.9333333333333333,-8.749999774147,-12.250000000011369,7.499999914609361,937.5,0,hurts,more wrong
medxpertqa:Text-484:A-H:ba,Text-484:A-H,ba,Text-484,Reasoning,Skeletal,B,Medial meniscal tear,Lateral collateral ligament tear,False,A,text,-0.10020658373832703,-2.3502066135406494,0.9046505126460354,0.09534945969074979,-2.2500000298023224,,False,30,30,9,21,0.3,0.7,0.3,0.7,-9.374999765303073,-18.25,6.750000208383426,1404.0,0,hurts,more wrong
medxpertqa:Text-484:A-I:ab,Text-484:A-I,ab,Text-484,Reasoning,Skeletal,A,Medial meniscal tear,Medial collateral ligament tear,False,B,text,-1.31326162815094,-0.31326165795326233,0.26894143733631704,0.7310586002437232,-0.9999999701976776,,False,30,30,0,30,0.0,1.0,0.0,1.0,-8.250000034138793,-12.999999642374632,-5.000000210944563,1088.5,0,hurts,more wrong
medxpertqa:Text-484:A-I:ba,Text-484:A-I,ba,Text-484,Reasoning,Skeletal,B,Medial meniscal tear,Medial collateral ligament tear,False,A,text,-0.31326165795326233,-1.31326162815094,0.7310586002437232,0.26894143733631704,-0.9999999701976776,,False,30,30,11,19,0.36666666666666664,0.6333333333333333,0.36666666666666664,0.6333333333333333,-7.75000022421591,-16.249999880790718,7.249999894585926,1320.5,0,neutral,
medxpertqa:Text-484:A-J:ab,Text-484:A-J,ab,Text-484,Reasoning,Skeletal,A,Medial meniscal tear,Posterior cruciate ligament tear,False,A,text,-0.1602240949869156,-1.9102240800857544,0.8519528492100928,0.14804720844715558,1.7499999850988388,,True,30,30,29,1,0.9666666666666667,0.03333333333333333,0.9666666666666667,0.03333333333333333,10.500000059984814,-4.749999802559614,15.49999976158145,1123.0,0,helps,more confident
medxpertqa:Text-484:A-J:ba,Text-484:A-J,ba,Text-484,Reasoning,Skeletal,B,Medial meniscal tear,Posterior cruciate ligament tear,False,B,text,-1.9102240800857544,-0.1602240949869156,0.14804720844715558,0.8519528492100928,1.7499999850988388,,True,30,30,30,0,1.0,0.0,1.0,0.0,6.874999894585926,3.9999997820705175,11.999999523181941,1017.5,0,helps,more confident
medxpertqa:Text-500:F-A:ab,Text-500:F-A,ab,Text-500,Reasoning,Cardiovascular,A,Non-viable limb; Doppler ultrasound,Threatened limb; CT angiography,False,B,text,-5.753177642822266,-0.0031777145341038704,0.0031726831078774057,0.9968273290569476,-5.749999928288162,,False,30,30,15,15,0.5,0.5,0.5333333333333333,0.4666666666666667,-1.6249999357387424,-12.000000238439497,6.250000193016604,1653.5,0,neutral,
medxpertqa:Text-500:F-A:ba,Text-500:F-A,ba,Text-500,Reasoning,Cardiovascular,B,Non-viable limb; Doppler ultrasound,Threatened limb; CT angiography,False,A,text,-0.005233753472566605,-5.2552337646484375,0.9947799187523881,0.005220125868449866,-5.250000011175871,,False,30,30,20,10,0.6666666666666666,0.3333333333333333,0.6666666666666666,0.3333333333333333,3.750000079162419,-12.250000000011369,9.249999527848559,1588.0,0,neutral,
medxpertqa:Text-500:F-B:ab,Text-500:F-B,ab,Text-500,Reasoning,Cardiovascular,A,Non-viable limb; Doppler ultrasound,Threatened limb; Doppler ultrasound,True,A,text,-0.31326165795326233,-1.31326162815094,0.7310586002437232,0.26894143733631704,0.9999999701976776,,True,30,30,13,17,0.43333333333333335,0.5666666666666667,0.43333333333333335,0.5666666666666667,-6.500000000465661,-11.749999642403964,10.500000000381988,1294.0,0,excluded,letter bias: the same letter in both orders
medxpertqa:Text-500:F-B:ba,Text-500:F-B,ba,Text-500,Reasoning,Cardiovascular,B,Non-viable limb; Doppler ultrasound,Threatened limb; Doppler ultrasound,True,A,text,-0.31326165795326233,-1.31326162815094,0.7310586002437232,0.26894143733631704,-0.9999999701976776,,False,30,30,26,4,0.8666666666666667,0.13333333333333333,0.8666666666666667,0.13333333333333333,6.999999939813279,-8.999999530788045,10.25000023906614,1576.5,0,excluded,letter bias: the same letter in both orders
medxpertqa:Text-500:F-C:ab,Text-500:F-C,ab,Text-500,Reasoning,Cardiovascular,A,Non-viable limb; Doppler ultrasound,Threatened limb; arterial plethysmography,False,A,text,-0.10020658373832703,-2.3502066135406494,0.9046505126460354,0.09534945969074979,2.2500000298023224,,True,30,30,26,4,0.8666666666666667,0.13333333333333333,0.8666666666666667,0.13333333333333333,10.249999881416443,-6.750000208383426,13.250000119210881,1626.5,0,helps,more confident
medxpertqa:Text-500:F-C:ba,Text-500:F-C,ba,Text-500,Reasoning,Cardiovascular,B,Non-viable limb; Doppler ultrasound,Threatened limb; arterial plethysmography,False,B,text,-5.753177642822266,-0.0031777145341038704,0.0031726831078774057,0.9968273290569476,5.749999928288162,,True,30,30,30,0,1.0,0.0,1.0,0.0,10.000000060650564,7.00000017718412,12.99999952316557,1375.0,0,helps,more confident
medxpertqa:Text-500:F-D:ab,Text-500:F-D,ab,Text-500,Reasoning,Cardiovascular,A,Non-viable limb; Doppler ultrasound,Threatened limb; MR angiography,False,B,text,-6.251928806304932,-0.0019286142196506262,0.0019267342527389902,0.9980732443617326,-6.250000192085281,,False,30,30,0,30,0.0,1.0,0.03333333333333333,0.9666666666666667,-8.999999888546881,-11.250000119296601,-5.749999952502549,1266.0,0,hurts,more wrong
medxpertqa:Text-500:F-D:ba,Text-500:F-D,ba,Text-500,Reasoning,Cardiovascular,B,Non-viable limb; Doppler ultrasound,Threatened limb; MR angiography,False,A,text,-0.0007098776986822486,-7.2507100105285645,0.9992903742048809,0.00070967033651176,-7.250000132829882,,False,30,30,1,29,0.03333333333333333,0.9666666666666667,0.1,0.9,-10.374999940899215,-13.50000035762912,3.5000000204890966,1549.5,0,hurts,more wrong
medxpertqa:Text-500:F-E:ab,Text-500:F-E,ab,Text-500,Reasoning,Cardiovascular,A,Non-viable limb; Doppler ultrasound,Non-viable limb; MR angiography,False,B,text,-8.250261306762695,-0.00026127262390218675,0.0002611902975925828,0.9997387615048174,-8.250000034138793,,False,30,30,1,29,0.03333333333333333,0.9666666666666667,0.16666666666666666,0.8333333333333334,-9.74999988251875,-12.999999642374632,5.500000115483999,1047.5,0,hurts,more wrong
medxpertqa:Text-500:F-E:ba,Text-500:F-E,ba,Text-500,Reasoning,Cardiovascular,B,Non-viable limb; Doppler ultrasound,Non-viable limb; MR angiography,False,A,text,-0.004078404977917671,-5.504078388214111,0.9959299004209012,0.004070137939983506,-5.499999983236194,,False,30,30,3,27,0.1,0.9,0.16666666666666666,0.8333333333333334,-7.374999965366442,-12.50000011921611,7.500000034284312,1389.0,0,hurts,more wrong
medxpertqa:Text-500:F-G:ab,Text-500:F-G,ab,Text-500,Reasoning,Cardiovascular,A,Non-viable limb; Doppler ultrasound,Non-viable limb; plain radiography,False,A,text,-6.198863957251888e-06,-12.000005722045898,0.9999938011552557,6.144177195963701e-06,11.999999523181941,,True,30,30,30,0,1.0,0.0,1.0,0.0,20.5,16.499999880790718,23.75,619.5,0,helps,more confident
medxpertqa:Text-500:F-G:ba,Text-500:F-G,ba,Text-500,Reasoning,Cardiovascular,B,Non-viable limb; Doppler ultrasound,Non-viable limb; plain radiography,False,B,text,-10.250035285949707,-3.540453326422721e-05,3.535625324942473e-05,0.9999645960934689,10.249999881416443,,True,30,30,30,0,1.0,0.0,1.0,0.0,14.874999642372188,12.500000000007276,19.75,644.0,0,helps,more confident
medxpertqa:Text-500:F-H:ab,Text-500:F-H,ab,Text-500,Reasoning,Cardiovascular,A,Non-viable limb; Doppler ultrasound,Threatened limb; carbon dioxide angiogram,False,B,text,-2.1269280910491943,-0.12692804634571075,0.11920291248514252,0.8807970468833343,-2.0000000447034836,,False,30,30,2,28,0.06666666666666667,0.9333333333333333,0.06666666666666667,0.9333333333333333,-7.125000003055902,-11.999999523181941,6.499999818275683,1579.5,0,hurts,more wrong
medxpertqa:Text-500:F-H:ba,Text-500:F-H,ba,Text-500,Reasoning,Cardiovascular,B,Non-viable limb; Doppler ultrasound,Threatened limb; carbon dioxide angiogram,False,A,text,-0.005233753472566605,-5.2552337646484375,0.9947799187523881,0.005220125868449866,-5.250000011175871,,False,30,30,1,29,0.03333333333333333,0.9666666666666667,0.03333333333333333,0.9666666666666667,-10.312499881352778,-14.499999523162955,5.250000132247806,1541.5,0,hurts,more wrong
medxpertqa:Text-500:F-I:ab,Text-500:F-I,ab,Text-500,Reasoning,Cardiovascular,A,Non-viable limb; Doppler ultrasound,Non-viable limb; duplex ultrasound,False,B,text,-6.501502513885498,-0.0015023384476080537,0.001501181950907551,0.9984987894978749,-6.50000017543789,,False,30,30,0,30,0.0,1.0,0.0,1.0,-13.749999880791279,-16.499999880790718,-11.000000119354809,606.0,0,hurts,more wrong
medxpertqa:Text-500:F-I:ba,Text-500:F-I,ba,Text-500,Reasoning,Cardiovascular,B,Non-viable limb; Doppler ultrasound,Non-viable limb; duplex ultrasound,False,A,text,-0.31326165795326233,-1.31326162815094,0.7310586002437232,0.26894143733631704,-0.9999999701976776,,False,30,30,7,23,0.23333333333333334,0.7666666666666667,0.23333333333333334,0.7666666666666667,-9.62499964462586,-18.5,9.749999763287633,992.0,0,hurts,more wrong
medxpertqa:Text-500:F-J:ab,Text-500:F-J,ab,Text-500,Reasoning,Cardiovascular,A,Non-viable limb; Doppler ultrasound,Non-viable limb; CT angiography,False,B,text,-9.250096321105957,-9.60780744208023e-05,9.610239492660866e-05,0.9999039265409296,-9.250000243031536,,False,30,30,20,10,0.6666666666666666,0.3333333333333333,0.8,0.2,2.8749999832361937,-15.24999976158145,7.500000152911525,829.5,0,neutral,
medxpertqa:Text-500:F-J:ba,Text-500:F-J,ba,Text-500,Reasoning,Cardiovascular,B,Non-viable limb; Doppler ultrasound,Non-viable limb; CT angiography,False,A,text,-0.008614521473646164,-4.758614540100098,0.9914224771982877,0.008577484930474293,-4.7500000186264515,,False,30,30,20,10,0.6666666666666666,0.3333333333333333,0.6666666666666666,0.3333333333333333,6.499999878578819,-14.499999523162955,10.999999523302904,801.5,0,neutral,
medxpertqa:Text-510:I-A:ab,Text-510:I-A,ab,Text-510,Reasoning,Nervous,A,Enterovirus meningitis,Bacterial meningitis,False,A,text,-0.0005529781919904053,-7.500553131103516,0.9994471746722718,0.0005527785265734312,7.500000152911525,,True,30,30,30,0,1.0,0.0,1.0,0.0,19.0,14.499999523162955,21.75,577.5,0,helps,more confident
medxpertqa:Text-510:I-A:ba,Text-510:I-A,ba,Text-510,Reasoning,Nervous,B,Enterovirus meningitis,Bacterial meningitis,False,B,text,-8.500203132629395,-0.00020346954988781363,0.00020342704214340812,0.9997965511486372,8.499999663079507,,True,30,30,30,0,1.0,0.0,1.0,0.0,14.00000011920963,10.749999523393853,16.249999880790718,520.5,0,helps,more confident
medxpertqa:Text-510:I-B:ab,Text-510:I-B,ab,Text-510,Reasoning,Nervous,A,Enterovirus meningitis,Cryptococcal meningitis,False,A,text,-0.008614521473646164,-4.758614540100098,0.9914224771982877,0.008577484930474293,4.7500000186264515,,True,30,30,30,0,1.0,0.0,1.0,0.0,14.999999642372188,10.749999523393853,19.5,846.0,0,helps,more confident
medxpertqa:Text-510:I-B:ba,Text-510:I-B,ba,Text-510,Reasoning,Nervous,B,Enterovirus meningitis,Cryptococcal meningitis,False,B,text,-7.500553131103516,-0.0005529781919904053,0.0005527785265734312,0.9994471746722718,7.500000152911525,,True,30,30,30,0,1.0,0.0,1.0,0.0,12.749999880795372,10.000000358661055,14.999999642372188,601.0,0,helps,more confident
medxpertqa:Text-510:I-C:ab,Text-510:I-C,ab,Text-510,Reasoning,Nervous,A,Enterovirus meningitis,Paraneoplastic meningitis,False,A,text,-4.541770613286644e-05,-10.000045776367188,0.9999545833252356,4.539785156619626e-05,10.000000358661055,,True,30,30,30,0,1.0,0.0,1.0,0.0,20.75,17.75,25.25,630.0,0,helps,more confident
medxpertqa:Text-510:I-C:ba,Text-510:I-C,ba,Text-510,Reasoning,Nervous,B,Enterovirus meningitis,Paraneoplastic meningitis,False,B,text,-9.7500581741333,-5.829164365422912e-05,5.829127258796956e-05,0.9999417100552707,9.749999882489647,,True,30,30,30,0,1.0,0.0,1.0,0.0,15.24999976158145,12.999999642374632,17.75,541.0,0,helps,more confident
medxpertqa:Text-510:I-D:ab,Text-510:I-D,ab,Text-510,Reasoning,Nervous,A,Enterovirus meningitis,Mumps meningitis,False,A,text,-0.12692804634571075,-2.1269280910491943,0.8807970468833343,0.11920291248514252,2.0000000447034836,,True,30,30,25,5,0.8333333333333334,0.16666666666666666,0.8333333333333334,0.16666666666666666,9.624999585024852,-5.750000057742,14.499999523162955,1190.0,0,helps,more confident
medxpertqa:Text-510:I-D:ba,Text-510:I-D,ba,Text-510,Reasoning,Nervous,B,Enterovirus meningitis,Mumps meningitis,False,B,text,-4.758614540100098,-0.008614521473646164,0.008577484930474293,0.9914224771982877,4.7500000186264515,,True,30,30,30,0,1.0,0.0,1.0,0.0,9.12499964851304,6.749999970197678,12.250000000011369,866.5,0,helps,more confident
medxpertqa:Text-510:I-E:ab,Text-510:I-E,ab,Text-510,Reasoning,Nervous,A,Enterovirus meningitis,Lymphocytic choriomeningitis virus,False,B,text,-1.7014133930206299,-0.2014133334159851,0.18242550282051248,0.8175744308728488,-1.5000000596046448,,False,30,30,15,15,0.5,0.5,0.5,0.5,0.6250000423751771,-8.749999893334461,14.00000011920963,1257.0,0,neutral,
medxpertqa:Text-510:I-E:ba,Text-510:I-E,ba,Text-510,Reasoning,Nervous,B,Enterovirus meningitis,Lymphocytic choriomeningitis virus,False,A,text,-0.06196761503815651,-2.811967611312866,0.9399133253553882,0.060086648833494447,-2.7499999962747097,,False,30,30,24,6,0.8,0.2,0.8,0.2,5.375000002095476,-11.250000238504981,8.250000034138793,907.0,0,helps,flips to correct
medxpertqa:Text-510:I-F:ab,Text-510:I-F,ab,Text-510,Reasoning,Nervous,A,Enterovirus meningitis,Tuberculous meningitis,False,A,text,-0.03804141283035278,-3.288041353225708,0.9626730730490257,0.037326888033261264,3.2499999403953552,,True,30,30,30,0,1.0,0.0,1.0,0.0,13.374999821187373,8.249999676598236,17.25,860.5,0,helps,more confident
medxpertqa:Text-510:I-F:ba,Text-510:I-F,ba,Text-510,Reasoning,Nervous,B,Enterovirus meningitis,Tuberculous meningitis,False,B,text,-5.504078388214111,-0.004078404977917671,0.004070137939983506,0.9959299004209012,5.499999983236194,,True,30,30,30,0,1.0,0.0,1.0,0.0,11.250000357712452,8.999999649982783,14.499999523162955,712.5,0,helps,more confident
medxpertqa:Text-510:I-G:ab,Text-510:I-G,ab,Text-510,Reasoning,Nervous,A,Enterovirus meningitis,Early-stage fungal meningitis,False,A,text,-0.004078404977917671,-5.504078388214111,0.9959299004209012,0.004070137939983506,5.499999983236194,,True,30,30,30,0,1.0,0.0,1.0,0.0,17.125,13.499999523163865,20.25,657.5,0,helps,more confident
medxpertqa:Text-510:I-G:ba,Text-510:I-G,ba,Text-510,Reasoning,Nervous,B,Enterovirus meningitis,Early-stage fungal meningitis,False,B,text,-6.7511701583862305,-0.0011701886542141438,0.0011695103074966034,0.9988304957495425,6.749999969732016,,True,30,30,30,0,1.0,0.0,1.0,0.0,14.125000238418835,10.749999523393853,15.749999880790718,564.0,0,helps,more confident
medxpertqa:Text-510:I-H:ab,Text-510:I-H,ab,Text-510,Reasoning,Nervous,A,Enterovirus meningitis,Autoimmune meningitis,False,A,text,-0.0011701886542141438,-6.7511701583862305,0.9988304957495425,0.0011695103074966034,6.749999969732016,,True,30,30,30,0,1.0,0.0,1.0,0.0,18.0,14.00000011920963,21.5,689.5,0,helps,more confident
medxpertqa:Text-510:I-H:ba,Text-510:I-H,ba,Text-510,Reasoning,Nervous,B,Enterovirus meningitis,Autoimmune meningitis,False,B,text,-7.000911235809326,-0.0009114163694903255,0.0009110514045295695,0.9990889988442552,6.999999819439836,,True,30,30,30,0,1.0,0.0,1.0,0.0,12.50000011921611,10.000000358661055,15.49999976158145,649.0,0,helps,more confident
medxpertqa:Text-510:I-J:ab,Text-510:I-J,ab,Text-510,Reasoning,Nervous,A,Enterovirus meningitis,Viral encephalitis,True,A,text,-0.10020658373832703,-2.3502066135406494,0.9046505126460354,0.09534945969074979,2.2500000298023224,,True,30,30,30,0,1.0,0.0,1.0,0.0,13.499999523163865,11.250000357712452,17.25,950.5,0,excluded,letter bias: the same letter in both orders
medxpertqa:Text-510:I-J:ba,Text-510:I-J,ba,Text-510,Reasoning,Nervous,B,Enterovirus meningitis,Viral encephalitis,True,A,text,-0.2014133334159851,-1.7014133930206299,0.8175744308728488,0.18242550282051248,-1.5000000596046448,,False,30,30,30,0,1.0,0.0,1.0,0.0,6.749999969732016,4.499999979510903,8.749999893334461,1026.5,0,excluded,letter bias: the same letter in both orders
medxpertqa:Text-540:A-B:ab,Text-540:A-B,ab,Text-540,Reasoning,Muscular,A,Abduction of the ulna,Posterior translation of the ulna,False,B,text,-1.9102240800857544,-0.1602240949869156,0.14804720844715558,0.8519528492100928,-1.7499999850988388,,False,30,30,3,27,0.1,0.9,0.1,0.9,-9.499999525964085,-11.749999761612344,10.000000358661055,949.5,0,hurts,more wrong
medxpertqa:Text-540:A-B:ba,Text-540:A-B,ba,Text-540,Reasoning,Muscular,B,Abduction of the ulna,Posterior translation of the ulna,False,A,text,-0.12692804634571075,-2.1269280910491943,0.8807970468833343,0.11920291248514252,-2.0000000447034836,,False,30,30,14,16,0.4666666666666667,0.5333333333333333,0.4666666666666667,0.5333333333333333,-8.625000286243448,-18.25,9.749999882489647,1127.0,0,neutral,
medxpertqa:Text-540:A-C:ab,Text-540:A-C,ab,Text-540,Reasoning,Muscular,A,Abduction of the ulna,Anterior translation of the ulna,False,B,text,-2.1269280910491943,-0.12692804634571075,0.11920291248514252,0.8807970468833343,-2.0000000447034836,,False,30,30,10,20,0.3333333333333333,0.6666666666666666,0.3333333333333333,0.6666666666666666,-7.125000002240995,-11.5000003576788,11.749999761612344,1351.0,0,neutral,
medxpertqa:Text-540:A-C:ba,Text-540:A-C,ba,Text-540,Reasoning,Muscular,B,Abduction of the ulna,Anterior translation of the ulna,False,A,text,-0.38687101006507874,-1.1368709802627563,0.6791786964925157,0.32082130911852547,-0.7499999701976776,,False,30,30,20,10,0.6666666666666666,0.3333333333333333,0.6666666666666666,0.3333333333333333,5.000000009546056,-17.25,7.500000033760443,1509.0,0,neutral,
medxpertqa:Text-540:A-D:ab,Text-540:A-D,ab,Text-540,Reasoning,Muscular,A,Abduction of the ulna,Interosseous membrane dysfunction,False,B,text,-8.000335693359375,-0.00033539868309162557,0.0003353500342255387,0.9996646575567589,-8.000000294676283,,False,30,30,0,30,0.0,1.0,0.0,1.0,-13.499999523163865,-15.749999880790718,-10.749999523393853,712.0,0,hurts,more wrong
medxpertqa:Text-540:A-D:ba,Text-540:A-D,ba,Text-540,Reasoning,Muscular,B,Abduction of the ulna,Interosseous membrane dysfunction,False,A,text,-0.00026127262390218675,-8.250261306762695,0.9997387615048174,0.0002611902975925828,-8.250000034138793,,False,30,30,0,30,0.0,1.0,0.0,1.0,-15.24999976158145,-19.0,-9.749999763287633,858.0,0,hurts,more wrong
medxpertqa:Text-540:A-E:ab,Text-540:A-E,ab,Text-540,Reasoning,Muscular,A,Abduction of the ulna,Supination of the radius,False,A,text,-0.25192904472351074,-1.5019290447235107,0.77729988964086,0.2227001469810028,1.25,,True,30,30,15,15,0.5,0.5,0.5,0.5,1.6250000363215804,-9.250000004642061,13.499999523163865,1771.5,0,neutral,
medxpertqa:Text-540:A-E:ba,Text-540:A-E,ba,Text-540,Reasoning,Muscular,B,Abduction of the ulna,Supination of the radius,False,B,text,-0.825939416885376,-0.575939416885376,0.43782350042481233,0.5621765025686553,0.25,,True,30,30,14,16,0.4666666666666667,0.5333333333333333,0.4666666666666667,0.5333333333333333,-6.250000013096724,-12.750000000004093,7.749999973515514,1915.5,0,neutral,
medxpertqa:Text-540:A-F:ab,Text-540:A-F,ab,Text-540,Reasoning,Muscular,A,Abduction of the ulna,Ulnar head subluxation,False,B,text,-7.2507100105285645,-0.0007098776986822486,0.00070967033651176,0.9992903742048809,-7.250000132829882,,False,30,30,2,28,0.06666666666666667,0.9333333333333333,0.06666666666666667,0.9333333333333333,-12.50000011921611,-14.749999642372188,4.7499997820705175,740.0,0,hurts,more wrong
medxpertqa:Text-540:A-F:ba,Text-540:A-F,ba,Text-540,Reasoning,Muscular,B,Abduction of the ulna,Ulnar head subluxation,False,A,text,-0.023245446383953094,-3.773245334625244,0.9770226476651187,0.02297737289127478,-3.749999888241291,,False,30,30,8,22,0.26666666666666666,0.7333333333333333,0.26666666666666666,0.7333333333333333,-9.12499994650716,-14.499999523162955,9.250000243031536,1041.0,0,hurts,more wrong
medxpertqa:Text-540:A-G:ab,Text-540:A-G,ab,Text-540,Reasoning,Muscular,A,Abduction of the ulna,Proximal radioulnar joint dysfunction,False,B,text,-5.753177642822266,-0.0031777145341038704,0.0031726831078774057,0.9968273290569476,-5.749999928288162,,False,30,30,1,29,0.03333333333333333,0.9666666666666667,0.03333333333333333,0.9666666666666667,-11.5000003576788,-14.00000011920963,2.5000000447034836,838.5,0,hurts,more wrong
medxpertqa:Text-540:A-G:ba,Text-540:A-G,ba,Text-540,Reasoning,Muscular,B,Abduction of the ulna,Proximal radioulnar joint dysfunction,False,A,text,-0.4740769863128662,-0.9740769863128662,0.6224593298742985,0.377540667992942,-0.5,,False,30,30,22,8,0.7333333333333333,0.26666666666666666,0.7333333333333333,0.26666666666666666,5.500000047497451,-11.250000357712452,8.499999663079507,1124.5,0,helps,flips to correct
medxpertqa:Text-540:A-H:ab,Text-540:A-H,ab,Text-540,Reasoning,Muscular,A,Abduction of the ulna,Adduction of the ulna,False,B,text,-7.000911235809326,-0.0009114163694903255,0.0009110514045295695,0.9990889988442552,-6.999999819439836,,False,30,30,0,30,0.0,1.0,0.0,1.0,-11.999999523181941,-14.999999642372188,-9.499999525964085,790.5,0,hurts,more wrong
medxpertqa:Text-540:A-H:ba,Text-540:A-H,ba,Text-540,Reasoning,Muscular,B,Abduction of the ulna,Adduction of the ulna,False,A,text,-0.018149960786104202,-4.0181498527526855,0.9820137577607906,0.017986211314027313,-3.9999998919665813,,False,30,30,1,29,0.03333333333333333,0.9666666666666667,0.03333333333333333,0.9666666666666667,-14.25000035762804,-16.75,9.499999525964085,979.5,0,hurts,more wrong
medxpertqa:Text-540:A-I:ab,Text-540:A-I,ab,Text-540,Reasoning,Muscular,A,Abduction of the ulna,Distal radioulnar joint dysfunction,False,B,text,-8.250261306762695,-0.00026127262390218675,0.0002611902975925828,0.9997387615048174,-8.250000034138793,,False,30,30,0,30,0.0,1.0,0.0,1.0,-13.499999523163865,-16.499999880790718,-10.999999523302904,783.5,0,hurts,more wrong
medxpertqa:Text-540:A-I:ba,Text-540:A-I,ba,Text-540,Reasoning,Muscular,B,Abduction of the ulna,Distal radioulnar joint dysfunction,False,A,text,-0.008614521473646164,-4.758614540100098,0.9914224771982877,0.008577484930474293,-4.7500000186264515,,False,30,30,6,24,0.2,0.8,0.2,0.8,-10.874999523348379,-17.0,6.999999819439836,1191.5,0,hurts,more wrong
medxpertqa:Text-540:A-J:ab,Text-540:A-J,ab,Text-540,Reasoning,Muscular,A,Abduction of the ulna,Pronation of the radius,False,B,text,-0.825939416885376,-0.575939416885376,0.43782350042481233,0.5621765025686553,-0.25,,False,30,30,4,26,0.13333333333333333,0.8666666666666667,0.13333333333333333,0.8666666666666667,-7.500000093335984,-10.249999881416443,11.999999523181941,1515.5,0,hurts,more wrong
medxpertqa:Text-540:A-J:ba,Text-540:A-J,ba,Text-540,Reasoning,Muscular,B,Abduction of the ulna,Pronation of the radius,False,A,text,-0.07888974994421005,-2.578889846801758,0.9241418055144026,0.07585817148650026,-2.5000000968575478,,False,30,30,3,27,0.1,0.9,0.1,0.9,-11.250000298108716,-15.24999976158145,4.250000196509063,1776.0,0,hurts,more wrong
medxpertqa:Text-555:I-A:ab,Text-555:I-A,ab,Text-555,Reasoning,Skeletal,A,Anterior fibular head dysfunction,Cuboid somatic dysfunction,False,A,text,-0.0024756519123911858,-6.002475738525391,0.9975274099865513,0.002472623024627213,6.000000086612999,,True,30,30,29,1,0.9666666666666667,0.03333333333333333,0.9666666666666667,0.03333333333333333,15.374999761581453,-5.000000188592821,19.25,902.0,0,helps,more confident
medxpertqa:Text-555:I-A:ba,Text-555:I-A,ba,Text-555,Reasoning,Skeletal,B,Anterior fibular head dysfunction,Cuboid somatic dysfunction,False,B,text,-4.511047840118408,-0.011047743260860443,0.010986941583869245,0.9890130589396958,4.500000096857548,,True,30,30,28,2,0.9333333333333333,0.06666666666666667,0.9333333333333333,0.06666666666666667,10.375000000502041,-5.250000132247806,14.749999642372188,995.0,0,helps,more confident
medxpertqa:Text-555:I-B:ab,Text-555:I-B,ab,Text-555,Reasoning,Skeletal,A,Anterior fibular head dysfunction,Medial tibial torsion,False,A,text,-0.0007098776986822486,-7.2507100105285645,0.9992903742048809,0.00070967033651176,7.250000132829882,,True,30,30,10,20,0.3333333333333333,0.6666666666666666,0.3333333333333333,0.6666666666666666,-4.124999796040356,-8.499999663079507,18.25,1134.0,0,neutral,
medxpertqa:Text-555:I-B:ba,Text-555:I-B,ba,Text-555,Reasoning,Skeletal,B,Anterior fibular head dysfunction,Medial tibial torsion,False,B,text,-5.504078388214111,-0.004078404977917671,0.004070137939983506,0.9959299004209012,5.499999983236194,,True,30,30,19,11,0.6333333333333333,0.36666666666666664,0.6,0.4,7.000000051775714,-10.000000358661055,11.5000003576788,1017.0,0,neutral,
medxpertqa:Text-555:I-C:ab,Text-555:I-C,ab,Text-555,Reasoning,Skeletal,A,Anterior fibular head dysfunction,Talus anterior somatic dysfunction,False,A,text,-0.2014133334159851,-1.7014133930206299,0.8175744308728488,0.18242550282051248,1.5000000596046448,,True,30,30,12,18,0.4,0.6,0.4,0.6,-4.374999962281436,-9.499999525964085,15.49999976158145,1221.0,0,neutral,
medxpertqa:Text-555:I-C:ba,Text-555:I-C,ba,Text-555,Reasoning,Skeletal,B,Anterior fibular head dysfunction,Talus anterior somatic dysfunction,False,B,text,-0.825939416885376,-0.575939416885376,0.43782350042481233,0.5621765025686553,0.25,,True,30,30,16,14,0.5333333333333333,0.4666666666666667,0.5333333333333333,0.4666666666666667,4.999999864725396,-9.499999525964085,9.250000123836799,1423.5,0,neutral,
medxpertqa:Text-555:I-D:ab,Text-555:I-D,ab,Text-555,Reasoning,Skeletal,A,Anterior fibular head dysfunction,Subtalar joint dysfunction,False,A,text,-0.10020658373832703,-2.3502066135406494,0.9046505126460354,0.09534945969074979,2.2500000298023224,,True,30,30,14,16,0.4666666666666667,0.5333333333333333,0.4666666666666667,0.5333333333333333,-4.250000154133886,-12.250000000011369,14.499999523162955,1163.5,0,neutral,
medxpertqa:Text-555:I-D:ba,Text-555:I-D,ba,Text-555,Reasoning,Skeletal,B,Anterior fibular head dysfunction,Subtalar joint dysfunction,False,B,text,-1.5019290447235107,-0.25192904472351074,0.2227001469810028,0.77729988964086,1.25,,True,30,30,10,20,0.3333333333333333,0.6666666666666666,0.3333333333333333,0.6666666666666666,-8.250000034138793,-13.250000119210881,12.750000000004093,922.0,0,neutral,
medxpertqa:Text-555:I-E:ab,Text-555:I-E,ab,Text-555,Reasoning,Skeletal,A,Anterior fibular head dysfunction,Distal fibular fracture without displacement,False,A,text,-0.0024756519123911858,-6.002475738525391,0.9975274099865513,0.002472623024627213,6.000000086612999,,True,30,30,29,1,0.9666666666666667,0.03333333333333333,0.9333333333333333,0.06666666666666667,11.375000357695626,-6.250000073108822,16.499999880790718,862.5,0,helps,more confident
medxpertqa:Text-555:I-E:ba,Text-555:I-E,ba,Text-555,Reasoning,Skeletal,B,Anterior fibular head dysfunction,Distal fibular fracture without displacement,False,B,text,-5.753177642822266,-0.0031777145341038704,0.0031726831078774057,0.9968273290569476,5.749999928288162,,True,30,30,30,0,1.0,0.0,0.9666666666666667,0.03333333333333333,10.624999821490746,5.250000023283064,14.25000035762804,818.5,0,helps,more confident
medxpertqa:Text-555:I-F:ab,Text-555:I-F,ab,Text-555,Reasoning,Skeletal,A,Anterior fibular head dysfunction,Posterior fibular head dysfunction,True,A,text,-0.38687101006507874,-1.1368709802627563,0.6791786964925157,0.32082130911852547,0.7499999701976776,,True,30,30,0,30,0.0,1.0,0.0,1.0,-9.749999882489647,-13.499999523163865,-5.999999848892912,797.5,0,excluded,letter bias: the same letter in both orders
medxpertqa:Text-555:I-F:ba,Text-555:I-F,ba,Text-555,Reasoning,Skeletal,B,Anterior fibular head dysfunction,Posterior fibular head dysfunction,True,A,text,-9.60780744208023e-05,-9.250096321105957,0.9999039265409296,9.610239492660866e-05,-9.250000243031536,,False,30,30,0,30,0.0,1.0,0.0,1.0,-18.0,-21.25,-12.750000000004093,807.5,0,excluded,letter bias: the same letter in both orders
medxpertqa:Text-555:I-G:ab,Text-555:I-G,ab,Text-555,Reasoning,Skeletal,A,Anterior fibular head dysfunction,Navicular somatic dysfunction,False,A,text,-0.0015023384476080537,-6.501502513885498,0.9984987894978749,0.001501181950907551,6.50000017543789,,True,30,30,30,0,1.0,0.0,1.0,0.0,15.999999880790718,12.250000000011369,19.5,735.5,0,helps,more confident
medxpertqa:Text-555:I-G:ba,Text-555:I-G,ba,Text-555,Reasoning,Skeletal,B,Anterior fibular head dysfunction,Navicular somatic dysfunction,False,B,text,-5.2552337646484375,-0.005233753472566605,0.005220125868449866,0.9947799187523881,5.250000011175871,,True,30,30,29,1,0.9666666666666667,0.03333333333333333,0.9666666666666667,0.03333333333333333,11.999999523181941,-2.7500001080334187,15.49999976158145,759.0,0,helps,more confident
medxpertqa:Text-555:I-H:ab,Text-555:I-H,ab,Text-555,Reasoning,Skeletal,A,Anterior fibular head dysfunction,Lateral tibial torsion,False,A,text,-0.0009114163694903255,-7.000911235809326,0.9990889988442552,0.0009110514045295695,6.999999819439836,,True,30,30,14,16,0.4666666666666667,0.5333333333333333,0.4666666666666667,0.5333333333333333,-2.875000013038516,-7.500000152911525,20.0,903.0,0,neutral,
medxpertqa:Text-555:I-H:ba,Text-555:I-H,ba,Text-555,Reasoning,Skeletal,B,Anterior fibular head dysfunction,Lateral tibial torsion,False,B,text,-5.504078388214111,-0.004078404977917671,0.004070137939983506,0.9959299004209012,5.499999983236194,,True,30,30,19,11,0.6333333333333333,0.36666666666666664,0.6,0.4,7.62500006321352,-10.000000358661055,12.50000011921611,869.5,0,neutral,
medxpertqa:Text-555:I-J:ab,Text-555:I-J,ab,Text-555,Reasoning,Skeletal,A,Anterior fibular head dysfunction,Plantar fascia strain,False,A,text,-1.0728830375228426e-06,-13.750000953674316,0.999998927117538,1.0677029917933763e-06,13.749999880791279,,True,30,30,30,0,1.0,0.0,1.0,0.0,21.625,16.249999880790718,23.75,612.5,0,helps,more confident
medxpertqa:Text-555:I-J:ba,Text-555:I-J,ba,Text-555,Reasoning,Skeletal,B,Anterior fibular head dysfunction,Plantar fascia strain,False,B,text,-9.7500581741333,-5.829164365422912e-05,5.829127258796956e-05,0.9999417100552707,9.749999882489647,,True,30,30,30,0,1.0,0.0,1.0,0.0,14.25000035762804,11.250000357712452,17.0,624.5,0,helps,more confident
medxpertqa:Text-572:D-A:ab,Text-572:D-A,ab,Text-572,Reasoning,Urinary,A,Renal-cell carcinoma,Renal vein thrombosis,False,B,text,-1.7014133930206299,-0.2014133334159851,0.18242550282051248,0.8175744308728488,-1.5000000596046448,,False,30,30,7,23,0.23333333333333334,0.7666666666666667,0.23333333333333334,0.7666666666666667,-7.499999914754881,-10.50000011958764,6.249999835155904,1675.0,0,hurts,more wrong
medxpertqa:Text-572:D-A:ba,Text-572:D-A,ba,Text-572,Reasoning,Urinary,B,Renal-cell carcinoma,Renal vein thrombosis,False,A,text,-0.1602240949869156,-1.9102240800857544,0.8519528492100928,0.14804720844715558,-1.7499999850988388,,False,30,30,24,6,0.8,0.2,0.8,0.2,4.999999860301614,-9.250000123836799,7.749999973719241,1670.5,0,helps,flips to correct
medxpertqa:Text-572:D-B:ab,Text-572:D-B,ab,Text-572,Reasoning,Urinary,A,Renal-cell carcinoma,Congestive heart failure,False,A,text,0.0,-20.75,1.0,9.736200313009565e-10,20.75,,True,30,30,30,0,1.0,0.0,1.0,0.0,24.875,21.875,27.5,534.5,0,helps,more confident
medxpertqa:Text-572:D-B:ba,Text-572:D-B,ba,Text-572,Reasoning,Urinary,B,Renal-cell carcinoma,Congestive heart failure,False,B,text,-11.750007629394531,-7.867782187531702e-06,7.88926463665814e-06,0.9999921322487634,11.749999761612344,,True,30,30,30,0,1.0,0.0,0.9,0.03333333333333333,12.999999642374632,11.5000003576788,15.24999976158145,644.0,0,helps,more confident
medxpertqa:Text-572:D-C:ab,Text-572:D-C,ab,Text-572,Reasoning,Urinary,A,Renal-cell carcinoma,Acute glomerulonephritis,False,A,text,-1.1920928244535389e-07,-16.25,0.9999998807907247,8.764248219443636e-08,16.249999880790718,,True,30,30,30,0,1.0,0.0,0.9666666666666667,0.03333333333333333,19.25,15.49999976158145,23.0,821.5,0,helps,more confident
medxpertqa:Text-572:D-C:ba,Text-572:D-C,ba,Text-572,Reasoning,Urinary,B,Renal-cell carcinoma,Acute glomerulonephritis,False,B,text,-11.50001049041748,-1.0132738680113107e-05,1.0129987330277146e-05,0.9999898673126559,11.5000003576788,,True,30,30,30,0,1.0,0.0,0.6666666666666666,0.26666666666666666,12.250000000011369,9.499999525964085,15.24999976158145,705.5,0,neutral,
medxpertqa:Text-572:D-E:ab,Text-572:D-E,ab,Text-572,Reasoning,Urinary,A,Renal-cell carcinoma,Membranous nephropathy,False,A,text,-7.486063259420916e-05,-9.50007438659668,0.999925142169393,7.484626212190614e-05,9.499999525964085,,True,30,30,30,0,1.0,0.0,0.9,0.1,11.375000357695626,7.125000205414835,16.499999880790718,1150.5,0,helps,more confident
medxpertqa:Text-572:D-E:ba,Text-572:D-E,ba,Text-572,Reasoning,Urinary,B,Renal-cell carcinoma,Membranous nephropathy,False,B,text,-6.7511701583862305,-0.0011701886542141438,0.0011695103074966034,0.9988304957495425,6.749999969732016,,True,30,30,30,0,1.0,0.0,0.9333333333333333,0.06666666666666667,9.749999763287633,6.500000057043508,12.999999642374632,859.5,0,helps,more confident
medxpertqa:Text-572:D-F:ab,Text-572:D-F,ab,Text-572,Reasoning,Urinary,A,Renal-cell carcinoma,Nephrotic syndrome,False,A,text,0.0,-19.25,1.0,4.363462252943702e-09,19.25,,True,30,30,30,0,1.0,0.0,0.8,0.16666666666666666,21.0,17.75,26.5,581.0,0,helps,more confident
medxpertqa:Text-572:D-F:ba,Text-572:D-F,ba,Text-572,Reasoning,Urinary,B,Renal-cell carcinoma,Nephrotic syndrome,False,B,text,-14.000000953674316,-8.344646857949556e-07,8.315279260963632e-07,0.9999991655356624,14.00000011920963,,True,30,30,30,0,1.0,0.0,0.8,0.2,14.999999642372188,11.999999523181941,16.75,551.0,0,helps,more confident
medxpertqa:Text-572:D-G:ab,Text-572:D-G,ab,Text-572,Reasoning,Urinary,A,Renal-cell carcinoma,Immunoglobulin A nephropathy,False,A,text,-3.540453326422721e-05,-10.250035285949707,0.9999645960934689,3.535625324942473e-05,10.249999881416443,,True,30,30,30,0,1.0,0.0,1.0,0.0,15.624999821186083,12.999999642374632,19.5,783.5,0,helps,more confident
medxpertqa:Text-572:D-G:ba,Text-572:D-G,ba,Text-572,Reasoning,Urinary,B,Renal-cell carcinoma,Immunoglobulin A nephropathy,False,B,text,-9.50007438659668,-7.486063259420916e-05,7.484626212190614e-05,0.999925142169393,9.499999525964085,,True,30,30,30,0,1.0,0.0,1.0,0.0,12.999999642374632,10.500000000381988,15.24999976158145,726.0,0,helps,more confident
medxpertqa:Text-572:D-H:ab,Text-572:D-H,ab,Text-572,Reasoning,Urinary,A,Renal-cell carcinoma,IgA nephropathy,False,A,text,-5.829164365422912e-05,-9.7500581741333,0.9999417100552707,5.829127258796956e-05,9.749999882489647,,True,30,30,30,0,1.0,0.0,0.9666666666666667,0.03333333333333333,14.125000238418835,9.250000123836799,18.5,977.5,0,helps,more confident
medxpertqa:Text-572:D-H:ba,Text-572:D-H,ba,Text-572,Reasoning,Urinary,B,Renal-cell carcinoma,IgA nephropathy,False,B,text,-11.25001335144043,-1.2993727978027891e-05,1.3007123989067183e-05,0.9999870063564401,11.250000357712452,,True,30,30,30,0,1.0,0.0,0.9666666666666667,0.03333333333333333,13.749999880791279,10.999999523302904,15.999999880790718,598.0,0,helps,more confident
medxpertqa:Text-572:D-I:ab,Text-572:D-I,ab,Text-572,Reasoning,Urinary,A,Renal-cell carcinoma,Polycystic kidney disease,False,A,text,0.0,-22.0,1.0,2.7894680928689246e-10,22.0,,True,30,30,30,0,1.0,0.0,0.9333333333333333,0.06666666666666667,24.0625,20.875,26.625,752.5,0,helps,more confident
medxpertqa:Text-572:D-I:ba,Text-572:D-I,ba,Text-572,Reasoning,Urinary,B,Renal-cell carcinoma,Polycystic kidney disease,False,B,text,-16.25,-1.1920928244535389e-07,8.764248219443636e-08,0.9999998807907247,16.249999880790718,,True,30,30,30,0,1.0,0.0,0.36666666666666664,0.5333333333333333,15.999999880790718,13.749999880791279,17.75,615.0,0,neutral,
medxpertqa:Text-572:D-J:ab,Text-572:D-J,ab,Text-572,Reasoning,Urinary,A,Renal-cell carcinoma,Renal-vein thrombosis,False,A,text,-0.4740769863128662,-0.9740769863128662,0.6224593298742985,0.377540667992942,0.5,,True,30,30,4,26,0.13333333333333333,0.8666666666666667,0.13333333333333333,0.8666666666666667,-5.750000172061846,-8.749999893334461,5.999999852385372,1888.0,0,hurts,flips to wrong
medxpertqa:Text-572:D-J:ba,Text-572:D-J,ba,Text-572,Reasoning,Urinary,B,Renal-cell carcinoma,Renal-vein thrombosis,False,B,text,-4.511047840118408,-0.011047743260860443,0.010986941583869245,0.9890130589396958,4.500000096857548,,True,30,30,30,0,1.0,0.0,1.0,0.0,7.874999895764631,6.000000212807208,10.249999881416443,1073.5,0,helps,more confident
medxpertqa:Text-602:I-A:ab,Text-602:I-A,ab,Text-602,Reasoning,Nervous,A,Intellectual disability,Sensory processing disorder,True,A,text,-0.6931471824645996,-0.6931471824645996,0.49999999904767284,0.49999999904767284,0.0,,True,30,30,1,29,0.03333333333333333,0.9666666666666667,0.03333333333333333,0.9666666666666667,-5.7500000493600965,-8.499999663079507,6.499999938067049,681.0,0,excluded,letter bias: the same letter in both orders
medxpertqa:Text-602:I-A:ba,Text-602:I-A,ba,Text-602,Reasoning,Nervous,B,Intellectual disability,Sensory processing disorder,True,A,text,-3.540453326422721e-05,-10.250035285949707,0.9999645960934689,3.535625324942473e-05,-10.249999881416443,,False,30,30,1,29,0.03333333333333333,0.9666666666666667,0.03333333333333333,0.9666666666666667,-14.00000011920963,-16.249999880790718,1.75,817.0,0,excluded,letter bias: the same letter in both orders
medxpertqa:Text-602:I-B:ab,Text-602:I-B,ab,Text-602,Reasoning,Nervous,A,Intellectual disability,Fragile X syndrome,True,A,text,-0.004078404977917671,-5.504078388214111,0.9959299004209012,0.004070137939983506,5.499999983236194,,True,30,30,29,1,0.9666666666666667,0.03333333333333333,0.9666666666666667,0.03333333333333333,10.000000299058229,-2.0,15.49999976158145,882.5,0,excluded,letter bias: the same letter in both orders
medxpertqa:Text-602:I-B:ba,Text-602:I-B,ba,Text-602,Reasoning,Nervous,B,Intellectual disability,Fragile X syndrome,True,A,text,-0.10020658373832703,-2.3502066135406494,0.9046505126460354,0.09534945969074979,-2.2500000298023224,,False,30,30,27,3,0.9,0.1,0.9,0.1,5.250000011175871,-13.499999523163865,6.50000017543789,975.0,0,excluded,letter bias: the same letter in both orders
medxpertqa:Text-602:I-C:ab,Text-602:I-C,ab,Text-602,Reasoning,Nervous,A,Intellectual disability,Specific learning disability,True,A,text,-0.31326165795326233,-1.31326162815094,0.7310586002437232,0.26894143733631704,0.9999999701976776,,True,30,30,0,30,0.0,1.0,0.0,1.0,-4.874999987194315,-8.250000034138793,-2.9999999031424522,945.5,0,excluded,letter bias: the same letter in both orders
medxpertqa:Text-602:I-C:ba,Text-602:I-C,ba,Text-602,Reasoning,Nervous,B,Intellectual disability,Specific learning disability,True,A,text,-2.753696753643453e-05,-10.500027656555176,0.9999724634116024,2.7535687796947383e-05,-10.50000011958764,,False,30,30,0,30,0.0,1.0,0.0,1.0,-15.749999880790718,-19.75,-10.999999523302904,808.0,0,excluded,letter bias: the same letter in both orders
medxpertqa:Text-602:I-D:ab,Text-602:I-D,ab,Text-602,Reasoning,Nervous,A,Intellectual disability,Global developmental delay,False,B,text,-1.7014133930206299,-0.2014133334159851,0.18242550282051248,0.8175744308728488,-1.5000000596046448,,False,30,30,5,25,0.16666666666666666,0.8333333333333334,0.16666666666666666,0.8333333333333334,-5.500000230735168,-7.749999854364432,5.500000111758709,1641.0,0,hurts,more wrong
medxpertqa:Text-602:I-D:ba,Text-602:I-D,ba,Text-602,Reasoning,Nervous,B,Intellectual disability,Global developmental delay,False,A,text,-0.00033539868309162557,-8.000335693359375,0.9996646575567589,0.0003353500342255387,-8.000000294676283,,False,30,30,2,28,0.06666666666666667,0.9333333333333333,0.13333333333333333,0.8666666666666667,-11.250000298108716,-15.24999976158145,3.499999951571226,1546.5,0,hurts,more wrong
medxpertqa:Text-602:I-E:ab,Text-602:I-E,ab,Text-602,Reasoning,Nervous,A,Intellectual disability,Childhood apraxia of speech,False,A,text,-9.60780744208023e-05,-9.250096321105957,0.9999039265409296,9.610239492660866e-05,9.250000243031536,,True,30,30,30,0,1.0,0.0,0.9666666666666667,0.03333333333333333,12.250000000011369,8.7499995357648,16.249999880790718,1119.0,0,helps,more confident
medxpertqa:Text-602:I-E:ba,Text-602:I-E,ba,Text-602,Reasoning,Nervous,B,Intellectual disability,Childhood apraxia of speech,False,B,text,-2.1269280910491943,-0.12692804634571075,0.11920291248514252,0.8807970468833343,2.0000000447034836,,True,30,30,30,0,1.0,0.0,1.0,0.0,6.999999998311978,4.7499997820705175,10.999999523302904,788.0,0,helps,more confident
medxpertqa:Text-602:I-F:ab,Text-602:I-F,ab,Text-602,Reasoning,Nervous,A,Intellectual disability,Autism spectrum disorder,False,B,text,-9.000123023986816,-0.00012337400403339416,0.0001233946226544279,0.999876633606226,-8.999999649982783,,False,30,30,0,30,0.0,1.0,0.0,1.0,-11.749999761612344,-14.00000011920963,-9.499999525964085,453.0,0,hurts,more wrong
medxpertqa:Text-602:I-F:ba,Text-602:I-F,ba,Text-602,Reasoning,Nervous,B,Intellectual disability,Autism spectrum disorder,False,A,text,-1.0132738680113107e-05,-11.50001049041748,0.9999898673126559,1.0129987330277146e-05,-11.5000003576788,,False,30,30,0,30,0.0,1.0,0.0,1.0,-20.5625,-22.0,-17.25,503.5,0,hurts,more wrong
medxpertqa:Text-602:I-G:ab,Text-602:I-G,ab,Text-602,Reasoning,Nervous,A,Intellectual disability,Rett syndrome,False,A,text,-9.60780744208023e-05,-9.250096321105957,0.9999039265409296,9.610239492660866e-05,9.250000243031536,,True,30,30,30,0,1.0,0.0,0.9666666666666667,0.0,15.624999821186083,9.250000243031536,20.5,526.5,0,helps,more confident
medxpertqa:Text-602:I-G:ba,Text-602:I-G,ba,Text-602,Reasoning,Nervous,B,Intellectual disability,Rett syndrome,False,B,text,-8.250261306762695,-0.00026127262390218675,0.0002611902975925828,0.9997387615048174,8.250000034138793,,True,30,30,30,0,1.0,0.0,1.0,0.0,12.625000059610102,8.999999649982783,14.00000011920963,504.0,0,helps,more confident
medxpertqa:Text-602:I-H:ab,Text-602:I-H,ab,Text-602,Reasoning,Nervous,A,Intellectual disability,Social (pragmatic) communication disorder,False,B,text,-3.529750347137451,-0.029750416055321693,0.029312232836486894,0.9706877714009485,-3.4999999310821295,,False,30,30,0,30,0.0,1.0,0.0,1.0,-6.999999819439836,-9.749999882489647,-4.000000026077032,774.0,0,hurts,more wrong
medxpertqa:Text-602:I-H:ba,Text-602:I-H,ba,Text-602,Reasoning,Nervous,B,Intellectual disability,Social (pragmatic) communication disorder,False,A,text,-4.768360213347478e-06,-12.250004768371582,0.9999952316511552,4.78509457496562e-06,-12.250000000011369,,False,30,30,0,30,0.0,1.0,0.06666666666666667,0.9333333333333333,-15.49999976158145,-19.25,-9.50000024124165,773.5,0,hurts,more wrong
medxpertqa:Text-602:I-J:ab,Text-602:I-J,ab,Text-602,Reasoning,Nervous,A,Intellectual disability,Attention-deficit/hyperactivity disorder (ADHD),False,B,text,-0.9740769863128662,-0.4740769863128662,0.377540667992942,0.6224593298742985,-0.5,,False,30,30,9,21,0.3,0.7,0.3,0.7,-5.250000029569492,-8.749999774154276,10.50000011958764,1076.0,0,hurts,more wrong
medxpertqa:Text-602:I-J:ba,Text-602:I-J,ba,Text-602,Reasoning,Nervous,B,Intellectual disability,Attention-deficit/hyperactivity disorder (ADHD),False,A,text,-0.0015023384476080537,-6.501502513885498,0.9984987894978749,0.001501181950907551,-6.50000017543789,,False,30,30,13,17,0.43333333333333335,0.5666666666666667,0.43333333333333335,0.5666666666666667,-7.999999834370101,-14.999999642372188,8.499999543884769,1035.0,0,neutral,
medxpertqa:Text-629:J-A:ab,Text-629:J-A,ab,Text-629,Reasoning,Reproductive,A,Circular anechoic structures within the myometrium without posterior shadowing,Multiple hyperechoic foci with posterior shadowing in the myometrium,True,A,text,-0.1602240949869156,-1.9102240800857544,0.8519528492100928,0.14804720844715558,1.7499999850988388,,True,30,30,4,26,0.13333333333333333,0.8666666666666667,0.13333333333333333,0.8666666666666667,-7.250000132829882,-10.50000011958764,10.249999881416443,1738.5,0,excluded,letter bias: the same letter in both orders
medxpertqa:Text-629:J-A:ba,Text-629:J-A,ba,Text-629,Reasoning,Reproductive,B,Circular anechoic structures within the myometrium without posterior shadowing,Multiple hyperechoic foci with posterior shadowing in the myometrium,True,A,text,-0.01416344940662384,-4.264163494110107,0.9859363803758086,0.014063626520379485,-4.250000044703484,,False,30,30,0,30,0.0,1.0,0.0,1.0,-13.000000059607487,-17.25,-9.749999763287633,1761.5,0,excluded,letter bias: the same letter in both orders
medxpertqa:Text-629:J-B:ab,Text-629:J-B,ab,Text-629,Reasoning,Reproductive,A,Circular anechoic structures within the myometrium without posterior shadowing,A focal hypoechoic lesion with irregular borders in the endometrium,True,A,text,-0.10020658373832703,-2.3502066135406494,0.9046505126460354,0.09534945969074979,2.2500000298023224,,True,30,30,13,17,0.43333333333333335,0.5666666666666667,0.43333333333333335,0.5666666666666667,-3.1250000866129994,-7.749999854364432,14.00000011920963,2343.5,0,excluded,letter bias: the same letter in both orders
medxpertqa:Text-629:J-B:ba,Text-629:J-B,ba,Text-629,Reasoning,Reproductive,B,Circular anechoic structures within the myometrium without posterior shadowing,A focal hypoechoic lesion with irregular borders in the endometrium,True,A,text,-0.25192904472351074,-1.5019290447235107,0.77729988964086,0.2227001469810028,-1.25,,False,30,30,3,27,0.1,0.9,0.1,0.9,-9.749999703686626,-11.999999523181941,8.250000034138793,2351.0,0,excluded,letter bias: the same letter in both orders
medxpertqa:Text-629:J-C:ab,Text-629:J-C,ab,Text-629,Reasoning,Reproductive,A,Circular anechoic structures within the myometrium without posterior shadowing,Endometrial polypoid structures with central vascularity,False,A,text,-0.07888974994421005,-2.578889846801758,0.9241418055144026,0.07585817148650026,2.5000000968575478,,True,30,30,28,2,0.9333333333333333,0.06666666666666667,0.9333333333333333,0.06666666666666667,10.250000239124347,-4.750000095926225,13.749999880791279,1334.0,0,helps,more confident
medxpertqa:Text-629:J-C:ba,Text-629:J-C,ba,Text-629,Reasoning,Reproductive,B,Circular anechoic structures within the myometrium without posterior shadowing,Endometrial polypoid structures with central vascularity,False,B,text,-4.511047840118408,-0.011047743260860443,0.010986941583869245,0.9890130589396958,4.500000096857548,,True,30,30,30,0,1.0,0.0,1.0,0.0,8.124999747305992,5.9999998500570655,12.50000011921611,1755.5,0,helps,more confident
medxpertqa:Text-629:J-D:ab,Text-629:J-D,ab,Text-629,Reasoning,Reproductive,A,Circular anechoic structures within the myometrium without posterior shadowing,Thickened endometrial stripe with irregular vascularity,True,B,text,-2.3502066135406494,-0.10020658373832703,0.09534945969074979,0.9046505126460354,-2.2500000298023224,,False,30,30,22,8,0.7333333333333333,0.26666666666666666,0.7333333333333333,0.26666666666666666,4.375000146217644,-8.999999530788045,8.499999663079507,1968.5,0,excluded,letter bias: the same letter in both orders
medxpertqa:Text-629:J-D:ba,Text-629:J-D,ba,Text-629,Reasoning,Reproductive,B,Circular anechoic structures within the myometrium without posterior shadowing,Thickened endometrial stripe with irregular vascularity,True,B,text,-1.1368709802627563,-0.38687101006507874,0.32082130911852547,0.6791786964925157,0.7499999701976776,,True,30,30,19,11,0.6333333333333333,0.36666666666666664,0.6333333333333333,0.36666666666666664,5.750000095227733,-9.250000243031536,8.250000034138793,1906.0,0,excluded,letter bias: the same letter in both orders
medxpertqa:Text-629:J-E:ab,Text-629:J-E,ab,Text-629,Reasoning,Reproductive,A,Circular anechoic structures within the myometrium without posterior shadowing,"Symmetrical, homogeneous endometrial thickening",False,A,text,-0.25192904472351074,-1.5019290447235107,0.77729988964086,0.2227001469810028,1.25,,True,30,30,20,10,0.6666666666666666,0.3333333333333333,0.6666666666666666,0.3333333333333333,5.999999881838448,-6.750000208383426,11.250000357712452,2349.5,0,neutral,
medxpertqa:Text-629:J-E:ba,Text-629:J-E,ba,Text-629,Reasoning,Reproductive,B,Circular anechoic structures within the myometrium without posterior shadowing,"Symmetrical, homogeneous endometrial thickening",False,B,text,-1.9102240800857544,-0.1602240949869156,0.14804720844715558,0.8519528492100928,1.7499999850988388,,True,30,30,26,4,0.8666666666666667,0.13333333333333333,0.8666666666666667,0.13333333333333333,5.875000130501576,-10.249999881416443,9.749999882489647,2207.0,0,helps,more confident
medxpertqa:Text-629:J-F:ab,Text-629:J-F,ab,Text-629,Reasoning,Reproductive,A,Circular anechoic structures within the myometrium without posterior shadowing,"Asymmetrical, irregular endometrial thickening",True,B,text,-0.9740769863128662,-0.4740769863128662,0.377540667992942,0.6224593298742985,-0.5,,False,30,30,14,16,0.4666666666666667,0.5333333333333333,0.4666666666666667,0.5333333333333333,-4.625000062864274,-9.250000123836799,8.499999663079507,2523.0,0,excluded,letter bias: the same letter in both orders
medxpertqa:Text-629:J-F:ba,Text-629:J-F,ba,Text-629,Reasoning,Reproductive,B,Circular anechoic structures within the myometrium without posterior shadowing,"Asymmetrical, irregular endometrial thickening",True,B,text,-2.3502066135406494,-0.10020658373832703,0.09534945969074979,0.9046505126460354,2.2500000298023224,,True,30,30,20,10,0.6666666666666666,0.3333333333333333,0.6666666666666666,0.3333333333333333,6.250000016763806,-8.250000034138793,10.999999523302904,2065.0,0,excluded,letter bias: the same letter in both orders
medxpertqa:Text-629:J-G:ab,Text-629:J-G,ab,Text-629,Reasoning,Reproductive,A,Circular anechoic structures within the myometrium without posterior shadowing,"A large, circular hypoechoic structure within the myometrium with posterior shadowing",False,B,text,-2.578889846801758,-0.07888974994421005,0.07585817148650026,0.9241418055144026,-2.5000000968575478,,False,30,30,0,30,0.0,1.0,0.0,1.0,-10.874999523348379,-14.00000011920963,-6.50000017543789,1034.0,0,hurts,more wrong
medxpertqa:Text-629:J-G:ba,Text-629:J-G,ba,Text-629,Reasoning,Reproductive,B,Circular anechoic structures within the myometrium without posterior shadowing,"A large, circular hypoechoic structure within the myometrium with posterior shadowing",False,A,text,-4.541770613286644e-05,-10.000045776367188,0.9999545833252356,4.539785156619626e-05,-10.000000358661055,,False,30,30,0,30,0.0,1.0,0.0,1.0,-18.625,-24.0,-11.749999761612344,1299.0,0,hurts,more wrong
medxpertqa:Text-629:J-H:ab,Text-629:J-H,ab,Text-629,Reasoning,Reproductive,A,Circular anechoic structures within the myometrium without posterior shadowing,Diffuse myometrial calcifications with acoustic shadowing,False,A,text,-0.0024756519123911858,-6.002475738525391,0.9975274099865513,0.002472623024627213,6.000000086612999,,True,30,30,29,1,0.9666666666666667,0.03333333333333333,0.9666666666666667,0.03333333333333333,12.37500005961374,-4.750000039115548,17.0,1842.5,0,helps,more confident
medxpertqa:Text-629:J-H:ba,Text-629:J-H,ba,Text-629,Reasoning,Reproductive,B,Circular anechoic structures within the myometrium without posterior shadowing,Diffuse myometrial calcifications with acoustic shadowing,False,B,text,-2.3502066135406494,-0.10020658373832703,0.09534945969074979,0.9046505126460354,2.2500000298023224,,True,30,30,21,9,0.7,0.3,0.7,0.3,5.8750000121071935,-8.250000034138793,8.499999663079507,2840.5,0,helps,more confident
medxpertqa:Text-629:J-I:ab,Text-629:J-I,ab,Text-629,Reasoning,Reproductive,A,Circular anechoic structures within the myometrium without posterior shadowing,"Symmetrical, homogeneous myometrial thickening",True,A,text,-0.04858732968568802,-3.0485873222351074,0.9525741476724274,0.047425874568977164,2.9999999925494194,,True,30,30,2,28,0.06666666666666667,0.9333333333333333,0.06666666666666667,0.9333333333333333,-5.250000012340024,-9.499999525964085,8.499999543884769,1697.5,0,excluded,letter bias: the same letter in both orders
medxpertqa:Text-629:J-I:ba,Text-629:J-I,ba,Text-629,Reasoning,Reproductive,B,Circular anechoic structures within the myometrium without posterior shadowing,"Symmetrical, homogeneous myometrial thickening",True,A,text,-0.6931471824645996,-0.6931471824645996,0.49999999904767284,0.49999999904767284,-0.0,,False,30,30,4,26,0.13333333333333333,0.8666666666666667,0.13333333333333333,0.8666666666666667,-10.749999523393853,-14.749999642372188,5.500000109896064,1506.5,0,excluded,letter bias: the same letter in both orders
medxpertqa:Text-696:B-A:ab,Text-696:B-A,ab,Text-696,Reasoning,Nervous,A,Dependent,Histrionic,True,A,text,-0.06196761503815651,-2.811967611312866,0.9399133253553882,0.060086648833494447,2.7499999962747097,,True,30,30,30,0,1.0,0.0,1.0,0.0,14.00000011920963,9.499999525964085,18.25,1246.5,0,excluded,letter bias: the same letter in both orders
medxpertqa:Text-696:B-A:ba,Text-696:B-A,ba,Text-696,Reasoning,Nervous,B,Dependent,Histrionic,True,A,text,-0.1602240949869156,-1.9102240800857544,0.8519528492100928,0.14804720844715558,-1.7499999850988388,,False,30,30,30,0,1.0,0.0,1.0,0.0,10.624999821490746,6.999999938940164,12.750000000004093,773.0,0,excluded,letter bias: the same letter in both orders
medxpertqa:Text-696:B-C:ab,Text-696:B-C,ab,Text-696,Reasoning,Nervous,A,Dependent,Obsessive-compulsive,False,A,text,-0.004078404977917671,-5.504078388214111,0.9959299004209012,0.004070137939983506,5.499999983236194,,True,30,30,30,0,1.0,0.0,1.0,0.0,19.0,10.000000239455403,23.0,678.5,0,helps,more confident
medxpertqa:Text-696:B-C:ba,Text-696:B-C,ba,Text-696,Reasoning,Nervous,B,Dependent,Obsessive-compulsive,False,B,text,-7.750430583953857,-0.0004306104383431375,0.0004305571096741222,0.9995694822610254,7.749999973515514,,True,30,30,30,0,1.0,0.0,1.0,0.0,14.624999582767572,11.5000003576788,17.75,625.0,0,helps,more confident
medxpertqa:Text-696:B-D:ab,Text-696:B-D,ab,Text-696,Reasoning,Nervous,A,Dependent,Narcissistic,False,A,text,-0.004078404977917671,-5.504078388214111,0.9959299004209012,0.004070137939983506,5.499999983236194,,True,30,30,30,0,1.0,0.0,1.0,0.0,17.6875,12.374999880802534,21.0,929.0,0,helps,more confident
medxpertqa:Text-696:B-D:ba,Text-696:B-D,ba,Text-696,Reasoning,Nervous,B,Dependent,Narcissistic,False,B,text,-1.31326162815094,-0.31326165795326233,0.26894143733631704,0.7310586002437232,0.9999999701976776,,True,30,30,30,0,1.0,0.0,1.0,0.0,12.250000000011369,7.500000152911525,15.24999976158145,691.0,0,helps,more confident
medxpertqa:Text-696:B-E:ab,Text-696:B-E,ab,Text-696,Reasoning,Nervous,A,Dependent,Paranoid,True,B,text,-0.825939416885376,-0.575939416885376,0.43782350042481233,0.5621765025686553,-0.25,,False,30,30,1,29,0.03333333333333333,0.9666666666666667,0.03333333333333333,0.9666666666666667,-9.250000183434167,-10.749999523393853,8.125000163156074,926.0,0,excluded,letter bias: the same letter in both orders
medxpertqa:Text-696:B-E:ba,Text-696:B-E,ba,Text-696,Reasoning,Nervous,B,Dependent,Paranoid,True,B,text,-1.7014133930206299,-0.2014133334159851,0.18242550282051248,0.8175744308728488,1.5000000596046448,,True,30,30,19,11,0.6333333333333333,0.36666666666666664,0.6333333333333333,0.36666666666666664,8.125000283849658,-10.999999523302904,11.999999523181941,1587.0,0,excluded,letter bias: the same letter in both orders
medxpertqa:Text-696:B-F:ab,Text-696:B-F,ab,Text-696,Reasoning,Nervous,A,Dependent,Borderline,False,B,text,-6.501502513885498,-0.0015023384476080537,0.001501181950907551,0.9984987894978749,-6.50000017543789,,False,30,30,0,30,0.0,1.0,0.0,1.0,-12.999999642374632,-14.999999642372188,-9.250000243031536,727.5,0,hurts,more wrong
medxpertqa:Text-696:B-F:ba,Text-696:B-F,ba,Text-696,Reasoning,Nervous,B,Dependent,Borderline,False,A,text,-0.0005529781919904053,-7.500553131103516,0.9994471746722718,0.0005527785265734312,-7.500000152911525,,False,30,30,2,28,0.06666666666666667,0.9333333333333333,0.06666666666666667,0.9333333333333333,-15.874999880790718,-18.5,7.749999973515514,836.5,0,hurts,more wrong
medxpertqa:Text-696:B-G:ab,Text-696:B-G,ab,Text-696,Reasoning,Nervous,A,Dependent,Antisocial,False,A,text,-9.60780744208023e-05,-9.250096321105957,0.9999039265409296,9.610239492660866e-05,9.250000243031536,,True,30,30,30,0,1.0,0.0,1.0,0.0,20.625,17.75,22.75,741.5,0,helps,more confident
medxpertqa:Text-696:B-G:ba,Text-696:B-G,ba,Text-696,Reasoning,Nervous,B,Dependent,Antisocial,False,B,text,-6.7511701583862305,-0.0011701886542141438,0.0011695103074966034,0.9988304957495425,6.749999969732016,,True,30,30,30,0,1.0,0.0,1.0,0.0,13.749999821186748,10.50000011958764,16.75,624.0,0,helps,more confident
medxpertqa:Text-696:B-H:ab,Text-696:B-H,ab,Text-696,Reasoning,Nervous,A,Dependent,Schizoid,False,A,text,-5.829164365422912e-05,-9.7500581741333,0.9999417100552707,5.829127258796956e-05,9.749999882489647,,True,30,30,30,0,1.0,0.0,1.0,0.0,21.0625,14.00000011920963,24.5,768.5,0,helps,more confident
medxpertqa:Text-696:B-H:ba,Text-696:B-H,ba,Text-696,Reasoning,Nervous,B,Dependent,Schizoid,False,B,text,-6.501502513885498,-0.0015023384476080537,0.001501181950907551,0.9984987894978749,6.50000017543789,,True,30,30,30,0,1.0,0.0,1.0,0.0,12.250000000011369,9.250000243031536,14.499999523162955,841.0,0,helps,more confident
medxpertqa:Text-696:B-I:ab,Text-696:B-I,ab,Text-696,Reasoning,Nervous,A,Dependent,Avoidant,True,A,text,-0.25192904472351074,-1.5019290447235107,0.77729988964086,0.2227001469810028,1.25,,True,30,30,11,19,0.36666666666666664,0.6333333333333333,0.36666666666666664,0.6333333333333333,-4.625000060535967,-10.000000358661055,14.999999642372188,1564.0,0,excluded,letter bias: the same letter in both orders
medxpertqa:Text-696:B-I:ba,Text-696:B-I,ba,Text-696,Reasoning,Nervous,B,Dependent,Avoidant,True,A,text,-0.31326165795326233,-1.31326162815094,0.7310586002437232,0.26894143733631704,-0.9999999701976776,,False,30,30,27,3,0.9,0.1,0.9,0.1,9.12499988690979,-10.249999881416443,13.250000119210881,996.5,0,excluded,letter bias: the same letter in both orders
medxpertqa:Text-696:B-J:ab,Text-696:B-J,ab,Text-696,Reasoning,Nervous,A,Dependent,Passive-aggressive,False,A,text,-0.0004306104383431375,-7.750430583953857,0.9995694822610254,0.0004305571096741222,7.749999973515514,,True,30,30,30,0,1.0,0.0,1.0,0.0,17.875,14.499999523162955,23.25,1133.5,0,helps,more confident
medxpertqa:Text-696:B-J:ba,Text-696:B-J,ba,Text-696,Reasoning,Nervous,B,Dependent,Passive-aggressive,False,B,text,-4.264163494110107,-0.01416344940662384,0.014063626520379485,0.9859363803758086,4.250000044703484,,True,30,30,30,0,1.0,0.0,1.0,0.0,12.249999821199026,7.500000033760443,14.999999642372188,922.5,0,helps,more confident
medxpertqa:Text-697:D-A:ab,Text-697:D-A,ab,Text-697,Reasoning,Cardiovascular,A,Dysbetalipoproteinemia,Type III hyperlipoproteinemia,False,B,text,-0.9740769863128662,-0.4740769863128662,0.377540667992942,0.6224593298742985,-0.5,,False,30,30,2,28,0.06666666666666667,0.9333333333333333,0.06666666666666667,0.9333333333333333,-7.625000004933099,-9.750000359355909,11.000000000163709,1760.5,0,hurts,more wrong
medxpertqa:Text-697:D-A:ba,Text-697:D-A,ba,Text-697,Reasoning,Cardiovascular,B,Dysbetalipoproteinemia,Type III hyperlipoproteinemia,False,A,text,-0.00012337400403339416,-9.000123023986816,0.999876633606226,0.0001233946226544279,-8.999999649982783,,False,30,30,18,12,0.6,0.4,0.7666666666666667,0.23333333333333334,4.000000040046871,-15.74999976158145,8.500000259198714,2129.0,0,neutral,
medxpertqa:Text-697:D-B:ab,Text-697:D-B,ab,Text-697,Reasoning,Cardiovascular,A,Dysbetalipoproteinemia,Hypoalphalipoproteinemia,False,A,text,0.0,-25.25,1.0,1.0815941557285693e-11,25.25,,True,30,30,30,0,1.0,0.0,0.8666666666666667,0.1,27.0625,23.375,29.875,631.0,0,helps,more confident
medxpertqa:Text-697:D-B:ba,Text-697:D-B,ba,Text-697,Reasoning,Cardiovascular,B,Dysbetalipoproteinemia,Hypoalphalipoproteinemia,False,B,text,-13.250001907348633,-1.7881377516459906e-06,1.7603429545652396e-06,0.9999982118638471,13.250000119210881,,True,30,30,30,0,1.0,0.0,0.9333333333333333,0.03333333333333333,15.874999880790718,12.999999642374632,18.5,718.0,0,helps,more confident
medxpertqa:Text-697:D-C:ab,Text-697:D-C,ab,Text-697,Reasoning,Cardiovascular,A,Dysbetalipoproteinemia,Familial combined hyperlipidemia,True,A,text,-1.1920928244535389e-07,-16.0,0.9999998807907247,1.1253517471925912e-07,15.999999880790718,,True,30,30,30,0,1.0,0.0,0.9666666666666667,0.03333333333333333,19.1875,15.74999976158145,23.625,979.0,0,excluded,letter bias: the same letter in both orders
medxpertqa:Text-697:D-C:ba,Text-697:D-C,ba,Text-697,Reasoning,Cardiovascular,B,Dysbetalipoproteinemia,Familial combined hyperlipidemia,True,A,text,-0.07888974994421005,-2.578889846801758,0.9241418055144026,0.07585817148650026,-2.5000000968575478,,False,30,30,20,10,0.6666666666666666,0.3333333333333333,0.6666666666666666,0.3333333333333333,6.000000097905286,-12.000000357647878,8.750000131869456,2066.5,0,excluded,letter bias: the same letter in both orders
medxpertqa:Text-697:D-E:ab,Text-697:D-E,ab,Text-697,Reasoning,Cardiovascular,A,Dysbetalipoproteinemia,Hypertriglyceridemia secondary to metabolic syndrome,False,A,text,0.0,-23.75,1.0,4.8473687062702556e-11,23.75,,True,30,30,30,0,1.0,0.0,0.6333333333333333,0.36666666666666664,24.3125,21.5,27.125,853.0,0,neutral,
medxpertqa:Text-697:D-E:ba,Text-697:D-E,ba,Text-697,Reasoning,Cardiovascular,B,Dysbetalipoproteinemia,Hypertriglyceridemia secondary to metabolic syndrome,False,B,text,-13.000001907348633,-2.264974000354414e-06,2.2603250957489616e-06,0.9999977350285647,12.999999642374632,,True,30,30,30,0,1.0,0.0,0.7666666666666667,0.16666666666666666,14.00000011920963,11.5000003576788,17.5,1096.0,0,helps,more confident
medxpertqa:Text-697:D-F:ab,Text-697:D-F,ab,Text-697,Reasoning,Cardiovascular,A,Dysbetalipoproteinemia,Familial hypercholesterolemia,True,A,text,-0.0011701886542141438,-6.7511701583862305,0.9988304957495425,0.0011695103074966034,6.749999969732016,,True,30,30,23,7,0.7666666666666667,0.23333333333333334,0.7,0.3,10.4375000007185,-10.999999642524926,13.250000119210881,1548.5,0,excluded,letter bias: the same letter in both orders
medxpertqa:Text-697:D-F:ba,Text-697:D-F,ba,Text-697,Reasoning,Cardiovascular,B,Dysbetalipoproteinemia,Familial hypercholesterolemia,True,A,text,-5.829164365422912e-05,-9.7500581741333,0.9999417100552707,5.829127258796956e-05,-9.749999882489647,,False,30,30,6,24,0.2,0.8,0.2,0.8,-18.125,-21.75,5.000000204890966,1094.5,0,excluded,letter bias: the same letter in both orders
medxpertqa:Text-697:D-G:ab,Text-697:D-G,ab,Text-697,Reasoning,Cardiovascular,A,Dysbetalipoproteinemia,Familial hypertriglyceridemia,False,A,text,0.0,-19.0,1.0,5.602796437537268e-09,19.0,,True,30,30,30,0,1.0,0.0,1.0,0.0,22.375,19.5,26.25,812.5,0,helps,more confident
medxpertqa:Text-697:D-G:ba,Text-697:D-G,ba,Text-697,Reasoning,Cardiovascular,B,Dysbetalipoproteinemia,Familial hypertriglyceridemia,False,B,text,-6.002475738525391,-0.0024756519123911858,0.002472623024627213,0.9975274099865513,6.000000086612999,,True,30,30,30,0,1.0,0.0,0.9666666666666667,0.03333333333333333,11.5000003576788,5.25000021699816,15.24999976158145,921.5,0,helps,more confident
medxpertqa:Text-697:D-H:ab,Text-697:D-H,ab,Text-697,Reasoning,Cardiovascular,A,Dysbetalipoproteinemia,Lipoprotein lipase deficiency,False,A,text,0.0,-18.5,1.0,9.237449661970594e-09,18.5,,True,30,30,30,0,1.0,0.0,0.9666666666666667,0.03333333333333333,21.5,18.375,25.5,828.5,0,helps,more confident
medxpertqa:Text-697:D-H:ba,Text-697:D-H,ba,Text-697,Reasoning,Cardiovascular,B,Dysbetalipoproteinemia,Lipoprotein lipase deficiency,False,B,text,-3.773245334625244,-0.023245446383953094,0.02297737289127478,0.9770226476651187,3.749999888241291,,True,30,30,30,0,1.0,0.0,1.0,0.0,10.62499976188792,8.000000294676283,13.749999880791279,1173.0,0,helps,more confident
medxpertqa:Text-697:D-I:ab,Text-697:D-I,ab,Text-697,Reasoning,Cardiovascular,A,Dysbetalipoproteinemia,Polygenic hypercholesterolemia,True,A,text,-1.7881377516459906e-06,-13.250001907348633,0.9999982118638471,1.7603429545652396e-06,13.250000119210881,,True,30,30,30,0,1.0,0.0,0.9666666666666667,0.03333333333333333,16.87499994039536,12.125000000022283,20.375,1127.5,0,excluded,letter bias: the same letter in both orders
medxpertqa:Text-697:D-I:ba,Text-697:D-I,ba,Text-697,Reasoning,Cardiovascular,B,Dysbetalipoproteinemia,Polygenic hypercholesterolemia,True,A,text,-0.10020658373832703,-2.3502066135406494,0.9046505126460354,0.09534945969074979,-2.2500000298023224,,False,30,30,21,9,0.7,0.3,0.7,0.3,6.250000073574483,-15.49999976158145,8.499999543884769,1402.5,0,excluded,letter bias: the same letter in both orders
medxpertqa:Text-697:D-J:ab,Text-697:D-J,ab,Text-697,Reasoning,Cardiovascular,A,Dysbetalipoproteinemia,Tangier disease,True,A,text,0.0,-20.25,1.0,1.6052280551856116e-09,20.25,,True,30,30,30,0,1.0,0.0,1.0,0.0,24.625,22.125,27.0,642.0,0,excluded,letter bias: the same letter in both orders
medxpertqa:Text-697:D-J:ba,Text-697:D-J,ba,Text-697,Reasoning,Cardiovascular,B,Dysbetalipoproteinemia,Tangier disease,True,A,text,-0.31326165795326233,-1.31326162815094,0.7310586002437232,0.26894143733631704,-0.9999999701976776,,False,30,30,30,0,1.0,0.0,1.0,0.0,11.124999940507678,6.750000208383426,13.250000119210881,658.0,0,excluded,letter bias: the same letter in both orders
medxpertqa:Text-699:I-A:ab,Text-699:I-A,ab,Text-699,Reasoning,Skeletal,A,left unilateral sacral extension,right unilateral sacral flexion,False,A,text,-0.38687101006507874,-1.1368709802627563,0.6791786964925157,0.32082130911852547,0.7499999701976776,,True,30,30,17,13,0.5666666666666667,0.43333333333333335,0.5666666666666667,0.43333333333333335,6.875000031053787,-10.000000358661055,15.49999976158145,2077.5,0,neutral,
medxpertqa:Text-699:I-A:ba,Text-699:I-A,ba,Text-699,Reasoning,Skeletal,B,left unilateral sacral extension,right unilateral sacral flexion,False,B,text,-2.578889846801758,-0.07888974994421005,0.07585817148650026,0.9241418055144026,2.5000000968575478,,True,30,30,22,8,0.7333333333333333,0.26666666666666666,0.7333333333333333,0.26666666666666666,9.875000060974344,-11.999999523181941,14.749999642372188,1586.0,0,helps,more confident
medxpertqa:Text-699:I-B:ab,Text-699:I-B,ab,Text-699,Reasoning,Skeletal,A,left unilateral sacral extension,left unilateral sacral flexion,False,B,text,-2.3502066135406494,-0.10020658373832703,0.09534945969074979,0.9046505126460354,-2.2500000298023224,,False,30,30,21,9,0.7,0.3,0.7,0.3,10.249999524633495,-14.999999642372188,20.5,764.5,0,helps,flips to correct
medxpertqa:Text-699:I-B:ba,Text-699:I-B,ba,Text-699,Reasoning,Skeletal,B,left unilateral sacral extension,left unilateral sacral flexion,False,A,text,-0.25192904472351074,-1.5019290447235107,0.77729988964086,0.2227001469810028,-1.25,,False,30,30,21,9,0.7,0.3,0.7,0.3,8.00000023508619,-17.25,10.999999523302904,1011.0,0,helps,flips to correct
medxpertqa:Text-699:I-C:ab,Text-699:I-C,ab,Text-699,Reasoning,Skeletal,A,left unilateral sacral extension,piriformis syndrome,False,A,text,-0.00015841660206206143,-8.750158309936523,0.9998415959451853,0.0001584362410990077,8.749999893334461,,True,30,30,30,0,1.0,0.0,1.0,0.0,22.75,18.75,26.5,526.5,0,helps,more confident
medxpertqa:Text-699:I-C:ba,Text-699:I-C,ba,Text-699,Reasoning,Skeletal,B,left unilateral sacral extension,piriformis syndrome,False,B,text,-7.750430583953857,-0.0004306104383431375,0.0004305571096741222,0.9995694822610254,7.749999973515514,,True,30,30,30,0,1.0,0.0,1.0,0.0,14.999999642372188,12.50000011921611,17.0,506.0,0,helps,more confident
medxpertqa:Text-699:I-D:ab,Text-699:I-D,ab,Text-699,Reasoning,Skeletal,A,left unilateral sacral extension,sacral counternutation,False,A,text,-0.01416344940662384,-4.264163494110107,0.9859363803758086,0.014063626520379485,4.250000044703484,,True,30,30,7,23,0.23333333333333334,0.7666666666666667,0.23333333333333334,0.7666666666666667,-6.875000172498403,-14.499999523162955,17.75,894.5,0,hurts,flips to wrong
medxpertqa:Text-699:I-D:ba,Text-699:I-D,ba,Text-699,Reasoning,Skeletal,B,left unilateral sacral extension,sacral counternutation,False,B,text,-5.753177642822266,-0.0031777145341038704,0.0031726831078774057,0.9968273290569476,5.749999928288162,,True,30,30,27,3,0.9,0.1,0.9,0.1,11.5000003576788,-7.749999973515514,14.999999642372188,960.0,0,helps,more confident
medxpertqa:Text-699:I-E:ab,Text-699:I-E,ab,Text-699,Reasoning,Skeletal,A,left unilateral sacral extension,bilateral sacral torsion,False,A,text,-0.0031777145341038704,-5.753177642822266,0.9968273290569476,0.0031726831078774057,5.749999928288162,,True,30,30,29,1,0.9666666666666667,0.03333333333333333,0.9666666666666667,0.03333333333333333,14.500000000000114,-2.499999925494194,20.75,951.5,0,helps,more confident
medxpertqa:Text-699:I-E:ba,Text-699:I-E,ba,Text-699,Reasoning,Skeletal,B,left unilateral sacral extension,bilateral sacral torsion,False,B,text,-3.773245334625244,-0.023245446383953094,0.02297737289127478,0.9770226476651187,3.749999888241291,,True,30,30,28,2,0.9333333333333333,0.06666666666666667,0.9333333333333333,0.06666666666666667,10.624999821490746,-6.000000206753612,13.749999880791279,909.0,0,helps,more confident
medxpertqa:Text-699:I-F:ab,Text-699:I-F,ab,Text-699,Reasoning,Skeletal,A,left unilateral sacral extension,L5-S1 facet syndrome,False,A,text,-0.0031777145341038704,-5.753177642822266,0.9968273290569476,0.0031726831078774057,5.749999928288162,,True,30,30,30,0,1.0,0.0,1.0,0.0,19.0,12.50000011921611,23.75,563.5,0,helps,more confident
medxpertqa:Text-699:I-F:ba,Text-699:I-F,ba,Text-699,Reasoning,Skeletal,B,left unilateral sacral extension,L5-S1 facet syndrome,False,B,text,-4.758614540100098,-0.008614521473646164,0.008577484930474293,0.9914224771982877,4.7500000186264515,,True,30,30,30,0,1.0,0.0,1.0,0.0,11.999999523181941,10.000000358661055,14.749999642372188,639.0,0,helps,more confident
medxpertqa:Text-699:I-G:ab,Text-699:I-G,ab,Text-699,Reasoning,Skeletal,A,left unilateral sacral extension,left sacroiliac joint dysfunction,False,B,text,-2.811967611312866,-0.06196761503815651,0.060086648833494447,0.9399133253553882,-2.7499999962747097,,False,30,30,13,17,0.43333333333333335,0.5666666666666667,0.43333333333333335,0.5666666666666667,-7.749999913939973,-14.749999642372188,10.749999523393853,716.5,0,neutral,
medxpertqa:Text-699:I-G:ba,Text-699:I-G,ba,Text-699,Reasoning,Skeletal,B,left unilateral sacral extension,left sacroiliac joint dysfunction,False,A,text,-0.023245446383953094,-3.773245334625244,0.9770226476651187,0.02297737289127478,-3.749999888241291,,False,30,30,18,12,0.6,0.4,0.6,0.4,4.12499990966171,-17.5,10.749999523393853,725.0,0,neutral,
medxpertqa:Text-699:I-H:ab,Text-699:I-H,ab,Text-699,Reasoning,Skeletal,A,left unilateral sacral extension,left sacral torsion,False,B,text,-1.7014133930206299,-0.2014133334159851,0.18242550282051248,0.8175744308728488,-1.5000000596046448,,False,30,30,1,29,0.03333333333333333,0.9666666666666667,0.03333333333333333,0.9666666666666667,-11.749999761612344,-15.749999880790718,14.25000035762804,497.0,0,hurts,more wrong
medxpertqa:Text-699:I-H:ba,Text-699:I-H,ba,Text-699,Reasoning,Skeletal,B,left unilateral sacral extension,left sacral torsion,False,A,text,-0.06196761503815651,-2.811967611312866,0.9399133253553882,0.060086648833494447,-2.7499999962747097,,False,30,30,0,30,0.0,1.0,0.0,1.0,-14.624999582767572,-17.75,-8.249999676598236,677.0,0,hurts,more wrong
medxpertqa:Text-699:I-J:ab,Text-699:I-J,ab,Text-699,Reasoning,Skeletal,A,left unilateral sacral extension,sacral shear dysfunction,False,B,text,-1.9102240800857544,-0.1602240949869156,0.14804720844715558,0.8519528492100928,-1.7499999850988388,,False,30,30,9,21,0.3,0.7,0.3,0.7,-7.62500006321352,-13.499999523163865,12.999999642374632,895.5,0,hurts,more wrong
medxpertqa:Text-699:I-J:ba,Text-699:I-J,ba,Text-699,Reasoning,Skeletal,B,left unilateral sacral extension,sacral shear dysfunction,False,A,text,-0.12692804634571075,-2.1269280910491943,0.8807970468833343,0.11920291248514252,-2.0000000447034836,,False,30,30,8,22,0.26666666666666666,0.7333333333333333,0.26666666666666666,0.7333333333333333,-10.624999821490746,-15.999999880790718,8.999999649982783,782.5,0,hurts,more wrong
medxpertqa:Text-714:J-A:ab,Text-714:J-A,ab,Text-714,Reasoning,Nervous,A,C8 radiculopathy,Cubital tunnel syndrome,False,B,text,-1.9102240800857544,-0.1602240949869156,0.14804720844715558,0.8519528492100928,-1.7499999850988388,,False,30,30,22,8,0.7333333333333333,0.26666666666666666,0.7333333333333333,0.26666666666666666,4.4999999310821295,-8.250000034138793,8.000000175496098,1766.5,0,helps,flips to correct
medxpertqa:Text-714:J-A:ba,Text-714:J-A,ba,Text-714,Reasoning,Nervous,B,C8 radiculopathy,Cubital tunnel syndrome,False,A,text,-0.018149960786104202,-4.0181498527526855,0.9820137577607906,0.017986211314027313,-3.9999998919665813,,False,30,30,26,4,0.8666666666666667,0.13333333333333333,0.9,0.1,2.625000072643161,-11.5000003576788,6.499999937368557,1781.5,0,helps,flips to correct
medxpertqa:Text-714:J-B:ab,Text-714:J-B,ab,Text-714,Reasoning,Nervous,A,C8 radiculopathy,T1 radiculopathy,True,B,text,-3.529750347137451,-0.029750416055321693,0.029312232836486894,0.9706877714009485,-3.4999999310821295,,False,30,30,9,21,0.3,0.7,0.3333333333333333,0.6666666666666666,-6.499999939871486,-10.749999761826984,13.250000119210881,2206.0,0,excluded,letter bias: the same letter in both orders
medxpertqa:Text-714:J-B:ba,Text-714:J-B,ba,Text-714,Reasoning,Nervous,B,C8 radiculopathy,T1 radiculopathy,True,B,text,-5.504078388214111,-0.004078404977917671,0.004070137939983506,0.9959299004209012,5.499999983236194,,True,30,30,19,11,0.6333333333333333,0.36666666666666664,0.6333333333333333,0.36666666666666664,6.75000003085006,-10.000000239455403,11.250000357712452,2897.5,0,excluded,letter bias: the same letter in both orders
medxpertqa:Text-714:J-C:ab,Text-714:J-C,ab,Text-714,Reasoning,Nervous,A,C8 radiculopathy,Cervical spondylosis,False,A,text,-0.005233753472566605,-5.2552337646484375,0.9947799187523881,0.005220125868449866,5.250000011175871,,True,30,30,30,0,1.0,0.0,1.0,0.0,11.874999642397142,8.249999676598236,15.24999976158145,1373.5,0,helps,more confident
medxpertqa:Text-714:J-C:ba,Text-714:J-C,ba,Text-714,Reasoning,Nervous,B,C8 radiculopathy,Cervical spondylosis,False,B,text,-7.500553131103516,-0.0005529781919904053,0.0005527785265734312,0.9994471746722718,7.500000152911525,,True,30,30,30,0,1.0,0.0,1.0,0.0,10.000000239455403,8.999999649982783,11.749999761612344,1050.5,0,helps,more confident
medxpertqa:Text-714:J-D:ab,Text-714:J-D,ab,Text-714,Reasoning,Nervous,A,C8 radiculopathy,Thoracic outlet syndrome,False,A,text,-0.0005529781919904053,-7.500553131103516,0.9994471746722718,0.0005527785265734312,7.500000152911525,,True,30,30,28,2,0.9333333333333333,0.06666666666666667,0.9,0.1,15.687499880790718,-3.2499999217689037,19.25,1322.0,0,helps,more confident
medxpertqa:Text-714:J-D:ba,Text-714:J-D,ba,Text-714,Reasoning,Nervous,B,C8 radiculopathy,Thoracic outlet syndrome,False,B,text,-10.000045776367188,-4.541770613286644e-05,4.539785156619626e-05,0.9999545833252356,10.000000358661055,,True,30,30,30,0,1.0,0.0,0.9666666666666667,0.03333333333333333,12.250000000011369,10.000000239455403,14.749999642372188,1152.5,0,helps,more confident
medxpertqa:Text-714:J-E:ab,Text-714:J-E,ab,Text-714,Reasoning,Nervous,A,C8 radiculopathy,Brachial plexopathy,False,A,text,-5.829164365422912e-05,-9.7500581741333,0.9999417100552707,5.829127258796956e-05,9.749999882489647,,True,30,30,30,0,1.0,0.0,1.0,0.0,17.625,14.499999523162955,22.25,1200.0,0,helps,more confident
medxpertqa:Text-714:J-E:ba,Text-714:J-E,ba,Text-714,Reasoning,Nervous,B,C8 radiculopathy,Brachial plexopathy,False,B,text,-12.500003814697266,-3.6954811548639555e-06,3.7266389560521204e-06,0.9999963045256735,12.50000011921611,,True,30,30,30,0,1.0,0.0,0.5333333333333333,0.26666666666666666,12.750000000004093,10.249999881416443,14.999999642372188,904.5,0,neutral,
medxpertqa:Text-714:J-F:ab,Text-714:J-F,ab,Text-714,Reasoning,Nervous,A,C8 radiculopathy,Cervical disc herniation,True,B,text,-1.1368709802627563,-0.38687101006507874,0.32082130911852547,0.6791786964925157,-0.7499999701976776,,False,30,30,16,14,0.5333333333333333,0.4666666666666667,0.5333333333333333,0.4666666666666667,2.0000000409781933,-7.499999914609361,8.250000034138793,2295.0,0,excluded,letter bias: the same letter in both orders
medxpertqa:Text-714:J-F:ba,Text-714:J-F,ba,Text-714,Reasoning,Nervous,B,C8 radiculopathy,Cervical disc herniation,True,B,text,-4.511047840118408,-0.011047743260860443,0.010986941583869245,0.9890130589396958,4.500000096857548,,True,30,30,30,0,1.0,0.0,1.0,0.0,8.250000034138793,6.50000017543789,9.499999525964085,1275.0,0,excluded,letter bias: the same letter in both orders
medxpertqa:Text-714:J-G:ab,Text-714:J-G,ab,Text-714,Reasoning,Nervous,A,C8 radiculopathy,Carpal tunnel syndrome,False,A,text,-0.0005529781919904053,-7.500553131103516,0.9994471746722718,0.0005527785265734312,7.500000152911525,,True,30,30,30,0,1.0,0.0,1.0,0.0,13.749999880791279,11.250000357712452,15.999999880790718,985.0,0,helps,more confident
medxpertqa:Text-714:J-G:ba,Text-714:J-G,ba,Text-714,Reasoning,Nervous,B,C8 radiculopathy,Carpal tunnel syndrome,False,B,text,-11.000016212463379,-1.6689160474925302e-05,1.670143001672819e-05,0.9999833109787883,10.999999523302904,,True,30,30,30,0,1.0,0.0,0.3333333333333333,0.5666666666666667,10.749999523393853,8.749999893334461,13.499999523163865,765.5,0,neutral,
medxpertqa:Text-714:J-H:ab,Text-714:J-H,ab,Text-714,Reasoning,Nervous,A,C8 radiculopathy,Median nerve entrapment,False,A,text,-0.31326165795326233,-1.31326162815094,0.7310586002437232,0.26894143733631704,0.9999999701976776,,True,30,30,30,0,1.0,0.0,1.0,0.0,9.499999525964085,6.750000208383426,11.250000357712452,1300.5,0,helps,more confident
medxpertqa:Text-714:J-H:ba,Text-714:J-H,ba,Text-714,Reasoning,Nervous,B,C8 radiculopathy,Median nerve entrapment,False,B,text,-8.250261306762695,-0.00026127262390218675,0.0002611902975925828,0.9997387615048174,8.250000034138793,,True,30,30,30,0,1.0,0.0,0.8333333333333334,0.13333333333333333,9.499999525964085,7.749999973515514,11.250000357712452,1145.5,0,helps,more confident
medxpertqa:Text-714:J-I:ab,Text-714:J-I,ab,Text-714,Reasoning,Nervous,A,C8 radiculopathy,Ulnar neuropathy,False,B,text,-11.25001335144043,-1.2993727978027891e-05,1.3007123989067183e-05,0.9999870063564401,-11.250000357712452,,False,30,30,0,30,0.0,1.0,0.7,0.23333333333333334,-10.624999821490746,-13.250000119210881,-8.000000056345016,1447.5,0,neutral,
medxpertqa:Text-714:J-I:ba,Text-714:J-I,ba,Text-714,Reasoning,Nervous,B,C8 radiculopathy,Ulnar neuropathy,False,A,text,-2.264974000354414e-06,-13.000001907348633,0.9999977350285647,2.2603250957489616e-06,-12.999999642374632,,False,30,30,4,26,0.13333333333333333,0.8666666666666667,0.3,0.6666666666666666,-14.187500298023423,-18.25,2.2499999329447746,2033.5,0,neutral,
medxpertqa:Text-779:D-A:ab,Text-779:D-A,ab,Text-779,Reasoning,Skeletal,A,Right unilateral sacral extension,Anterior sacral shear,False,A,text,-0.0019286142196506262,-6.251928806304932,0.9980732443617326,0.0019267342527389902,6.250000192085281,,True,30,30,30,0,1.0,0.0,1.0,0.0,17.5,14.00000011920963,20.5,626.5,0,helps,more confident
medxpertqa:Text-779:D-A:ba,Text-779:D-A,ba,Text-779,Reasoning,Skeletal,B,Right unilateral sacral extension,Anterior sacral shear,False,B,text,-4.264163494110107,-0.01416344940662384,0.014063626520379485,0.9859363803758086,4.250000044703484,,True,30,30,30,0,1.0,0.0,1.0,0.0,10.999999523302904,8.999999649982783,13.499999523163865,691.5,0,helps,more confident
medxpertqa:Text-779:D-B:ab,Text-779:D-B,ab,Text-779,Reasoning,Skeletal,A,Right unilateral sacral extension,Left unilateral sacral flexion,False,A,text,-0.0024756519123911858,-6.002475738525391,0.9975274099865513,0.002472623024627213,6.000000086612999,,True,30,30,30,0,1.0,0.0,1.0,0.0,17.5,8.874999652252882,22.0,816.5,0,helps,more confident
medxpertqa:Text-779:D-B:ba,Text-779:D-B,ba,Text-779,Reasoning,Skeletal,B,Right unilateral sacral extension,Left unilateral sacral flexion,False,B,text,-5.504078388214111,-0.004078404977917671,0.004070137939983506,0.9959299004209012,5.499999983236194,,True,30,30,29,1,0.9666666666666667,0.03333333333333333,0.9666666666666667,0.03333333333333333,11.999999940431962,-6.250000074040145,16.249999880790718,1757.0,0,helps,more confident
medxpertqa:Text-779:D-C:ab,Text-779:D-C,ab,Text-779,Reasoning,Skeletal,A,Right unilateral sacral extension,Left unilateral sacral extension,False,A,text,-0.011047743260860443,-4.511047840118408,0.9890130589396958,0.010986941583869245,4.500000096857548,,True,30,30,29,1,0.9666666666666667,0.03333333333333333,0.9666666666666667,0.03333333333333333,18.0,-6.249999835155904,22.0,698.0,0,helps,more confident
medxpertqa:Text-779:D-C:ba,Text-779:D-C,ba,Text-779,Reasoning,Skeletal,B,Right unilateral sacral extension,Left unilateral sacral extension,False,B,text,-9.000123023986816,-0.00012337400403339416,0.0001233946226544279,0.999876633606226,8.999999649982783,,True,30,30,30,0,1.0,0.0,1.0,0.0,16.875,11.74999988088166,18.5,585.0,0,helps,more confident
medxpertqa:Text-779:D-E:ab,Text-779:D-E,ab,Text-779,Reasoning,Skeletal,A,Right unilateral sacral extension,Right unilateral sacral flexion,True,A,text,-0.06196761503815651,-2.811967611312866,0.9399133253553882,0.060086648833494447,2.7499999962747097,,True,30,30,30,0,1.0,0.0,1.0,0.0,16.875,13.250000119210881,20.75,576.5,0,excluded,letter bias: the same letter in both orders
medxpertqa:Text-779:D-E:ba,Text-779:D-E,ba,Text-779,Reasoning,Skeletal,B,Right unilateral sacral extension,Right unilateral sacral flexion,True,A,text,-0.10020658373832703,-2.3502066135406494,0.9046505126460354,0.09534945969074979,-2.2500000298023224,,False,30,30,18,12,0.6,0.4,0.6,0.4,6.62500001618173,-18.0,11.749999761612344,1145.0,0,excluded,letter bias: the same letter in both orders
medxpertqa:Text-779:D-F:ab,Text-779:D-F,ab,Text-779,Reasoning,Skeletal,A,Right unilateral sacral extension,Right-on-left sacral torsion,False,B,text,-1.31326162815094,-0.31326165795326233,0.26894143733631704,0.7310586002437232,-0.9999999701976776,,False,30,30,0,30,0.0,1.0,0.0,1.0,-8.749999893334461,-11.250000357712452,-7.250000132829882,663.5,0,hurts,more wrong
medxpertqa:Text-779:D-F:ba,Text-779:D-F,ba,Text-779,Reasoning,Skeletal,B,Right unilateral sacral extension,Right-on-left sacral torsion,False,A,text,-0.0024756519123911858,-6.002475738525391,0.9975274099865513,0.002472623024627213,-6.000000086612999,,False,30,30,0,30,0.0,1.0,0.0,1.0,-16.374999880790718,-21.5,-13.250000119210881,714.0,0,hurts,more wrong
medxpertqa:Text-779:D-G:ab,Text-779:D-G,ab,Text-779,Reasoning,Skeletal,A,Right unilateral sacral extension,Left on left sacral torsion,False,A,text,-0.011047743260860443,-4.511047840118408,0.9890130589396958,0.010986941583869245,4.500000096857548,,True,30,30,3,27,0.1,0.9,0.1,0.9,-5.124999805120751,-7.00000017718412,12.999999642374632,1613.5,0,hurts,flips to wrong
medxpertqa:Text-779:D-G:ba,Text-779:D-G,ba,Text-779,Reasoning,Skeletal,B,Right unilateral sacral extension,Left on left sacral torsion,False,B,text,-3.288041353225708,-0.03804141283035278,0.037326888033261264,0.9626730730490257,3.2499999403953552,,True,30,30,15,15,0.5,0.5,0.5,0.5,0.37500004284083843,-12.000000000022283,10.000000358661055,2265.5,0,neutral,
medxpertqa:Text-779:D-H:ab,Text-779:D-H,ab,Text-779,Reasoning,Skeletal,A,Right unilateral sacral extension,Bilateral sacral flexion,False,A,text,-2.753696753643453e-05,-10.500027656555176,0.9999724634116024,2.7535687796947383e-05,10.50000011958764,,True,30,30,30,0,1.0,0.0,1.0,0.0,21.75,15.749999880790718,24.25,563.0,0,helps,more confident
medxpertqa:Text-779:D-H:ba,Text-779:D-H,ba,Text-779,Reasoning,Skeletal,B,Right unilateral sacral extension,Bilateral sacral flexion,False,B,text,-7.500553131103516,-0.0005529781919904053,0.0005527785265734312,0.9994471746722718,7.500000152911525,,True,30,30,30,0,1.0,0.0,0.9666666666666667,0.03333333333333333,12.999999642374632,5.2499998807907104,16.249999880790718,715.0,0,helps,more confident
medxpertqa:Text-779:D-I:ab,Text-779:D-I,ab,Text-779,Reasoning,Skeletal,A,Right unilateral sacral extension,Bilateral sacral extension,False,A,text,-2.753696753643453e-05,-10.500027656555176,0.9999724634116024,2.7535687796947383e-05,10.50000011958764,,True,30,30,30,0,1.0,0.0,1.0,0.0,23.0,17.0,25.5,498.0,0,helps,more confident
medxpertqa:Text-779:D-I:ba,Text-779:D-I,ba,Text-779,Reasoning,Skeletal,B,Right unilateral sacral extension,Bilateral sacral extension,False,B,text,-11.750007629394531,-7.867782187531702e-06,7.88926463665814e-06,0.9999921322487634,11.749999761612344,,True,30,30,30,0,1.0,0.0,1.0,0.0,17.625,15.749999880790718,20.5,494.5,0,helps,more confident
medxpertqa:Text-779:D-J:ab,Text-779:D-J,ab,Text-779,Reasoning,Skeletal,A,Right unilateral sacral extension,Left-on-right sacral torsion,True,A,text,-0.31326165795326233,-1.31326162815094,0.7310586002437232,0.26894143733631704,0.9999999701976776,,True,30,30,0,30,0.0,1.0,0.0,1.0,-7.500000152911525,-8.999999649982783,-5.499999983236194,830.5,0,excluded,letter bias: the same letter in both orders
medxpertqa:Text-779:D-J:ba,Text-779:D-J,ba,Text-779,Reasoning,Skeletal,B,Right unilateral sacral extension,Left-on-right sacral torsion,True,A,text,-0.25192904472351074,-1.5019290447235107,0.77729988964086,0.2227001469810028,-1.25,,False,30,30,1,29,0.03333333333333333,0.9666666666666667,0.03333333333333333,0.9666666666666667,-11.874999642397142,-14.749999642372188,6.749999850639142,1010.5,0,excluded,letter bias: the same letter in both orders
medxpertqa:Text-799:A-B:ab,Text-799:A-B,ab,Text-799,Reasoning,Nervous,A,Normal stress reaction,Acute stress disorder,False,B,text,-7.500553131103516,-0.0005529781919904053,0.0005527785265734312,0.9994471746722718,-7.500000152911525,,False,30,30,26,4,0.8666666666666667,0.13333333333333333,1.0,0.0,1.625,-5.874999793479219,4.249999927356839,1349.5,0,helps,flips to correct
medxpertqa:Text-799:A-B:ba,Text-799:A-B,ba,Text-799,Reasoning,Nervous,B,Normal stress reaction,Acute stress disorder,False,A,text,-6.198863957251888e-06,-12.000005722045898,0.9999938011552557,6.144177195963701e-06,-11.999999523181941,,False,30,30,20,10,0.6666666666666666,0.3333333333333333,0.9666666666666667,0.03333333333333333,0.8750000149011612,-12.50000011921611,3.750000014901161,1110.0,0,neutral,
medxpertqa:Text-799:A-C:ab,Text-799:A-C,ab,Text-799,Reasoning,Nervous,A,Normal stress reaction,Bereavement,False,B,text,-1.1368709802627563,-0.38687101006507874,0.32082130911852547,0.6791786964925157,-0.7499999701976776,,False,30,30,30,0,1.0,0.0,1.0,0.0,9.624999704226866,6.749999850639142,15.24999976158145,810.0,0,helps,flips to correct
medxpertqa:Text-799:A-C:ba,Text-799:A-C,ba,Text-799,Reasoning,Nervous,B,Normal stress reaction,Bereavement,False,A,text,-0.011047743260860443,-4.511047840118408,0.9890130589396958,0.010986941583869245,-4.500000096857548,,False,30,30,29,1,0.9666666666666667,0.03333333333333333,0.9666666666666667,0.03333333333333333,5.625000017229468,-9.250000243031536,7.749999973515514,1148.0,0,helps,flips to correct
medxpertqa:Text-799:A-D:ab,Text-799:A-D,ab,Text-799,Reasoning,Nervous,A,Normal stress reaction,Situational depression,False,B,text,-12.75000286102295,-2.861018856492592e-06,2.902312105056987e-06,0.9999971389852362,-12.750000000004093,,False,30,30,1,29,0.03333333333333333,0.9666666666666667,0.5333333333333333,0.4,-12.249999821199026,-17.0,0.75,1076.5,0,neutral,
medxpertqa:Text-799:A-D:ba,Text-799:A-D,ba,Text-799,Reasoning,Nervous,B,Normal stress reaction,Situational depression,False,A,text,0.0,-18.0,1.0,1.522997974471263e-08,-18.0,,False,30,30,1,29,0.03333333333333333,0.9666666666666667,0.5333333333333333,0.4666666666666667,-17.5625,-24.25,2.7500000409781933,1286.5,0,neutral,
medxpertqa:Text-799:A-E:ab,Text-799:A-E,ab,Text-799,Reasoning,Nervous,A,Normal stress reaction,Substance-induced mood disorder,False,B,text,-4.511047840118408,-0.011047743260860443,0.010986941583869245,0.9890130589396958,-4.500000096857548,,False,30,30,16,14,0.5333333333333333,0.4666666666666667,0.5666666666666667,0.43333333333333335,3.1249999180436134,-10.249999881416443,6.749999851221219,1882.5,0,neutral,
medxpertqa:Text-799:A-E:ba,Text-799:A-E,ba,Text-799,Reasoning,Nervous,B,Normal stress reaction,Substance-induced mood disorder,False,A,text,-0.0019286142196506262,-6.251928806304932,0.9980732443617326,0.0019267342527389902,-6.250000192085281,,False,30,30,30,0,1.0,0.0,1.0,0.0,4.625000084750354,3.0000001043081284,7.250000132829882,1400.0,0,helps,flips to correct
medxpertqa:Text-799:A-F:ab,Text-799:A-F,ab,Text-799,Reasoning,Nervous,A,Normal stress reaction,Acute grief reaction,False,B,text,-4.511047840118408,-0.011047743260860443,0.010986941583869245,0.9890130589396958,-4.500000096857548,,False,30,30,25,5,0.8333333333333334,0.16666666666666666,0.8333333333333334,0.16666666666666666,5.4999999238643795,-8.000000294676283,8.499999663079507,1227.0,0,helps,flips to correct
medxpertqa:Text-799:A-F:ba,Text-799:A-F,ba,Text-799,Reasoning,Nervous,B,Normal stress reaction,Acute grief reaction,False,A,text,-2.753696753643453e-05,-10.500027656555176,0.9999724634116024,2.7535687796947383e-05,-10.50000011958764,,False,30,30,12,18,0.4,0.6,0.7,0.26666666666666666,-8.75000001303124,-12.999999642374632,5.250000011175871,1281.0,0,neutral,
medxpertqa:Text-799:A-G:ab,Text-799:A-G,ab,Text-799,Reasoning,Nervous,A,Normal stress reaction,Adjustment disorder,False,B,text,-15.0,-3.576278118089249e-07,3.059023205018258e-07,0.9999996423722521,-14.999999642372188,,False,30,30,0,30,0.0,1.0,0.43333333333333335,0.5333333333333333,-15.37499976158145,-19.5,-11.999999523181941,778.0,0,neutral,
medxpertqa:Text-799:A-G:ba,Text-799:A-G,ba,Text-799,Reasoning,Nervous,B,Normal stress reaction,Adjustment disorder,False,A,text,0.0,-24.0,1.0,3.775134544279098e-11,-24.0,,False,30,30,0,30,0.0,1.0,0.36666666666666664,0.6333333333333333,-24.8125,-30.0,-17.249999880790718,748.0,0,neutral,
medxpertqa:Text-799:A-H:ab,Text-799:A-H,ab,Text-799,Reasoning,Nervous,A,Normal stress reaction,Generalized anxiety disorder,False,A,text,-0.38687101006507874,-1.1368709802627563,0.6791786964925157,0.32082130911852547,0.7499999701976776,,True,30,30,30,0,1.0,0.0,1.0,0.0,10.374999940899215,8.000000294676283,14.749999642372188,1047.0,0,helps,more confident
medxpertqa:Text-799:A-H:ba,Text-799:A-H,ba,Text-799,Reasoning,Nervous,B,Normal stress reaction,Generalized anxiety disorder,False,B,text,-0.825939416885376,-0.575939416885376,0.43782350042481233,0.5621765025686553,0.25,,True,30,30,30,0,1.0,0.0,1.0,0.0,6.749999969732016,4.249999927356839,8.749999893334461,1036.0,0,helps,more confident
medxpertqa:Text-799:A-I:ab,Text-799:A-I,ab,Text-799,Reasoning,Nervous,A,Normal stress reaction,Major depressive disorder,False,B,text,-16.25,-1.1920928244535389e-07,8.764248219443636e-08,0.9999998807907247,-16.249999880790718,,False,30,30,0,30,0.0,1.0,1.0,0.0,-10.624999642688636,-14.999999642372188,-0.7500000298023224,2385.5,0,neutral,
medxpertqa:Text-799:A-I:ba,Text-799:A-I,ba,Text-799,Reasoning,Nervous,B,Normal stress reaction,Major depressive disorder,False,A,text,0.0,-24.5,1.0,2.289734845645553e-11,-24.5,,False,30,30,2,28,0.06666666666666667,0.9333333333333333,0.9666666666666667,0.03333333333333333,-14.250000119210398,-26.125,0.5,2144.0,0,neutral,
medxpertqa:Text-799:A-J:ab,Text-799:A-J,ab,Text-799,Reasoning,Nervous,A,Normal stress reaction,Dysthymic disorder,False,B,text,-0.825939416885376,-0.575939416885376,0.43782350042481233,0.5621765025686553,-0.25,,False,30,30,30,0,1.0,0.0,1.0,0.0,8.749999893334461,6.50000017543789,11.749999761612344,1222.5,0,helps,flips to correct
medxpertqa:Text-799:A-J:ba,Text-799:A-J,ba,Text-799,Reasoning,Nervous,B,Normal stress reaction,Dysthymic disorder,False,A,text,-0.04858732968568802,-3.0485873222351074,0.9525741476724274,0.047425874568977164,-2.9999999925494194,,False,30,30,30,0,1.0,0.0,1.0,0.0,6.125000079860911,3.750000014901161,8.999999649982783,999.5,0,helps,flips to correct
medxpertqa:Text-911:E-A:ab,Text-911:E-A,ab,Text-911,Reasoning,Endocrine,A,Aromatase deficiency,P450 oxidoreductase deficiency,False,B,text,-0.9740769863128662,-0.4740769863128662,0.377540667992942,0.6224593298742985,-0.5,,False,30,30,16,14,0.5333333333333333,0.4666666666666667,0.5333333333333333,0.4666666666666667,4.750000120606273,-10.7500003578607,9.50000024124165,2384.5,0,neutral,
medxpertqa:Text-911:E-A:ba,Text-911:E-A,ba,Text-911,Reasoning,Endocrine,B,Aromatase deficiency,P450 oxidoreductase deficiency,False,A,text,-0.0005529781919904053,-7.500553131103516,0.9994471746722718,0.0005527785265734312,-7.500000152911525,,False,30,30,13,17,0.43333333333333335,0.5666666666666667,0.43333333333333335,0.5666666666666667,-10.812499821400706,-15.999999880790718,8.249999914958607,2579.5,0,neutral,
medxpertqa:Text-911:E-B:ab,Text-911:E-B,ab,Text-911,Reasoning,Endocrine,A,Aromatase deficiency,Androgen insensitivity syndrome,False,A,text,-0.00015841660206206143,-8.750158309936523,0.9998415959451853,0.0001584362410990077,8.749999893334461,,True,30,30,27,3,0.9,0.1,0.8666666666666667,0.13333333333333333,15.437499821186083,-4.250000182539225,18.25,1969.0,0,helps,more confident
medxpertqa:Text-911:E-B:ba,Text-911:E-B,ba,Text-911,Reasoning,Endocrine,B,Aromatase deficiency,Androgen insensitivity syndrome,False,B,text,-5.504078388214111,-0.004078404977917671,0.004070137939983506,0.9959299004209012,5.499999983236194,,True,30,30,28,2,0.9333333333333333,0.06666666666666667,0.9333333333333333,0.06666666666666667,11.625000059645572,-3.9999997820705175,14.749999642372188,1641.5,0,helps,more confident
medxpertqa:Text-911:E-C:ab,Text-911:E-C,ab,Text-911,Reasoning,Endocrine,A,Aromatase deficiency,17β-hydroxysteroid dehydrogenase deficiency,True,A,text,-0.0009114163694903255,-7.000911235809326,0.9990889988442552,0.0009110514045295695,6.999999819439836,,True,30,30,29,1,0.9666666666666667,0.03333333333333333,0.9666666666666667,0.03333333333333333,15.999999880790718,-3.750000063329935,22.75,1956.5,0,excluded,letter bias: the same letter in both orders
medxpertqa:Text-911:E-C:ba,Text-911:E-C,ba,Text-911,Reasoning,Endocrine,B,Aromatase deficiency,17β-hydroxysteroid dehydrogenase deficiency,True,A,text,-0.575939416885376,-0.825939416885376,0.5621765025686553,0.43782350042481233,-0.25,,False,30,30,30,0,1.0,0.0,1.0,0.0,9.250000243031536,6.249999835155904,12.250000000011369,2134.5,0,excluded,letter bias: the same letter in both orders
medxpertqa:Text-911:E-D:ab,Text-911:E-D,ab,Text-911,Reasoning,Endocrine,A,Aromatase deficiency,17α-hydroxylase deficiency,True,A,text,-0.0011701886542141438,-6.7511701583862305,0.9988304957495425,0.0011695103074966034,6.749999969732016,,True,30,30,22,8,0.7333333333333333,0.26666666666666666,0.7333333333333333,0.26666666666666666,10.81249952338112,-9.250000243031536,17.0,2644.5,0,excluded,letter bias: the same letter in both orders
medxpertqa:Text-911:E-D:ba,Text-911:E-D,ba,Text-911,Reasoning,Endocrine,B,Aromatase deficiency,17α-hydroxylase deficiency,True,A,text,-0.4740769863128662,-0.9740769863128662,0.6224593298742985,0.377540667992942,-0.5,,False,30,30,24,6,0.8,0.2,0.8,0.2,7.000000051775714,-10.999999523302904,9.749999882489647,2447.0,0,excluded,letter bias: the same letter in both orders
medxpertqa:Text-911:E-F:ab,Text-911:E-F,ab,Text-911,Reasoning,Endocrine,A,Aromatase deficiency,Polycystic ovary syndrome,False,A,text,-4.541770613286644e-05,-10.000045776367188,0.9999545833252356,4.539785156619626e-05,10.000000358661055,,True,30,30,30,0,1.0,0.0,1.0,0.0,17.3125,14.37500035762804,21.75,1074.5,0,helps,more confident
medxpertqa:Text-911:E-F:ba,Text-911:E-F,ba,Text-911,Reasoning,Endocrine,B,Aromatase deficiency,Polycystic ovary syndrome,False,B,text,-9.7500581741333,-5.829164365422912e-05,5.829127258796956e-05,0.9999417100552707,9.749999882489647,,True,30,30,30,0,1.0,0.0,1.0,0.0,14.125000238418835,10.749999523393853,15.49999976158145,908.5,0,helps,more confident
medxpertqa:Text-911:E-G:ab,Text-911:E-G,ab,Text-911,Reasoning,Endocrine,A,Aromatase deficiency,Congenital adrenal hyperplasia,False,A,text,-0.018149960786104202,-4.0181498527526855,0.9820137577607906,0.017986211314027313,3.9999998919665813,,True,30,30,6,24,0.2,0.8,0.2,0.8,-7.375000135041773,-11.250000357712452,10.749999523393853,1854.0,0,hurts,flips to wrong
medxpertqa:Text-911:E-G:ba,Text-911:E-G,ba,Text-911,Reasoning,Endocrine,B,Aromatase deficiency,Congenital adrenal hyperplasia,False,B,text,-4.758614540100098,-0.008614521473646164,0.008577484930474293,0.9914224771982877,4.7500000186264515,,True,30,30,28,2,0.9333333333333333,0.06666666666666667,0.9333333333333333,0.06666666666666667,10.000000358661055,-3.99999981187284,11.5000003576788,1309.5,0,helps,more confident
medxpertqa:Text-911:E-H:ab,Text-911:E-H,ab,Text-911,Reasoning,Endocrine,A,Aromatase deficiency,3β-hydroxysteroid dehydrogenase deficiency,False,A,text,-0.00015841660206206143,-8.750158309936523,0.9998415959451853,0.0001584362410990077,8.749999893334461,,True,30,30,30,0,1.0,0.0,1.0,0.0,18.5,10.875000000181899,21.5,1423.5,0,helps,more confident
medxpertqa:Text-911:E-H:ba,Text-911:E-H,ba,Text-911,Reasoning,Endocrine,B,Aromatase deficiency,3β-hydroxysteroid dehydrogenase deficiency,False,B,text,-1.5019290447235107,-0.25192904472351074,0.2227001469810028,0.77729988964086,1.25,,True,30,30,27,3,0.9,0.1,0.9,0.1,9.50000030083902,-10.000000358661055,13.250000119210881,1778.5,0,helps,more confident
medxpertqa:Text-911:E-I:ab,Text-911:E-I,ab,Text-911,Reasoning,Endocrine,A,Aromatase deficiency,Steroidogenic acute regulatory protein deficiency,False,A,text,-0.00012337400403339416,-9.000123023986816,0.999876633606226,0.0001233946226544279,8.999999649982783,,True,30,30,30,0,1.0,0.0,1.0,0.0,19.0,12.374999523171937,22.25,1123.0,0,helps,more confident
medxpertqa:Text-911:E-I:ba,Text-911:E-I,ba,Text-911,Reasoning,Endocrine,B,Aromatase deficiency,Steroidogenic acute regulatory protein deficiency,False,B,text,-3.773245334625244,-0.023245446383953094,0.02297737289127478,0.9770226476651187,3.749999888241291,,True,30,30,30,0,1.0,0.0,1.0,0.0,11.874999642397142,8.000000294676283,14.00000011920963,1088.0,0,helps,more confident
medxpertqa:Text-911:E-J:ab,Text-911:E-J,ab,Text-911,Reasoning,Endocrine,A,Aromatase deficiency,5α-reductase deficiency,True,A,text,-1.0132738680113107e-05,-11.50001049041748,0.9999898673126559,1.0129987330277146e-05,11.5000003576788,,True,30,30,29,1,0.9666666666666667,0.03333333333333333,0.9666666666666667,0.03333333333333333,17.9375,-8.000000175496098,20.5,1498.5,0,excluded,letter bias: the same letter in both orders
medxpertqa:Text-911:E-J:ba,Text-911:E-J,ba,Text-911,Reasoning,Endocrine,B,Aromatase deficiency,5α-reductase deficiency,True,A,text,-0.31326165795326233,-1.31326162815094,0.7310586002437232,0.26894143733631704,-0.9999999701976776,,False,30,30,20,10,0.6666666666666666,0.3333333333333333,0.6666666666666666,0.3333333333333333,8.499999663079507,-15.749999880790718,10.50000011958764,1859.5,0,excluded,letter bias: the same letter in both orders
medxpertqa:Text-915:J-A:ab,Text-915:J-A,ab,Text-915,Reasoning,Digestive,A,Chronic hepatitis B infection,No hepatitis B vaccination or infection,False,A,text,0.0,-22.75,1.0,1.3176514270095466e-10,22.75,,True,30,30,30,0,1.0,0.0,0.1,0.8666666666666667,20.5,14.999999642372188,25.625,1392.5,0,neutral,
medxpertqa:Text-915:J-A:ba,Text-915:J-A,ba,Text-915,Reasoning,Digestive,B,Chronic hepatitis B infection,No hepatitis B vaccination or infection,False,B,text,-17.25,0.0,3.2241867372567335e-08,1.0,17.25,,True,30,30,30,0,1.0,0.0,0.16666666666666666,0.8333333333333334,15.124999701976819,12.624999880798441,19.25,1453.0,0,neutral,
medxpertqa:Text-915:J-B:ab,Text-915:J-B,ab,Text-915,Reasoning,Digestive,A,Chronic hepatitis B infection,Hepatitis B immune tolerance phase,False,A,text,-0.00020346954988781363,-8.500203132629395,0.9997965511486372,0.00020342704214340812,8.499999663079507,,True,30,30,30,0,1.0,0.0,1.0,0.0,14.625000000000114,9.749999882489647,24.0,1042.5,0,helps,more confident
medxpertqa:Text-915:J-B:ba,Text-915:J-B,ba,Text-915,Reasoning,Digestive,B,Chronic hepatitis B infection,Hepatitis B immune tolerance phase,False,B,text,-15.75,-1.1920928244535389e-07,1.4449802461092448e-07,0.9999998807907247,15.749999880790718,,True,30,30,30,0,1.0,0.0,0.6333333333333333,0.26666666666666666,16.124999880790718,12.750000000004093,20.25,624.5,0,neutral,
medxpertqa:Text-915:J-C:ab,Text-915:J-C,ab,Text-915,Reasoning,Digestive,A,Chronic hepatitis B infection,Reactivated hepatitis B infection,True,B,text,-7.2507100105285645,-0.0007098776986822486,0.00070967033651176,0.9992903742048809,-7.250000132829882,,False,30,30,27,3,0.9,0.1,0.9666666666666667,0.03333333333333333,4.875000052386895,-7.374999960360583,9.250000243031536,2426.5,0,excluded,letter bias: the same letter in both orders
medxpertqa:Text-915:J-C:ba,Text-915:J-C,ba,Text-915,Reasoning,Digestive,B,Chronic hepatitis B infection,Reactivated hepatitis B infection,True,B,text,-4.511047840118408,-0.011047743260860443,0.010986941583869245,0.9890130589396958,4.500000096857548,,True,30,30,30,0,1.0,0.0,1.0,0.0,9.249999766241672,5.749999963212758,14.749999642372188,2076.0,0,excluded,letter bias: the same letter in both orders
medxpertqa:Text-915:J-D:ab,Text-915:J-D,ab,Text-915,Reasoning,Digestive,A,Chronic hepatitis B infection,Occult hepatitis B infection,False,A,text,-0.011047743260860443,-4.511047840118408,0.9890130589396958,0.010986941583869245,4.500000096857548,,True,30,30,30,0,1.0,0.0,1.0,0.0,14.500000000000114,12.750000000004093,24.5,1257.5,0,helps,more confident
medxpertqa:Text-915:J-D:ba,Text-915:J-D,ba,Text-915,Reasoning,Digestive,B,Chronic hepatitis B infection,Occult hepatitis B infection,False,B,text,-12.250004768371582,-4.768360213347478e-06,4.78509457496562e-06,0.9999952316511552,12.250000000011369,,True,30,30,30,0,1.0,0.0,0.8,0.16666666666666666,14.00000011920963,11.50000011926295,19.5,1429.5,0,helps,more confident
medxpertqa:Text-915:J-E:ab,Text-915:J-E,ab,Text-915,Reasoning,Digestive,A,Chronic hepatitis B infection,Inactive hepatitis B carrier state,False,A,text,-1.1920928244535389e-07,-16.0,0.9999998807907247,1.1253517471925912e-07,15.999999880790718,,True,30,30,30,0,1.0,0.0,0.9333333333333333,0.03333333333333333,21.25,15.874999880790718,26.0,682.5,0,helps,more confident
medxpertqa:Text-915:J-E:ba,Text-915:J-E,ba,Text-915,Reasoning,Digestive,B,Chronic hepatitis B infection,Inactive hepatitis B carrier state,False,B,text,-19.5,0.0,3.398267819495071e-09,1.0,19.5,,True,30,30,30,0,1.0,0.0,0.6666666666666666,0.3,20.875,14.499999523162955,23.25,412.5,0,neutral,
medxpertqa:Text-915:J-F:ab,Text-915:J-F,ab,Text-915,Reasoning,Digestive,A,Chronic hepatitis B infection,Resolved hepatitis B infection,False,A,text,-2.3841855067985307e-07,-15.5,0.9999997615814777,1.8553913626159784e-07,15.49999976158145,,True,30,30,30,0,1.0,0.0,0.9,0.06666666666666667,19.4375,12.50000011921611,26.5,1005.5,0,helps,more confident
medxpertqa:Text-915:J-F:ba,Text-915:J-F,ba,Text-915,Reasoning,Digestive,B,Chronic hepatitis B infection,Resolved hepatitis B infection,False,B,text,-17.75,0.0,1.9555681087850496e-08,1.0,17.75,,True,30,30,30,0,1.0,0.0,0.4,0.6,16.875,13.499999523163865,21.5,718.5,0,neutral,
medxpertqa:Text-915:J-G:ab,Text-915:J-G,ab,Text-915,Reasoning,Digestive,A,Chronic hepatitis B infection,Early convalescent phase of hepatitis B,True,B,text,-9.7500581741333,-5.829164365422912e-05,5.829127258796956e-05,0.9999417100552707,-9.749999882489647,,False,30,30,6,24,0.2,0.8,0.7333333333333333,0.26666666666666666,-8.625000017142156,-11.250000357712452,3.250000074505806,2389.0,0,excluded,letter bias: the same letter in both orders
medxpertqa:Text-915:J-G:ba,Text-915:J-G,ba,Text-915,Reasoning,Digestive,B,Chronic hepatitis B infection,Early convalescent phase of hepatitis B,True,B,text,-3.288041353225708,-0.03804141283035278,0.037326888033261264,0.9626730730490257,3.2499999403953552,,True,30,30,17,13,0.5666666666666667,0.43333333333333335,0.5666666666666667,0.43333333333333335,4.8749999846331775,-6.000000209081918,9.999999881842086,3051.0,0,excluded,letter bias: the same letter in both orders
medxpertqa:Text-915:J-H:ab,Text-915:J-H,ab,Text-915,Reasoning,Digestive,A,Chronic hepatitis B infection,Acute hepatitis B infection,False,B,text,-19.0,0.0,5.602796437537268e-09,1.0,-19.0,,False,30,30,0,30,0.0,1.0,0.7666666666666667,0.2,-17.75,-21.0,-14.000000000000455,498.0,0,neutral,
medxpertqa:Text-915:J-H:ba,Text-915:J-H,ba,Text-915,Reasoning,Digestive,B,Chronic hepatitis B infection,Acute hepatitis B infection,False,A,text,-7.867782187531702e-06,-11.750007629394531,0.9999921322487634,7.88926463665814e-06,-11.749999761612344,,False,30,30,9,21,0.3,0.7,0.9666666666666667,0.03333333333333333,-8.874999950523488,-12.50000011921611,7.250000132829882,1604.5,0,neutral,
medxpertqa:Text-915:J-I:ab,Text-915:J-I,ab,Text-915,Reasoning,Digestive,A,Chronic hepatitis B infection,Hepatitis B vaccine response,False,A,text,0.0,-24.25,1.0,2.9400777392844726e-11,24.25,,True,30,30,30,0,1.0,0.0,0.13333333333333333,0.8666666666666667,21.875,17.125,27.875,1172.5,0,neutral,
medxpertqa:Text-915:J-I:ba,Text-915:J-I,ba,Text-915,Reasoning,Digestive,B,Chronic hepatitis B infection,Hepatitis B vaccine response,False,B,text,-20.75,0.0,9.736200313009565e-10,1.0,20.75,,True,30,30,30,0,1.0,0.0,0.03333333333333333,0.9333333333333333,16.124999880790718,13.999999523163865,22.5,1617.0,0,neutral,
medxpertqa:Text-928:G-A:ab,Text-928:G-A,ab,Text-928,Reasoning,Muscular,A,C4–C6 ERRSR,C4–C5 ERLSR,False,A,text,-0.005233753472566605,-5.2552337646484375,0.9947799187523881,0.005220125868449866,5.250000011175871,,True,30,30,26,4,0.8666666666666667,0.13333333333333333,0.8666666666666667,0.13333333333333333,13.874999880791279,-6.250000074040145,17.0,1939.5,0,helps,more confident
medxpertqa:Text-928:G-A:ba,Text-928:G-A,ba,Text-928,Reasoning,Muscular,B,C4–C6 ERRSR,C4–C5 ERLSR,False,B,text,-2.811967611312866,-0.06196761503815651,0.060086648833494447,0.9399133253553882,2.7499999962747097,,True,30,30,29,1,0.9666666666666667,0.03333333333333333,0.9666666666666667,0.03333333333333333,8.625000016669219,-5.750000054715201,10.749999523393853,1724.0,0,helps,more confident
medxpertqa:Text-928:G-B:ab,Text-928:G-B,ab,Text-928,Reasoning,Muscular,A,C4–C6 ERRSR,C4–C6 FRRSR,True,A,text,-0.10020658373832703,-2.3502066135406494,0.9046505126460354,0.09534945969074979,2.2500000298023224,,True,30,30,12,18,0.4,0.6,0.36666666666666664,0.6333333333333333,-5.2500001126900315,-8.749999893334461,14.999999642372188,1787.5,0,excluded,letter bias: the same letter in both orders
medxpertqa:Text-928:G-B:ba,Text-928:G-B,ba,Text-928,Reasoning,Muscular,B,C4–C6 ERRSR,C4–C6 FRRSR,True,A,text,-0.38687101006507874,-1.1368709802627563,0.6791786964925157,0.32082130911852547,-0.7499999701976776,,False,30,30,6,24,0.2,0.8,0.2,0.8,-9.62499964462586,-14.00000011920963,7.249999894585926,1770.0,0,excluded,letter bias: the same letter in both orders
medxpertqa:Text-928:G-C:ab,Text-928:G-C,ab,Text-928,Reasoning,Muscular,A,C4–C6 ERRSR,C4–C6 NSRRR,False,A,text,-0.018149960786104202,-4.0181498527526855,0.9820137577607906,0.017986211314027313,3.9999998919665813,,True,30,30,29,1,0.9666666666666667,0.03333333333333333,0.9666666666666667,0.03333333333333333,12.124999761596655,-7.2500000136788,15.24999976158145,1201.5,0,helps,more confident
medxpertqa:Text-928:G-C:ba,Text-928:G-C,ba,Text-928,Reasoning,Muscular,B,C4–C6 ERRSR,C4–C6 NSRRR,False,B,text,-1.1368709802627563,-0.38687101006507874,0.32082130911852547,0.6791786964925157,0.7499999701976776,,True,30,30,24,6,0.8,0.2,0.8,0.2,5.250000013504177,-11.749999761612344,9.499999525964085,1574.0,0,helps,more confident
medxpertqa:Text-928:G-D:ab,Text-928:G-D,ab,Text-928,Reasoning,Muscular,A,C4–C6 ERRSR,C5–C6 ERRSR,True,A,text,-0.575939416885376,-0.825939416885376,0.5621765025686553,0.43782350042481233,0.25,,True,30,30,1,29,0.03333333333333333,0.9666666666666667,0.03333333333333333,0.9666666666666667,-7.500000094005372,-9.749999882489647,10.50000011958764,1518.5,0,excluded,letter bias: the same letter in both orders
medxpertqa:Text-928:G-D:ba,Text-928:G-D,ba,Text-928,Reasoning,Muscular,B,C4–C6 ERRSR,C5–C6 ERRSR,True,A,text,-0.31326165795326233,-1.31326162815094,0.7310586002437232,0.26894143733631704,-0.9999999701976776,,False,30,30,25,5,0.8333333333333334,0.16666666666666666,0.8333333333333334,0.16666666666666666,7.62500006321352,-9.499999525964085,10.999999523302904,1680.5,0,excluded,letter bias: the same letter in both orders
medxpertqa:Text-928:G-E:ab,Text-928:G-E,ab,Text-928,Reasoning,Muscular,A,C4–C6 ERRSR,C4–C6 NSRRL with somatic dysfunction,True,A,text,-0.25192904472351074,-1.5019290447235107,0.77729988964086,0.2227001469810028,1.25,,True,30,30,4,26,0.13333333333333333,0.8666666666666667,0.13333333333333333,0.8666666666666667,-6.124999961000867,-8.250000034138793,9.749999882489647,1319.5,0,excluded,letter bias: the same letter in both orders
medxpertqa:Text-928:G-E:ba,Text-928:G-E,ba,Text-928,Reasoning,Muscular,B,C4–C6 ERRSR,C4–C6 NSRRL with somatic dysfunction,True,A,text,-0.6931471824645996,-0.6931471824645996,0.49999999904767284,0.49999999904767284,-0.0,,False,30,30,25,5,0.8333333333333334,0.16666666666666666,0.8333333333333334,0.16666666666666666,5.250000026542693,-10.000000239455403,10.000000358661055,1719.5,0,excluded,letter bias: the same letter in both orders
medxpertqa:Text-928:G-F:ab,Text-928:G-F,ab,Text-928,Reasoning,Muscular,A,C4–C6 ERRSR,C4–C6 ERRSR with compensatory rotation,False,B,text,-3.288041353225708,-0.03804141283035278,0.037326888033261264,0.9626730730490257,-3.2499999403953552,,False,30,30,0,30,0.0,1.0,0.0,1.0,-8.000000294676283,-10.000000358661055,-4.7500000186264515,734.5,0,hurts,more wrong
medxpertqa:Text-928:G-F:ba,Text-928:G-F,ba,Text-928,Reasoning,Muscular,B,C4–C6 ERRSR,C4–C6 ERRSR with compensatory rotation,False,A,text,-0.0009114163694903255,-7.000911235809326,0.9990889988442552,0.0009110514045295695,-6.999999819439836,,False,30,30,0,30,0.0,1.0,0.0,1.0,-14.749999642372188,-17.75,-11.999999523181941,765.5,0,hurts,more wrong
medxpertqa:Text-928:G-H:ab,Text-928:G-H,ab,Text-928,Reasoning,Muscular,A,C4–C6 ERRSR,C4–C6 FSRRR,True,A,text,-0.06196761503815651,-2.811967611312866,0.9399133253553882,0.060086648833494447,2.7499999962747097,,True,30,30,20,10,0.6666666666666666,0.3333333333333333,0.6666666666666666,0.3333333333333333,10.37499988129639,-8.749999893334461,14.999999642372188,1616.5,0,excluded,letter bias: the same letter in both orders
medxpertqa:Text-928:G-H:ba,Text-928:G-H,ba,Text-928,Reasoning,Muscular,B,C4–C6 ERRSR,C4–C6 FSRRR,True,A,text,-0.575939416885376,-0.825939416885376,0.5621765025686553,0.43782350042481233,-0.25,,False,30,30,10,20,0.3333333333333333,0.6666666666666666,0.3333333333333333,0.6666666666666666,-8.499999853142072,-13.499999523163865,8.000000175496098,1467.5,0,excluded,letter bias: the same letter in both orders
medxpertqa:Text-928:G-I:ab,Text-928:G-I,ab,Text-928,Reasoning,Muscular,A,C4–C6 ERRSR,C5–C6 FSRRL,True,A,text,-0.25192904472351074,-1.5019290447235107,0.77729988964086,0.2227001469810028,1.25,,True,30,30,15,15,0.5,0.5,0.5,0.5,3.0625000565414666,-8.250000034138793,15.24999976158145,1805.5,0,excluded,letter bias: the same letter in both orders
medxpertqa:Text-928:G-I:ba,Text-928:G-I,ba,Text-928,Reasoning,Muscular,B,C4–C6 ERRSR,C5–C6 FSRRL,True,A,text,-0.1602240949869156,-1.9102240800857544,0.8519528492100928,0.14804720844715558,-1.7499999850988388,,False,30,30,9,21,0.3,0.7,0.3,0.7,-8.249999919280526,-12.999999642374632,7.749999854364432,1648.5,0,excluded,letter bias: the same letter in both orders
medxpertqa:Text-928:G-J:ab,Text-928:G-J,ab,Text-928,Reasoning,Muscular,A,C4–C6 ERRSR,C4–C6 NSRRL,False,A,text,-0.03804141283035278,-3.288041353225708,0.9626730730490257,0.037326888033261264,3.2499999403953552,,True,30,30,24,6,0.8,0.2,0.8,0.2,10.999999940553153,-5.249999897554517,14.749999642372188,1425.5,0,helps,more confident
medxpertqa:Text-928:G-J:ba,Text-928:G-J,ba,Text-928,Reasoning,Muscular,B,C4–C6 ERRSR,C4–C6 NSRRL,False,B,text,-1.31326162815094,-0.31326165795326233,0.26894143733631704,0.7310586002437232,0.9999999701976776,,True,30,30,27,3,0.9,0.1,0.9,0.1,5.875000067637302,-10.500000000381988,8.999999649982783,1556.0,0,helps,more confident
medxpertqa:Text-959:E-A:ab,Text-959:E-A,ab,Text-959,Reasoning,Nervous,A,Cyclothymic disorder,Recurrent brief depressive disorder,False,A,text,-0.575939416885376,-0.825939416885376,0.5621765025686553,0.43782350042481233,0.25,,True,30,30,30,0,1.0,0.0,1.0,0.0,8.874999771658622,4.7499999245628715,13.250000119210881,1562.0,0,helps,more confident
medxpertqa:Text-959:E-A:ba,Text-959:E-A,ba,Text-959,Reasoning,Nervous,B,Cyclothymic disorder,Recurrent brief depressive disorder,False,B,text,-5.006715297698975,-0.006715348921716213,0.006692851264215723,0.9933071486460123,4.999999948777258,,True,30,30,30,0,1.0,0.0,1.0,0.0,10.37499988129639,6.74999985168688,14.00000011920963,1373.0,0,helps,more confident
medxpertqa:Text-959:E-B:ab,Text-959:E-B,ab,Text-959,Reasoning,Nervous,A,Cyclothymic disorder,Persistent depressive disorder (dysthymia),False,A,text,-0.06196761503815651,-2.811967611312866,0.9399133253553882,0.060086648833494447,2.7499999962747097,,True,30,30,28,2,0.9333333333333333,0.06666666666666667,0.9333333333333333,0.06666666666666667,12.250000000011596,-2.000000074505806,16.374999880790718,2127.0,0,helps,more confident
medxpertqa:Text-959:E-B:ba,Text-959:E-B,ba,Text-959,Reasoning,Nervous,B,Cyclothymic disorder,Persistent depressive disorder (dysthymia),False,B,text,-3.773245334625244,-0.023245446383953094,0.02297737289127478,0.9770226476651187,3.749999888241291,,True,30,30,29,1,0.9666666666666667,0.03333333333333333,0.9666666666666667,0.03333333333333333,8.375000266059942,-2.2499999031424522,10.749999523393853,2150.0,0,helps,more confident
medxpertqa:Text-959:E-C:ab,Text-959:E-C,ab,Text-959,Reasoning,Nervous,A,Cyclothymic disorder,Bipolar I disorder,False,B,text,-13.500000953674316,-1.4305104514278355e-06,1.3709577789362383e-06,0.9999985694905718,-13.499999523163865,,False,30,30,0,30,0.0,1.0,0.3,0.7,-14.624999582767572,-21.75,-8.249999797029886,1794.5,0,hurts,more wrong
medxpertqa:Text-959:E-C:ba,Text-959:E-C,ba,Text-959,Reasoning,Nervous,B,Cyclothymic disorder,Bipolar I disorder,False,A,text,-1.0728830375228426e-06,-13.750000953674316,0.999998927117538,1.0677029917933763e-06,-13.749999880791279,,False,30,30,0,30,0.0,1.0,0.4,0.6,-14.874999642372188,-23.0,-8.7499995357648,2064.5,0,neutral,
medxpertqa:Text-959:E-D:ab,Text-959:E-D,ab,Text-959,Reasoning,Nervous,A,Cyclothymic disorder,Bipolar II disorder,False,B,text,-13.500000953674316,-1.4305104514278355e-06,1.3709577789362383e-06,0.9999985694905718,-13.499999523163865,,False,30,30,0,30,0.0,1.0,0.0,1.0,-16.499999880790718,-18.5,-14.499999523162955,851.0,0,hurts,more wrong
medxpertqa:Text-959:E-D:ba,Text-959:E-D,ba,Text-959,Reasoning,Nervous,B,Cyclothymic disorder,Bipolar II disorder,False,A,text,-1.0132738680113107e-05,-11.50001049041748,0.9999898673126559,1.0129987330277146e-05,-11.5000003576788,,False,30,30,0,30,0.0,1.0,0.0,1.0,-19.625,-22.5,-12.50000011921611,778.0,0,hurts,more wrong
medxpertqa:Text-959:E-F:ab,Text-959:E-F,ab,Text-959,Reasoning,Nervous,A,Cyclothymic disorder,Bipolar disorder with rapid cycling,False,B,text,-13.250001907348633,-1.7881377516459906e-06,1.7603429545652396e-06,0.9999982118638471,-13.250000119210881,,False,30,30,0,30,0.0,1.0,0.7333333333333333,0.23333333333333334,-12.625000000005684,-17.25,-10.2499996430779,2165.5,0,neutral,
medxpertqa:Text-959:E-F:ba,Text-959:E-F,ba,Text-959,Reasoning,Nervous,B,Cyclothymic disorder,Bipolar disorder with rapid cycling,False,A,text,-2.861018856492592e-06,-12.75000286102295,0.9999971389852362,2.902312105056987e-06,-12.750000000004093,,False,30,30,0,30,0.0,1.0,0.0,0.9666666666666667,-16.68749994039536,-20.25,-12.750000000004093,2107.0,0,hurts,more wrong
medxpertqa:Text-959:E-G:ab,Text-959:E-G,ab,Text-959,Reasoning,Nervous,A,Cyclothymic disorder,Seasonal affective disorder,False,A,text,-0.011047743260860443,-4.511047840118408,0.9890130589396958,0.010986941583869245,4.500000096857548,,True,30,30,30,0,1.0,0.0,1.0,0.0,16.249999880790718,12.750000000004093,23.25,1192.5,0,helps,more confident
medxpertqa:Text-959:E-G:ba,Text-959:E-G,ba,Text-959,Reasoning,Nervous,B,Cyclothymic disorder,Seasonal affective disorder,False,B,text,-6.501502513885498,-0.0015023384476080537,0.001501181950907551,0.9984987894978749,6.50000017543789,,True,30,30,30,0,1.0,0.0,1.0,0.0,14.125000238418835,11.250000119296601,17.25,698.5,0,helps,more confident
medxpertqa:Text-959:E-H:ab,Text-959:E-H,ab,Text-959,Reasoning,Nervous,A,Cyclothymic disorder,Adjustment disorder with depressed mood,False,A,text,-0.1602240949869156,-1.9102240800857544,0.8519528492100928,0.14804720844715558,1.7499999850988388,,True,30,30,30,0,1.0,0.0,1.0,0.0,17.375,2.75,22.75,730.5,0,helps,more confident
medxpertqa:Text-959:E-H:ba,Text-959:E-H,ba,Text-959,Reasoning,Nervous,B,Cyclothymic disorder,Adjustment disorder with depressed mood,False,B,text,-9.50007438659668,-7.486063259420916e-05,7.484626212190614e-05,0.999925142169393,9.499999525964085,,True,30,30,30,0,1.0,0.0,1.0,0.0,14.999999642372188,10.749999523393853,17.5,713.0,0,helps,more confident
medxpertqa:Text-959:E-I:ab,Text-959:E-I,ab,Text-959,Reasoning,Nervous,A,Cyclothymic disorder,Borderline personality disorder,False,A,text,-0.00026127262390218675,-8.250261306762695,0.9997387615048174,0.0002611902975925828,8.250000034138793,,True,30,30,30,0,1.0,0.0,1.0,0.0,17.9375,11.999999523181941,23.75,1116.5,0,helps,more confident
medxpertqa:Text-959:E-I:ba,Text-959:E-I,ba,Text-959,Reasoning,Nervous,B,Cyclothymic disorder,Borderline personality disorder,False,B,text,-10.250035285949707,-3.540453326422721e-05,3.535625324942473e-05,0.9999645960934689,10.249999881416443,,True,30,30,30,0,1.0,0.0,0.9666666666666667,0.03333333333333333,14.624999582767572,9.12499952923099,18.5,900.0,0,helps,more confident
medxpertqa:Text-959:E-J:ab,Text-959:E-J,ab,Text-959,Reasoning,Nervous,A,Cyclothymic disorder,Major depressive disorder with atypical features,False,B,text,-5.006715297698975,-0.006715348921716213,0.006692851264215723,0.9933071486460123,-4.999999948777258,,False,30,30,0,30,0.0,1.0,0.0,1.0,-8.625000016669219,-12.750000000004093,-6.499999818275683,1856.0,0,hurts,more wrong
medxpertqa:Text-959:E-J:ba,Text-959:E-J,ba,Text-959,Reasoning,Nervous,B,Cyclothymic disorder,Major depressive disorder with atypical features,False,A,text,-0.1602240949869156,-1.9102240800857544,0.8519528492100928,0.14804720844715558,-1.7499999850988388,,False,30,30,2,28,0.06666666666666667,0.9333333333333333,0.06666666666666667,0.9333333333333333,-6.2500001334701665,-9.50000024124165,4.0000001937150955,2437.0,0,hurts,more wrong
medxpertqa:Text-968:G-A:ab,Text-968:G-A,ab,Text-968,Reasoning,Nervous,A,Lisdexamfetamine intoxication,Methamphetamine intoxication,False,B,text,-3.773245334625244,-0.023245446383953094,0.02297737289127478,0.9770226476651187,-3.749999888241291,,False,30,30,0,30,0.0,1.0,0.0,1.0,-11.250000357712452,-13.749999880791279,-8.249999796535121,1368.5,0,hurts,more wrong
medxpertqa:Text-968:G-A:ba,Text-968:G-A,ba,Text-968,Reasoning,Nervous,B,Lisdexamfetamine intoxication,Methamphetamine intoxication,False,A,text,-7.486063259420916e-05,-9.50007438659668,0.999925142169393,7.484626212190614e-05,-9.499999525964085,,False,30,30,1,29,0.03333333333333333,0.9666666666666667,0.03333333333333333,0.9666666666666667,-15.687499880790718,-19.25,0.25,1854.0,0,hurts,more wrong
medxpertqa:Text-968:G-B:ab,Text-968:G-B,ab,Text-968,Reasoning,Nervous,A,Lisdexamfetamine intoxication,Serotonin syndrome,True,A,text,-0.0007098776986822486,-7.2507100105285645,0.9992903742048809,0.00070967033651176,7.250000132829882,,True,30,30,29,1,0.9666666666666667,0.03333333333333333,0.9666666666666667,0.03333333333333333,18.0,-2.749999988824129,21.0,1097.0,0,excluded,letter bias: the same letter in both orders
medxpertqa:Text-968:G-B:ba,Text-968:G-B,ba,Text-968,Reasoning,Nervous,B,Lisdexamfetamine intoxication,Serotonin syndrome,True,A,text,-0.575939416885376,-0.825939416885376,0.5621765025686553,0.43782350042481233,-0.25,,False,30,30,27,3,0.9,0.1,0.9,0.1,9.749999882489647,-8.000000056345016,12.750000000004093,1274.5,0,excluded,letter bias: the same letter in both orders
medxpertqa:Text-968:G-C:ab,Text-968:G-C,ab,Text-968,Reasoning,Nervous,A,Lisdexamfetamine intoxication,Alcohol withdrawal delirium,False,A,text,-4.768370445162873e-07,-14.5,0.9999995231630692,5.04347662567888e-07,14.499999523162955,,True,30,30,30,0,1.0,0.0,1.0,0.0,22.5,18.0,25.0,878.5,0,helps,more confident
medxpertqa:Text-968:G-C:ba,Text-968:G-C,ba,Text-968,Reasoning,Nervous,B,Lisdexamfetamine intoxication,Alcohol withdrawal delirium,False,B,text,-9.000123023986816,-0.00012337400403339416,0.0001233946226544279,0.999876633606226,8.999999649982783,,True,30,30,30,0,1.0,0.0,1.0,0.0,13.250000119210881,11.250000357712452,15.49999976158145,1106.0,0,helps,more confident
medxpertqa:Text-968:G-D:ab,Text-968:G-D,ab,Text-968,Reasoning,Nervous,A,Lisdexamfetamine intoxication,Phencyclidine intoxication,True,A,text,-0.023245446383953094,-3.773245334625244,0.9770226476651187,0.02297737289127478,3.749999888241291,,True,30,30,19,11,0.6333333333333333,0.36666666666666664,0.6333333333333333,0.36666666666666664,8.999999949210178,-9.000000126878149,15.24999976158145,2533.0,0,excluded,letter bias: the same letter in both orders
medxpertqa:Text-968:G-D:ba,Text-968:G-D,ba,Text-968,Reasoning,Nervous,B,Lisdexamfetamine intoxication,Phencyclidine intoxication,True,A,text,-0.005233753472566605,-5.2552337646484375,0.9947799187523881,0.005220125868449866,-5.250000011175871,,False,30,30,6,24,0.2,0.8,0.2,0.8,-17.5,-21.25,8.249999795778422,1140.5,0,excluded,letter bias: the same letter in both orders
medxpertqa:Text-968:G-E:ab,Text-968:G-E,ab,Text-968,Reasoning,Nervous,A,Lisdexamfetamine intoxication,Acute mania with psychosis,False,A,text,-1.2993727978027891e-05,-11.25001335144043,0.9999870063564401,1.3007123989067183e-05,11.250000357712452,,True,30,30,30,0,1.0,0.0,1.0,0.0,19.75,16.75,24.5,796.5,0,helps,more confident
medxpertqa:Text-968:G-E:ba,Text-968:G-E,ba,Text-968,Reasoning,Nervous,B,Lisdexamfetamine intoxication,Acute mania with psychosis,False,B,text,-10.500027656555176,-2.753696753643453e-05,2.7535687796947383e-05,0.9999724634116024,10.50000011958764,,True,30,30,30,0,1.0,0.0,1.0,0.0,17.0,14.999999642372188,18.25,641.5,0,helps,more confident
medxpertqa:Text-968:G-F:ab,Text-968:G-F,ab,Text-968,Reasoning,Nervous,A,Lisdexamfetamine intoxication,Cocaine intoxication,True,A,text,-0.12692804634571075,-2.1269280910491943,0.8807970468833343,0.11920291248514252,2.0000000447034836,,True,30,30,8,22,0.26666666666666666,0.7333333333333333,0.23333333333333334,0.7333333333333333,-5.999999920139089,-11.250000357712452,8.5000003783789,2794.5,0,excluded,letter bias: the same letter in both orders
medxpertqa:Text-968:G-F:ba,Text-968:G-F,ba,Text-968,Reasoning,Nervous,B,Lisdexamfetamine intoxication,Cocaine intoxication,True,A,text,-0.029750416055321693,-3.529750347137451,0.9706877714009485,0.029312232836486894,-3.4999999310821295,,False,30,30,17,13,0.5666666666666667,0.43333333333333335,0.5666666666666667,0.43333333333333335,1.5000000149011612,-14.999999642372188,7.500000152911525,2583.0,0,excluded,letter bias: the same letter in both orders
medxpertqa:Text-968:G-H:ab,Text-968:G-H,ab,Text-968,Reasoning,Nervous,A,Lisdexamfetamine intoxication,Anticholinergic toxicity,True,A,text,-0.0011701886542141438,-6.7511701583862305,0.9988304957495425,0.0011695103074966034,6.749999969732016,,True,30,30,27,3,0.9,0.1,0.9,0.1,15.37499976158145,-7.499999795516487,18.75,1489.5,0,excluded,letter bias: the same letter in both orders
medxpertqa:Text-968:G-H:ba,Text-968:G-H,ba,Text-968,Reasoning,Nervous,B,Lisdexamfetamine intoxication,Anticholinergic toxicity,True,A,text,-0.10020658373832703,-2.3502066135406494,0.9046505126460354,0.09534945969074979,-2.2500000298023224,,False,30,30,29,1,0.9666666666666667,0.03333333333333333,0.9666666666666667,0.03333333333333333,10.000000299058229,-10.000000358661055,11.999999523181941,1349.5,0,excluded,letter bias: the same letter in both orders
medxpertqa:Text-968:G-I:ab,Text-968:G-I,ab,Text-968,Reasoning,Nervous,A,Lisdexamfetamine intoxication,Hyperthyroidism-induced psychosis,False,A,text,-1.0728830375228426e-06,-13.750000953674316,0.999998927117538,1.0677029917933763e-06,13.749999880791279,,True,30,30,30,0,1.0,0.0,1.0,0.0,23.5,21.25,26.0,755.5,0,helps,more confident
medxpertqa:Text-968:G-I:ba,Text-968:G-I,ba,Text-968,Reasoning,Nervous,B,Lisdexamfetamine intoxication,Hyperthyroidism-induced psychosis,False,B,text,-9.250096321105957,-9.60780744208023e-05,9.610239492660866e-05,0.9999039265409296,9.250000243031536,,True,30,30,30,0,1.0,0.0,1.0,0.0,14.499999523162955,11.749999761612344,17.0,736.0,0,helps,more confident
medxpertqa:Text-968:G-J:ab,Text-968:G-J,ab,Text-968,Reasoning,Nervous,A,Lisdexamfetamine intoxication,Bath salts (synthetic cathinone) intoxication,False,B,text,-9.000123023986816,-0.00012337400403339416,0.0001233946226544279,0.999876633606226,-8.999999649982783,,False,30,30,0,30,0.0,1.0,0.0,1.0,-12.750000000004093,-15.24999976158145,-10.50000011958764,888.0,0,hurts,more wrong
medxpertqa:Text-968:G-J:ba,Text-968:G-J,ba,Text-968,Reasoning,Nervous,B,Lisdexamfetamine intoxication,Bath salts (synthetic cathinone) intoxication,False,A,text,0.0,-18.75,1.0,7.194133030325383e-09,-18.75,,False,30,30,0,30,0.0,1.0,0.0,1.0,-24.875,-26.5,-21.25,805.5,0,hurts,more wrong
medxpertqa:Text-982:B-A:ab,Text-982:B-A,ab,Text-982,Reasoning,Lymphatic,A,Pseudothrombocytopenia,Immune thrombocytopenic purpura,False,A,text,0.0,-24.0,1.0,3.775134544279098e-11,24.0,,True,30,30,30,0,1.0,0.0,1.0,0.0,26.25,24.125,30.0,577.0,0,helps,more confident
medxpertqa:Text-982:B-A:ba,Text-982:B-A,ba,Text-982,Reasoning,Lymphatic,B,Pseudothrombocytopenia,Immune thrombocytopenic purpura,False,B,text,-21.5,0.0,4.5990553786523166e-10,1.0,21.5,,True,30,30,30,0,1.0,0.0,0.03333333333333333,0.9666666666666667,18.75,16.249999880790718,22.75,651.5,0,neutral,
medxpertqa:Text-982:B-C:ab,Text-982:B-C,ab,Text-982,Reasoning,Lymphatic,A,Pseudothrombocytopenia,Hypersplenism causing platelet sequestration,False,A,text,0.0,-22.5,1.0,1.6918979226151304e-10,22.5,,True,30,30,30,0,1.0,0.0,1.0,0.0,28.125,24.75,30.5,489.0,0,helps,more confident
medxpertqa:Text-982:B-C:ba,Text-982:B-C,ba,Text-982,Reasoning,Lymphatic,B,Pseudothrombocytopenia,Hypersplenism causing platelet sequestration,False,B,text,-16.0,-1.1920928244535389e-07,1.1253517471925912e-07,0.9999998807907247,15.999999880790718,,True,30,30,30,0,1.0,0.0,0.9333333333333333,0.06666666666666667,18.625,15.49999976158145,20.75,522.5,0,helps,more confident
medxpertqa:Text-982:B-D:ab,Text-982:B-D,ab,Text-982,Reasoning,Lymphatic,A,Pseudothrombocytopenia,Heparin-induced thrombocytopenia,False,A,text,0.0,-23.5,1.0,6.224144622907783e-11,23.5,,True,30,30,30,0,1.0,0.0,0.9333333333333333,0.06666666666666667,26.75,22.75,30.25,558.5,0,helps,more confident
medxpertqa:Text-982:B-D:ba,Text-982:B-D,ba,Text-982,Reasoning,Lymphatic,B,Pseudothrombocytopenia,Heparin-induced thrombocytopenia,False,B,text,-21.25,0.0,5.905303998944039e-10,1.0,21.25,,True,30,30,30,0,1.0,0.0,0.26666666666666666,0.7,20.5,15.999999880790718,22.5,556.0,0,neutral,
medxpertqa:Text-982:B-E:ab,Text-982:B-E,ab,Text-982,Reasoning,Lymphatic,A,Pseudothrombocytopenia,Quinine-induced immune thrombocytopenia,False,A,text,0.0,-17.5,1.0,2.510999155743982e-08,17.5,,True,30,30,30,0,1.0,0.0,1.0,0.0,23.125,19.25,26.75,891.5,0,helps,more confident
medxpertqa:Text-982:B-E:ba,Text-982:B-E,ba,Text-982,Reasoning,Lymphatic,B,Pseudothrombocytopenia,Quinine-induced immune thrombocytopenia,False,B,text,-9.50007438659668,-7.486063259420916e-05,7.484626212190614e-05,0.999925142169393,9.499999525964085,,True,30,30,30,0,1.0,0.0,1.0,0.0,13.875000000000455,11.749999761612344,15.999999880790718,947.5,0,helps,more confident
medxpertqa:Text-982:B-F:ab,Text-982:B-F,ab,Text-982,Reasoning,Lymphatic,A,Pseudothrombocytopenia,Bone marrow suppression due to medication toxicity,False,A,text,0.0,-24.75,1.0,1.783247290814639e-11,24.75,,True,30,30,30,0,1.0,0.0,0.9666666666666667,0.03333333333333333,27.1875,23.375,29.25,539.0,0,helps,more confident
medxpertqa:Text-982:B-F:ba,Text-982:B-F,ba,Text-982,Reasoning,Lymphatic,B,Pseudothrombocytopenia,Bone marrow suppression due to medication toxicity,False,B,text,-20.5,0.0,1.2501528663867426e-09,1.0,20.5,,True,30,30,30,0,1.0,0.0,0.4666666666666667,0.4,20.5,18.0,22.5,533.0,0,neutral,
medxpertqa:Text-982:B-G:ab,Text-982:B-G,ab,Text-982,Reasoning,Lymphatic,A,Pseudothrombocytopenia,Immune thrombocytopenia,False,A,text,0.0,-22.5,1.0,1.6918979226151304e-10,22.5,,True,30,30,30,0,1.0,0.0,1.0,0.0,27.0,24.0,29.0,600.5,0,helps,more confident
medxpertqa:Text-982:B-G:ba,Text-982:B-G,ba,Text-982,Reasoning,Lymphatic,B,Pseudothrombocytopenia,Immune thrombocytopenia,False,B,text,-20.25,0.0,1.6052280551856116e-09,1.0,20.25,,True,30,30,30,0,1.0,0.0,0.3,0.6,19.875,17.0,21.75,555.0,0,neutral,
medxpertqa:Text-982:B-H:ab,Text-982:B-H,ab,Text-982,Reasoning,Lymphatic,A,Pseudothrombocytopenia,Thrombotic thrombocytopenic purpura,False,A,text,0.0,-24.75,1.0,1.783247290814639e-11,24.75,,True,30,30,30,0,1.0,0.0,0.9333333333333333,0.03333333333333333,27.875,24.0,31.25,555.0,0,helps,more confident
medxpertqa:Text-982:B-H:ba,Text-982:B-H,ba,Text-982,Reasoning,Lymphatic,B,Pseudothrombocytopenia,Thrombotic thrombocytopenic purpura,False,B,text,-21.75,0.0,3.581747930283181e-10,1.0,21.75,,True,30,30,30,0,1.0,0.0,0.16666666666666666,0.8,20.5,16.249999880790718,23.25,590.5,0,neutral,
medxpertqa:Text-982:B-I:ab,Text-982:B-I,ab,Text-982,Reasoning,Lymphatic,A,Pseudothrombocytopenia,Drug-induced thrombocytopenia from rivaroxaban,False,A,text,0.0,-24.0,1.0,3.775134544279098e-11,24.0,,True,30,30,30,0,1.0,0.0,0.9666666666666667,0.03333333333333333,27.375,23.875,29.875,657.0,0,helps,more confident
medxpertqa:Text-982:B-I:ba,Text-982:B-I,ba,Text-982,Reasoning,Lymphatic,B,Pseudothrombocytopenia,Drug-induced thrombocytopenia from rivaroxaban,False,B,text,-22.75,0.0,1.3176514270095466e-10,1.0,22.75,,True,30,30,30,0,1.0,0.0,0.0,1.0,20.25,17.75,22.5,598.0,0,neutral,
medxpertqa:Text-982:B-J:ab,Text-982:B-J,ab,Text-982,Reasoning,Lymphatic,A,Pseudothrombocytopenia,Disseminated intravascular coagulation,False,A,text,0.0,-26.0,1.0,5.109089028063325e-12,26.0,,True,30,30,30,0,1.0,0.0,0.9,0.1,29.25,25.0,31.0,472.5,0,helps,more confident
medxpertqa:Text-982:B-J:ba,Text-982:B-J,ba,Text-982,Reasoning,Lymphatic,B,Pseudothrombocytopenia,Disseminated intravascular coagulation,False,B,text,-20.0,0.0,2.061153622438558e-09,1.0,20.0,,True,30,30,30,0,1.0,0.0,0.4,0.5,19.875,15.24999976158145,22.0,483.5,0,neutral,
medxpertqa:Text-1031:E-A:ab,Text-1031:E-A,ab,Text-1031,Reasoning,Nervous,A,Brain abscess,Viral meningitis,False,A,text,-0.38687101006507874,-1.1368709802627563,0.6791786964925157,0.32082130911852547,0.7499999701976776,,True,30,30,30,0,1.0,0.0,1.0,0.0,8.999999889398168,5.249999894760549,12.50000011921611,1122.0,0,helps,more confident
medxpertqa:Text-1031:E-A:ba,Text-1031:E-A,ba,Text-1031,Reasoning,Nervous,B,Brain abscess,Viral meningitis,False,B,text,-0.825939416885376,-0.575939416885376,0.43782350042481233,0.5621765025686553,0.25,,True,30,30,30,0,1.0,0.0,1.0,0.0,4.375000074505806,2.250000074505806,7.999999817984644,1209.5,0,helps,more confident
medxpertqa:Text-1031:E-B:ab,Text-1031:E-B,ab,Text-1031,Reasoning,Nervous,A,Brain abscess,Intracranial tumor,False,B,text,-3.288041353225708,-0.03804141283035278,0.037326888033261264,0.9626730730490257,-3.2499999403953552,,False,30,30,0,30,0.0,1.0,0.0,1.0,-6.625000013038516,-10.749999523393853,-3.7500000316649675,1230.5,0,hurts,more wrong
medxpertqa:Text-1031:E-B:ba,Text-1031:E-B,ba,Text-1031,Reasoning,Nervous,B,Brain abscess,Intracranial tumor,False,A,text,-0.008614521473646164,-4.758614540100098,0.9914224771982877,0.008577484930474293,-4.7500000186264515,,False,30,30,0,30,0.0,1.0,0.0,1.0,-11.749999761612344,-14.999999642372188,-6.499999818275683,1018.5,0,hurts,more wrong
medxpertqa:Text-1031:E-C:ab,Text-1031:E-C,ab,Text-1031,Reasoning,Nervous,A,Brain abscess,Subdural hematoma,False,A,text,-0.06196761503815651,-2.811967611312866,0.9399133253553882,0.060086648833494447,2.7499999962747097,,True,30,30,15,15,0.5,0.5,0.5,0.5,1.999999892897904,-6.749999851221219,10.999999523302904,1559.0,0,neutral,
medxpertqa:Text-1031:E-C:ba,Text-1031:E-C,ba,Text-1031,Reasoning,Nervous,B,Brain abscess,Subdural hematoma,False,B,text,-4.264163494110107,-0.01416344940662384,0.014063626520379485,0.9859363803758086,4.250000044703484,,True,30,30,9,21,0.3,0.7,0.1,0.9,-6.250000133935828,-10.749999523393853,5.999999851221219,1623.0,0,hurts,flips to wrong
medxpertqa:Text-1031:E-D:ab,Text-1031:E-D,ab,Text-1031,Reasoning,Nervous,A,Brain abscess,Migraine with aura,False,B,text,-4.0181498527526855,-0.018149960786104202,0.017986211314027313,0.9820137577607906,-3.9999998919665813,,False,30,29,1,28,0.03333333333333333,0.9333333333333333,0.06666666666666667,0.9,-5.750000172061846,-8.000000175496098,4.499999979510903,1367.0,1,hurts,more wrong
medxpertqa:Text-1031:E-D:ba,Text-1031:E-D,ba,Text-1031,Reasoning,Nervous,B,Brain abscess,Migraine with aura,False,A,text,-0.1602240949869156,-1.9102240800857544,0.8519528492100928,0.14804720844715558,-1.7499999850988388,,False,30,28,1,27,0.03333333333333333,0.9,0.03333333333333333,0.9,-8.249999736188329,-10.999999523302904,2.0000000298023224,1425.0,2,hurts,more wrong
medxpertqa:Text-1031:E-F:ab,Text-1031:E-F,ab,Text-1031,Reasoning,Nervous,A,Brain abscess,Acute stroke,False,B,text,-11.750007629394531,-7.867782187531702e-06,7.88926463665814e-06,0.9999921322487634,-11.749999761612344,,False,30,30,0,30,0.0,1.0,0.06666666666666667,0.9,-13.875000000000455,-15.749999880790718,-11.250000357712452,855.5,0,hurts,more wrong
medxpertqa:Text-1031:E-F:ba,Text-1031:E-F,ba,Text-1031,Reasoning,Nervous,B,Brain abscess,Acute stroke,False,A,text,-3.576278118089249e-07,-14.75,0.9999996423722521,3.927863545481039e-07,-14.749999642372188,,False,30,30,0,30,0.0,1.0,0.0,1.0,-20.75,-24.75,-17.75,725.5,0,hurts,more wrong
medxpertqa:Text-1031:E-G:ab,Text-1031:E-G,ab,Text-1031,Reasoning,Nervous,A,Brain abscess,Transient ischemic attack,False,B,text,-5.2552337646484375,-0.005233753472566605,0.005220125868449866,0.9947799187523881,-5.250000011175871,,False,30,30,4,26,0.13333333333333333,0.8666666666666667,0.3,0.7,-6.12500002613524,-10.249999881416443,4.749999920837581,1712.0,0,hurts,more wrong
medxpertqa:Text-1031:E-G:ba,Text-1031:E-G,ba,Text-1031,Reasoning,Nervous,B,Brain abscess,Transient ischemic attack,False,A,text,-0.0024756519123911858,-6.002475738525391,0.9975274099865513,0.002472623024627213,-6.000000086612999,,False,30,30,0,30,0.0,1.0,0.03333333333333333,0.9666666666666667,-11.250000357712452,-18.75,-2.9999999590218067,1286.5,0,hurts,more wrong
medxpertqa:Text-1031:E-H:ab,Text-1031:E-H,ab,Text-1031,Reasoning,Nervous,A,Brain abscess,Conversion disorder,True,B,text,-1.5019290447235107,-0.25192904472351074,0.2227001469810028,0.77729988964086,-1.25,,False,30,30,3,27,0.1,0.9,0.1,0.8666666666666667,-4.499999866820872,-7.250000132829882,8.250000034138793,1091.5,0,excluded,letter bias: the same letter in both orders
medxpertqa:Text-1031:E-H:ba,Text-1031:E-H,ba,Text-1031,Reasoning,Nervous,B,Brain abscess,Conversion disorder,True,B,text,-1.31326162815094,-0.31326165795326233,0.26894143733631704,0.7310586002437232,0.9999999701976776,,True,30,30,7,23,0.23333333333333334,0.7666666666666667,0.23333333333333334,0.7666666666666667,-5.8749999480787665,-9.874999762920197,6.250000074855052,1299.0,0,excluded,letter bias: the same letter in both orders
medxpertqa:Text-1031:E-I:ab,Text-1031:E-I,ab,Text-1031,Reasoning,Nervous,A,Brain abscess,Cerebral venous thrombosis,False,B,text,-6.002475738525391,-0.0024756519123911858,0.002472623024627213,0.9975274099865513,-6.000000086612999,,False,30,30,0,30,0.0,1.0,0.0,1.0,-9.87500012057535,-12.250000000011369,-6.249999954132363,936.5,0,hurts,more wrong
medxpertqa:Text-1031:E-I:ba,Text-1031:E-I,ba,Text-1031,Reasoning,Nervous,B,Brain abscess,Cerebral venous thrombosis,False,A,text,-0.0011701886542141438,-6.7511701583862305,0.9988304957495425,0.0011695103074966034,-6.749999969732016,,False,30,30,0,30,0.0,1.0,0.0,1.0,-14.125000238418835,-17.0,-10.50000011958764,843.5,0,hurts,more wrong
medxpertqa:Text-1031:E-J:ab,Text-1031:E-J,ab,Text-1031,Reasoning,Nervous,A,Brain abscess,Viral encephalitis,False,B,text,-2.811967611312866,-0.06196761503815651,0.060086648833494447,0.9399133253553882,-2.7499999962747097,,False,30,30,1,29,0.03333333333333333,0.9666666666666667,0.06666666666666667,0.9333333333333333,-5.375000059837475,-8.250000034138793,7.00000017718412,1578.5,0,hurts,more wrong
medxpertqa:Text-1031:E-J:ba,Text-1031:E-J,ba,Text-1031,Reasoning,Nervous,B,Brain abscess,Viral encephalitis,False,A,text,-0.04858732968568802,-3.0485873222351074,0.9525741476724274,0.047425874568977164,-2.9999999925494194,,False,30,29,4,25,0.13333333333333333,0.8333333333333334,0.16666666666666666,0.8,-6.999999939813279,-10.000000358661055,6.250000073108822,1602.0,1,hurts,more wrong
medxpertqa:Text-1037:D-A:ab,Text-1037:D-A,ab,Text-1037,Reasoning,Nervous,A,Malingering,Munchausen syndrome,False,A,text,-0.31326165795326233,-1.31326162815094,0.7310586002437232,0.26894143733631704,0.9999999701976776,,True,30,30,28,2,0.9333333333333333,0.06666666666666667,0.9333333333333333,0.06666666666666667,10.8125001790213,-3.2500001154839993,13.749999880791279,1571.0,0,helps,more confident
medxpertqa:Text-1037:D-A:ba,Text-1037:D-A,ba,Text-1037,Reasoning,Nervous,B,Malingering,Munchausen syndrome,False,B,text,-6.002475738525391,-0.0024756519123911858,0.002472623024627213,0.9975274099865513,6.000000086612999,,True,30,30,30,0,1.0,0.0,1.0,0.0,9.624999942663635,6.999999943305738,12.50000011921611,1554.5,0,helps,more confident
medxpertqa:Text-1037:D-B:ab,Text-1037:D-B,ab,Text-1037,Reasoning,Nervous,A,Malingering,Radiculopathy,False,B,text,-11.25001335144043,-1.2993727978027891e-05,1.3007123989067183e-05,0.9999870063564401,-11.250000357712452,,False,30,30,0,30,0.0,1.0,0.13333333333333333,0.8333333333333334,-12.50000011921611,-14.25000035762804,-8.999999769293936,1395.0,0,hurts,more wrong
medxpertqa:Text-1037:D-B:ba,Text-1037:D-B,ba,Text-1037,Reasoning,Nervous,B,Malingering,Radiculopathy,False,A,text,-0.01416344940662384,-4.264163494110107,0.9859363803758086,0.014063626520379485,-4.250000044703484,,False,30,30,2,28,0.06666666666666667,0.9333333333333333,0.06666666666666667,0.9333333333333333,-10.12499994123209,-14.499999523162955,5.000000198371708,1923.0,0,hurts,more wrong
medxpertqa:Text-1037:D-C:ab,Text-1037:D-C,ab,Text-1037,Reasoning,Nervous,A,Malingering,Neuropraxia,False,B,text,-6.501502513885498,-0.0015023384476080537,0.001501181950907551,0.9984987894978749,-6.50000017543789,,False,30,30,0,30,0.0,1.0,0.03333333333333333,0.9666666666666667,-9.875000001369699,-12.250000000011369,-5.249999830964953,1374.0,0,hurts,more wrong
medxpertqa:Text-1037:D-C:ba,Text-1037:D-C,ba,Text-1037,Reasoning,Nervous,B,Malingering,Neuropraxia,False,A,text,-0.4740769863128662,-0.9740769863128662,0.6224593298742985,0.377540667992942,-0.5,,False,30,30,10,20,0.3333333333333333,0.6666666666666666,0.3333333333333333,0.6666666666666666,-7.937500004947651,-12.750000000004093,9.250000004642061,1817.0,0,neutral,
medxpertqa:Text-1037:D-E:ab,Text-1037:D-E,ab,Text-1037,Reasoning,Nervous,A,Malingering,Anxiety disorder,True,B,text,-1.9102240800857544,-0.1602240949869156,0.14804720844715558,0.8519528492100928,-1.7499999850988388,,False,30,30,26,4,0.8666666666666667,0.13333333333333333,0.8666666666666667,0.13333333333333333,7.750000152460416,-5.499999882187694,10.000000358661055,1747.5,0,excluded,letter bias: the same letter in both orders
medxpertqa:Text-1037:D-E:ba,Text-1037:D-E,ba,Text-1037,Reasoning,Nervous,B,Malingering,Anxiety disorder,True,B,text,-6.7511701583862305,-0.0011701886542141438,0.0011695103074966034,0.9988304957495425,6.749999969732016,,True,30,30,30,0,1.0,0.0,1.0,0.0,9.749999703686626,7.000000058906153,12.50000011921611,1406.5,0,excluded,letter bias: the same letter in both orders
medxpertqa:Text-1037:D-F:ab,Text-1037:D-F,ab,Text-1037,Reasoning,Nervous,A,Malingering,Factitious disorder,True,B,text,-2.578889846801758,-0.07888974994421005,0.07585817148650026,0.9241418055144026,-2.5000000968575478,,False,30,30,16,14,0.5333333333333333,0.4666666666666667,0.5333333333333333,0.4666666666666667,1.2500000344589353,-9.249999885440047,11.250000357712452,1832.5,0,excluded,letter bias: the same letter in both orders
medxpertqa:Text-1037:D-F:ba,Text-1037:D-F,ba,Text-1037,Reasoning,Nervous,B,Malingering,Factitious disorder,True,B,text,-3.288041353225708,-0.03804141283035278,0.037326888033261264,0.9626730730490257,3.2499999403953552,,True,30,30,28,2,0.9333333333333333,0.06666666666666667,0.9333333333333333,0.06666666666666667,8.87500024856854,-4.999999843072146,11.5000003576788,1654.0,0,excluded,letter bias: the same letter in both orders
medxpertqa:Text-1037:D-G:ab,Text-1037:D-G,ab,Text-1037,Reasoning,Nervous,A,Malingering,Psychogenic paresis,True,B,text,-5.504078388214111,-0.004078404977917671,0.004070137939983506,0.9959299004209012,-5.499999983236194,,False,30,30,0,30,0.0,1.0,0.03333333333333333,0.9666666666666667,-8.749999714556907,-11.250000357712452,-5.250000015832484,1240.0,0,excluded,letter bias: the same letter in both orders
medxpertqa:Text-1037:D-G:ba,Text-1037:D-G,ba,Text-1037,Reasoning,Nervous,B,Malingering,Psychogenic paresis,True,B,text,-1.31326162815094,-0.31326165795326233,0.26894143733631704,0.7310586002437232,0.9999999701976776,,True,30,30,16,14,0.5333333333333333,0.4666666666666667,0.5333333333333333,0.4666666666666667,4.125000017229468,-8.749999893334461,9.749999882489647,1524.0,0,excluded,letter bias: the same letter in both orders
medxpertqa:Text-1037:D-H:ab,Text-1037:D-H,ab,Text-1037,Reasoning,Nervous,A,Malingering,Functional neurological symptom disorder,False,B,text,-9.50007438659668,-7.486063259420916e-05,7.484626212190614e-05,0.999925142169393,-9.499999525964085,,False,30,30,0,30,0.0,1.0,0.0,1.0,-12.625000059610102,-14.999999642372188,-10.000000239455403,779.0,0,hurts,more wrong
medxpertqa:Text-1037:D-H:ba,Text-1037:D-H,ba,Text-1037,Reasoning,Nervous,B,Malingering,Functional neurological symptom disorder,False,A,text,-0.0031777145341038704,-5.753177642822266,0.9968273290569476,0.0031726831078774057,-5.749999928288162,,False,30,30,0,30,0.0,1.0,0.0,1.0,-12.250000000011369,-15.24999976158145,-8.499999663079507,1176.5,0,hurts,more wrong
medxpertqa:Text-1037:D-I:ab,Text-1037:D-I,ab,Text-1037,Reasoning,Nervous,A,Malingering,Somatic symptom disorder,True,B,text,-5.2552337646484375,-0.005233753472566605,0.005220125868449866,0.9947799187523881,-5.250000011175871,,False,30,30,0,30,0.0,1.0,0.03333333333333333,0.9666666666666667,-8.250000034371624,-10.50000011958764,-4.999999836552888,1489.0,0,excluded,letter bias: the same letter in both orders
medxpertqa:Text-1037:D-I:ba,Text-1037:D-I,ba,Text-1037,Reasoning,Nervous,B,Malingering,Somatic symptom disorder,True,B,text,-4.758614540100098,-0.008614521473646164,0.008577484930474293,0.9914224771982877,4.7500000186264515,,True,30,30,25,5,0.8333333333333334,0.16666666666666666,0.8,0.2,7.375000085070496,-6.499999941675924,10.000000239455403,1851.0,0,excluded,letter bias: the same letter in both orders
medxpertqa:Text-1037:D-J:ab,Text-1037:D-J,ab,Text-1037,Reasoning,Nervous,A,Malingering,Conversion disorder,False,B,text,-12.75000286102295,-2.861018856492592e-06,2.902312105056987e-06,0.9999971389852362,-12.750000000004093,,False,30,30,0,30,0.0,1.0,0.06666666666666667,0.9333333333333333,-15.24999976158145,-17.0,-12.249999880802534,694.5,0,hurts,more wrong
medxpertqa:Text-1037:D-J:ba,Text-1037:D-J,ba,Text-1037,Reasoning,Nervous,B,Malingering,Conversion disorder,False,A,text,-0.01416344940662384,-4.264163494110107,0.9859363803758086,0.014063626520379485,-4.250000044703484,,False,30,30,0,30,0.0,1.0,0.0,1.0,-13.249999582769249,-19.0,-9.249999885440047,1071.0,0,hurts,more wrong
medxpertqa:Text-1074:A-B:ab,Text-1074:A-B,ab,Text-1074,Reasoning,Urinary,A,Normal anion gap metabolic acidosis and respiratory acidosis,"Triple acid-base disorder: metabolic acidosis, respiratory acidosis, and metabolic alkalosis",False,B,text,-1.31326162815094,-0.31326165795326233,0.26894143733631704,0.7310586002437232,-0.9999999701976776,,False,30,30,17,13,0.5666666666666667,0.43333333333333335,0.5666666666666667,0.43333333333333335,3.1249999683350325,-4.499999835155904,8.499999901643605,3713.5,0,neutral,
medxpertqa:Text-1074:A-B:ba,Text-1074:A-B,ba,Text-1074,Reasoning,Urinary,B,Normal anion gap metabolic acidosis and respiratory acidosis,"Triple acid-base disorder: metabolic acidosis, respiratory acidosis, and metabolic alkalosis",False,A,text,-0.008614521473646164,-4.758614540100098,0.9914224771982877,0.008577484930474293,-4.7500000186264515,,False,30,30,30,0,1.0,0.0,1.0,0.0,6.250000095169526,1.2499999701976776,8.49999954427767,3041.5,0,helps,flips to correct
medxpertqa:Text-1074:A-C:ab,Text-1074:A-C,ab,Text-1074,Reasoning,Urinary,A,Normal anion gap metabolic acidosis and respiratory acidosis,Mixed metabolic acidosis with appropriate respiratory compensation,False,B,text,-10.750020980834961,-2.1457441107486375e-05,2.1444958378736654e-05,0.9999785427891018,-10.749999523393853,,False,30,30,0,30,0.0,1.0,0.13333333333333333,0.8333333333333334,-11.749999761612344,-13.749999880791279,-7.250000138592441,1061.5,0,hurts,more wrong
medxpertqa:Text-1074:A-C:ba,Text-1074:A-C,ba,Text-1074,Reasoning,Urinary,B,Normal anion gap metabolic acidosis and respiratory acidosis,Mixed metabolic acidosis with appropriate respiratory compensation,False,A,text,-0.0011701886542141438,-6.7511701583862305,0.9988304957495425,0.0011695103074966034,-6.749999969732016,,False,30,30,0,30,0.0,1.0,0.0,1.0,-12.625000059610102,-15.749999880790718,-7.749999973922968,1602.5,0,hurts,more wrong
medxpertqa:Text-1074:A-D:ab,Text-1074:A-D,ab,Text-1074,Reasoning,Urinary,A,Normal anion gap metabolic acidosis and respiratory acidosis,Metabolic alkalosis,False,A,text,-1.0728830375228426e-06,-13.750000953674316,0.999998927117538,1.0677029917933763e-06,13.749999880791279,,True,30,30,30,0,1.0,0.0,0.8666666666666667,0.13333333333333333,15.499999582767572,13.125000119213155,17.624999880790718,2256.5,0,helps,more confident
medxpertqa:Text-1074:A-D:ba,Text-1074:A-D,ba,Text-1074,Reasoning,Urinary,B,Normal anion gap metabolic acidosis and respiratory acidosis,Metabolic alkalosis,False,B,text,-12.000005722045898,-6.198863957251888e-06,6.144177195963701e-06,0.9999938011552557,11.999999523181941,,True,30,30,30,0,1.0,0.0,0.9333333333333333,0.06666666666666667,13.12500000000557,11.6249998808471,14.999999523162955,2242.5,0,helps,more confident
medxpertqa:Text-1074:A-E:ab,Text-1074:A-E,ab,Text-1074,Reasoning,Urinary,A,Normal anion gap metabolic acidosis and respiratory acidosis,High anion gap metabolic acidosis and respiratory alkalosis,False,B,text,-16.25,-1.1920928244535389e-07,8.764248219443636e-08,0.9999998807907247,-16.249999880790718,,False,30,30,0,30,0.0,1.0,1.0,0.0,-8.437499733889126,-10.999999783845851,-6.000000187428668,4519.5,0,neutral,
medxpertqa:Text-1074:A-E:ba,Text-1074:A-E,ba,Text-1074,Reasoning,Urinary,B,Normal anion gap metabolic acidosis and respiratory acidosis,High anion gap metabolic acidosis and respiratory alkalosis,False,A,text,0.0,-22.0,1.0,2.7894680928689246e-10,-22.0,,False,30,30,0,30,0.0,1.0,1.0,0.0,-11.249999582931196,-13.749999523163865,-0.0,4227.5,0,neutral,
medxpertqa:Text-1074:A-F:ab,Text-1074:A-F,ab,Text-1074,Reasoning,Urinary,A,Normal anion gap metabolic acidosis and respiratory acidosis,High anion gap metabolic acidosis,False,B,text,-15.75,-1.1920928244535389e-07,1.4449802461092448e-07,0.9999998807907247,-15.749999880790718,,False,30,30,13,17,0.43333333333333335,0.5666666666666667,1.0,0.0,0.25,-6.374999990337528,5.25000019185245,3347.0,0,neutral,
medxpertqa:Text-1074:A-F:ba,Text-1074:A-F,ba,Text-1074,Reasoning,Urinary,B,Normal anion gap metabolic acidosis and respiratory acidosis,High anion gap metabolic acidosis,False,A,text,0.0,-21.5,1.0,4.5990553786523166e-10,-21.5,,False,30,30,11,19,0.36666666666666664,0.6333333333333333,1.0,0.0,-1.0000000298023224,-10.00000000113505,1.7499999850988388,3286.0,1,neutral,
medxpertqa:Text-1074:A-G:ab,Text-1074:A-G,ab,Text-1074,Reasoning,Urinary,A,Normal anion gap metabolic acidosis and respiratory acidosis,Combined metabolic and respiratory acidosis with hypokalemia,False,B,text,-10.750020980834961,-2.1457441107486375e-05,2.1444958378736654e-05,0.9999785427891018,-10.749999523393853,,False,30,30,0,30,0.0,1.0,1.0,0.0,-7.999999760024366,-10.24999964304152,-6.000000126892701,3027.5,0,neutral,
medxpertqa:Text-1074:A-G:ba,Text-1074:A-G,ba,Text-1074,Reasoning,Urinary,B,Normal anion gap metabolic acidosis and respiratory acidosis,Combined metabolic and respiratory acidosis with hypokalemia,False,A,text,0.0,-16.75,1.0,5.3157852544244216e-08,-16.75,,False,30,30,7,23,0.23333333333333334,0.7666666666666667,1.0,0.0,-10.624999821578967,-15.749999642372188,2.750000111758709,3487.0,0,neutral,
medxpertqa:Text-1074:A-H:ab,Text-1074:A-H,ab,Text-1074,Reasoning,Urinary,A,Normal anion gap metabolic acidosis and respiratory acidosis,Mixed high and normal anion gap metabolic acidosis,False,B,text,-5.753177642822266,-0.0031777145341038704,0.0031726831078774057,0.9968273290569476,-5.749999928288162,,False,30,30,21,9,0.7,0.3,0.9666666666666667,0.03333333333333333,4.2500000786967576,-6.250000203028321,8.250000392174115,3423.0,0,helps,flips to correct
medxpertqa:Text-1074:A-H:ba,Text-1074:A-H,ba,Text-1074,Reasoning,Urinary,B,Normal anion gap metabolic acidosis and respiratory acidosis,Mixed high and normal anion gap metabolic acidosis,False,A,text,-1.6689160474925302e-05,-11.000016212463379,0.9999833109787883,1.670143001672819e-05,-10.999999523302904,,False,30,30,23,7,0.7666666666666667,0.23333333333333334,1.0,0.0,2.1249999701976776,-9.125000244617695,5.500000236555934,4032.5,0,helps,flips to correct
medxpertqa:Text-1074:A-I:ab,Text-1074:A-I,ab,Text-1074,Reasoning,Urinary,A,Normal anion gap metabolic acidosis and respiratory acidosis,Normal anion gap metabolic acidosis,False,B,text,-3.0485873222351074,-0.04858732968568802,0.047425874568977164,0.9525741476724274,-2.9999999925494194,,False,30,30,0,30,0.0,1.0,0.0,1.0,-11.5000003576788,-14.25000035762804,-10.000000358661055,814.0,0,hurts,more wrong
medxpertqa:Text-1074:A-I:ba,Text-1074:A-I,ba,Text-1074,Reasoning,Urinary,B,Normal anion gap metabolic acidosis and respiratory acidosis,Normal anion gap metabolic acidosis,False,A,text,-0.005233753472566605,-5.2552337646484375,0.9947799187523881,0.005220125868449866,-5.250000011175871,,False,30,30,0,30,0.0,1.0,0.0,1.0,-13.749999880791279,-15.999999880790718,-12.250000000011369,904.0,0,hurts,more wrong
medxpertqa:Text-1074:A-J:ab,Text-1074:A-J,ab,Text-1074,Reasoning,Urinary,A,Normal anion gap metabolic acidosis and respiratory acidosis,Normal anion gap metabolic acidosis with incomplete respiratory compensation,False,B,text,-7.2507100105285645,-0.0007098776986822486,0.00070967033651176,0.9992903742048809,-7.250000132829882,,False,30,30,0,30,0.0,1.0,0.0,1.0,-11.999999523181941,-15.49999976158145,-9.250000123836799,883.0,0,hurts,more wrong
medxpertqa:Text-1074:A-J:ba,Text-1074:A-J,ba,Text-1074,Reasoning,Urinary,B,Normal anion gap metabolic acidosis and respiratory acidosis,Normal anion gap metabolic acidosis with incomplete respiratory compensation,False,A,text,-0.00012337400403339416,-9.000123023986816,0.999876633606226,0.0001233946226544279,-8.999999649982783,,False,30,30,0,30,0.0,1.0,0.0,1.0,-17.5,-19.25,-12.999999642374632,1039.5,0,hurts,more wrong
medxpertqa:Text-1173:H-A:ab,Text-1173:H-A,ab,Text-1173,Reasoning,Endocrine,A,Liddle syndrome,Apparent mineralocorticoid excess syndrome,False,B,text,-5.2552337646484375,-0.005233753472566605,0.005220125868449866,0.9947799187523881,-5.250000011175871,,False,30,30,3,27,0.1,0.9,0.16666666666666666,0.8333333333333334,-8.499999904255674,-12.000000357647878,5.500000113621354,2489.0,0,hurts,more wrong
medxpertqa:Text-1173:H-A:ba,Text-1173:H-A,ba,Text-1173,Reasoning,Endocrine,B,Liddle syndrome,Apparent mineralocorticoid excess syndrome,False,A,text,-1.2993727978027891e-05,-11.25001335144043,0.9999870063564401,1.3007123989067183e-05,-11.250000357712452,,False,30,30,13,17,0.43333333333333335,0.5666666666666667,0.7666666666666667,0.23333333333333334,-9.437499943622242,-14.624999523162955,9.000000365267624,2362.0,0,neutral,
medxpertqa:Text-1173:H-B:ab,Text-1173:H-B,ab,Text-1173,Reasoning,Endocrine,A,Liddle syndrome,Gitelman syndrome,False,B,text,-2.811967611312866,-0.06196761503815651,0.060086648833494447,0.9399133253553882,-2.7499999962747097,,False,30,30,10,20,0.3333333333333333,0.6666666666666666,0.3333333333333333,0.6666666666666666,-6.00000003608875,-11.500000357689714,9.500000360436388,2187.5,0,neutral,
medxpertqa:Text-1173:H-B:ba,Text-1173:H-B,ba,Text-1173,Reasoning,Endocrine,B,Liddle syndrome,Gitelman syndrome,False,A,text,-1.1920928244535389e-07,-15.75,0.9999998807907247,1.4449802461092448e-07,-15.749999880790718,,False,30,30,2,28,0.06666666666666667,0.9333333333333333,0.4,0.6,-16.74999994039536,-23.25,3.2500000782310963,2360.0,0,neutral,
medxpertqa:Text-1173:H-C:ab,Text-1173:H-C,ab,Text-1173,Reasoning,Endocrine,A,Liddle syndrome,11β-hydroxylase deficiency,True,A,text,-0.12692804634571075,-2.1269280910491943,0.8807970468833343,0.11920291248514252,2.0000000447034836,,True,30,30,13,17,0.43333333333333335,0.5666666666666667,0.43333333333333335,0.5666666666666667,-4.9999999855645,-8.749999654959538,12.250000238439497,2689.5,0,excluded,letter bias: the same letter in both orders
medxpertqa:Text-1173:H-C:ba,Text-1173:H-C,ba,Text-1173,Reasoning,Endocrine,B,Liddle syndrome,11β-hydroxylase deficiency,True,A,text,-0.023245446383953094,-3.773245334625244,0.9770226476651187,0.02297737289127478,-3.749999888241291,,False,30,30,15,15,0.5,0.5,0.5,0.5,-1.7499999371357262,-11.999999523181941,8.499999544088496,2959.0,0,excluded,letter bias: the same letter in both orders
medxpertqa:Text-1173:H-D:ab,Text-1173:H-D,ab,Text-1173,Reasoning,Endocrine,A,Liddle syndrome,Primary hyperaldosteronism,False,B,text,-4.758614540100098,-0.008614521473646164,0.008577484930474293,0.9914224771982877,-4.7500000186264515,,False,30,30,1,29,0.03333333333333333,0.9666666666666667,0.03333333333333333,0.9666666666666667,-11.250000357712452,-14.00000011920963,2.999999947845936,1227.5,0,hurts,more wrong
medxpertqa:Text-1173:H-D:ba,Text-1173:H-D,ba,Text-1173,Reasoning,Endocrine,B,Liddle syndrome,Primary hyperaldosteronism,False,A,text,-9.60780744208023e-05,-9.250096321105957,0.9999039265409296,9.610239492660866e-05,-9.250000243031536,,False,30,30,1,29,0.03333333333333333,0.9666666666666667,0.03333333333333333,0.9666666666666667,-14.749999642372188,-18.5,0.9999999701976776,1449.0,0,hurts,more wrong
medxpertqa:Text-1173:H-E:ab,Text-1173:H-E,ab,Text-1173,Reasoning,Endocrine,A,Liddle syndrome,Bartter syndrome,False,B,text,-0.825939416885376,-0.575939416885376,0.43782350042481233,0.5621765025686553,-0.25,,False,30,30,29,1,0.9666666666666667,0.03333333333333333,0.9666666666666667,0.03333333333333333,9.250000123836799,-4.7500000186264515,13.749999880791279,1598.0,0,helps,flips to correct
medxpertqa:Text-1173:H-E:ba,Text-1173:H-E,ba,Text-1173,Reasoning,Endocrine,B,Liddle syndrome,Bartter syndrome,False,A,text,-0.00012337400403339416,-9.000123023986816,0.999876633606226,0.0001233946226544279,-8.999999649982783,,False,30,30,26,4,0.8666666666666667,0.13333333333333333,0.8666666666666667,0.13333333333333333,5.999999969033524,-14.25000035762804,9.499999525964085,1933.0,0,helps,flips to correct
medxpertqa:Text-1173:H-F:ab,Text-1173:H-F,ab,Text-1173,Reasoning,Endocrine,A,Liddle syndrome,Albuterol abuse,True,A,text,-0.575939416885376,-0.825939416885376,0.5621765025686553,0.43782350042481233,0.25,,True,30,30,4,26,0.13333333333333333,0.8666666666666667,0.13333333333333333,0.8666666666666667,-6.625000133761205,-8.999999649982783,8.999999649982783,1281.5,0,excluded,letter bias: the same letter in both orders
medxpertqa:Text-1173:H-F:ba,Text-1173:H-F,ba,Text-1173,Reasoning,Endocrine,B,Liddle syndrome,Albuterol abuse,True,A,text,-0.07888974994421005,-2.578889846801758,0.9241418055144026,0.07585817148650026,-2.5000000968575478,,False,30,30,11,19,0.36666666666666664,0.6333333333333333,0.36666666666666664,0.6333333333333333,-6.000000088475645,-10.625000357926183,11.250000357712452,1718.0,0,excluded,letter bias: the same letter in both orders
medxpertqa:Text-1173:H-G:ab,Text-1173:H-G,ab,Text-1173,Reasoning,Endocrine,A,Liddle syndrome,Gordon syndrome,True,A,text,-0.12692804634571075,-2.1269280910491943,0.8807970468833343,0.11920291248514252,2.0000000447034836,,True,30,30,27,3,0.9,0.1,0.9,0.1,11.625000000041382,-8.25000015355181,15.49999976158145,1789.5,0,excluded,letter bias: the same letter in both orders
medxpertqa:Text-1173:H-G:ba,Text-1173:H-G,ba,Text-1173,Reasoning,Endocrine,B,Liddle syndrome,Gordon syndrome,True,A,text,-0.0019286142196506262,-6.251928806304932,0.9980732443617326,0.0019267342527389902,-6.250000192085281,,False,30,30,29,1,0.9666666666666667,0.03333333333333333,0.9666666666666667,0.03333333333333333,7.750000092884875,-10.7500003578607,11.5000003576788,2043.0,0,excluded,letter bias: the same letter in both orders
medxpertqa:Text-1173:H-I:ab,Text-1173:H-I,ab,Text-1173,Reasoning,Endocrine,A,Liddle syndrome,17α-hydroxylase deficiency,True,A,text,-0.018149960786104202,-4.0181498527526855,0.9820137577607906,0.017986211314027313,3.9999998919665813,,True,30,30,23,7,0.7666666666666667,0.23333333333333334,0.7666666666666667,0.23333333333333334,10.249999762210791,-5.000000188592821,14.999999642372188,2285.5,0,excluded,letter bias: the same letter in both orders
medxpertqa:Text-1173:H-I:ba,Text-1173:H-I,ba,Text-1173,Reasoning,Endocrine,B,Liddle syndrome,17α-hydroxylase deficiency,True,A,text,-0.12692804634571075,-2.1269280910491943,0.8807970468833343,0.11920291248514252,-2.0000000447034836,,False,30,30,26,4,0.8666666666666667,0.13333333333333333,0.8666666666666667,0.13333333333333333,6.749999916297384,-11.749999761612344,10.000000358661055,2402.5,0,excluded,letter bias: the same letter in both orders
medxpertqa:Text-1173:H-J:ab,Text-1173:H-J,ab,Text-1173,Reasoning,Endocrine,A,Liddle syndrome,Hyperthyroidism,False,A,text,-9.60780744208023e-05,-9.250096321105957,0.9999039265409296,9.610239492660866e-05,9.250000243031536,,True,30,30,30,0,1.0,0.0,1.0,0.0,17.0,11.250000357712452,23.375,782.0,0,helps,more confident
medxpertqa:Text-1173:H-J:ba,Text-1173:H-J,ba,Text-1173,Reasoning,Endocrine,B,Liddle syndrome,Hyperthyroidism,False,B,text,-8.000335693359375,-0.00033539868309162557,0.0003353500342255387,0.9996646575567589,8.000000294676283,,True,30,30,30,0,1.0,0.0,1.0,0.0,13.499999523163865,10.999999523302904,18.25,779.5,0,helps,more confident
medxpertqa:Text-1218:C-A:ab,Text-1218:C-A,ab,Text-1218,Reasoning,Skeletal,A,Left inferior innominate shear,Left innominate inflare,False,A,text,-0.2014133334159851,-1.7014133930206299,0.8175744308728488,0.18242550282051248,1.5000000596046448,,True,30,30,16,14,0.5333333333333333,0.4666666666666667,0.5333333333333333,0.4666666666666667,8.874999771658622,-10.000000358661055,15.24999976158145,1250.0,0,neutral,
medxpertqa:Text-1218:C-A:ba,Text-1218:C-A,ba,Text-1218,Reasoning,Skeletal,B,Left inferior innominate shear,Left innominate inflare,False,B,text,-2.3502066135406494,-0.10020658373832703,0.09534945969074979,0.9046505126460354,2.2500000298023224,,True,30,30,28,2,0.9333333333333333,0.06666666666666667,0.9333333333333333,0.06666666666666667,9.499999943200237,-6.250000073108822,14.499999523162955,1216.5,0,helps,more confident
medxpertqa:Text-1218:C-B:ab,Text-1218:C-B,ab,Text-1218,Reasoning,Skeletal,A,Left inferior innominate shear,Right innominate outflare,True,B,text,-0.6931471824645996,-0.6931471824645996,0.49999999904767284,0.49999999904767284,0.0,,False,30,30,8,22,0.26666666666666666,0.7333333333333333,0.26666666666666666,0.7333333333333333,-7.124999916763045,-10.50000011958764,11.749999761612344,1340.5,0,excluded,letter bias: the same letter in both orders
medxpertqa:Text-1218:C-B:ba,Text-1218:C-B,ba,Text-1218,Reasoning,Skeletal,B,Left inferior innominate shear,Right innominate outflare,True,B,text,-1.9102240800857544,-0.1602240949869156,0.14804720844715558,0.8519528492100928,1.7499999850988388,,True,30,30,23,7,0.7666666666666667,0.23333333333333334,0.7666666666666667,0.23333333333333334,7.250000013707904,-6.999999819439836,10.749999523393853,1407.5,0,excluded,letter bias: the same letter in both orders
medxpertqa:Text-1218:C-D:ab,Text-1218:C-D,ab,Text-1218,Reasoning,Skeletal,A,Left inferior innominate shear,Right inferior innominate shear,True,B,text,-3.529750347137451,-0.029750416055321693,0.029312232836486894,0.9706877714009485,-3.4999999310821295,,False,30,30,24,6,0.8,0.2,0.8,0.2,5.375000000465661,-13.499999523163865,8.499999543884769,1793.5,0,excluded,letter bias: the same letter in both orders
medxpertqa:Text-1218:C-D:ba,Text-1218:C-D,ba,Text-1218,Reasoning,Skeletal,B,Left inferior innominate shear,Right inferior innominate shear,True,B,text,-1.7014133930206299,-0.2014133334159851,0.18242550282051248,0.8175744308728488,1.5000000596046448,,True,30,30,29,1,0.9666666666666667,0.03333333333333333,0.9666666666666667,0.03333333333333333,10.50000011958764,-7.749999973515514,12.999999642374632,1465.0,0,excluded,letter bias: the same letter in both orders
medxpertqa:Text-1218:C-E:ab,Text-1218:C-E,ab,Text-1218,Reasoning,Skeletal,A,Left inferior innominate shear,Left superior innominate shear,True,A,text,-0.38687101006507874,-1.1368709802627563,0.6791786964925157,0.32082130911852547,0.7499999701976776,,True,30,30,21,9,0.7,0.3,0.7,0.3,7.1250001345033525,-11.5000003576788,13.749999880791279,2129.0,0,excluded,letter bias: the same letter in both orders
medxpertqa:Text-1218:C-E:ba,Text-1218:C-E,ba,Text-1218,Reasoning,Skeletal,B,Left inferior innominate shear,Left superior innominate shear,True,A,text,-0.575939416885376,-0.825939416885376,0.5621765025686553,0.43782350042481233,-0.25,,False,30,30,27,3,0.9,0.1,0.9,0.1,9.25000006423943,-13.250000119210881,12.250000000011369,1664.0,0,excluded,letter bias: the same letter in both orders
medxpertqa:Text-1218:C-F:ab,Text-1218:C-F,ab,Text-1218,Reasoning,Skeletal,A,Left inferior innominate shear,Right anteriorly rotated innominate,False,B,text,-2.578889846801758,-0.07888974994421005,0.07585817148650026,0.9241418055144026,-2.5000000968575478,,False,30,30,17,13,0.5666666666666667,0.43333333333333335,0.5666666666666667,0.43333333333333335,3.3750000623986125,-10.749999523393853,9.000000365267624,3133.0,0,neutral,
medxpertqa:Text-1218:C-F:ba,Text-1218:C-F,ba,Text-1218,Reasoning,Skeletal,B,Left inferior innominate shear,Right anteriorly rotated innominate,False,A,text,-0.6931471824645996,-0.6931471824645996,0.49999999904767284,0.49999999904767284,-0.0,,False,30,30,13,17,0.43333333333333335,0.5666666666666667,0.43333333333333335,0.5666666666666667,-6.249999889638275,-10.000000358661055,8.5000003783789,2046.0,0,neutral,
medxpertqa:Text-1218:C-G:ab,Text-1218:C-G,ab,Text-1218,Reasoning,Skeletal,A,Left inferior innominate shear,Left posteriorly rotated innominate,False,B,text,-1.31326162815094,-0.31326165795326233,0.26894143733631704,0.7310586002437232,-0.9999999701976776,,False,30,30,0,30,0.0,1.0,0.0,1.0,-8.874999712061253,-12.50000011921611,-5.499999911058694,2315.0,0,hurts,more wrong
medxpertqa:Text-1218:C-G:ba,Text-1218:C-G,ba,Text-1218,Reasoning,Skeletal,B,Left inferior innominate shear,Left posteriorly rotated innominate,False,A,text,-0.31326165795326233,-1.31326162815094,0.7310586002437232,0.26894143733631704,-0.9999999701976776,,False,30,30,7,23,0.23333333333333334,0.7666666666666667,0.23333333333333334,0.7666666666666667,-6.499999962339643,-11.00000035776975,7.499999914609361,2706.0,0,hurts,more wrong
medxpertqa:Text-1218:C-H:ab,Text-1218:C-H,ab,Text-1218,Reasoning,Skeletal,A,Left inferior innominate shear,Left anteriorly rotated innominate,False,B,text,-1.5019290447235107,-0.25192904472351074,0.2227001469810028,0.77729988964086,-1.25,,False,30,30,0,30,0.0,1.0,0.0,1.0,-8.999999649982783,-11.5000003576788,-5.7499998095445335,1126.0,0,hurts,more wrong
medxpertqa:Text-1218:C-H:ba,Text-1218:C-H,ba,Text-1218,Reasoning,Skeletal,B,Left inferior innominate shear,Left anteriorly rotated innominate,False,A,text,-0.31326165795326233,-1.31326162815094,0.7310586002437232,0.26894143733631704,-0.9999999701976776,,False,30,30,6,24,0.2,0.8,0.2,0.8,-8.374999789011781,-11.5000003576788,8.499999663268682,1446.0,0,hurts,more wrong
medxpertqa:Text-1218:C-I:ab,Text-1218:C-I,ab,Text-1218,Reasoning,Skeletal,A,Left inferior innominate shear,Right superior innominate shear,True,B,text,-2.578889846801758,-0.07888974994421005,0.07585817148650026,0.9241418055144026,-2.5000000968575478,,False,30,30,0,30,0.0,1.0,0.0,1.0,-11.749999761612344,-16.75,-8.999999649982783,1282.0,0,excluded,letter bias: the same letter in both orders
medxpertqa:Text-1218:C-I:ba,Text-1218:C-I,ba,Text-1218,Reasoning,Skeletal,B,Left inferior innominate shear,Right superior innominate shear,True,B,text,-1.5019290447235107,-0.25192904472351074,0.2227001469810028,0.77729988964086,1.25,,True,30,30,14,16,0.4666666666666667,0.5333333333333333,0.4666666666666667,0.5333333333333333,-4.7499999781139195,-8.25000015355181,9.749999524883606,2332.0,0,excluded,letter bias: the same letter in both orders
medxpertqa:Text-1218:C-J:ab,Text-1218:C-J,ab,Text-1218,Reasoning,Skeletal,A,Left inferior innominate shear,Bilateral sacral flexion,False,A,text,-0.0015023384476080537,-6.501502513885498,0.9984987894978749,0.001501181950907551,6.50000017543789,,True,30,30,30,0,1.0,0.0,1.0,0.0,14.374999940395497,11.250000357712452,19.5,928.0,0,helps,more confident
medxpertqa:Text-1218:C-J:ba,Text-1218:C-J,ba,Text-1218,Reasoning,Skeletal,B,Left inferior innominate shear,Bilateral sacral flexion,False,B,text,-7.2507100105285645,-0.0007098776986822486,0.00070967033651176,0.9992903742048809,7.250000132829882,,True,30,30,30,0,1.0,0.0,1.0,0.0,13.499999523163865,10.249999881416443,15.749999880790718,827.0,0,helps,more confident
medxpertqa:Text-1239:F-A:ab,Text-1239:F-A,ab,Text-1239,Reasoning,Skeletal,A,NSRRL,FSLRR,True,A,text,-0.575939416885376,-0.825939416885376,0.5621765025686553,0.43782350042481233,0.25,,True,30,30,17,13,0.5666666666666667,0.43333333333333335,0.5666666666666667,0.43333333333333335,6.87499989735079,-10.999999523302904,14.25000035762804,1468.0,0,excluded,letter bias: the same letter in both orders
medxpertqa:Text-1239:F-A:ba,Text-1239:F-A,ba,Text-1239,Reasoning,Skeletal,B,NSRRL,FSLRR,True,A,text,-0.12692804634571075,-2.1269280910491943,0.8807970468833343,0.11920291248514252,-2.0000000447034836,,False,30,30,4,26,0.13333333333333333,0.8666666666666667,0.13333333333333333,0.8666666666666667,-13.499999523163865,-18.0,6.250000073108822,1115.5,0,excluded,letter bias: the same letter in both orders
medxpertqa:Text-1239:F-B:ab,Text-1239:F-B,ab,Text-1239,Reasoning,Skeletal,A,NSRRL,NSLRR,True,A,text,-0.07888974994421005,-2.578889846801758,0.9241418055144026,0.07585817148650026,2.5000000968575478,,True,30,30,22,8,0.7333333333333333,0.26666666666666666,0.7333333333333333,0.26666666666666666,12.000000298043688,-6.2499999614665285,19.0,1321.5,0,excluded,letter bias: the same letter in both orders
medxpertqa:Text-1239:F-B:ba,Text-1239:F-B,ba,Text-1239,Reasoning,Skeletal,B,NSRRL,NSLRR,True,A,text,-0.07888974994421005,-2.578889846801758,0.9241418055144026,0.07585817148650026,-2.5000000968575478,,False,30,30,16,14,0.5333333333333333,0.4666666666666667,0.5333333333333333,0.4666666666666667,2.3750000186264515,-15.24999976158145,10.249999881416443,1236.0,0,excluded,letter bias: the same letter in both orders
medxpertqa:Text-1239:F-C:ab,Text-1239:F-C,ab,Text-1239,Reasoning,Skeletal,A,NSRRL,FSRRL,False,B,text,-1.1368709802627563,-0.38687101006507874,0.32082130911852547,0.6791786964925157,-0.7499999701976776,,False,30,30,14,16,0.4666666666666667,0.5333333333333333,0.4666666666666667,0.5333333333333333,-5.000000015832484,-12.250000000011369,14.00000011920963,1350.0,0,neutral,
medxpertqa:Text-1239:F-C:ba,Text-1239:F-C,ba,Text-1239,Reasoning,Skeletal,B,NSRRL,FSRRL,False,A,text,-0.03804141283035278,-3.288041353225708,0.9626730730490257,0.037326888033261264,-3.2499999403953552,,False,30,30,4,26,0.13333333333333333,0.8666666666666667,0.13333333333333333,0.8666666666666667,-13.25000005960635,-17.5,7.000000058498699,1129.0,0,hurts,more wrong
medxpertqa:Text-1239:F-D:ab,Text-1239:F-D,ab,Text-1239,Reasoning,Skeletal,A,NSRRL,RSLRR,True,A,text,-0.6931471824645996,-0.6931471824645996,0.49999999904767284,0.49999999904767284,0.0,,True,30,30,11,19,0.36666666666666664,0.6333333333333333,0.36666666666666664,0.6333333333333333,-6.124999969091732,-10.999999523302904,15.749999880790718,1008.5,0,excluded,letter bias: the same letter in both orders
medxpertqa:Text-1239:F-D:ba,Text-1239:F-D,ba,Text-1239,Reasoning,Skeletal,B,NSRRL,RSLRR,True,A,text,-0.1602240949869156,-1.9102240800857544,0.8519528492100928,0.14804720844715558,-1.7499999850988388,,False,30,30,4,26,0.13333333333333333,0.8666666666666667,0.13333333333333333,0.8666666666666667,-11.625000000041382,-16.75,5.499999985098839,1200.5,0,excluded,letter bias: the same letter in both orders
medxpertqa:Text-1239:F-E:ab,Text-1239:F-E,ab,Text-1239,Reasoning,Skeletal,A,NSRRL,NRSLR,True,A,text,-0.10020658373832703,-2.3502066135406494,0.9046505126460354,0.09534945969074979,2.2500000298023224,,True,30,30,19,11,0.6333333333333333,0.36666666666666664,0.6333333333333333,0.36666666666666664,11.187499821300207,-8.499999543884769,17.25,1368.5,0,excluded,letter bias: the same letter in both orders
medxpertqa:Text-1239:F-E:ba,Text-1239:F-E,ba,Text-1239,Reasoning,Skeletal,B,NSRRL,NRSLR,True,A,text,-0.25192904472351074,-1.5019290447235107,0.77729988964086,0.2227001469810028,-1.25,,False,30,30,9,21,0.3,0.7,0.3,0.7,-8.12499998579733,-14.25000035762804,7.249999894585926,1489.5,0,excluded,letter bias: the same letter in both orders
medxpertqa:Text-1239:F-G:ab,Text-1239:F-G,ab,Text-1239,Reasoning,Skeletal,A,NSRRL,RSRRL,False,B,text,-0.825939416885376,-0.575939416885376,0.43782350042481233,0.5621765025686553,-0.25,,False,30,30,5,25,0.16666666666666666,0.8333333333333334,0.16666666666666666,0.8333333333333334,-8.249999800493242,-11.749999761612344,12.750000000004093,1234.0,0,hurts,more wrong
medxpertqa:Text-1239:F-G:ba,Text-1239:F-G,ba,Text-1239,Reasoning,Skeletal,B,NSRRL,RSRRL,False,A,text,-0.10020658373832703,-2.3502066135406494,0.9046505126460354,0.09534945969074979,-2.2500000298023224,,False,30,30,4,26,0.13333333333333333,0.8666666666666667,0.13333333333333333,0.8666666666666667,-14.00000011920963,-17.75,7.24999989522621,1033.5,0,hurts,more wrong
medxpertqa:Text-1239:F-H:ab,Text-1239:F-H,ab,Text-1239,Reasoning,Skeletal,A,NSRRL,NSRRR,True,A,text,-0.2014133334159851,-1.7014133930206299,0.8175744308728488,0.18242550282051248,1.5000000596046448,,True,30,30,23,7,0.7666666666666667,0.23333333333333334,0.7666666666666667,0.23333333333333334,11.624999940447196,-8.250000034138793,16.499999880790718,1234.5,0,excluded,letter bias: the same letter in both orders
medxpertqa:Text-1239:F-H:ba,Text-1239:F-H,ba,Text-1239,Reasoning,Skeletal,B,NSRRL,NSRRR,True,A,text,-0.12692804634571075,-2.1269280910491943,0.8807970468833343,0.11920291248514252,-2.0000000447034836,,False,30,30,14,16,0.4666666666666667,0.5333333333333333,0.4666666666666667,0.5333333333333333,-9.125000006220944,-15.49999976158145,10.749999523393853,1420.0,0,excluded,letter bias: the same letter in both orders
medxpertqa:Text-1239:F-I:ab,Text-1239:F-I,ab,Text-1239,Reasoning,Skeletal,A,NSRRL,NSRLR,True,A,text,-0.12692804634571075,-2.1269280910491943,0.8807970468833343,0.11920291248514252,2.0000000447034836,,True,30,30,21,9,0.7,0.3,0.7,0.3,12.999999642374632,-10.000000358661055,17.75,1384.0,0,excluded,letter bias: the same letter in both orders
medxpertqa:Text-1239:F-I:ba,Text-1239:F-I,ba,Text-1239,Reasoning,Skeletal,B,NSRRL,NSRLR,True,A,text,-0.25192904472351074,-1.5019290447235107,0.77729988964086,0.2227001469810028,-1.25,,False,30,30,13,17,0.43333333333333335,0.5666666666666667,0.43333333333333335,0.5666666666666667,-6.499999844992999,-16.499999880790718,10.000000239455403,1654.0,0,excluded,letter bias: the same letter in both orders
medxpertqa:Text-1239:F-J:ab,Text-1239:F-J,ab,Text-1239,Reasoning,Skeletal,A,NSRRL,ESRRL,False,B,text,-0.9740769863128662,-0.4740769863128662,0.377540667992942,0.6224593298742985,-0.5,,False,30,30,19,11,0.6333333333333333,0.36666666666666664,0.6333333333333333,0.36666666666666664,7.749999747844413,-10.749999523393853,15.749999880790718,1267.0,0,neutral,
medxpertqa:Text-1239:F-J:ba,Text-1239:F-J,ba,Text-1239,Reasoning,Skeletal,B,NSRRL,ESRRL,False,A,text,-0.06196761503815651,-2.811967611312866,0.9399133253553882,0.060086648833494447,-2.7499999962747097,,False,30,30,4,26,0.13333333333333333,0.8666666666666667,0.13333333333333333,0.8666666666666667,-14.00000011920963,-19.25,9.000000365267624,1166.0,0,hurts,more wrong
medxpertqa:Text-1241:I-A:ab,Text-1241:I-A,ab,Text-1241,Reasoning,Cardiovascular,A,Chronic myelogenous leukemia,Multiple myeloma,False,A,text,-0.0004306104383431375,-7.750430583953857,0.9995694822610254,0.0004305571096741222,7.749999973515514,,True,30,30,30,0,1.0,0.0,1.0,0.0,16.62499994039536,13.499999523163865,20.5,1130.5,0,helps,more confident
medxpertqa:Text-1241:I-A:ba,Text-1241:I-A,ba,Text-1241,Reasoning,Cardiovascular,B,Chronic myelogenous leukemia,Multiple myeloma,False,B,text,-2.578889846801758,-0.07888974994421005,0.07585817148650026,0.9241418055144026,2.5000000968575478,,True,30,30,30,0,1.0,0.0,1.0,0.0,10.000000239455403,7.250000133179128,14.00000011920963,1343.5,0,helps,more confident
medxpertqa:Text-1241:I-B:ab,Text-1241:I-B,ab,Text-1241,Reasoning,Cardiovascular,A,Chronic myelogenous leukemia,Polycythemia vera,False,A,text,0.0,-19.75,1.0,2.646573638909117e-09,19.75,,True,30,30,30,0,1.0,0.0,0.8666666666666667,0.13333333333333333,22.5,19.0,27.625,936.0,0,helps,more confident
medxpertqa:Text-1241:I-B:ba,Text-1241:I-B,ba,Text-1241,Reasoning,Cardiovascular,B,Chronic myelogenous leukemia,Polycythemia vera,False,B,text,-12.500003814697266,-3.6954811548639555e-06,3.7266389560521204e-06,0.9999963045256735,12.50000011921611,,True,30,30,30,0,1.0,0.0,0.8333333333333334,0.1,14.25000035762804,10.750000238653229,18.0,879.5,0,helps,more confident
medxpertqa:Text-1241:I-C:ab,Text-1241:I-C,ab,Text-1241,Reasoning,Cardiovascular,A,Chronic myelogenous leukemia,Chronic lymphocytic leukemia,False,A,text,-7.867782187531702e-06,-11.750007629394531,0.9999921322487634,7.88926463665814e-06,11.749999761612344,,True,30,30,30,0,1.0,0.0,1.0,0.0,19.0,16.374999880790718,23.0,1218.5,0,helps,more confident
medxpertqa:Text-1241:I-C:ba,Text-1241:I-C,ba,Text-1241,Reasoning,Cardiovascular,B,Chronic myelogenous leukemia,Chronic lymphocytic leukemia,False,B,text,-1.7014133930206299,-0.2014133334159851,0.18242550282051248,0.8175744308728488,1.5000000596046448,,True,30,30,30,0,1.0,0.0,1.0,0.0,11.874999642397142,9.25000000482396,14.499999523162955,1439.5,0,helps,more confident
medxpertqa:Text-1241:I-D:ab,Text-1241:I-D,ab,Text-1241,Reasoning,Cardiovascular,A,Chronic myelogenous leukemia,Acute myelogenous leukemia,False,B,text,-14.5,-4.768370445162873e-07,5.04347662567888e-07,0.9999995231630692,-14.499999523162955,,False,30,30,0,30,0.0,1.0,0.0,1.0,-18.125,-20.25,-15.49999976158145,633.0,0,hurts,more wrong
medxpertqa:Text-1241:I-D:ba,Text-1241:I-D,ba,Text-1241,Reasoning,Cardiovascular,B,Chronic myelogenous leukemia,Acute myelogenous leukemia,False,A,text,0.0,-19.0,1.0,5.602796437537268e-09,-19.0,,False,30,30,0,30,0.0,1.0,0.0,1.0,-23.875,-26.0,-20.0,627.5,0,hurts,more wrong
medxpertqa:Text-1241:I-E:ab,Text-1241:I-E,ab,Text-1241,Reasoning,Cardiovascular,A,Chronic myelogenous leukemia,Myelodysplastic syndrome,False,A,text,-2.1457441107486375e-05,-10.750020980834961,0.9999785427891018,2.1444958378736654e-05,10.749999523393853,,True,30,30,29,1,0.9666666666666667,0.03333333333333333,0.9666666666666667,0.03333333333333333,16.437499880790718,-3.499999947845936,19.25,1531.0,0,helps,more confident
medxpertqa:Text-1241:I-E:ba,Text-1241:I-E,ba,Text-1241,Reasoning,Cardiovascular,B,Chronic myelogenous leukemia,Myelodysplastic syndrome,False,B,text,-2.578889846801758,-0.07888974994421005,0.07585817148650026,0.9241418055144026,2.5000000968575478,,True,30,30,26,4,0.8666666666666667,0.13333333333333333,0.8666666666666667,0.13333333333333333,7.125000156316673,-8.000000056345016,11.5000003576788,1848.5,0,helps,more confident
medxpertqa:Text-1241:I-F:ab,Text-1241:I-F,ab,Text-1241,Reasoning,Cardiovascular,A,Chronic myelogenous leukemia,Essential thrombocythemia,False,A,text,0.0,-20.0,1.0,2.061153622438558e-09,20.0,,True,30,30,30,0,1.0,0.0,0.9666666666666667,0.03333333333333333,22.5625,19.0,27.25,845.0,0,helps,more confident
medxpertqa:Text-1241:I-F:ba,Text-1241:I-F,ba,Text-1241,Reasoning,Cardiovascular,B,Chronic myelogenous leukemia,Essential thrombocythemia,False,B,text,-14.250000953674316,-5.960462772236497e-07,6.47594599989589e-07,0.9999994039539004,14.25000035762804,,True,30,30,30,0,1.0,0.0,0.8,0.2,16.499999880790718,11.749999642403964,20.0,815.0,0,helps,more confident
medxpertqa:Text-1241:I-G:ab,Text-1241:I-G,ab,Text-1241,Reasoning,Cardiovascular,A,Chronic myelogenous leukemia,Acute promyelocytic leukemia,False,B,text,-1.1368709802627563,-0.38687101006507874,0.32082130911852547,0.6791786964925157,-0.7499999701976776,,False,30,30,0,30,0.0,1.0,0.0,1.0,-7.124999976513209,-10.000000239455403,-3.7499999403953552,1547.0,0,hurts,more wrong
medxpertqa:Text-1241:I-G:ba,Text-1241:I-G,ba,Text-1241,Reasoning,Cardiovascular,B,Chronic myelogenous leukemia,Acute promyelocytic leukemia,False,A,text,-0.0011701886542141438,-6.7511701583862305,0.9988304957495425,0.0011695103074966034,-6.749999969732016,,False,30,30,0,30,0.0,1.0,0.0,1.0,-14.999999642372188,-18.0,-12.250000000011369,1067.0,0,hurts,more wrong
medxpertqa:Text-1241:I-H:ab,Text-1241:I-H,ab,Text-1241,Reasoning,Cardiovascular,A,Chronic myelogenous leukemia,Hairy cell leukemia,False,A,text,-0.00020346954988781363,-8.500203132629395,0.9997965511486372,0.00020342704214340812,8.499999663079507,,True,30,30,30,0,1.0,0.0,1.0,0.0,16.62499994039536,13.749999880791279,20.5,1014.5,0,helps,more confident
medxpertqa:Text-1241:I-H:ba,Text-1241:I-H,ba,Text-1241,Reasoning,Cardiovascular,B,Chronic myelogenous leukemia,Hairy cell leukemia,False,B,text,-3.773245334625244,-0.023245446383953094,0.02297737289127478,0.9770226476651187,3.749999888241291,,True,30,30,30,0,1.0,0.0,1.0,0.0,10.125000000833097,7.750000092870323,14.749999642372188,1338.5,0,helps,more confident
medxpertqa:Text-1241:I-J:ab,Text-1241:I-J,ab,Text-1241,Reasoning,Cardiovascular,A,Chronic myelogenous leukemia,Acute lymphoblastic leukemia,False,B,text,-8.500203132629395,-0.00020346954988781363,0.00020342704214340812,0.9997965511486372,-8.499999663079507,,False,30,30,0,30,0.0,1.0,0.0,1.0,-11.874999642397142,-14.999999642372188,-9.249999885440047,923.5,0,hurts,more wrong
medxpertqa:Text-1241:I-J:ba,Text-1241:I-J,ba,Text-1241,Reasoning,Cardiovascular,B,Chronic myelogenous leukemia,Acute lymphoblastic leukemia,False,A,text,0.0,-16.75,1.0,5.3157852544244216e-08,-16.75,,False,30,30,0,30,0.0,1.0,0.0,1.0,-21.375,-25.5,-18.125,705.0,0,hurts,more wrong
medxpertqa:Text-1253:J-A:ab,Text-1253:J-A,ab,Text-1253,Reasoning,Integumentary,A,Bedbug bite,Folliculitis,False,A,text,-3.540453326422721e-05,-10.250035285949707,0.9999645960934689,3.535625324942473e-05,10.249999881416443,,True,30,30,30,0,1.0,0.0,1.0,0.0,23.25,19.0,25.25,402.0,0,helps,more confident
medxpertqa:Text-1253:J-A:ba,Text-1253:J-A,ba,Text-1253,Reasoning,Integumentary,B,Bedbug bite,Folliculitis,False,B,text,-11.000016212463379,-1.6689160474925302e-05,1.670143001672819e-05,0.9999833109787883,10.999999523302904,,True,30,30,30,0,1.0,0.0,1.0,0.0,16.875,14.749999642372188,18.5,456.5,0,helps,more confident
medxpertqa:Text-1253:J-B:ab,Text-1253:J-B,ab,Text-1253,Reasoning,Integumentary,A,Bedbug bite,Poison ivy dermatitis,False,A,text,-0.00033539868309162557,-8.000335693359375,0.9996646575567589,0.0003353500342255387,8.000000294676283,,True,30,30,30,0,1.0,0.0,1.0,0.0,20.25,14.999999642372188,23.75,432.5,0,helps,more confident
medxpertqa:Text-1253:J-B:ba,Text-1253:J-B,ba,Text-1253,Reasoning,Integumentary,B,Bedbug bite,Poison ivy dermatitis,False,B,text,-8.000335693359375,-0.00033539868309162557,0.0003353500342255387,0.9996646575567589,8.000000294676283,,True,30,30,30,0,1.0,0.0,1.0,0.0,13.749999880791279,8.749999893334461,15.999999880790718,551.5,0,helps,more confident
medxpertqa:Text-1253:J-C:ab,Text-1253:J-C,ab,Text-1253,Reasoning,Integumentary,A,Bedbug bite,Allergic reaction to clothing material,False,A,text,-7.867782187531702e-06,-11.750007629394531,0.9999921322487634,7.88926463665814e-06,11.749999761612344,,True,30,30,30,0,1.0,0.0,1.0,0.0,24.5,20.5,26.75,406.5,0,helps,more confident
medxpertqa:Text-1253:J-C:ba,Text-1253:J-C,ba,Text-1253,Reasoning,Integumentary,B,Bedbug bite,Allergic reaction to clothing material,False,B,text,-7.750430583953857,-0.0004306104383431375,0.0004305571096741222,0.9995694822610254,7.749999973515514,,True,30,30,30,0,1.0,0.0,1.0,0.0,16.75,13.749999880791279,18.5,406.0,0,helps,more confident
medxpertqa:Text-1253:J-D:ab,Text-1253:J-D,ab,Text-1253,Reasoning,Integumentary,A,Bedbug bite,Scabies,True,A,text,-0.018149960786104202,-4.0181498527526855,0.9820137577607906,0.017986211314027313,3.9999998919665813,,True,30,30,22,8,0.7333333333333333,0.26666666666666666,0.7333333333333333,0.26666666666666666,11.500000059662398,-10.000000358661055,16.75,696.5,0,excluded,letter bias: the same letter in both orders
medxpertqa:Text-1253:J-D:ba,Text-1253:J-D,ba,Text-1253,Reasoning,Integumentary,B,Bedbug bite,Scabies,True,A,text,-0.4740769863128662,-0.9740769863128662,0.6224593298742985,0.377540667992942,-0.5,,False,30,30,16,14,0.5333333333333333,0.4666666666666667,0.5333333333333333,0.4666666666666667,5.249999776482582,-15.49999976158145,10.249999881416443,1270.0,0,excluded,letter bias: the same letter in both orders
medxpertqa:Text-1253:J-E:ab,Text-1253:J-E,ab,Text-1253,Reasoning,Integumentary,A,Bedbug bite,Flea bites,False,A,text,-5.829164365422912e-05,-9.7500581741333,0.9999417100552707,5.829127258796956e-05,9.749999882489647,,True,30,30,30,0,1.0,0.0,1.0,0.0,23.125,17.5,26.5,373.5,0,helps,more confident
medxpertqa:Text-1253:J-E:ba,Text-1253:J-E,ba,Text-1253,Reasoning,Integumentary,B,Bedbug bite,Flea bites,False,B,text,-4.264163494110107,-0.01416344940662384,0.014063626520379485,0.9859363803758086,4.250000044703484,,True,30,30,30,0,1.0,0.0,1.0,0.0,10.874999523348379,5.249999892432243,15.24999976158145,525.0,0,helps,more confident
medxpertqa:Text-1253:J-F:ab,Text-1253:J-F,ab,Text-1253,Reasoning,Integumentary,A,Bedbug bite,Cutaneous larva migrans,True,A,text,-0.01416344940662384,-4.264163494110107,0.9859363803758086,0.014063626520379485,4.250000044703484,,True,30,30,1,29,0.03333333333333333,0.9666666666666667,0.03333333333333333,0.9666666666666667,-9.37499988449781,-11.749999761612344,10.50000011958764,571.0,0,excluded,letter bias: the same letter in both orders
medxpertqa:Text-1253:J-F:ba,Text-1253:J-F,ba,Text-1253,Reasoning,Integumentary,B,Bedbug bite,Cutaneous larva migrans,True,A,text,-0.25192904472351074,-1.5019290447235107,0.77729988964086,0.2227001469810028,-1.25,,False,30,30,0,30,0.0,1.0,0.0,1.0,-19.0,-21.75,-10.749999523393853,525.5,0,excluded,letter bias: the same letter in both orders
medxpertqa:Text-1253:J-G:ab,Text-1253:J-G,ab,Text-1253,Reasoning,Integumentary,A,Bedbug bite,Contact dermatitis,False,A,text,-0.00033539868309162557,-8.000335693359375,0.9996646575567589,0.0003353500342255387,8.000000294676283,,True,30,30,30,0,1.0,0.0,1.0,0.0,21.125,12.999999642374632,24.75,477.5,0,helps,more confident
medxpertqa:Text-1253:J-G:ba,Text-1253:J-G,ba,Text-1253,Reasoning,Integumentary,B,Bedbug bite,Contact dermatitis,False,B,text,-7.750430583953857,-0.0004306104383431375,0.0004305571096741222,0.9995694822610254,7.749999973515514,,True,30,30,30,0,1.0,0.0,1.0,0.0,15.24999976158145,12.999999642374632,17.0,464.0,0,helps,more confident
medxpertqa:Text-1253:J-H:ab,Text-1253:J-H,ab,Text-1253,Reasoning,Integumentary,A,Bedbug bite,Dermatophytosis,False,A,text,-7.486063259420916e-05,-9.50007438659668,0.999925142169393,7.484626212190614e-05,9.499999525964085,,True,30,30,30,0,1.0,0.0,1.0,0.0,20.625,16.499999880790718,24.0,423.5,0,helps,more confident
medxpertqa:Text-1253:J-H:ba,Text-1253:J-H,ba,Text-1253,Reasoning,Integumentary,B,Bedbug bite,Dermatophytosis,False,B,text,-5.753177642822266,-0.0031777145341038704,0.0031726831078774057,0.9968273290569476,5.749999928288162,,True,30,30,30,0,1.0,0.0,1.0,0.0,13.124999880792757,9.749999882489647,16.75,486.5,0,helps,more confident
medxpertqa:Text-1253:J-I:ab,Text-1253:J-I,ab,Text-1253,Reasoning,Integumentary,A,Bedbug bite,Chigger bites,True,A,text,-0.0031777145341038704,-5.753177642822266,0.9968273290569476,0.0031726831078774057,5.749999928288162,,True,30,30,28,2,0.9333333333333333,0.06666666666666667,0.9333333333333333,0.06666666666666667,17.375,-6.749999969732016,21.75,571.0,0,excluded,letter bias: the same letter in both orders
medxpertqa:Text-1253:J-I:ba,Text-1253:J-I,ba,Text-1253,Reasoning,Integumentary,B,Bedbug bite,Chigger bites,True,A,text,-0.2014133334159851,-1.7014133930206299,0.8175744308728488,0.18242550282051248,-1.5000000596046448,,False,30,30,12,18,0.4,0.6,0.4,0.6,-12.124999940414227,-20.75,8.499999663079507,661.5,0,excluded,letter bias: the same letter in both orders
medxpertqa:Text-1259:J-A:ab,Text-1259:J-A,ab,Text-1259,Reasoning,Nervous,A,Blood vessel narrowing,Vertebrobasilar insufficiency,False,B,text,-12.250004768371582,-4.768360213347478e-06,4.78509457496562e-06,0.9999952316511552,-12.250000000011369,,False,30,30,0,30,0.0,1.0,0.0,1.0,-16.499999880790718,-18.75,-14.499999523162955,487.5,0,hurts,more wrong
medxpertqa:Text-1259:J-A:ba,Text-1259:J-A,ba,Text-1259,Reasoning,Nervous,B,Blood vessel narrowing,Vertebrobasilar insufficiency,False,A,text,-5.960462772236497e-07,-14.250000953674316,0.9999994039539004,6.47594599989589e-07,-14.25000035762804,,False,30,30,0,30,0.0,1.0,0.0,1.0,-22.875,-25.25,-20.0,501.5,0,hurts,more wrong
medxpertqa:Text-1259:J-B:ab,Text-1259:J-B,ab,Text-1259,Reasoning,Nervous,A,Blood vessel narrowing,Transient ischemic attack,True,B,text,-1.1368709802627563,-0.38687101006507874,0.32082130911852547,0.6791786964925157,-0.7499999701976776,,False,30,30,0,30,0.0,1.0,0.03333333333333333,0.9666666666666667,-5.7500000486616045,-8.000000294676283,1.4999999850988388,1437.0,0,excluded,letter bias: the same letter in both orders
medxpertqa:Text-1259:J-B:ba,Text-1259:J-B,ba,Text-1259,Reasoning,Nervous,B,Blood vessel narrowing,Transient ischemic attack,True,B,text,-1.7014133930206299,-0.2014133334159851,0.18242550282051248,0.8175744308728488,1.5000000596046448,,True,30,30,14,16,0.4666666666666667,0.5333333333333333,0.4666666666666667,0.5333333333333333,-2.874999982304871,-7.624999761697836,8.749999893334461,1517.5,0,excluded,letter bias: the same letter in both orders
medxpertqa:Text-1259:J-C:ab,Text-1259:J-C,ab,Text-1259,Reasoning,Nervous,A,Blood vessel narrowing,Stroke,False,A,text,-0.0007098776986822486,-7.2507100105285645,0.9992903742048809,0.00070967033651176,7.250000132829882,,True,30,30,29,1,0.9666666666666667,0.03333333333333333,0.9333333333333333,0.06666666666666667,10.499999702405148,-5.500000224914402,14.25000035762804,1188.0,0,helps,more confident
medxpertqa:Text-1259:J-C:ba,Text-1259:J-C,ba,Text-1259,Reasoning,Nervous,B,Blood vessel narrowing,Stroke,False,B,text,-6.251928806304932,-0.0019286142196506262,0.0019267342527389902,0.9980732443617326,6.250000192085281,,True,30,30,30,0,1.0,0.0,0.9666666666666667,0.0,8.125000045241904,6.250000192085281,10.749999523393853,941.5,0,helps,more confident
medxpertqa:Text-1259:J-D:ab,Text-1259:J-D,ab,Text-1259,Reasoning,Nervous,A,Blood vessel narrowing,Orthostatic hypotension,False,B,text,-9.000123023986816,-0.00012337400403339416,0.0001233946226544279,0.999876633606226,-8.999999649982783,,False,30,30,0,30,0.0,1.0,0.0,1.0,-16.249999880790718,-19.25,-10.249999643008778,585.0,0,hurts,more wrong
medxpertqa:Text-1259:J-D:ba,Text-1259:J-D,ba,Text-1259,Reasoning,Nervous,B,Blood vessel narrowing,Orthostatic hypotension,False,A,text,-2.753696753643453e-05,-10.500027656555176,0.9999724634116024,2.7535687796947383e-05,-10.50000011958764,,False,30,30,0,30,0.0,1.0,0.0,1.0,-18.5,-25.5,-13.37500035762912,790.5,0,hurts,more wrong
medxpertqa:Text-1259:J-E:ab,Text-1259:J-E,ab,Text-1259,Reasoning,Nervous,A,Blood vessel narrowing,Subclavian steal syndrome,False,B,text,-11.25001335144043,-1.2993727978027891e-05,1.3007123989067183e-05,0.9999870063564401,-11.250000357712452,,False,30,30,0,30,0.0,1.0,0.0,1.0,-16.249999880790718,-18.25,-12.750000000004093,466.5,0,hurts,more wrong
medxpertqa:Text-1259:J-E:ba,Text-1259:J-E,ba,Text-1259,Reasoning,Nervous,B,Blood vessel narrowing,Subclavian steal syndrome,False,A,text,-1.4305104514278355e-06,-13.500000953674316,0.9999985694905718,1.3709577789362383e-06,-13.499999523163865,,False,30,30,0,30,0.0,1.0,0.0,1.0,-24.125,-26.25,-16.124999880790718,464.5,0,hurts,more wrong
medxpertqa:Text-1259:J-F:ab,Text-1259:J-F,ab,Text-1259,Reasoning,Nervous,A,Blood vessel narrowing,Vasovagal syncope,False,A,text,-0.10020658373832703,-2.3502066135406494,0.9046505126460354,0.09534945969074979,2.2500000298023224,,True,30,30,7,23,0.23333333333333334,0.7666666666666667,0.23333333333333334,0.7666666666666667,-5.49999998905696,-8.499999543884769,11.124999523271981,1412.5,0,hurts,flips to wrong
medxpertqa:Text-1259:J-F:ba,Text-1259:J-F,ba,Text-1259,Reasoning,Nervous,B,Blood vessel narrowing,Vasovagal syncope,False,B,text,-5.753177642822266,-0.0031777145341038704,0.0031726831078774057,0.9968273290569476,5.749999928288162,,True,30,30,27,3,0.9,0.1,0.8333333333333334,0.13333333333333333,7.749999973515514,-8.499999663079507,11.5000003576788,1102.0,0,helps,more confident
medxpertqa:Text-1259:J-G:ab,Text-1259:J-G,ab,Text-1259,Reasoning,Nervous,A,Blood vessel narrowing,Vagal event,False,A,text,-0.12692804634571075,-2.1269280910491943,0.8807970468833343,0.11920291248514252,2.0000000447034836,,True,30,30,21,9,0.7,0.3,0.7,0.3,9.875000060974344,-6.249999954132363,16.75,1525.0,0,helps,more confident
medxpertqa:Text-1259:J-G:ba,Text-1259:J-G,ba,Text-1259,Reasoning,Nervous,B,Blood vessel narrowing,Vagal event,False,B,text,-4.511047840118408,-0.011047743260860443,0.010986941583869245,0.9890130589396958,4.500000096857548,,True,30,30,30,0,1.0,0.0,1.0,0.0,9.499999525964085,6.250000192085281,13.499999523163865,876.5,0,helps,more confident
medxpertqa:Text-1259:J-H:ab,Text-1259:J-H,ab,Text-1259,Reasoning,Nervous,A,Blood vessel narrowing,Cardiac arrhythmia,False,B,text,-4.758614540100098,-0.008614521473646164,0.008577484930474293,0.9914224771982877,-4.7500000186264515,,False,30,30,22,8,0.7333333333333333,0.26666666666666666,0.8,0.2,3.249999964609742,-8.24999955741805,6.249999835155904,2102.5,0,helps,flips to correct
medxpertqa:Text-1259:J-H:ba,Text-1259:J-H,ba,Text-1259,Reasoning,Nervous,B,Blood vessel narrowing,Cardiac arrhythmia,False,A,text,-0.12692804634571075,-2.1269280910491943,0.8807970468833343,0.11920291248514252,-2.0000000447034836,,False,30,30,30,0,1.0,0.0,1.0,0.0,5.4999999238643795,2.749999899417162,7.749999973515514,1113.5,0,helps,flips to correct
medxpertqa:Text-1259:J-I:ab,Text-1259:J-I,ab,Text-1259,Reasoning,Nervous,A,Blood vessel narrowing,Postural orthostatic tachycardia syndrome,True,B,text,-1.1368709802627563,-0.38687101006507874,0.32082130911852547,0.6791786964925157,-0.7499999701976776,,False,30,30,10,20,0.3333333333333333,0.6666666666666666,0.3333333333333333,0.6666666666666666,-6.999999991938239,-10.50000011958764,9.749999882489647,1751.5,0,excluded,letter bias: the same letter in both orders
medxpertqa:Text-1259:J-I:ba,Text-1259:J-I,ba,Text-1259,Reasoning,Nervous,B,Blood vessel narrowing,Postural orthostatic tachycardia syndrome,True,B,text,-1.7014133930206299,-0.2014133334159851,0.18242550282051248,0.8175744308728488,1.5000000596046448,,True,30,30,27,3,0.9,0.1,0.9,0.1,6.3750001841108315,-8.999999649982783,9.749999882489647,1335.0,0,excluded,letter bias: the same letter in both orders
medxpertqa:Text-1338:A-B:ab,Text-1338:A-B,ab,Text-1338,Reasoning,Respiratory,A,Small cell lung cancer,Large cell neuroendocrine carcinoma,False,A,text,-0.0011701886542141438,-6.7511701583862305,0.9988304957495425,0.0011695103074966034,6.749999969732016,,True,30,30,30,0,1.0,0.0,1.0,0.0,14.25000035762804,11.749999761612344,17.0,1244.5,0,helps,more confident
medxpertqa:Text-1338:A-B:ba,Text-1338:A-B,ba,Text-1338,Reasoning,Respiratory,B,Small cell lung cancer,Large cell neuroendocrine carcinoma,False,B,text,-5.006715297698975,-0.006715348921716213,0.006692851264215723,0.9933071486460123,4.999999948777258,,True,30,30,30,0,1.0,0.0,1.0,0.0,12.50000011921611,9.499999525964085,16.499999880790718,746.5,0,helps,more confident
medxpertqa:Text-1338:A-C:ab,Text-1338:A-C,ab,Text-1338,Reasoning,Respiratory,A,Small cell lung cancer,Carcinoid tumor of the lung,False,A,text,-1.1920928244535389e-07,-16.5,0.9999998807907247,6.82560337633487e-08,16.499999880790718,,True,30,30,30,0,1.0,0.0,1.0,0.0,24.75,19.5,28.25,523.5,0,helps,more confident
medxpertqa:Text-1338:A-C:ba,Text-1338:A-C,ba,Text-1338,Reasoning,Respiratory,B,Small cell lung cancer,Carcinoid tumor of the lung,False,B,text,-9.250096321105957,-9.60780744208023e-05,9.610239492660866e-05,0.9999039265409296,9.250000243031536,,True,30,30,30,0,1.0,0.0,1.0,0.0,17.25,12.750000000004093,19.5,524.5,0,helps,more confident
medxpertqa:Text-1338:A-D:ab,Text-1338:A-D,ab,Text-1338,Reasoning,Respiratory,A,Small cell lung cancer,Adenocarcinoma with neuroendocrine features,True,A,text,-0.1602240949869156,-1.9102240800857544,0.8519528492100928,0.14804720844715558,1.7499999850988388,,True,30,30,30,0,1.0,0.0,1.0,0.0,10.499999702405148,6.249999954132363,14.25000035762804,1480.0,0,excluded,letter bias: the same letter in both orders
medxpertqa:Text-1338:A-D:ba,Text-1338:A-D,ba,Text-1338,Reasoning,Respiratory,B,Small cell lung cancer,Adenocarcinoma with neuroendocrine features,True,A,text,-0.4740769863128662,-0.9740769863128662,0.6224593298742985,0.377540667992942,-0.5,,False,30,30,30,0,1.0,0.0,1.0,0.0,8.749999833744369,7.500000152911525,12.50000011921611,1040.5,0,excluded,letter bias: the same letter in both orders
medxpertqa:Text-1338:A-E:ab,Text-1338:A-E,ab,Text-1338,Reasoning,Respiratory,A,Small cell lung cancer,Pulmonary metastasis,True,A,text,-0.004078404977917671,-5.504078388214111,0.9959299004209012,0.004070137939983506,5.499999983236194,,True,30,30,30,0,1.0,0.0,1.0,0.0,11.999999523181941,8.749999893334461,14.999999642372188,1139.5,0,excluded,letter bias: the same letter in both orders
medxpertqa:Text-1338:A-E:ba,Text-1338:A-E,ba,Text-1338,Reasoning,Respiratory,B,Small cell lung cancer,Pulmonary metastasis,True,A,text,-0.38687101006507874,-1.1368709802627563,0.6791786964925157,0.32082130911852547,-0.7499999701976776,,False,30,30,30,0,1.0,0.0,1.0,0.0,7.62500006321352,5.749999928288162,9.749999882489647,837.0,0,excluded,letter bias: the same letter in both orders
medxpertqa:Text-1338:A-F:ab,Text-1338:A-F,ab,Text-1338,Reasoning,Respiratory,A,Small cell lung cancer,Lymphangitic carcinomatosis,False,B,text,-1.1368709802627563,-0.38687101006507874,0.32082130911852547,0.6791786964925157,-0.7499999701976776,,False,30,30,26,4,0.8666666666666667,0.13333333333333333,0.8666666666666667,0.13333333333333333,6.500000115891453,-5.9999998500570655,8.499999663079507,2544.0,0,helps,flips to correct
medxpertqa:Text-1338:A-F:ba,Text-1338:A-F,ba,Text-1338,Reasoning,Respiratory,B,Small cell lung cancer,Lymphangitic carcinomatosis,False,A,text,-0.008614521473646164,-4.758614540100098,0.9914224771982877,0.008577484930474293,-4.7500000186264515,,False,30,30,30,0,1.0,0.0,1.0,0.0,6.124999961582944,3.749999910593033,8.749999893334461,1727.0,0,helps,flips to correct
medxpertqa:Text-1338:A-G:ab,Text-1338:A-G,ab,Text-1338,Reasoning,Respiratory,A,Small cell lung cancer,Non–small cell lung cancer,False,B,text,-2.811967611312866,-0.06196761503815651,0.060086648833494447,0.9399133253553882,-2.7499999962747097,,False,30,30,7,23,0.23333333333333334,0.7666666666666667,0.23333333333333334,0.7666666666666667,-8.124999806881533,-11.749999642403964,8.749999893334461,1619.0,0,hurts,more wrong
medxpertqa:Text-1338:A-G:ba,Text-1338:A-G,ba,Text-1338,Reasoning,Respiratory,B,Small cell lung cancer,Non–small cell lung cancer,False,A,text,-7.867782187531702e-06,-11.750007629394531,0.9999921322487634,7.88926463665814e-06,-11.749999761612344,,False,30,30,12,18,0.4,0.6,0.5,0.4666666666666667,-11.625000059645572,-20.25,8.499999663079507,1183.5,0,neutral,
medxpertqa:Text-1338:A-H:ab,Text-1338:A-H,ab,Text-1338,Reasoning,Respiratory,A,Small cell lung cancer,Bronchial adenoma,False,A,text,0.0,-19.0,1.0,5.602796437537268e-09,19.0,,True,30,30,30,0,1.0,0.0,1.0,0.0,27.125,24.0,30.5,427.0,0,helps,more confident
medxpertqa:Text-1338:A-H:ba,Text-1338:A-H,ba,Text-1338,Reasoning,Respiratory,B,Small cell lung cancer,Bronchial adenoma,False,B,text,-13.250001907348633,-1.7881377516459906e-06,1.7603429545652396e-06,0.9999982118638471,13.250000119210881,,True,30,30,30,0,1.0,0.0,1.0,0.0,17.875,13.749999880791279,19.5,426.5,0,helps,more confident
medxpertqa:Text-1338:A-I:ab,Text-1338:A-I,ab,Text-1338,Reasoning,Respiratory,A,Small cell lung cancer,Mesothelioma,False,A,text,-4.768360213347478e-06,-12.250004768371582,0.9999952316511552,4.78509457496562e-06,12.250000000011369,,True,30,30,30,0,1.0,0.0,1.0,0.0,20.375,15.24999976158145,24.0,521.0,0,helps,more confident
medxpertqa:Text-1338:A-I:ba,Text-1338:A-I,ba,Text-1338,Reasoning,Respiratory,B,Small cell lung cancer,Mesothelioma,False,B,text,-6.251928806304932,-0.0019286142196506262,0.0019267342527389902,0.9980732443617326,6.250000192085281,,True,30,30,30,0,1.0,0.0,1.0,0.0,11.625000059645572,8.999999649982783,15.24999976158145,575.5,0,helps,more confident
medxpertqa:Text-1338:A-J:ab,Text-1338:A-J,ab,Text-1338,Reasoning,Respiratory,A,Small cell lung cancer,Squamous cell carcinoma,False,A,text,-0.0015023384476080537,-6.501502513885498,0.9984987894978749,0.001501181950907551,6.50000017543789,,True,30,30,21,9,0.7,0.3,0.7,0.3,13.124999880792757,-7.249999894585926,16.249999880790718,1193.0,0,helps,more confident
medxpertqa:Text-1338:A-J:ba,Text-1338:A-J,ba,Text-1338,Reasoning,Respiratory,B,Small cell lung cancer,Squamous cell carcinoma,False,B,text,-0.9740769863128662,-0.4740769863128662,0.377540667992942,0.6224593298742985,0.5,,True,30,30,23,7,0.7666666666666667,0.23333333333333334,0.7666666666666667,0.23333333333333334,8.37499984860915,-10.999999523302904,13.250000119210881,1219.0,0,helps,more confident
medxpertqa:Text-1361:H-A:ab,Text-1361:H-A,ab,Text-1361,Reasoning,Muscular,A,Becker muscular dystrophy,Spinal muscular atrophy,False,A,text,0.0,-25.25,1.0,1.0815941557285693e-11,25.25,,True,30,30,30,0,1.0,0.0,0.9,0.1,29.125,22.625,31.75,457.0,0,helps,more confident
medxpertqa:Text-1361:H-A:ba,Text-1361:H-A,ba,Text-1361,Reasoning,Muscular,B,Becker muscular dystrophy,Spinal muscular atrophy,False,B,text,-23.0,0.0,1.026187963170189e-10,1.0,23.0,,True,30,30,30,0,1.0,0.0,0.13333333333333333,0.7666666666666667,21.875,17.25,24.75,455.0,0,neutral,
medxpertqa:Text-1361:H-B:ab,Text-1361:H-B,ab,Text-1361,Reasoning,Muscular,A,Becker muscular dystrophy,Charcot-Marie-Tooth disease,False,A,text,0.0,-22.0,1.0,2.7894680928689246e-10,22.0,,True,30,30,30,0,1.0,0.0,1.0,0.0,28.375,23.0,32.0,443.0,0,helps,more confident
medxpertqa:Text-1361:H-B:ba,Text-1361:H-B,ba,Text-1361,Reasoning,Muscular,B,Becker muscular dystrophy,Charcot-Marie-Tooth disease,False,B,text,-21.75,0.0,3.581747930283181e-10,1.0,21.75,,True,30,30,30,0,1.0,0.0,0.1,0.9,20.125,16.249999880790718,23.25,493.0,0,neutral,
medxpertqa:Text-1361:H-C:ab,Text-1361:H-C,ab,Text-1361,Reasoning,Muscular,A,Becker muscular dystrophy,Myotonic dystrophy,False,A,text,0.0,-19.25,1.0,4.363462252943702e-09,19.25,,True,30,30,30,0,1.0,0.0,1.0,0.0,27.0,22.875,29.0,473.5,0,helps,more confident
medxpertqa:Text-1361:H-C:ba,Text-1361:H-C,ba,Text-1361,Reasoning,Muscular,B,Becker muscular dystrophy,Myotonic dystrophy,False,B,text,-20.75,0.0,9.736200313009565e-10,1.0,20.75,,True,30,30,30,0,1.0,0.0,0.2,0.8,19.625,16.75,22.0,473.5,0,neutral,
medxpertqa:Text-1361:H-D:ab,Text-1361:H-D,ab,Text-1361,Reasoning,Muscular,A,Becker muscular dystrophy,Duchenne muscular dystrophy,True,A,text,-0.00033539868309162557,-8.000335693359375,0.9996646575567589,0.0003353500342255387,8.000000294676283,,True,30,30,18,12,0.6,0.4,0.4,0.6,6.249999954190571,-12.750000000004093,11.999999523181941,1276.5,0,excluded,letter bias: the same letter in both orders
medxpertqa:Text-1361:H-D:ba,Text-1361:H-D,ba,Text-1361,Reasoning,Muscular,B,Becker muscular dystrophy,Duchenne muscular dystrophy,True,A,text,-2.861018856492592e-06,-12.75000286102295,0.9999971389852362,2.902312105056987e-06,-12.750000000004093,,False,30,30,2,28,0.06666666666666667,0.9333333333333333,0.1,0.9,-19.75,-24.75,4.750000022351742,456.5,0,excluded,letter bias: the same letter in both orders
medxpertqa:Text-1361:H-E:ab,Text-1361:H-E,ab,Text-1361,Reasoning,Muscular,A,Becker muscular dystrophy,McArdle disease,False,A,text,0.0,-20.25,1.0,1.6052280551856116e-09,20.25,,True,30,30,30,0,1.0,0.0,1.0,0.0,25.375,22.625,28.5,510.0,0,helps,more confident
medxpertqa:Text-1361:H-E:ba,Text-1361:H-E,ba,Text-1361,Reasoning,Muscular,B,Becker muscular dystrophy,McArdle disease,False,B,text,-23.0,0.0,1.026187963170189e-10,1.0,23.0,,True,30,30,30,0,1.0,0.0,0.0,0.9333333333333333,21.125,17.75,23.0,455.5,0,neutral,
medxpertqa:Text-1361:H-F:ab,Text-1361:H-F,ab,Text-1361,Reasoning,Muscular,A,Becker muscular dystrophy,Facioscapulohumeral muscular dystrophy,False,A,text,0.0,-22.0,1.0,2.7894680928689246e-10,22.0,,True,30,30,30,0,1.0,0.0,1.0,0.0,27.0,24.75,30.0,490.5,0,helps,more confident
medxpertqa:Text-1361:H-F:ba,Text-1361:H-F,ba,Text-1361,Reasoning,Muscular,B,Becker muscular dystrophy,Facioscapulohumeral muscular dystrophy,False,B,text,-20.75,0.0,9.736200313009565e-10,1.0,20.75,,True,30,30,30,0,1.0,0.0,0.2,0.7666666666666667,19.5,15.999999880790718,22.5,471.5,0,neutral,
medxpertqa:Text-1361:H-G:ab,Text-1361:H-G,ab,Text-1361,Reasoning,Muscular,A,Becker muscular dystrophy,Limb-girdle muscular dystrophy,False,A,text,0.0,-18.5,1.0,9.237449661970594e-09,18.5,,True,30,30,30,0,1.0,0.0,1.0,0.0,24.25,20.75,28.5,586.5,0,helps,more confident
medxpertqa:Text-1361:H-G:ba,Text-1361:H-G,ba,Text-1361,Reasoning,Muscular,B,Becker muscular dystrophy,Limb-girdle muscular dystrophy,False,B,text,-15.25,-2.3841855067985307e-07,2.382369667501818e-07,0.9999997615814777,15.24999976158145,,True,30,30,30,0,1.0,0.0,0.8333333333333334,0.1,16.74999994039536,14.00000011920963,19.25,605.5,0,helps,more confident
medxpertqa:Text-1361:H-I:ab,Text-1361:H-I,ab,Text-1361,Reasoning,Muscular,A,Becker muscular dystrophy,Emery-Dreifuss muscular dystrophy,False,A,text,0.0,-18.75,1.0,7.194133030325383e-09,18.75,,True,30,30,30,0,1.0,0.0,1.0,0.0,24.6875,20.25,26.75,518.5,0,helps,more confident
medxpertqa:Text-1361:H-I:ba,Text-1361:H-I,ba,Text-1361,Reasoning,Muscular,B,Becker muscular dystrophy,Emery-Dreifuss muscular dystrophy,False,B,text,-20.5,0.0,1.2501528663867426e-09,1.0,20.5,,True,30,30,30,0,1.0,0.0,0.3,0.6666666666666666,19.5,15.24999976158145,22.0,459.5,0,neutral,
medxpertqa:Text-1361:H-J:ab,Text-1361:H-J,ab,Text-1361,Reasoning,Muscular,A,Becker muscular dystrophy,Fragile X syndrome,False,A,text,0.0,-26.5,1.0,3.0988191387218256e-12,26.5,,True,30,30,30,0,1.0,0.0,1.0,0.0,29.9375,27.0,32.75,380.0,0,helps,more confident
medxpertqa:Text-1361:H-J:ba,Text-1361:H-J,ba,Text-1361,Reasoning,Muscular,B,Becker muscular dystrophy,Fragile X syndrome,False,B,text,-23.25,0.0,7.991959892953932e-11,1.0,23.25,,True,30,30,30,0,1.0,0.0,0.03333333333333333,0.9666666666666667,21.25,13.749999880791279,23.5,373.0,0,neutral,
medxpertqa:Text-1363:E-A:ab,Text-1363:E-A,ab,Text-1363,Reasoning,Cardiovascular,A,Aortic valve regurgitation,Tricuspid valve regurgitation,False,A,text,-0.00015841660206206143,-8.750158309936523,0.9998415959451853,0.0001584362410990077,8.749999893334461,,True,30,30,25,5,0.8333333333333334,0.16666666666666666,0.7333333333333333,0.26666666666666666,12.93750023842233,-6.749999970197678,22.0,4735.0,0,helps,more confident
medxpertqa:Text-1363:E-A:ba,Text-1363:E-A,ba,Text-1363,Reasoning,Cardiovascular,B,Aortic valve regurgitation,Tricuspid valve regurgitation,False,B,text,-8.500203132629395,-0.00020346954988781363,0.00020342704214340812,0.9997965511486372,8.499999663079507,,True,30,30,29,1,0.9666666666666667,0.03333333333333333,0.8666666666666667,0.13333333333333333,12.249999821199026,-0.9999999403953552,16.499999880790718,4306.5,0,helps,more confident
medxpertqa:Text-1363:E-B:ab,Text-1363:E-B,ab,Text-1363,Reasoning,Cardiovascular,A,Aortic valve regurgitation,Patent ductus arteriosus,True,B,text,-0.9740769863128662,-0.4740769863128662,0.377540667992942,0.6224593298742985,-0.5,,False,30,30,20,10,0.6666666666666666,0.3333333333333333,0.6333333333333333,0.36666666666666664,5.250000082887709,-7.5000001532025635,12.000000357647878,5427.5,0,excluded,letter bias: the same letter in both orders
medxpertqa:Text-1363:E-B:ba,Text-1363:E-B,ba,Text-1363,Reasoning,Cardiovascular,B,Aortic valve regurgitation,Patent ductus arteriosus,True,B,text,-2.1269280910491943,-0.12692804634571075,0.11920291248514252,0.8807970468833343,2.0000000447034836,,True,30,30,29,1,0.9666666666666667,0.03333333333333333,0.9666666666666667,0.03333333333333333,7.375000024272595,-4.499999903142452,13.250000119210881,4901.5,0,excluded,letter bias: the same letter in both orders
medxpertqa:Text-1363:E-C:ab,Text-1363:E-C,ab,Text-1363,Reasoning,Cardiovascular,A,Aortic valve regurgitation,Coarctation of the aorta,True,B,text,-1.5019290447235107,-0.25192904472351074,0.2227001469810028,0.77729988964086,-1.25,,False,30,30,11,19,0.36666666666666664,0.6333333333333333,0.36666666666666664,0.6333333333333333,-5.499999998835847,-9.999999762683728,11.5000003576788,5590.0,0,excluded,letter bias: the same letter in both orders
medxpertqa:Text-1363:E-C:ba,Text-1363:E-C,ba,Text-1363,Reasoning,Cardiovascular,B,Aortic valve regurgitation,Coarctation of the aorta,True,B,text,-1.9102240800857544,-0.1602240949869156,0.14804720844715558,0.8519528492100928,1.7499999850988388,,True,30,30,26,4,0.8666666666666667,0.13333333333333333,0.8333333333333334,0.16666666666666666,6.874999954801751,-8.500000140003976,12.250000000011369,4711.5,0,excluded,letter bias: the same letter in both orders
medxpertqa:Text-1363:E-D:ab,Text-1363:E-D,ab,Text-1363,Reasoning,Cardiovascular,A,Aortic valve regurgitation,Atrial septal defect,False,A,text,-0.01416344940662384,-4.264163494110107,0.9859363803758086,0.014063626520379485,4.250000044703484,,True,30,30,24,6,0.8,0.2,0.7333333333333333,0.26666666666666666,8.749999537336407,-6.500000176834874,15.24999976158145,4982.5,0,helps,more confident
medxpertqa:Text-1363:E-D:ba,Text-1363:E-D,ba,Text-1363,Reasoning,Cardiovascular,B,Aortic valve regurgitation,Atrial septal defect,False,B,text,-8.250261306762695,-0.00026127262390218675,0.0002611902975925828,0.9997387615048174,8.250000034138793,,True,30,30,30,0,1.0,0.0,0.7,0.3,10.000000001047738,4.749999932944775,14.749999642372188,4902.0,0,helps,more confident
medxpertqa:Text-1363:E-F:ab,Text-1363:E-F,ab,Text-1363,Reasoning,Cardiovascular,A,Aortic valve regurgitation,Hypertrophic cardiomyopathy,False,A,text,-0.0011701886542141438,-6.7511701583862305,0.9988304957495425,0.0011695103074966034,6.749999969732016,,True,30,30,12,18,0.4,0.6,0.4,0.6,-2.7500000335276127,-7.749999973515514,19.25,4114.5,0,neutral,
medxpertqa:Text-1363:E-F:ba,Text-1363:E-F,ba,Text-1363,Reasoning,Cardiovascular,B,Aortic valve regurgitation,Hypertrophic cardiomyopathy,False,B,text,-7.500553131103516,-0.0005529781919904053,0.0005527785265734312,0.9994471746722718,7.500000152911525,,True,30,30,25,5,0.8333333333333334,0.16666666666666666,0.6,0.4,8.874999890918843,-5.250000134576112,15.999999880790718,4960.5,0,neutral,
medxpertqa:Text-1363:E-G:ab,Text-1363:E-G,ab,Text-1363,Reasoning,Cardiovascular,A,Aortic valve regurgitation,Mitral valve stenosis,False,A,text,-0.00026127262390218675,-8.250261306762695,0.9997387615048174,0.0002611902975925828,8.250000034138793,,True,30,30,29,1,0.9666666666666667,0.03333333333333333,0.9333333333333333,0.06666666666666667,14.187500298023423,-3.7500000540167093,21.75,4772.5,0,helps,more confident
medxpertqa:Text-1363:E-G:ba,Text-1363:E-G,ba,Text-1363,Reasoning,Cardiovascular,B,Aortic valve regurgitation,Mitral valve stenosis,False,B,text,-8.500203132629395,-0.00020346954988781363,0.00020342704214340812,0.9997965511486372,8.499999663079507,,True,30,30,30,0,1.0,0.0,0.8666666666666667,0.13333333333333333,10.750000298256964,5.500000238418579,14.499999523162955,4721.0,0,helps,more confident
medxpertqa:Text-1363:E-H:ab,Text-1363:E-H,ab,Text-1363,Reasoning,Cardiovascular,A,Aortic valve regurgitation,Aortic stenosis,False,A,text,-0.01416344940662384,-4.264163494110107,0.9859363803758086,0.014063626520379485,4.250000044703484,,True,30,30,20,10,0.6666666666666666,0.3333333333333333,0.6,0.4,5.749999996856786,-7.250000014028046,16.499999880790718,5203.5,0,neutral,
medxpertqa:Text-1363:E-H:ba,Text-1363:E-H,ba,Text-1363,Reasoning,Cardiovascular,B,Aortic valve regurgitation,Aortic stenosis,False,B,text,-4.511047840118408,-0.011047743260860443,0.010986941583869245,0.9890130589396958,4.500000096857548,,True,30,30,29,1,0.9666666666666667,0.03333333333333333,0.8333333333333334,0.16666666666666666,6.125000083644409,-5.500000121537596,12.750000000004093,5401.5,0,helps,more confident
medxpertqa:Text-1363:E-I:ab,Text-1363:E-I,ab,Text-1363,Reasoning,Cardiovascular,A,Aortic valve regurgitation,Ventricular septal defect,True,B,text,-1.31326162815094,-0.31326165795326233,0.26894143733631704,0.7310586002437232,-0.9999999701976776,,False,30,30,13,17,0.43333333333333335,0.5666666666666667,0.43333333333333335,0.5666666666666667,-6.124999967112672,-10.249999762210791,12.249999880802534,5193.5,0,excluded,letter bias: the same letter in both orders
medxpertqa:Text-1363:E-I:ba,Text-1363:E-I,ba,Text-1363,Reasoning,Cardiovascular,B,Aortic valve regurgitation,Ventricular septal defect,True,B,text,-4.758614540100098,-0.008614521473646164,0.008577484930474293,0.9914224771982877,4.7500000186264515,,True,30,30,27,3,0.9,0.1,0.8333333333333334,0.16666666666666666,8.12499974729144,-6.750000208383426,13.749999880791279,4390.5,0,excluded,letter bias: the same letter in both orders
medxpertqa:Text-1363:E-J:ab,Text-1363:E-J,ab,Text-1363,Reasoning,Cardiovascular,A,Aortic valve regurgitation,Pulmonary valve stenosis,False,A,text,-7.486063259420916e-05,-9.50007438659668,0.999925142169393,7.484626212190614e-05,9.499999525964085,,True,30,30,15,15,0.5,0.5,0.4666666666666667,0.5333333333333333,4.437499942283466,-8.749999774765456,23.5,3162.5,0,neutral,
medxpertqa:Text-1363:E-J:ba,Text-1363:E-J,ba,Text-1363,Reasoning,Cardiovascular,B,Aortic valve regurgitation,Pulmonary valve stenosis,False,B,text,-9.250096321105957,-9.60780744208023e-05,9.610239492660866e-05,0.9999039265409296,9.250000243031536,,True,30,30,25,5,0.8333333333333334,0.16666666666666666,0.43333333333333335,0.5666666666666667,8.749999774147,-9.749999882489647,15.49999976158145,4812.0,0,neutral,
medxpertqa:Text-1367:J-A:ab,Text-1367:J-A,ab,Text-1367,Reasoning,Skeletal,A,Left unilateral extension about the middle transverse axis,Right unilateral flexion about the inferior transverse axis,True,B,text,-3.0485873222351074,-0.04858732968568802,0.047425874568977164,0.9525741476724274,-2.9999999925494194,,False,30,30,14,16,0.4666666666666667,0.5333333333333333,0.4666666666666667,0.5333333333333333,-6.124999848252628,-13.250000119210881,8.749999893334461,1787.5,0,excluded,letter bias: the same letter in both orders
medxpertqa:Text-1367:J-A:ba,Text-1367:J-A,ba,Text-1367,Reasoning,Skeletal,B,Left unilateral extension about the middle transverse axis,Right unilateral flexion about the inferior transverse axis,True,B,text,-1.5019290447235107,-0.25192904472351074,0.2227001469810028,0.77729988964086,1.25,,True,30,30,23,7,0.7666666666666667,0.23333333333333334,0.7666666666666667,0.23333333333333334,7.2500000459258445,-10.50000011958764,10.000000358661055,1257.0,0,excluded,letter bias: the same letter in both orders
medxpertqa:Text-1367:J-B:ab,Text-1367:J-B,ab,Text-1367,Reasoning,Skeletal,A,Left unilateral extension about the middle transverse axis,Right torsion about an oblique axis,False,B,text,-6.501502513885498,-0.0015023384476080537,0.001501181950907551,0.9984987894978749,-6.50000017543789,,False,30,30,0,30,0.0,1.0,0.0,1.0,-14.125000238418835,-16.249999880790718,-11.5000003576788,486.0,0,hurts,more wrong
medxpertqa:Text-1367:J-B:ba,Text-1367:J-B,ba,Text-1367,Reasoning,Skeletal,B,Left unilateral extension about the middle transverse axis,Right torsion about an oblique axis,False,A,text,-0.575939416885376,-0.825939416885376,0.5621765025686553,0.43782350042481233,-0.25,,False,30,30,8,22,0.26666666666666666,0.7333333333333333,0.26666666666666666,0.7333333333333333,-11.250000357712452,-15.49999976158145,10.50000011958764,711.0,0,hurts,more wrong
medxpertqa:Text-1367:J-C:ab,Text-1367:J-C,ab,Text-1367,Reasoning,Skeletal,A,Left unilateral extension about the middle transverse axis,Bilateral extension about the middle transverse axis,False,A,text,-0.023245446383953094,-3.773245334625244,0.9770226476651187,0.02297737289127478,3.749999888241291,,True,30,30,30,0,1.0,0.0,1.0,0.0,13.499999523163865,8.999999530788045,15.749999880790718,1195.0,0,helps,more confident
medxpertqa:Text-1367:J-C:ba,Text-1367:J-C,ba,Text-1367,Reasoning,Skeletal,B,Left unilateral extension about the middle transverse axis,Bilateral extension about the middle transverse axis,False,B,text,-9.50007438659668,-7.486063259420916e-05,7.484626212190614e-05,0.999925142169393,9.499999525964085,,True,30,30,30,0,1.0,0.0,1.0,0.0,14.00000011920963,10.249999523803126,16.249999880790718,901.0,0,helps,more confident
medxpertqa:Text-1367:J-D:ab,Text-1367:J-D,ab,Text-1367,Reasoning,Skeletal,A,Left unilateral extension about the middle transverse axis,Left rotation about the vertical axis,True,B,text,-3.0485873222351074,-0.04858732968568802,0.047425874568977164,0.9525741476724274,-2.9999999925494194,,False,30,30,1,29,0.03333333333333333,0.9666666666666667,0.03333333333333333,0.9666666666666667,-8.999999649982783,-11.5000003576788,6.249999836902134,736.5,0,excluded,letter bias: the same letter in both orders
medxpertqa:Text-1367:J-D:ba,Text-1367:J-D,ba,Text-1367,Reasoning,Skeletal,B,Left unilateral extension about the middle transverse axis,Left rotation about the vertical axis,True,B,text,-1.5019290447235107,-0.25192904472351074,0.2227001469810028,0.77729988964086,1.25,,True,30,30,1,29,0.03333333333333333,0.9666666666666667,0.03333333333333333,0.9666666666666667,-8.250000034138793,-11.749999761612344,5.4999998663552105,888.0,0,excluded,letter bias: the same letter in both orders
medxpertqa:Text-1367:J-E:ab,Text-1367:J-E,ab,Text-1367,Reasoning,Skeletal,A,Left unilateral extension about the middle transverse axis,Sacral nutation with compensatory counternutation,False,B,text,-4.758614540100098,-0.008614521473646164,0.008577484930474293,0.9914224771982877,-4.7500000186264515,,False,30,30,1,29,0.03333333333333333,0.9666666666666667,0.03333333333333333,0.9666666666666667,-11.625000059645572,-15.49999976158145,4.249999816529453,915.0,0,hurts,more wrong
medxpertqa:Text-1367:J-E:ba,Text-1367:J-E,ba,Text-1367,Reasoning,Skeletal,B,Left unilateral extension about the middle transverse axis,Sacral nutation with compensatory counternutation,False,A,text,-0.04858732968568802,-3.0485873222351074,0.9525741476724274,0.047425874568977164,-2.9999999925494194,,False,30,30,8,22,0.26666666666666666,0.7333333333333333,0.26666666666666666,0.7333333333333333,-10.749999523393853,-15.999999880790718,6.249999835155904,1180.0,0,hurts,more wrong
medxpertqa:Text-1367:J-F:ab,Text-1367:J-F,ab,Text-1367,Reasoning,Skeletal,A,Left unilateral extension about the middle transverse axis,Bilateral flexion about the transverse axis,False,A,text,-0.03804141283035278,-3.288041353225708,0.9626730730490257,0.037326888033261264,3.2499999403953552,,True,30,30,30,0,1.0,0.0,1.0,0.0,13.624999701977572,10.50000011958764,17.0,1022.5,0,helps,more confident
medxpertqa:Text-1367:J-F:ba,Text-1367:J-F,ba,Text-1367,Reasoning,Skeletal,B,Left unilateral extension about the middle transverse axis,Bilateral flexion about the transverse axis,False,B,text,-5.753177642822266,-0.0031777145341038704,0.0031726831078774057,0.9968273290569476,5.749999928288162,,True,30,30,30,0,1.0,0.0,1.0,0.0,11.375000357695626,8.000000294676283,15.49999976158145,802.0,0,helps,more confident
medxpertqa:Text-1367:J-G:ab,Text-1367:J-G,ab,Text-1367,Reasoning,Skeletal,A,Left unilateral extension about the middle transverse axis,Left unilateral flexion about the middle transverse axis,True,B,text,-1.9102240800857544,-0.1602240949869156,0.14804720844715558,0.8519528492100928,-1.7499999850988388,,False,30,30,13,17,0.43333333333333335,0.5666666666666667,0.43333333333333335,0.5666666666666667,-7.124999857216608,-12.50000011921611,12.750000000004093,1342.5,0,excluded,letter bias: the same letter in both orders
medxpertqa:Text-1367:J-G:ba,Text-1367:J-G,ba,Text-1367,Reasoning,Skeletal,B,Left unilateral extension about the middle transverse axis,Left unilateral flexion about the middle transverse axis,True,B,text,-0.825939416885376,-0.575939416885376,0.43782350042481233,0.5621765025686553,0.25,,True,30,30,23,7,0.7666666666666667,0.23333333333333334,0.7666666666666667,0.23333333333333334,9.000000068182999,-13.749999880791279,13.749999880791279,1463.0,0,excluded,letter bias: the same letter in both orders
medxpertqa:Text-1367:J-H:ab,Text-1367:J-H,ab,Text-1367,Reasoning,Skeletal,A,Left unilateral extension about the middle transverse axis,Right unilateral flexion about the superior transverse axis,True,B,text,-2.811967611312866,-0.06196761503815651,0.060086648833494447,0.9399133253553882,-2.7499999962747097,,False,30,30,12,18,0.4,0.6,0.4,0.6,-6.999999998923158,-12.50000011921611,8.250000034138793,1716.0,0,excluded,letter bias: the same letter in both orders
medxpertqa:Text-1367:J-H:ba,Text-1367:J-H,ba,Text-1367,Reasoning,Skeletal,B,Left unilateral extension about the middle transverse axis,Right unilateral flexion about the superior transverse axis,True,B,text,-1.5019290447235107,-0.25192904472351074,0.2227001469810028,0.77729988964086,1.25,,True,30,30,12,18,0.4,0.6,0.4,0.6,-8.249999782441591,-13.250000119210881,10.249999881416443,1296.0,0,excluded,letter bias: the same letter in both orders
medxpertqa:Text-1367:J-I:ab,Text-1367:J-I,ab,Text-1367,Reasoning,Skeletal,A,Left unilateral extension about the middle transverse axis,Right unilateral extension about the superior transverse axis,True,B,text,-3.529750347137451,-0.029750416055321693,0.029312232836486894,0.9706877714009485,-3.4999999310821295,,False,30,30,4,26,0.13333333333333333,0.8666666666666667,0.13333333333333333,0.8666666666666667,-10.50000011958764,-14.499999523162955,6.000000216299668,1179.0,0,excluded,letter bias: the same letter in both orders
medxpertqa:Text-1367:J-I:ba,Text-1367:J-I,ba,Text-1367,Reasoning,Skeletal,B,Left unilateral extension about the middle transverse axis,Right unilateral extension about the superior transverse axis,True,B,text,-2.578889846801758,-0.07888974994421005,0.07585817148650026,0.9241418055144026,2.5000000968575478,,True,30,30,17,13,0.5666666666666667,0.43333333333333335,0.5666666666666667,0.43333333333333335,5.874999952618964,-11.749999761612344,11.250000357712452,1220.5,0,excluded,letter bias: the same letter in both orders
medxpertqa:Text-1385:A-B:ab,Text-1385:A-B,ab,Text-1385,Reasoning,Nervous,A,Benign hereditary chorea,Functional (psychogenic) movement disorder,False,A,text,-5.829164365422912e-05,-9.7500581741333,0.9999417100552707,5.829127258796956e-05,9.749999882489647,,True,30,30,30,0,1.0,0.0,1.0,0.0,18.5,12.250000000011369,21.5,697.0,0,helps,more confident
medxpertqa:Text-1385:A-B:ba,Text-1385:A-B,ba,Text-1385,Reasoning,Nervous,B,Benign hereditary chorea,Functional (psychogenic) movement disorder,False,B,text,-5.006715297698975,-0.006715348921716213,0.006692851264215723,0.9933071486460123,4.999999948777258,,True,30,30,30,0,1.0,0.0,1.0,0.0,11.749999761612344,8.499999543884769,14.25000035762804,696.5,0,helps,more confident
medxpertqa:Text-1385:A-C:ab,Text-1385:A-C,ab,Text-1385,Reasoning,Nervous,A,Benign hereditary chorea,Paroxysmal kinesigenic dyskinesia,False,B,text,-3.0485873222351074,-0.04858732968568802,0.047425874568977164,0.9525741476724274,-2.9999999925494194,,False,30,30,2,28,0.06666666666666667,0.9333333333333333,0.06666666666666667,0.9333333333333333,-10.500000059984814,-13.250000119210881,8.749999893334461,911.0,0,hurts,more wrong
medxpertqa:Text-1385:A-C:ba,Text-1385:A-C,ba,Text-1385,Reasoning,Nervous,B,Benign hereditary chorea,Paroxysmal kinesigenic dyskinesia,False,A,text,0.0,-16.75,1.0,5.3157852544244216e-08,-16.75,,False,30,30,0,30,0.0,1.0,0.0,1.0,-22.75,-25.0,-20.25,696.0,0,hurts,more wrong
medxpertqa:Text-1385:A-D:ab,Text-1385:A-D,ab,Text-1385,Reasoning,Nervous,A,Benign hereditary chorea,Tic disorder,False,A,text,-0.004078404977917671,-5.504078388214111,0.9959299004209012,0.004070137939983506,5.499999983236194,,True,30,30,30,0,1.0,0.0,1.0,0.0,13.624999701977572,6.750000208383426,18.5,734.0,0,helps,more confident
medxpertqa:Text-1385:A-D:ba,Text-1385:A-D,ba,Text-1385,Reasoning,Nervous,B,Benign hereditary chorea,Tic disorder,False,B,text,-4.264163494110107,-0.01416344940662384,0.014063626520379485,0.9859363803758086,4.250000044703484,,True,30,30,30,0,1.0,0.0,1.0,0.0,11.749999761612344,8.5000003783789,15.49999976158145,670.5,0,helps,more confident
medxpertqa:Text-1385:A-E:ab,Text-1385:A-E,ab,Text-1385,Reasoning,Nervous,A,Benign hereditary chorea,Sydenham chorea,False,A,text,-5.960462772236497e-07,-14.250000953674316,0.9999994039539004,6.47594599989589e-07,14.25000035762804,,True,30,30,30,0,1.0,0.0,1.0,0.0,20.75,17.25,24.0,639.5,0,helps,more confident
medxpertqa:Text-1385:A-E:ba,Text-1385:A-E,ba,Text-1385,Reasoning,Nervous,B,Benign hereditary chorea,Sydenham chorea,False,B,text,-5.504078388214111,-0.004078404977917671,0.004070137939983506,0.9959299004209012,5.499999983236194,,True,30,30,30,0,1.0,0.0,1.0,0.0,12.874999821189363,10.249999881416443,14.999999642372188,653.5,0,helps,more confident
medxpertqa:Text-1385:A-F:ab,Text-1385:A-F,ab,Text-1385,Reasoning,Nervous,A,Benign hereditary chorea,Wilson disease,False,A,text,-3.576278118089249e-07,-14.75,0.9999996423722521,3.927863545481039e-07,14.749999642372188,,True,30,30,30,0,1.0,0.0,0.9333333333333333,0.03333333333333333,19.25,12.50000011921611,21.75,670.5,0,helps,more confident
medxpertqa:Text-1385:A-F:ba,Text-1385:A-F,ba,Text-1385,Reasoning,Nervous,B,Benign hereditary chorea,Wilson disease,False,B,text,-13.500000953674316,-1.4305104514278355e-06,1.3709577789362383e-06,0.9999985694905718,13.499999523163865,,True,30,30,30,0,1.0,0.0,0.9333333333333333,0.03333333333333333,15.624999821186083,12.50000011921611,17.5,634.5,0,helps,more confident
medxpertqa:Text-1385:A-G:ab,Text-1385:A-G,ab,Text-1385,Reasoning,Nervous,A,Benign hereditary chorea,Drug-induced chorea,False,A,text,-5.960462772236497e-07,-14.250000953674316,0.9999994039539004,6.47594599989589e-07,14.25000035762804,,True,30,30,30,0,1.0,0.0,1.0,0.0,21.125,17.5,24.5,711.5,0,helps,more confident
medxpertqa:Text-1385:A-G:ba,Text-1385:A-G,ba,Text-1385,Reasoning,Nervous,B,Benign hereditary chorea,Drug-induced chorea,False,B,text,-4.0181498527526855,-0.018149960786104202,0.017986211314027313,0.9820137577607906,3.9999998919665813,,True,30,30,30,0,1.0,0.0,1.0,0.0,11.874999642397142,8.999999649982783,14.499999523162955,656.0,0,helps,more confident
medxpertqa:Text-1385:A-H:ab,Text-1385:A-H,ab,Text-1385,Reasoning,Nervous,A,Benign hereditary chorea,Thyrotoxic periodic paralysis,False,A,text,0.0,-19.5,1.0,3.398267819495071e-09,19.5,,True,30,30,30,0,1.0,0.0,1.0,0.0,24.375,21.75,26.25,611.5,0,helps,more confident
medxpertqa:Text-1385:A-H:ba,Text-1385:A-H,ba,Text-1385,Reasoning,Nervous,B,Benign hereditary chorea,Thyrotoxic periodic paralysis,False,B,text,-15.75,-1.1920928244535389e-07,1.4449802461092448e-07,0.9999998807907247,15.749999880790718,,True,30,30,30,0,1.0,0.0,0.9666666666666667,0.0,18.0,15.749999880790718,19.5,613.0,0,helps,more confident
medxpertqa:Text-1385:A-I:ab,Text-1385:A-I,ab,Text-1385,Reasoning,Nervous,A,Benign hereditary chorea,Juvenile myoclonic epilepsy,False,A,text,0.0,-18.75,1.0,7.194133030325383e-09,18.75,,True,30,30,30,0,1.0,0.0,1.0,0.0,23.125,20.5,25.75,662.0,0,helps,more confident
medxpertqa:Text-1385:A-I:ba,Text-1385:A-I,ba,Text-1385,Reasoning,Nervous,B,Benign hereditary chorea,Juvenile myoclonic epilepsy,False,B,text,-12.000005722045898,-6.198863957251888e-06,6.144177195963701e-06,0.9999938011552557,11.999999523181941,,True,30,30,30,0,1.0,0.0,1.0,0.0,15.999999880790718,14.00000011920963,17.75,601.0,0,helps,more confident
medxpertqa:Text-1385:A-J:ab,Text-1385:A-J,ab,Text-1385,Reasoning,Nervous,A,Benign hereditary chorea,Dystonic reaction secondary to medication,False,A,text,0.0,-17.0,1.0,4.139937718785167e-08,17.0,,True,30,30,30,0,1.0,0.0,1.0,0.0,22.5,20.25,24.0,684.0,0,helps,more confident
medxpertqa:Text-1385:A-J:ba,Text-1385:A-J,ba,Text-1385,Reasoning,Nervous,B,Benign hereditary chorea,Dystonic reaction secondary to medication,False,B,text,-9.000123023986816,-0.00012337400403339416,0.0001233946226544279,0.999876633606226,8.999999649982783,,True,30,30,30,0,1.0,0.0,1.0,0.0,14.624999582767572,10.749999523393853,16.499999880790718,687.0,0,helps,more confident
medxpertqa:Text-1426:A-B:ab,Text-1426:A-B,ab,Text-1426,Reasoning,Muscular,A,quadrigia syndrome,flexor digitorum profundus avulsion,False,A,text,-0.0031777145341038704,-5.753177642822266,0.9968273290569476,0.0031726831078774057,5.749999928288162,,True,30,30,27,3,0.9,0.1,0.9,0.1,13.37500035762912,-5.000000070314854,16.499999880790718,2879.0,0,helps,more confident
medxpertqa:Text-1426:A-B:ba,Text-1426:A-B,ba,Text-1426,Reasoning,Muscular,B,quadrigia syndrome,flexor digitorum profundus avulsion,False,B,text,-7.500553131103516,-0.0005529781919904053,0.0005527785265734312,0.9994471746722718,7.500000152911525,,True,30,30,30,0,1.0,0.0,0.9666666666666667,0.03333333333333333,10.999999940536327,1.0000000596046448,14.25000035762804,2956.5,0,helps,more confident
medxpertqa:Text-1426:A-C:ab,Text-1426:A-C,ab,Text-1426,Reasoning,Muscular,A,quadrigia syndrome,trigger finger,False,A,text,-0.07888974994421005,-2.578889846801758,0.9241418055144026,0.07585817148650026,2.5000000968575478,,True,30,30,30,0,1.0,0.0,1.0,0.0,12.999999642374632,7.999999817984644,20.75,1692.5,0,helps,more confident
medxpertqa:Text-1426:A-C:ba,Text-1426:A-C,ba,Text-1426,Reasoning,Muscular,B,quadrigia syndrome,trigger finger,False,B,text,-7.000911235809326,-0.0009114163694903255,0.0009110514045295695,0.9990889988442552,6.999999819439836,,True,30,30,30,0,1.0,0.0,1.0,0.0,12.250000000011369,8.500000259198714,15.49999976158145,1732.5,0,helps,more confident
medxpertqa:Text-1426:A-D:ab,Text-1426:A-D,ab,Text-1426,Reasoning,Muscular,A,quadrigia syndrome,Volkmann's contracture,False,A,text,-0.06196761503815651,-2.811967611312866,0.9399133253553882,0.060086648833494447,2.7499999962747097,,True,30,30,29,1,0.9666666666666667,0.03333333333333333,0.9666666666666667,0.03333333333333333,9.937499881983967,-3.999999951571226,14.499999523162955,2421.0,0,helps,more confident
medxpertqa:Text-1426:A-D:ba,Text-1426:A-D,ba,Text-1426,Reasoning,Muscular,B,quadrigia syndrome,Volkmann's contracture,False,B,text,-4.511047840118408,-0.011047743260860443,0.010986941583869245,0.9890130589396958,4.500000096857548,,True,30,30,30,0,1.0,0.0,1.0,0.0,9.249999587973434,5.74999994202517,11.999999523181941,2107.5,0,helps,more confident
medxpertqa:Text-1426:A-E:ab,Text-1426:A-E,ab,Text-1426,Reasoning,Muscular,A,quadrigia syndrome,swan neck deformity,False,A,text,-0.2014133334159851,-1.7014133930206299,0.8175744308728488,0.18242550282051248,1.5000000596046448,,True,30,30,9,21,0.3,0.7,0.3,0.7,-7.000000058062142,-10.999999523302904,14.00000011920963,1846.0,0,hurts,flips to wrong
medxpertqa:Text-1426:A-E:ba,Text-1426:A-E,ba,Text-1426,Reasoning,Muscular,B,quadrigia syndrome,swan neck deformity,False,B,text,-5.753177642822266,-0.0031777145341038704,0.0031726831078774057,0.9968273290569476,5.749999928288162,,True,30,30,20,10,0.6666666666666666,0.3333333333333333,0.6666666666666666,0.3333333333333333,8.749999840620148,-7.250000132829882,14.25000035762804,1925.0,0,neutral,
medxpertqa:Text-1426:A-F:ab,Text-1426:A-F,ab,Text-1426,Reasoning,Muscular,A,quadrigia syndrome,mallet finger,False,A,text,-0.31326165795326233,-1.31326162815094,0.7310586002437232,0.26894143733631704,0.9999999701976776,,True,30,30,17,13,0.5666666666666667,0.43333333333333335,0.5666666666666667,0.43333333333333335,5.750000167405233,-9.499999525964085,10.999999523302904,2471.0,0,neutral,
medxpertqa:Text-1426:A-F:ba,Text-1426:A-F,ba,Text-1426,Reasoning,Muscular,B,quadrigia syndrome,mallet finger,False,B,text,-0.9740769863128662,-0.4740769863128662,0.377540667992942,0.6224593298742985,0.5,,True,30,30,19,11,0.6333333333333333,0.36666666666666664,0.6333333333333333,0.36666666666666664,4.5000000898726285,-10.249999881416443,9.000000007683411,2993.0,0,neutral,
medxpertqa:Text-1426:A-G:ab,Text-1426:A-G,ab,Text-1426,Reasoning,Muscular,A,quadrigia syndrome,Jersey finger,False,A,text,-0.575939416885376,-0.825939416885376,0.5621765025686553,0.43782350042481233,0.25,,True,30,30,10,20,0.3333333333333333,0.6666666666666666,0.3333333333333333,0.6666666666666666,-6.000000061176252,-9.500000360436388,10.749999523393853,2466.5,0,neutral,
medxpertqa:Text-1426:A-G:ba,Text-1426:A-G,ba,Text-1426,Reasoning,Muscular,B,quadrigia syndrome,Jersey finger,False,B,text,-1.31326162815094,-0.31326165795326233,0.26894143733631704,0.7310586002437232,0.9999999701976776,,True,30,30,23,7,0.7666666666666667,0.23333333333333334,0.7666666666666667,0.23333333333333334,6.500000081607141,-8.499999663079507,9.499999525964085,2340.5,0,helps,more confident
medxpertqa:Text-1426:A-H:ab,Text-1426:A-H,ab,Text-1426,Reasoning,Muscular,A,quadrigia syndrome,lumbrical plus deformity,False,B,text,-0.9740769863128662,-0.4740769863128662,0.377540667992942,0.6224593298742985,-0.5,,False,30,30,10,20,0.3333333333333333,0.6666666666666666,0.3333333333333333,0.6666666666666666,-5.4999999715946615,-9.749999882489647,13.749999880791279,2070.5,0,neutral,
medxpertqa:Text-1426:A-H:ba,Text-1426:A-H,ba,Text-1426,Reasoning,Muscular,B,quadrigia syndrome,lumbrical plus deformity,False,A,text,-0.25192904472351074,-1.5019290447235107,0.77729988964086,0.2227001469810028,-1.25,,False,30,30,16,14,0.5333333333333333,0.4666666666666667,0.5333333333333333,0.4666666666666667,4.875000058207661,-12.50000011921611,10.50000011958764,3007.0,0,neutral,
medxpertqa:Text-1426:A-I:ab,Text-1426:A-I,ab,Text-1426,Reasoning,Muscular,A,quadrigia syndrome,flexor tendon adhesion,False,B,text,-1.1368709802627563,-0.38687101006507874,0.32082130911852547,0.6791786964925157,-0.7499999701976776,,False,30,30,2,28,0.06666666666666667,0.9333333333333333,0.06666666666666667,0.9333333333333333,-7.749999973515514,-10.749999523393853,10.000000358661055,1071.5,0,hurts,more wrong
medxpertqa:Text-1426:A-I:ba,Text-1426:A-I,ba,Text-1426,Reasoning,Muscular,B,quadrigia syndrome,flexor tendon adhesion,False,A,text,-0.575939416885376,-0.825939416885376,0.5621765025686553,0.43782350042481233,-0.25,,False,30,30,9,21,0.3,0.7,0.3,0.7,-4.999999891268089,-8.250000034138793,11.749999761612344,2268.0,0,hurts,more wrong
medxpertqa:Text-1426:A-J:ab,Text-1426:A-J,ab,Text-1426,Reasoning,Muscular,A,quadrigia syndrome,boutonnière deformity,False,B,text,-3.288041353225708,-0.03804141283035278,0.037326888033261264,0.9626730730490257,-3.2499999403953552,,False,30,30,5,25,0.16666666666666666,0.8333333333333334,0.16666666666666666,0.8333333333333334,-9.624999704226866,-12.750000000004093,5.500000103842467,1985.0,0,hurts,more wrong
medxpertqa:Text-1426:A-J:ba,Text-1426:A-J,ba,Text-1426,Reasoning,Muscular,B,quadrigia syndrome,boutonnière deformity,False,A,text,-0.31326165795326233,-1.31326162815094,0.7310586002437232,0.26894143733631704,-0.9999999701976776,,False,30,30,7,23,0.23333333333333334,0.7666666666666667,0.23333333333333334,0.7666666666666667,-6.874999954365194,-12.50000011921611,8.000000294676283,2288.0,0,hurts,more wrong
medxpertqa:Text-1427:J-A:ab,Text-1427:J-A,ab,Text-1427,Reasoning,Cardiovascular,A,Situational syncope,Vasovagal syncope,False,A,text,-0.0031777145341038704,-5.753177642822266,0.9968273290569476,0.0031726831078774057,5.749999928288162,,True,30,30,30,0,1.0,0.0,1.0,0.0,21.25,12.249999880802534,23.5,704.0,0,helps,more confident
medxpertqa:Text-1427:J-A:ba,Text-1427:J-A,ba,Text-1427,Reasoning,Cardiovascular,B,Situational syncope,Vasovagal syncope,False,B,text,-3.529750347137451,-0.029750416055321693,0.029312232836486894,0.9706877714009485,3.4999999310821295,,True,30,30,30,0,1.0,0.0,1.0,0.0,13.124999880792757,10.249999762210791,15.999999880790718,775.5,0,helps,more confident
medxpertqa:Text-1427:J-B:ab,Text-1427:J-B,ab,Text-1427,Reasoning,Cardiovascular,A,Situational syncope,Aortic stenosis-induced syncope,False,B,text,-5.006715297698975,-0.006715348921716213,0.006692851264215723,0.9933071486460123,-4.999999948777258,,False,30,30,1,29,0.03333333333333333,0.9666666666666667,0.03333333333333333,0.9666666666666667,-11.249999940490852,-14.999999642372188,2.75,1176.5,0,hurts,more wrong
medxpertqa:Text-1427:J-B:ba,Text-1427:J-B,ba,Text-1427,Reasoning,Cardiovascular,B,Situational syncope,Aortic stenosis-induced syncope,False,A,text,-0.01416344940662384,-4.264163494110107,0.9859363803758086,0.014063626520379485,-4.250000044703484,,False,30,30,21,9,0.7,0.3,0.7,0.3,5.749999811057933,-16.75,8.250000034138793,1582.0,0,helps,flips to correct
medxpertqa:Text-1427:J-C:ab,Text-1427:J-C,ab,Text-1427,Reasoning,Cardiovascular,A,Situational syncope,Beta-blocker induced bradycardia,False,A,text,-0.00012337400403339416,-9.000123023986816,0.999876633606226,0.0001233946226544279,8.999999649982783,,True,30,30,30,0,1.0,0.0,1.0,0.0,21.125,14.749999642372188,24.75,685.5,0,helps,more confident
medxpertqa:Text-1427:J-C:ba,Text-1427:J-C,ba,Text-1427,Reasoning,Cardiovascular,B,Situational syncope,Beta-blocker induced bradycardia,False,B,text,-8.250261306762695,-0.00026127262390218675,0.0002611902975925828,0.9997387615048174,8.250000034138793,,True,30,30,30,0,1.0,0.0,1.0,0.0,15.874999880790718,12.50000011921611,20.5,794.5,0,helps,more confident
medxpertqa:Text-1427:J-D:ab,Text-1427:J-D,ab,Text-1427,Reasoning,Cardiovascular,A,Situational syncope,Transient ischemic attack,False,A,text,-0.00026127262390218675,-8.250261306762695,0.9997387615048174,0.0002611902975925828,8.250000034138793,,True,30,30,30,0,1.0,0.0,1.0,0.0,19.0,13.499999523163865,22.0,775.5,0,helps,more confident
medxpertqa:Text-1427:J-D:ba,Text-1427:J-D,ba,Text-1427,Reasoning,Cardiovascular,B,Situational syncope,Transient ischemic attack,False,B,text,-8.250261306762695,-0.00026127262390218675,0.0002611902975925828,0.9997387615048174,8.250000034138793,,True,30,30,30,0,1.0,0.0,1.0,0.0,15.749999880790718,13.250000119210881,18.25,804.0,0,helps,more confident
medxpertqa:Text-1427:J-E:ab,Text-1427:J-E,ab,Text-1427,Reasoning,Cardiovascular,A,Situational syncope,Cardiac arrhythmia,False,A,text,-0.0007098776986822486,-7.2507100105285645,0.9992903742048809,0.00070967033651176,7.250000132829882,,True,30,30,30,0,1.0,0.0,0.9666666666666667,0.03333333333333333,16.75,6.999999942898285,24.75,1123.5,0,helps,more confident
medxpertqa:Text-1427:J-E:ba,Text-1427:J-E,ba,Text-1427,Reasoning,Cardiovascular,B,Situational syncope,Cardiac arrhythmia,False,B,text,-4.758614540100098,-0.008614521473646164,0.008577484930474293,0.9914224771982877,4.7500000186264515,,True,30,30,30,0,1.0,0.0,1.0,0.0,13.374999821187373,8.999999649982783,15.749999880790718,918.0,0,helps,more confident
medxpertqa:Text-1427:J-F:ab,Text-1427:J-F,ab,Text-1427,Reasoning,Cardiovascular,A,Situational syncope,Carotid sinus hypersensitivity,False,A,text,-0.0024756519123911858,-6.002475738525391,0.9975274099865513,0.002472623024627213,6.000000086612999,,True,30,30,30,0,1.0,0.0,1.0,0.0,18.875,11.250000357712452,23.75,686.5,0,helps,more confident
medxpertqa:Text-1427:J-F:ba,Text-1427:J-F,ba,Text-1427,Reasoning,Cardiovascular,B,Situational syncope,Carotid sinus hypersensitivity,False,B,text,-3.773245334625244,-0.023245446383953094,0.02297737289127478,0.9770226476651187,3.749999888241291,,True,30,30,30,0,1.0,0.0,1.0,0.0,14.00000011920963,10.000000239455403,16.499999880790718,705.0,0,helps,more confident
medxpertqa:Text-1427:J-G:ab,Text-1427:J-G,ab,Text-1427,Reasoning,Cardiovascular,A,Situational syncope,Medication-induced orthostatic hypotension,True,A,text,-0.6931471824645996,-0.6931471824645996,0.49999999904767284,0.49999999904767284,0.0,,True,30,30,29,1,0.9666666666666667,0.03333333333333333,0.9666666666666667,0.03333333333333333,12.50000000000773,-10.000000120249751,17.0,807.5,0,excluded,letter bias: the same letter in both orders
medxpertqa:Text-1427:J-G:ba,Text-1427:J-G,ba,Text-1427,Reasoning,Cardiovascular,B,Situational syncope,Medication-induced orthostatic hypotension,True,A,text,-0.575939416885376,-0.825939416885376,0.5621765025686553,0.43782350042481233,-0.25,,False,30,30,30,0,1.0,0.0,1.0,0.0,9.624999704226866,5.500000222586095,11.749999761612344,940.0,0,excluded,letter bias: the same letter in both orders
medxpertqa:Text-1427:J-H:ab,Text-1427:J-H,ab,Text-1427,Reasoning,Cardiovascular,A,Situational syncope,Postural hypotension,False,A,text,-0.03804141283035278,-3.288041353225708,0.9626730730490257,0.037326888033261264,3.2499999403953552,,True,30,30,30,0,1.0,0.0,1.0,0.0,16.75,10.249999881416443,21.75,700.5,0,helps,more confident
medxpertqa:Text-1427:J-H:ba,Text-1427:J-H,ba,Text-1427,Reasoning,Cardiovascular,B,Situational syncope,Postural hypotension,False,B,text,-1.7014133930206299,-0.2014133334159851,0.18242550282051248,0.8175744308728488,1.5000000596046448,,True,30,30,30,0,1.0,0.0,1.0,0.0,10.999999523302904,6.749999969732016,14.00000011920963,737.0,0,helps,more confident
medxpertqa:Text-1427:J-I:ab,Text-1427:J-I,ab,Text-1427,Reasoning,Cardiovascular,A,Situational syncope,Vertebrobasilar insufficiency,False,A,text,-0.0019286142196506262,-6.251928806304932,0.9980732443617326,0.0019267342527389902,6.250000192085281,,True,30,30,30,0,1.0,0.0,1.0,0.0,18.5,16.249999880790718,23.0,841.0,0,helps,more confident
medxpertqa:Text-1427:J-I:ba,Text-1427:J-I,ba,Text-1427,Reasoning,Cardiovascular,B,Situational syncope,Vertebrobasilar insufficiency,False,B,text,-3.0485873222351074,-0.04858732968568802,0.047425874568977164,0.9525741476724274,2.9999999925494194,,True,30,30,30,0,1.0,0.0,1.0,0.0,13.624999701977572,8.999999530788045,16.75,749.5,0,helps,more confident
medxpertqa:Text-1441:D-A:ab,Text-1441:D-A,ab,Text-1441,Reasoning,Skeletal,A,C7 FRLSL,C7 ERLSR,True,A,text,-0.4740769863128662,-0.9740769863128662,0.6224593298742985,0.377540667992942,0.5,,True,30,30,4,26,0.13333333333333333,0.8666666666666667,0.13333333333333333,0.8666666666666667,-7.249999894731445,-10.249999881416443,14.00000011920963,1443.5,0,excluded,letter bias: the same letter in both orders
medxpertqa:Text-1441:D-A:ba,Text-1441:D-A,ba,Text-1441,Reasoning,Skeletal,B,C7 FRLSL,C7 ERLSR,True,A,text,-0.01416344940662384,-4.264163494110107,0.9859363803758086,0.014063626520379485,-4.250000044703484,,False,30,30,5,25,0.16666666666666666,0.8333333333333334,0.16666666666666666,0.8333333333333334,-12.312500238429266,-16.249999880790718,7.2500000136788,1379.0,0,excluded,letter bias: the same letter in both orders
medxpertqa:Text-1441:D-B:ab,Text-1441:D-B,ab,Text-1441,Reasoning,Skeletal,A,C7 FRLSL,C7 ERRSR,True,A,text,-0.4740769863128662,-0.9740769863128662,0.6224593298742985,0.377540667992942,0.5,,True,30,30,8,22,0.26666666666666666,0.7333333333333333,0.26666666666666666,0.7333333333333333,-6.250000014086254,-10.000000358661055,12.750000000004093,1389.0,0,excluded,letter bias: the same letter in both orders
medxpertqa:Text-1441:D-B:ba,Text-1441:D-B,ba,Text-1441,Reasoning,Skeletal,B,C7 FRLSL,C7 ERRSR,True,A,text,-0.029750416055321693,-3.529750347137451,0.9706877714009485,0.029312232836486894,-3.4999999310821295,,False,30,30,7,23,0.23333333333333334,0.7666666666666667,0.23333333333333334,0.7666666666666667,-11.874999642397142,-17.0,8.499999663079507,1301.5,0,excluded,letter bias: the same letter in both orders
medxpertqa:Text-1441:D-C:ab,Text-1441:D-C,ab,Text-1441,Reasoning,Skeletal,A,C7 FRLSL,C7 FRRSR,True,A,text,-0.31326165795326233,-1.31326162815094,0.7310586002437232,0.26894143733631704,0.9999999701976776,,True,30,30,12,18,0.4,0.6,0.4,0.6,-4.12500009406358,-11.250000357712452,14.000000000000455,1385.5,0,excluded,letter bias: the same letter in both orders
medxpertqa:Text-1441:D-C:ba,Text-1441:D-C,ba,Text-1441,Reasoning,Skeletal,B,C7 FRLSL,C7 FRRSR,True,A,text,-0.25192904472351074,-1.5019290447235107,0.77729988964086,0.2227001469810028,-1.25,,False,30,30,13,17,0.43333333333333335,0.5666666666666667,0.43333333333333335,0.5666666666666667,-6.250000014784746,-14.00000011920963,10.50000011958764,1804.5,0,excluded,letter bias: the same letter in both orders
medxpertqa:Text-1441:D-E:ab,Text-1441:D-E,ab,Text-1441,Reasoning,Skeletal,A,C7 FRLSL,C6 FRLSL,False,A,text,-0.011047743260860443,-4.511047840118408,0.9890130589396958,0.010986941583869245,4.500000096857548,,True,30,30,26,4,0.8666666666666667,0.13333333333333333,0.8666666666666667,0.13333333333333333,14.749999642372188,-9.500000360436388,17.25,1406.0,0,helps,more confident
medxpertqa:Text-1441:D-E:ba,Text-1441:D-E,ba,Text-1441,Reasoning,Skeletal,B,C7 FRLSL,C6 FRLSL,False,B,text,-3.0485873222351074,-0.04858732968568802,0.047425874568977164,0.9525741476724274,2.9999999925494194,,True,30,30,27,3,0.9,0.1,0.9,0.1,10.874999523348379,-11.999999523181941,12.250000000011369,1149.0,0,helps,more confident
medxpertqa:Text-1441:D-F:ab,Text-1441:D-F,ab,Text-1441,Reasoning,Skeletal,A,C7 FRLSL,C7 ERLSL,True,A,text,-0.38687101006507874,-1.1368709802627563,0.6791786964925157,0.32082130911852547,0.7499999701976776,,True,30,30,7,23,0.23333333333333334,0.7666666666666667,0.23333333333333334,0.7666666666666667,-8.124999985651812,-10.749999523393853,11.50000023847133,1488.5,0,excluded,letter bias: the same letter in both orders
medxpertqa:Text-1441:D-F:ba,Text-1441:D-F,ba,Text-1441,Reasoning,Skeletal,B,C7 FRLSL,C7 ERLSL,True,A,text,-0.029750416055321693,-3.529750347137451,0.9706877714009485,0.029312232836486894,-3.4999999310821295,,False,30,30,6,24,0.2,0.8,0.2,0.8,-12.50000000000773,-20.0,8.999999649982783,1229.0,0,excluded,letter bias: the same letter in both orders
medxpertqa:Text-1441:D-G:ab,Text-1441:D-G,ab,Text-1441,Reasoning,Skeletal,A,C7 FRLSL,C5 FRLSL,False,A,text,-0.0024756519123911858,-6.002475738525391,0.9975274099865513,0.002472623024627213,6.000000086612999,,True,30,30,30,0,1.0,0.0,1.0,0.0,16.374999880790718,12.99999952316557,19.25,1310.0,0,helps,more confident
medxpertqa:Text-1441:D-G:ba,Text-1441:D-G,ba,Text-1441,Reasoning,Skeletal,B,C7 FRLSL,C5 FRLSL,False,B,text,-7.2507100105285645,-0.0007098776986822486,0.00070967033651176,0.9992903742048809,7.250000132829882,,True,30,30,30,0,1.0,0.0,1.0,0.0,13.250000119210881,10.999999523302904,16.499999880790718,893.0,0,helps,more confident
medxpertqa:Text-1441:D-H:ab,Text-1441:D-H,ab,Text-1441,Reasoning,Skeletal,A,C7 FRLSL,C7 FRRNR,True,A,text,-0.10020658373832703,-2.3502066135406494,0.9046505126460354,0.09534945969074979,2.2500000298023224,,True,30,30,15,15,0.5,0.5,0.5,0.5,2.375000029540388,-10.000000358661055,14.749999642372188,1382.5,0,excluded,letter bias: the same letter in both orders
medxpertqa:Text-1441:D-H:ba,Text-1441:D-H,ba,Text-1441,Reasoning,Skeletal,B,C7 FRLSL,C7 FRRNR,True,A,text,-0.2014133334159851,-1.7014133930206299,0.8175744308728488,0.18242550282051248,-1.5000000596046448,,False,30,30,19,11,0.6333333333333333,0.36666666666666664,0.6333333333333333,0.36666666666666664,4.625000064726919,-12.500000000007276,9.500000360436388,1722.0,0,excluded,letter bias: the same letter in both orders
medxpertqa:Text-1441:D-I:ab,Text-1441:D-I,ab,Text-1441,Reasoning,Skeletal,A,C7 FRLSL,C7 FRLNR,True,A,text,-0.011047743260860443,-4.511047840118408,0.9890130589396958,0.010986941583869245,4.500000096857548,,True,30,30,27,3,0.9,0.1,0.9,0.1,13.875000000000455,-6.750000208383426,19.5,1110.5,0,excluded,letter bias: the same letter in both orders
medxpertqa:Text-1441:D-I:ba,Text-1441:D-I,ba,Text-1441,Reasoning,Skeletal,B,C7 FRLSL,C7 FRLNR,True,A,text,-0.1602240949869156,-1.9102240800857544,0.8519528492100928,0.14804720844715558,-1.7499999850988388,,False,30,30,13,17,0.43333333333333335,0.5666666666666667,0.43333333333333335,0.5666666666666667,-6.49999995707185,-14.00000011920963,11.00000035776975,1525.0,0,excluded,letter bias: the same letter in both orders
medxpertqa:Text-1441:D-J:ab,Text-1441:D-J,ab,Text-1441,Reasoning,Skeletal,A,C7 FRLSL,C7 FRRSL,True,A,text,-0.575939416885376,-0.825939416885376,0.5621765025686553,0.43782350042481233,0.25,,True,30,30,8,22,0.26666666666666666,0.7333333333333333,0.26666666666666666,0.7333333333333333,-7.749999854364432,-11.749999761612344,13.250000119210881,1335.0,0,excluded,letter bias: the same letter in both orders
medxpertqa:Text-1441:D-J:ba,Text-1441:D-J,ba,Text-1441,Reasoning,Skeletal,B,C7 FRLSL,C7 FRRSL,True,A,text,-0.04858732968568802,-3.0485873222351074,0.9525741476724274,0.047425874568977164,-2.9999999925494194,,False,30,30,7,23,0.23333333333333334,0.7666666666666667,0.23333333333333334,0.7666666666666667,-10.875000238607754,-16.249999880790718,9.250000243031536,1543.5,0,excluded,letter bias: the same letter in both orders
medxpertqa:Text-1467:H-A:ab,Text-1467:H-A,ab,Text-1467,Reasoning,Muscular,A,Left inferior pubic shear,Left pubic symphysis dysfunction,True,B,text,-2.3502066135406494,-0.10020658373832703,0.09534945969074979,0.9046505126460354,-2.2500000298023224,,False,30,30,0,30,0.0,1.0,0.0,1.0,-11.375000357695626,-14.25000035762804,-6.250000192085281,539.5,0,excluded,letter bias: the same letter in both orders
medxpertqa:Text-1467:H-A:ba,Text-1467:H-A,ba,Text-1467,Reasoning,Muscular,B,Left inferior pubic shear,Left pubic symphysis dysfunction,True,B,text,-1.7014133930206299,-0.2014133334159851,0.18242550282051248,0.8175744308728488,1.5000000596046448,,True,30,30,4,26,0.13333333333333333,0.8666666666666667,0.13333333333333333,0.8666666666666667,-7.250000132829882,-12.750000000004093,10.249999881416443,921.5,0,excluded,letter bias: the same letter in both orders
medxpertqa:Text-1467:H-B:ab,Text-1467:H-B,ab,Text-1467,Reasoning,Muscular,A,Left inferior pubic shear,Left hip labral tear,False,A,text,-0.018149960786104202,-4.0181498527526855,0.9820137577607906,0.017986211314027313,3.9999998919665813,,True,30,30,27,3,0.9,0.1,0.9,0.1,11.75000017886191,-7.749999973515514,19.0,790.0,0,helps,more confident
medxpertqa:Text-1467:H-B:ba,Text-1467:H-B,ba,Text-1467,Reasoning,Muscular,B,Left inferior pubic shear,Left hip labral tear,False,B,text,-2.1269280910491943,-0.12692804634571075,0.11920291248514252,0.8807970468833343,2.0000000447034836,,True,30,30,30,0,1.0,0.0,1.0,0.0,9.87500012057535,5.999999848892912,12.250000000011369,632.5,0,helps,more confident
medxpertqa:Text-1467:H-C:ab,Text-1467:H-C,ab,Text-1467,Reasoning,Muscular,A,Left inferior pubic shear,Left anterior innominate rotation,False,B,text,-1.5019290447235107,-0.25192904472351074,0.2227001469810028,0.77729988964086,-1.25,,False,30,30,7,23,0.23333333333333334,0.7666666666666667,0.23333333333333334,0.7666666666666667,-7.62500006321352,-11.250000357712452,11.999999523181941,857.5,0,hurts,more wrong
medxpertqa:Text-1467:H-C:ba,Text-1467:H-C,ba,Text-1467,Reasoning,Muscular,B,Left inferior pubic shear,Left anterior innominate rotation,False,A,text,-0.04858732968568802,-3.0485873222351074,0.9525741476724274,0.047425874568977164,-2.9999999925494194,,False,30,30,7,23,0.23333333333333334,0.7666666666666667,0.23333333333333334,0.7666666666666667,-10.125000120038749,-14.00000011920963,9.250000243031536,742.5,0,hurts,more wrong
medxpertqa:Text-1467:H-D:ab,Text-1467:H-D,ab,Text-1467,Reasoning,Muscular,A,Left inferior pubic shear,Left unilateral sacral extension,False,A,text,-0.07888974994421005,-2.578889846801758,0.9241418055144026,0.07585817148650026,2.5000000968575478,,True,30,30,27,3,0.9,0.1,0.9,0.1,11.374999642457624,-6.250000192085281,16.499999880790718,744.5,0,helps,more confident
medxpertqa:Text-1467:H-D:ba,Text-1467:H-D,ba,Text-1467,Reasoning,Muscular,B,Left inferior pubic shear,Left unilateral sacral extension,False,B,text,-2.811967611312866,-0.06196761503815651,0.060086648833494447,0.9399133253553882,2.7499999962747097,,True,30,30,27,3,0.9,0.1,0.9,0.1,7.500000152911525,-8.499999663079507,12.250000000011369,1153.5,0,helps,more confident
medxpertqa:Text-1467:H-E:ab,Text-1467:H-E,ab,Text-1467,Reasoning,Muscular,A,Left inferior pubic shear,Left piriformis syndrome,False,A,text,-0.0024756519123911858,-6.002475738525391,0.9975274099865513,0.002472623024627213,6.000000086612999,,True,30,30,30,0,1.0,0.0,1.0,0.0,15.37499976158145,8.749999893334461,20.75,765.0,0,helps,more confident
medxpertqa:Text-1467:H-E:ba,Text-1467:H-E,ba,Text-1467,Reasoning,Muscular,B,Left inferior pubic shear,Left piriformis syndrome,False,B,text,-4.511047840118408,-0.011047743260860443,0.010986941583869245,0.9890130589396958,4.500000096857548,,True,30,30,30,0,1.0,0.0,1.0,0.0,10.250000239124347,6.000000206753612,14.999999642372188,660.5,0,helps,more confident
medxpertqa:Text-1467:H-F:ab,Text-1467:H-F,ab,Text-1467,Reasoning,Muscular,A,Left inferior pubic shear,Left acetabular impingement,False,A,text,-0.006715348921716213,-5.006715297698975,0.9933071486460123,0.006692851264215723,4.999999948777258,,True,30,30,25,5,0.8333333333333334,0.16666666666666666,0.8333333333333334,0.16666666666666666,14.874999642372188,-8.250000034138793,18.75,621.0,0,helps,more confident
medxpertqa:Text-1467:H-F:ba,Text-1467:H-F,ba,Text-1467,Reasoning,Muscular,B,Left inferior pubic shear,Left acetabular impingement,False,B,text,-3.288041353225708,-0.03804141283035278,0.037326888033261264,0.9626730730490257,3.2499999403953552,,True,30,30,30,0,1.0,0.0,1.0,0.0,10.125000120038749,4.750000157393515,13.499999523163865,635.0,0,helps,more confident
medxpertqa:Text-1467:H-G:ab,Text-1467:H-G,ab,Text-1467,Reasoning,Muscular,A,Left inferior pubic shear,Left iliopsoas strain,False,B,text,-2.578889846801758,-0.07888974994421005,0.07585817148650026,0.9241418055144026,-2.5000000968575478,,False,30,30,2,28,0.06666666666666667,0.9333333333333333,0.06666666666666667,0.9333333333333333,-11.375000357695626,-15.749999880790718,8.250000034138793,623.5,0,hurts,more wrong
medxpertqa:Text-1467:H-G:ba,Text-1467:H-G,ba,Text-1467,Reasoning,Muscular,B,Left inferior pubic shear,Left iliopsoas strain,False,A,text,-0.018149960786104202,-4.0181498527526855,0.9820137577607906,0.017986211314027313,-3.9999998919665813,,False,30,30,2,28,0.06666666666666667,0.9333333333333333,0.06666666666666667,0.9333333333333333,-14.500000000000114,-19.75,5.249999892432243,592.5,0,hurts,more wrong
medxpertqa:Text-1467:H-I:ab,Text-1467:H-I,ab,Text-1467,Reasoning,Muscular,A,Left inferior pubic shear,Left adductor tendinopathy,False,B,text,-1.5019290447235107,-0.25192904472351074,0.2227001469810028,0.77729988964086,-1.25,,False,30,30,7,23,0.23333333333333334,0.7666666666666667,0.23333333333333334,0.7666666666666667,-9.12499994650716,-13.749999880791279,13.250000119210881,643.5,0,hurts,more wrong
medxpertqa:Text-1467:H-I:ba,Text-1467:H-I,ba,Text-1467,Reasoning,Muscular,B,Left inferior pubic shear,Left adductor tendinopathy,False,A,text,-0.03804141283035278,-3.288041353225708,0.9626730730490257,0.037326888033261264,-3.2499999403953552,,False,30,30,7,23,0.23333333333333334,0.7666666666666667,0.23333333333333334,0.7666666666666667,-9.374999766236215,-14.749999642372188,9.250000243031536,835.5,0,hurts,more wrong
medxpertqa:Text-1467:H-J:ab,Text-1467:H-J,ab,Text-1467,Reasoning,Muscular,A,Left inferior pubic shear,Left sacroiliac joint dysfunction,False,B,text,-4.511047840118408,-0.011047743260860443,0.010986941583869245,0.9890130589396958,-4.500000096857548,,False,30,30,1,29,0.03333333333333333,0.9666666666666667,0.03333333333333333,0.9666666666666667,-14.125000238418835,-16.499999880790718,6.000000086612999,435.5,0,hurts,more wrong
medxpertqa:Text-1467:H-J:ba,Text-1467:H-J,ba,Text-1467,Reasoning,Muscular,B,Left inferior pubic shear,Left sacroiliac joint dysfunction,False,A,text,-0.575939416885376,-0.825939416885376,0.5621765025686553,0.43782350042481233,-0.25,,False,30,30,13,17,0.43333333333333335,0.5666666666666667,0.43333333333333335,0.5666666666666667,-7.999999944251613,-15.49999976158145,9.499999525964085,859.0,0,neutral,
medxpertqa:Text-1481:I-A:ab,Text-1481:I-A,ab,Text-1481,Reasoning,Cardiovascular,A,Giant-cell arteritis,Buerger disease,False,A,text,-0.00033539868309162557,-8.000335693359375,0.9996646575567589,0.0003353500342255387,8.000000294676283,,True,30,30,30,0,1.0,0.0,1.0,0.0,20.375,14.999999642372188,25.25,773.0,0,helps,more confident
medxpertqa:Text-1481:I-A:ba,Text-1481:I-A,ba,Text-1481,Reasoning,Cardiovascular,B,Giant-cell arteritis,Buerger disease,False,B,text,-5.2552337646484375,-0.005233753472566605,0.005220125868449866,0.9947799187523881,5.250000011175871,,True,30,30,30,0,1.0,0.0,1.0,0.0,10.999999523302904,9.000000246072887,13.749999880791279,956.0,0,helps,more confident
medxpertqa:Text-1481:I-B:ab,Text-1481:I-B,ab,Text-1481,Reasoning,Cardiovascular,A,Giant-cell arteritis,Atherosclerotic peripheral artery disease,False,A,text,-0.25192904472351074,-1.5019290447235107,0.77729988964086,0.2227001469810028,1.25,,True,30,30,26,4,0.8666666666666667,0.13333333333333333,0.8666666666666667,0.13333333333333333,11.749999761612344,-8.749999774154276,15.49999976158145,1195.5,0,helps,more confident
medxpertqa:Text-1481:I-B:ba,Text-1481:I-B,ba,Text-1481,Reasoning,Cardiovascular,B,Giant-cell arteritis,Atherosclerotic peripheral artery disease,False,B,text,-2.578889846801758,-0.07888974994421005,0.07585817148650026,0.9241418055144026,2.5000000968575478,,True,30,30,30,0,1.0,0.0,1.0,0.0,10.500000000381988,7.749999854364432,12.999999642374632,1129.0,0,helps,more confident
medxpertqa:Text-1481:I-C:ab,Text-1481:I-C,ab,Text-1481,Reasoning,Cardiovascular,A,Giant-cell arteritis,Fibromuscular dysplasia,False,B,text,-11.000016212463379,-1.6689160474925302e-05,1.670143001672819e-05,0.9999833109787883,-10.999999523302904,,False,30,30,1,29,0.03333333333333333,0.9666666666666667,0.5666666666666667,0.4,-10.50000011958764,-13.499999523163865,5.5000001061707735,1100.0,0,neutral,
medxpertqa:Text-1481:I-C:ba,Text-1481:I-C,ba,Text-1481,Reasoning,Cardiovascular,B,Giant-cell arteritis,Fibromuscular dysplasia,False,A,text,-8.344646857949556e-07,-14.000000953674316,0.9999991655356624,8.315279260963632e-07,-14.00000011920963,,False,30,30,4,26,0.13333333333333333,0.8666666666666667,0.3333333333333333,0.6333333333333333,-14.999999701976819,-17.5,7.249999775434844,1347.5,0,neutral,
medxpertqa:Text-1481:I-D:ab,Text-1481:I-D,ab,Text-1481,Reasoning,Cardiovascular,A,Giant-cell arteritis,Polymyalgia rheumatica,False,A,text,-0.06196761503815651,-2.811967611312866,0.9399133253553882,0.060086648833494447,2.7499999962747097,,True,30,30,30,0,1.0,0.0,1.0,0.0,17.375,12.50000011921611,23.0,660.0,0,helps,more confident
medxpertqa:Text-1481:I-D:ba,Text-1481:I-D,ba,Text-1481,Reasoning,Cardiovascular,B,Giant-cell arteritis,Polymyalgia rheumatica,False,B,text,-1.9102240800857544,-0.1602240949869156,0.14804720844715558,0.8519528492100928,1.7499999850988388,,True,30,30,30,0,1.0,0.0,1.0,0.0,10.375000000502041,7.2500000136788,14.00000011920963,889.5,0,helps,more confident
medxpertqa:Text-1481:I-E:ab,Text-1481:I-E,ab,Text-1481,Reasoning,Cardiovascular,A,Giant-cell arteritis,Raynaud phenomenon,False,A,text,-3.6954811548639555e-06,-12.500003814697266,0.9999963045256735,3.7266389560521204e-06,12.50000011921611,,True,30,30,30,0,1.0,0.0,1.0,0.0,25.125,20.5,28.25,609.5,0,helps,more confident
medxpertqa:Text-1481:I-E:ba,Text-1481:I-E,ba,Text-1481,Reasoning,Cardiovascular,B,Giant-cell arteritis,Raynaud phenomenon,False,B,text,-10.250035285949707,-3.540453326422721e-05,3.535625324942473e-05,0.9999645960934689,10.249999881416443,,True,30,30,30,0,1.0,0.0,1.0,0.0,16.499999880790718,13.499999523163865,19.5,722.0,0,helps,more confident
medxpertqa:Text-1481:I-F:ab,Text-1481:I-F,ab,Text-1481,Reasoning,Cardiovascular,A,Giant-cell arteritis,Subclavian steal syndrome,False,B,text,-7.750430583953857,-0.0004306104383431375,0.0004305571096741222,0.9995694822610254,-7.749999973515514,,False,30,30,1,29,0.03333333333333333,0.9666666666666667,0.03333333333333333,0.9666666666666667,-9.87500006099981,-11.749999761612344,1.0000000596046448,1207.5,0,hurts,more wrong
medxpertqa:Text-1481:I-F:ba,Text-1481:I-F,ba,Text-1481,Reasoning,Cardiovascular,B,Giant-cell arteritis,Subclavian steal syndrome,False,A,text,-3.540453326422721e-05,-10.250035285949707,0.9999645960934689,3.535625324942473e-05,-10.249999881416443,,False,30,30,3,27,0.1,0.9,0.1,0.9,-14.25000035762804,-19.0,6.7500000898726285,1193.5,0,hurts,more wrong
medxpertqa:Text-1481:I-G:ab,Text-1481:I-G,ab,Text-1481,Reasoning,Cardiovascular,A,Giant-cell arteritis,Thoracic-outlet obstruction,False,B,text,-2.578889846801758,-0.07888974994421005,0.07585817148650026,0.9241418055144026,-2.5000000968575478,,False,30,30,26,4,0.8666666666666667,0.13333333333333333,0.8666666666666667,0.13333333333333333,9.12499988690979,-7.249999776133336,14.25000035762804,1343.5,0,helps,flips to correct
medxpertqa:Text-1481:I-G:ba,Text-1481:I-G,ba,Text-1481,Reasoning,Cardiovascular,B,Giant-cell arteritis,Thoracic-outlet obstruction,False,A,text,-0.023245446383953094,-3.773245334625244,0.9770226476651187,0.02297737289127478,-3.749999888241291,,False,30,30,29,1,0.9666666666666667,0.03333333333333333,0.9666666666666667,0.03333333333333333,8.125000045227353,-8.999999530788045,11.749999761612344,1315.5,0,helps,flips to correct
medxpertqa:Text-1481:I-H:ab,Text-1481:I-H,ab,Text-1481,Reasoning,Cardiovascular,A,Giant-cell arteritis,Carotid artery stenosis,False,A,text,-0.006715348921716213,-5.006715297698975,0.9933071486460123,0.006692851264215723,4.999999948777258,,True,30,30,30,0,1.0,0.0,1.0,0.0,15.749999880790718,6.624999927356839,19.25,1122.0,0,helps,more confident
medxpertqa:Text-1481:I-H:ba,Text-1481:I-H,ba,Text-1481,Reasoning,Cardiovascular,B,Giant-cell arteritis,Carotid artery stenosis,False,B,text,-8.000335693359375,-0.00033539868309162557,0.0003353500342255387,0.9996646575567589,8.000000294676283,,True,30,30,30,0,1.0,0.0,1.0,0.0,12.124999761596655,10.249999881416443,15.749999880790718,897.0,0,helps,more confident
medxpertqa:Text-1481:I-J:ab,Text-1481:I-J,ab,Text-1481,Reasoning,Cardiovascular,A,Giant-cell arteritis,Takayasu arteritis,False,B,text,-11.25001335144043,-1.2993727978027891e-05,1.3007123989067183e-05,0.9999870063564401,-11.250000357712452,,False,30,30,0,30,0.0,1.0,0.43333333333333335,0.5333333333333333,-11.50000023847133,-14.25000035762804,-9.500000122039637,848.5,0,neutral,
medxpertqa:Text-1481:I-J:ba,Text-1481:I-J,ba,Text-1481,Reasoning,Cardiovascular,B,Giant-cell arteritis,Takayasu arteritis,False,A,text,-2.3841855067985307e-07,-15.25,0.9999997615814777,2.382369667501818e-07,-15.24999976158145,,False,30,30,0,30,0.0,1.0,0.13333333333333333,0.8666666666666667,-17.5,-23.25,-11.749999523195584,1013.5,0,hurts,more wrong
medxpertqa:Text-1489:I-A:ab,Text-1489:I-A,ab,Text-1489,Reasoning,Nervous,A,Moderate opiate use disorder,Chronic opioid intoxication,False,A,text,-0.0004306104383431375,-7.750430583953857,0.9995694822610254,0.0004305571096741222,7.749999973515514,,True,30,30,30,0,1.0,0.0,1.0,0.0,16.249999880790718,13.749999880791279,21.75,447.0,0,helps,more confident
medxpertqa:Text-1489:I-A:ba,Text-1489:I-A,ba,Text-1489,Reasoning,Nervous,B,Moderate opiate use disorder,Chronic opioid intoxication,False,B,text,-4.264163494110107,-0.01416344940662384,0.014063626520379485,0.9859363803758086,4.250000044703484,,True,30,30,30,0,1.0,0.0,1.0,0.0,12.750000000004093,9.250000243031536,16.249999880790718,435.5,0,helps,more confident
medxpertqa:Text-1489:I-B:ab,Text-1489:I-B,ab,Text-1489,Reasoning,Nervous,A,Moderate opiate use disorder,Severe opiate use disorder,False,B,text,-3.773245334625244,-0.023245446383953094,0.02297737289127478,0.9770226476651187,-3.749999888241291,,False,30,30,3,27,0.1,0.9,0.1,0.9,-11.999999761603249,-14.999999642372188,8.000000294676283,1103.5,0,hurts,more wrong
medxpertqa:Text-1489:I-B:ba,Text-1489:I-B,ba,Text-1489,Reasoning,Nervous,B,Moderate opiate use disorder,Severe opiate use disorder,False,A,text,0.0,-18.25,1.0,1.186112015134383e-08,-18.25,,False,30,30,5,25,0.16666666666666666,0.8333333333333334,0.4,0.6,-20.1875,-26.25,5.000000076834112,1122.0,0,neutral,
medxpertqa:Text-1489:I-C:ab,Text-1489:I-C,ab,Text-1489,Reasoning,Nervous,A,Moderate opiate use disorder,Substance-induced sleep disorder,False,A,text,-2.3841855067985307e-07,-15.25,0.9999997615814777,2.382369667501818e-07,15.24999976158145,,True,30,30,30,0,1.0,0.0,1.0,0.0,25.25,22.25,28.5,354.5,0,helps,more confident
medxpertqa:Text-1489:I-C:ba,Text-1489:I-C,ba,Text-1489,Reasoning,Nervous,B,Moderate opiate use disorder,Substance-induced sleep disorder,False,B,text,-13.250001907348633,-1.7881377516459906e-06,1.7603429545652396e-06,0.9999982118638471,13.250000119210881,,True,30,30,30,0,1.0,0.0,1.0,0.0,18.5,16.499999880790718,21.75,375.0,0,helps,more confident
medxpertqa:Text-1489:I-D:ab,Text-1489:I-D,ab,Text-1489,Reasoning,Nervous,A,Moderate opiate use disorder,Opioid withdrawal,False,A,text,-6.198863957251888e-06,-12.000005722045898,0.9999938011552557,6.144177195963701e-06,11.999999523181941,,True,30,30,30,0,1.0,0.0,1.0,0.0,23.875,18.75,26.5,326.5,0,helps,more confident
medxpertqa:Text-1489:I-D:ba,Text-1489:I-D,ba,Text-1489,Reasoning,Nervous,B,Moderate opiate use disorder,Opioid withdrawal,False,B,text,-7.500553131103516,-0.0005529781919904053,0.0005527785265734312,0.9994471746722718,7.500000152911525,,True,30,30,30,0,1.0,0.0,1.0,0.0,15.49999976158145,12.50000011921611,19.0,331.0,0,helps,more confident
medxpertqa:Text-1489:I-E:ab,Text-1489:I-E,ab,Text-1489,Reasoning,Nervous,A,Moderate opiate use disorder,Early remission from opioid use disorder,False,A,text,0.0,-22.0,1.0,2.7894680928689246e-10,22.0,,True,30,30,30,0,1.0,0.0,1.0,0.0,26.75,22.75,30.0,361.0,0,helps,more confident
medxpertqa:Text-1489:I-E:ba,Text-1489:I-E,ba,Text-1489,Reasoning,Nervous,B,Moderate opiate use disorder,Early remission from opioid use disorder,False,B,text,-16.0,-1.1920928244535389e-07,1.1253517471925912e-07,0.9999998807907247,15.999999880790718,,True,30,30,30,0,1.0,0.0,0.5333333333333333,0.4,16.249999880790718,13.250000119210881,17.75,543.5,0,neutral,
medxpertqa:Text-1489:I-F:ab,Text-1489:I-F,ab,Text-1489,Reasoning,Nervous,A,Moderate opiate use disorder,Tolerance without dependence,False,A,text,0.0,-17.5,1.0,2.510999155743982e-08,17.5,,True,30,30,30,0,1.0,0.0,0.9666666666666667,0.03333333333333333,22.375,17.25,28.5,397.5,0,helps,more confident
medxpertqa:Text-1489:I-F:ba,Text-1489:I-F,ba,Text-1489,Reasoning,Nervous,B,Moderate opiate use disorder,Tolerance without dependence,False,B,text,-12.500003814697266,-3.6954811548639555e-06,3.7266389560521204e-06,0.9999963045256735,12.50000011921611,,True,30,30,30,0,1.0,0.0,0.8666666666666667,0.1,15.874999880790718,11.749999761612344,19.25,304.0,0,helps,more confident
medxpertqa:Text-1489:I-G:ab,Text-1489:I-G,ab,Text-1489,Reasoning,Nervous,A,Moderate opiate use disorder,Acute opioid intoxication,False,A,text,-1.0728830375228426e-06,-13.750000953674316,0.999998927117538,1.0677029917933763e-06,13.749999880791279,,True,30,30,30,0,1.0,0.0,1.0,0.0,25.25,21.75,28.25,314.0,0,helps,more confident
medxpertqa:Text-1489:I-G:ba,Text-1489:I-G,ba,Text-1489,Reasoning,Nervous,B,Moderate opiate use disorder,Acute opioid intoxication,False,B,text,-13.500000953674316,-1.4305104514278355e-06,1.3709577789362383e-06,0.9999985694905718,13.499999523163865,,True,30,30,30,0,1.0,0.0,1.0,0.0,18.125,15.999999880790718,20.75,319.0,0,helps,more confident
medxpertqa:Text-1489:I-H:ab,Text-1489:I-H,ab,Text-1489,Reasoning,Nervous,A,Moderate opiate use disorder,Mild opiate use disorder,False,A,text,-2.3841855067985307e-07,-15.5,0.9999997615814777,1.8553913626159784e-07,15.49999976158145,,True,30,30,30,0,1.0,0.0,1.0,0.0,21.0,16.75,25.75,852.5,0,helps,more confident
medxpertqa:Text-1489:I-H:ba,Text-1489:I-H,ba,Text-1489,Reasoning,Nervous,B,Moderate opiate use disorder,Mild opiate use disorder,False,B,text,-7.2507100105285645,-0.0007098776986822486,0.00070967033651176,0.9992903742048809,7.250000132829882,,True,30,30,30,0,1.0,0.0,1.0,0.0,14.25000035762804,10.50000011958764,17.5,691.5,0,helps,more confident
medxpertqa:Text-1489:I-J:ab,Text-1489:I-J,ab,Text-1489,Reasoning,Nervous,A,Moderate opiate use disorder,Opioid-induced mood disorder,False,A,text,-1.1920928244535389e-07,-16.5,0.9999998807907247,6.82560337633487e-08,16.499999880790718,,True,30,30,30,0,1.0,0.0,1.0,0.0,26.0,22.5,30.25,343.0,0,helps,more confident
medxpertqa:Text-1489:I-J:ba,Text-1489:I-J,ba,Text-1489,Reasoning,Nervous,B,Moderate opiate use disorder,Opioid-induced mood disorder,False,B,text,-13.750000953674316,-1.0728830375228426e-06,1.0677029917933763e-06,0.999998927117538,13.749999880791279,,True,30,30,30,0,1.0,0.0,1.0,0.0,18.0,15.749999880790718,20.25,452.0,0,helps,more confident
medxpertqa:Text-1495:J-A:ab,Text-1495:J-A,ab,Text-1495,Reasoning,Nervous,A,CHARGE association,VACTERL association,False,B,text,-2.578889846801758,-0.07888974994421005,0.07585817148650026,0.9241418055144026,-2.5000000968575478,,False,30,30,8,22,0.26666666666666666,0.7333333333333333,0.26666666666666666,0.7333333333333333,-9.500000360472768,-13.250000119210881,12.50000011921611,1223.5,0,hurts,more wrong
medxpertqa:Text-1495:J-A:ba,Text-1495:J-A,ba,Text-1495,Reasoning,Nervous,B,CHARGE association,VACTERL association,False,A,text,-0.07888974994421005,-2.578889846801758,0.9241418055144026,0.07585817148650026,-2.5000000968575478,,False,30,30,13,17,0.43333333333333335,0.5666666666666667,0.43333333333333335,0.5666666666666667,-7.937499826453859,-16.75,10.999999523302904,1523.0,0,neutral,
medxpertqa:Text-1495:J-B:ab,Text-1495:J-B,ab,Text-1495,Reasoning,Nervous,A,CHARGE association,Pierre Robin sequence,False,A,text,-6.198863957251888e-06,-12.000005722045898,0.9999938011552557,6.144177195963701e-06,11.999999523181941,,True,30,30,30,0,1.0,0.0,1.0,0.0,25.25,23.75,27.75,469.5,0,helps,more confident
medxpertqa:Text-1495:J-B:ba,Text-1495:J-B,ba,Text-1495,Reasoning,Nervous,B,CHARGE association,Pierre Robin sequence,False,B,text,-9.7500581741333,-5.829164365422912e-05,5.829127258796956e-05,0.9999417100552707,9.749999882489647,,True,30,30,30,0,1.0,0.0,1.0,0.0,16.249999880790718,14.999999642372188,17.75,437.0,0,helps,more confident
medxpertqa:Text-1495:J-C:ab,Text-1495:J-C,ab,Text-1495,Reasoning,Nervous,A,CHARGE association,Goldenhar syndrome,False,B,text,-1.5019290447235107,-0.25192904472351074,0.2227001469810028,0.77729988964086,-1.25,,False,30,30,13,17,0.43333333333333335,0.5666666666666667,0.43333333333333335,0.5666666666666667,-5.9999998234561644,-10.999999523302904,10.249999881416443,1271.0,0,neutral,
medxpertqa:Text-1495:J-C:ba,Text-1495:J-C,ba,Text-1495,Reasoning,Nervous,B,CHARGE association,Goldenhar syndrome,False,A,text,-0.004078404977917671,-5.504078388214111,0.9959299004209012,0.004070137939983506,-5.499999983236194,,False,30,30,2,28,0.06666666666666667,0.9333333333333333,0.06666666666666667,0.9333333333333333,-13.749999880791279,-18.25,3.7499999161809683,1224.5,0,hurts,more wrong
medxpertqa:Text-1495:J-D:ab,Text-1495:J-D,ab,Text-1495,Reasoning,Nervous,A,CHARGE association,Kallman syndrome,False,A,text,-2.753696753643453e-05,-10.500027656555176,0.9999724634116024,2.7535687796947383e-05,10.50000011958764,,True,30,30,30,0,1.0,0.0,1.0,0.0,25.0,18.5,27.75,454.0,0,helps,more confident
medxpertqa:Text-1495:J-D:ba,Text-1495:J-D,ba,Text-1495,Reasoning,Nervous,B,CHARGE association,Kallman syndrome,False,B,text,-7.750430583953857,-0.0004306104383431375,0.0004305571096741222,0.9995694822610254,7.749999973515514,,True,30,30,30,0,1.0,0.0,1.0,0.0,15.749999880790718,13.250000119210881,17.75,445.5,0,helps,more confident
medxpertqa:Text-1495:J-E:ab,Text-1495:J-E,ab,Text-1495,Reasoning,Nervous,A,CHARGE association,DiGeorge syndrome,False,B,text,-8.500203132629395,-0.00020346954988781363,0.00020342704214340812,0.9997965511486372,-8.499999663079507,,False,30,30,0,30,0.0,1.0,0.0,1.0,-15.999999880790718,-17.0,-12.999999642374632,558.5,0,hurts,more wrong
medxpertqa:Text-1495:J-E:ba,Text-1495:J-E,ba,Text-1495,Reasoning,Nervous,B,CHARGE association,DiGeorge syndrome,False,A,text,-2.753696753643453e-05,-10.500027656555176,0.9999724634116024,2.7535687796947383e-05,-10.50000011958764,,False,30,30,0,30,0.0,1.0,0.0,1.0,-22.125,-25.0,-18.5,548.0,0,hurts,more wrong
medxpertqa:Text-1495:J-F:ab,Text-1495:J-F,ab,Text-1495,Reasoning,Nervous,A,CHARGE association,Velocardiofacial syndrome,False,B,text,-6.002475738525391,-0.0024756519123911858,0.002472623024627213,0.9975274099865513,-6.000000086612999,,False,30,30,0,30,0.0,1.0,0.0,1.0,-13.875000000000455,-15.49999976158145,-10.249999881416443,605.0,0,hurts,more wrong
medxpertqa:Text-1495:J-F:ba,Text-1495:J-F,ba,Text-1495,Reasoning,Nervous,B,CHARGE association,Velocardiofacial syndrome,False,A,text,-2.1457441107486375e-05,-10.750020980834961,0.9999785427891018,2.1444958378736654e-05,-10.749999523393853,,False,30,30,0,30,0.0,1.0,0.0,1.0,-21.25,-23.75,-17.375,609.0,0,hurts,more wrong
medxpertqa:Text-1495:J-G:ab,Text-1495:J-G,ab,Text-1495,Reasoning,Nervous,A,CHARGE association,Waardenburg syndrome,False,A,text,-0.06196761503815651,-2.811967611312866,0.9399133253553882,0.060086648833494447,2.7499999962747097,,True,30,30,30,0,1.0,0.0,1.0,0.0,17.0,11.999999523181941,19.75,494.5,0,helps,more confident
medxpertqa:Text-1495:J-G:ba,Text-1495:J-G,ba,Text-1495,Reasoning,Nervous,B,CHARGE association,Waardenburg syndrome,False,B,text,-1.7014133930206299,-0.2014133334159851,0.18242550282051248,0.8175744308728488,1.5000000596046448,,True,30,30,30,0,1.0,0.0,1.0,0.0,11.250000357712452,7.249999894585926,13.499999523163865,510.5,0,helps,more confident
medxpertqa:Text-1495:J-H:ab,Text-1495:J-H,ab,Text-1495,Reasoning,Nervous,A,CHARGE association,Treacher Collins syndrome,False,A,text,-1.2993727978027891e-05,-11.25001335144043,0.9999870063564401,1.3007123989067183e-05,11.250000357712452,,True,30,30,30,0,1.0,0.0,1.0,0.0,24.375,20.75,26.75,459.0,0,helps,more confident
medxpertqa:Text-1495:J-H:ba,Text-1495:J-H,ba,Text-1495,Reasoning,Nervous,B,CHARGE association,Treacher Collins syndrome,False,B,text,-9.000123023986816,-0.00012337400403339416,0.0001233946226544279,0.999876633606226,8.999999649982783,,True,30,30,30,0,1.0,0.0,1.0,0.0,15.49999976158145,11.999999523181941,17.25,475.0,0,helps,more confident
medxpertqa:Text-1495:J-I:ab,Text-1495:J-I,ab,Text-1495,Reasoning,Nervous,A,CHARGE association,Alagille syndrome,False,A,text,-0.008614521473646164,-4.758614540100098,0.9914224771982877,0.008577484930474293,4.7500000186264515,,True,30,30,27,3,0.9,0.1,0.9,0.1,14.187499701977146,-6.499999938765541,18.75,1050.5,0,helps,more confident
medxpertqa:Text-1495:J-I:ba,Text-1495:J-I,ba,Text-1495,Reasoning,Nervous,B,CHARGE association,Alagille syndrome,False,B,text,-2.811967611312866,-0.06196761503815651,0.060086648833494447,0.9399133253553882,2.7499999962747097,,True,30,30,18,12,0.6,0.4,0.6,0.4,6.125000084924977,-11.749999761612344,10.50000011958764,1519.0,0,neutral,
medxpertqa:Text-1522:B-A:ab,Text-1522:B-A,ab,Text-1522,Reasoning,Muscular,A,Left superior pubic shear,Left posterior innominate rotation,True,A,text,-0.25192904472351074,-1.5019290447235107,0.77729988964086,0.2227001469810028,1.25,,True,30,30,13,17,0.43333333333333335,0.5666666666666667,0.43333333333333335,0.5666666666666667,-6.624999835214112,-12.750000000004093,10.50000011958764,1473.0,0,excluded,letter bias: the same letter in both orders
medxpertqa:Text-1522:B-A:ba,Text-1522:B-A,ba,Text-1522,Reasoning,Muscular,B,Left superior pubic shear,Left posterior innominate rotation,True,A,text,-0.6931471824645996,-0.6931471824645996,0.49999999904767284,0.49999999904767284,-0.0,,False,30,30,16,14,0.5333333333333333,0.4666666666666667,0.5333333333333333,0.4666666666666667,5.624999817577191,-10.249999881416443,10.249999762210791,1771.5,0,excluded,letter bias: the same letter in both orders
medxpertqa:Text-1522:B-C:ab,Text-1522:B-C,ab,Text-1522,Reasoning,Muscular,A,Left superior pubic shear,Bilateral pubic compression,False,A,text,-0.00033539868309162557,-8.000335693359375,0.9996646575567589,0.0003353500342255387,8.000000294676283,,True,30,30,30,0,1.0,0.0,1.0,0.0,16.124999880790718,11.250000357712452,19.5,670.5,0,helps,more confident
medxpertqa:Text-1522:B-C:ba,Text-1522:B-C,ba,Text-1522,Reasoning,Muscular,B,Left superior pubic shear,Bilateral pubic compression,False,B,text,-6.501502513885498,-0.0015023384476080537,0.001501181950907551,0.9984987894978749,6.50000017543789,,True,30,30,30,0,1.0,0.0,1.0,0.0,13.749999880791279,10.50000011958764,15.49999976158145,595.0,0,helps,more confident
medxpertqa:Text-1522:B-D:ab,Text-1522:B-D,ab,Text-1522,Reasoning,Muscular,A,Left superior pubic shear,Right anterior innominate rotation,False,A,text,-0.03804141283035278,-3.288041353225708,0.9626730730490257,0.037326888033261264,3.2499999403953552,,True,30,30,17,13,0.5666666666666667,0.43333333333333335,0.5666666666666667,0.43333333333333335,8.125000104817445,-10.000000358661055,11.749999761612344,1413.0,0,neutral,
medxpertqa:Text-1522:B-D:ba,Text-1522:B-D,ba,Text-1522,Reasoning,Muscular,B,Left superior pubic shear,Right anterior innominate rotation,False,B,text,-4.511047840118408,-0.011047743260860443,0.010986941583869245,0.9890130589396958,4.500000096857548,,True,30,30,27,3,0.9,0.1,0.9,0.1,10.624999821490746,-6.0000002139713615,14.00000011920963,1227.0,0,helps,more confident
medxpertqa:Text-1522:B-E:ab,Text-1522:B-E,ab,Text-1522,Reasoning,Muscular,A,Left superior pubic shear,Right posterior innominate rotation,False,A,text,-0.023245446383953094,-3.773245334625244,0.9770226476651187,0.02297737289127478,3.749999888241291,,True,30,30,22,8,0.7333333333333333,0.26666666666666666,0.7333333333333333,0.26666666666666666,8.499999912732164,-9.250000243031536,13.250000119210881,1402.0,0,helps,more confident
medxpertqa:Text-1522:B-E:ba,Text-1522:B-E,ba,Text-1522,Reasoning,Muscular,B,Left superior pubic shear,Right posterior innominate rotation,False,B,text,-4.0181498527526855,-0.018149960786104202,0.017986211314027313,0.9820137577607906,3.9999998919665813,,True,30,30,30,0,1.0,0.0,1.0,0.0,10.000000358661055,6.000000097323209,12.750000000004093,1514.5,0,helps,more confident
medxpertqa:Text-1522:B-F:ab,Text-1522:B-F,ab,Text-1522,Reasoning,Muscular,A,Left superior pubic shear,Left inferior pubic shear,True,A,text,-0.6931471824645996,-0.6931471824645996,0.49999999904767284,0.49999999904767284,0.0,,True,30,30,13,17,0.43333333333333335,0.5666666666666667,0.43333333333333335,0.5666666666666667,-6.125000083644409,-11.999999523181941,11.5000003576788,1411.5,0,excluded,letter bias: the same letter in both orders
medxpertqa:Text-1522:B-F:ba,Text-1522:B-F,ba,Text-1522,Reasoning,Muscular,B,Left superior pubic shear,Left inferior pubic shear,True,A,text,-0.06196761503815651,-2.811967611312866,0.9399133253553882,0.060086648833494447,-2.7499999962747097,,False,30,30,11,19,0.36666666666666664,0.6333333333333333,0.36666666666666664,0.6333333333333333,-7.249999835155904,-14.00000011920963,10.249999881416443,1950.5,0,excluded,letter bias: the same letter in both orders
medxpertqa:Text-1522:B-G:ab,Text-1522:B-G,ab,Text-1522,Reasoning,Muscular,A,Left superior pubic shear,Sacral torsion on a left oblique axis,False,A,text,-0.0005529781919904053,-7.500553131103516,0.9994471746722718,0.0005527785265734312,7.500000152911525,,True,30,30,29,1,0.9666666666666667,0.03333333333333333,0.9666666666666667,0.03333333333333333,17.5,-5.7499998095445335,20.0,656.0,0,helps,more confident
medxpertqa:Text-1522:B-G:ba,Text-1522:B-G,ba,Text-1522,Reasoning,Muscular,B,Left superior pubic shear,Sacral torsion on a left oblique axis,False,B,text,-10.000045776367188,-4.541770613286644e-05,4.539785156619626e-05,0.9999545833252356,10.000000358661055,,True,30,30,30,0,1.0,0.0,1.0,0.0,15.24999976158145,12.750000000004093,17.25,573.5,0,helps,more confident
medxpertqa:Text-1522:B-H:ab,Text-1522:B-H,ab,Text-1522,Reasoning,Muscular,A,Left superior pubic shear,Right superior pubic shear,False,A,text,-0.018149960786104202,-4.0181498527526855,0.9820137577607906,0.017986211314027313,3.9999998919665813,,True,30,30,23,7,0.7666666666666667,0.23333333333333334,0.7666666666666667,0.23333333333333334,10.499999523767656,-9.50000024124165,15.49999976158145,1913.5,0,helps,more confident
medxpertqa:Text-1522:B-H:ba,Text-1522:B-H,ba,Text-1522,Reasoning,Muscular,B,Left superior pubic shear,Right superior pubic shear,False,B,text,-7.500553131103516,-0.0005529781919904053,0.0005527785265734312,0.9994471746722718,7.500000152911525,,True,30,30,28,2,0.9333333333333333,0.06666666666666667,0.9333333333333333,0.06666666666666667,12.250000000011369,-5.999999851221219,16.499999880790718,1442.5,0,helps,more confident
medxpertqa:Text-1522:B-I:ab,Text-1522:B-I,ab,Text-1522,Reasoning,Muscular,A,Left superior pubic shear,Right inferior innominate shear,False,A,text,-0.03804141283035278,-3.288041353225708,0.9626730730490257,0.037326888033261264,3.2499999403953552,,True,30,30,23,7,0.7666666666666667,0.23333333333333334,0.7666666666666667,0.23333333333333334,7.875000134299626,-10.249999881416443,12.50000011921611,1843.5,0,helps,more confident
medxpertqa:Text-1522:B-I:ba,Text-1522:B-I,ba,Text-1522,Reasoning,Muscular,B,Left superior pubic shear,Right inferior innominate shear,False,B,text,-2.811967611312866,-0.06196761503815651,0.060086648833494447,0.9399133253553882,2.7499999962747097,,True,30,30,29,1,0.9666666666666667,0.03333333333333333,0.9666666666666667,0.03333333333333333,8.250000034138793,-7.750000212050509,11.250000357712452,1219.0,0,helps,more confident
medxpertqa:Text-1522:B-J:ab,Text-1522:B-J,ab,Text-1522,Reasoning,Muscular,A,Left superior pubic shear,Pubic symphysis compression,False,A,text,-0.023245446383953094,-3.773245334625244,0.9770226476651187,0.02297737289127478,3.749999888241291,,True,30,30,26,4,0.8666666666666667,0.13333333333333333,0.8666666666666667,0.13333333333333333,10.624999821490746,-10.50000011958764,13.749999880791279,986.0,0,helps,more confident
medxpertqa:Text-1522:B-J:ba,Text-1522:B-J,ba,Text-1522,Reasoning,Muscular,B,Left superior pubic shear,Pubic symphysis compression,False,B,text,-5.504078388214111,-0.004078404977917671,0.004070137939983506,0.9959299004209012,5.499999983236194,,True,30,30,30,0,1.0,0.0,1.0,0.0,12.50000011921611,7.749999854568159,14.499999523162955,713.0,0,helps,more confident
medxpertqa:Text-1548:G-A:ab,Text-1548:G-A,ab,Text-1548,Reasoning,Nervous,A,Cervical radiculopathy,Myofascial pain syndrome,False,A,text,-0.011047743260860443,-4.511047840118408,0.9890130589396958,0.010986941583869245,4.500000096857548,,True,30,30,30,0,1.0,0.0,1.0,0.0,10.812499761787876,6.874999818974175,14.624999523162955,1586.0,0,helps,more confident
medxpertqa:Text-1548:G-A:ba,Text-1548:G-A,ba,Text-1548,Reasoning,Nervous,B,Cervical radiculopathy,Myofascial pain syndrome,False,B,text,-7.500553131103516,-0.0005529781919904053,0.0005527785265734312,0.9994471746722718,7.500000152911525,,True,30,30,30,0,1.0,0.0,1.0,0.0,9.000000365267624,7.75000009307405,11.749999761612344,1725.5,0,helps,more confident
medxpertqa:Text-1548:G-B:ab,Text-1548:G-B,ab,Text-1548,Reasoning,Nervous,A,Cervical radiculopathy,Peripheral neuropathy due to diabetes,False,A,text,-0.6931471824645996,-0.6931471824645996,0.49999999904767284,0.49999999904767284,0.0,,True,30,30,6,24,0.2,0.8,0.2,0.8,-6.125000052386895,-8.499999663079507,10.749999523393853,1471.5,0,hurts,flips to wrong
medxpertqa:Text-1548:G-B:ba,Text-1548:G-B,ba,Text-1548,Reasoning,Nervous,B,Cervical radiculopathy,Peripheral neuropathy due to diabetes,False,B,text,-5.504078388214111,-0.004078404977917671,0.004070137939983506,0.9959299004209012,5.499999983236194,,True,30,30,13,17,0.43333333333333335,0.5666666666666667,0.43333333333333335,0.5666666666666667,-2.3750000074505806,-7.500000152911525,12.250000000011369,2503.5,0,neutral,
medxpertqa:Text-1548:G-C:ab,Text-1548:G-C,ab,Text-1548,Reasoning,Nervous,A,Cervical radiculopathy,Radial nerve compression,True,B,text,-0.9740769863128662,-0.4740769863128662,0.377540667992942,0.6224593298742985,-0.5,,False,30,30,29,1,0.9666666666666667,0.03333333333333333,0.9666666666666667,0.03333333333333333,6.0000000012805685,-2.7500000782310963,8.999999649982783,1402.5,0,excluded,letter bias: the same letter in both orders
medxpertqa:Text-1548:G-C:ba,Text-1548:G-C,ba,Text-1548,Reasoning,Nervous,B,Cervical radiculopathy,Radial nerve compression,True,B,text,-7.2507100105285645,-0.0007098776986822486,0.00070967033651176,0.9992903742048809,7.250000132829882,,True,30,30,30,0,1.0,0.0,0.7666666666666667,0.23333333333333334,7.999999996900442,3.2500000186264515,10.50000011958764,1528.5,0,excluded,letter bias: the same letter in both orders
medxpertqa:Text-1548:G-D:ab,Text-1548:G-D,ab,Text-1548,Reasoning,Nervous,A,Cervical radiculopathy,Median nerve entrapment at the wrist,True,B,text,-1.9102240800857544,-0.1602240949869156,0.14804720844715558,0.8519528492100928,-1.7499999850988388,,False,30,30,30,0,1.0,0.0,1.0,0.0,5.250000132247806,3.5000000707805157,8.999999649982783,1516.0,0,excluded,letter bias: the same letter in both orders
medxpertqa:Text-1548:G-D:ba,Text-1548:G-D,ba,Text-1548,Reasoning,Nervous,B,Cervical radiculopathy,Median nerve entrapment at the wrist,True,B,text,-3.773245334625244,-0.023245446383953094,0.02297737289127478,0.9770226476651187,3.749999888241291,,True,30,30,30,0,1.0,0.0,1.0,0.0,7.000000058062142,4.750000149011612,10.249999881416443,1799.0,0,excluded,letter bias: the same letter in both orders
medxpertqa:Text-1548:G-E:ab,Text-1548:G-E,ab,Text-1548,Reasoning,Nervous,A,Cervical radiculopathy,Guyon’s canal syndrome,False,B,text,-8.000335693359375,-0.00033539868309162557,0.0003353500342255387,0.9996646575567589,-8.000000294676283,,False,30,30,0,30,0.0,1.0,0.03333333333333333,0.9666666666666667,-10.62499976188792,-14.499999523162955,-7.749999854568159,1056.5,0,hurts,more wrong
medxpertqa:Text-1548:G-E:ba,Text-1548:G-E,ba,Text-1548,Reasoning,Nervous,B,Cervical radiculopathy,Guyon’s canal syndrome,False,A,text,-7.486063259420916e-05,-9.50007438659668,0.999925142169393,7.484626212190614e-05,-9.499999525964085,,False,30,30,0,30,0.0,1.0,0.0,1.0,-14.812499642372188,-20.5,-11.625000238462235,1426.5,0,hurts,more wrong
medxpertqa:Text-1548:G-F:ab,Text-1548:G-F,ab,Text-1548,Reasoning,Nervous,A,Cervical radiculopathy,Brachial plexopathy,False,A,text,-0.0011701886542141438,-6.7511701583862305,0.9988304957495425,0.0011695103074966034,6.749999969732016,,True,30,30,30,0,1.0,0.0,1.0,0.0,12.06249994041218,9.87499988212221,14.749999642372188,1495.0,0,helps,more confident
medxpertqa:Text-1548:G-F:ba,Text-1548:G-F,ba,Text-1548,Reasoning,Nervous,B,Cervical radiculopathy,Brachial plexopathy,False,B,text,-7.500553131103516,-0.0005529781919904053,0.0005527785265734312,0.9994471746722718,7.500000152911525,,True,30,30,30,0,1.0,0.0,0.9,0.1,8.749999654959538,6.750000208965503,12.250000000011369,1645.0,0,helps,more confident
medxpertqa:Text-1548:G-H:ab,Text-1548:G-H,ab,Text-1548,Reasoning,Nervous,A,Cervical radiculopathy,Ulnar nerve entrapment at the elbow,False,B,text,-8.750158309936523,-0.00015841660206206143,0.0001584362410990077,0.9998415959451853,-8.749999893334461,,False,30,30,0,30,0.0,1.0,0.0,1.0,-13.499999523163865,-17.25,-9.250000243031536,484.5,0,hurts,more wrong
medxpertqa:Text-1548:G-H:ba,Text-1548:G-H,ba,Text-1548,Reasoning,Nervous,B,Cervical radiculopathy,Ulnar nerve entrapment at the elbow,False,A,text,-0.008614521473646164,-4.758614540100098,0.9914224771982877,0.008577484930474293,-4.7500000186264515,,False,30,30,0,30,0.0,1.0,0.0,1.0,-19.0,-21.75,-14.499999523162955,526.5,0,hurts,more wrong
medxpertqa:Text-1548:G-I:ab,Text-1548:G-I,ab,Text-1548,Reasoning,Nervous,A,Cervical radiculopathy,Cubital tunnel syndrome,False,B,text,-8.500203132629395,-0.00020346954988781363,0.00020342704214340812,0.9997965511486372,-8.499999663079507,,False,30,30,0,30,0.0,1.0,0.0,1.0,-13.374999821187373,-16.249999880790718,-10.749999523393853,772.5,0,hurts,more wrong
medxpertqa:Text-1548:G-I:ba,Text-1548:G-I,ba,Text-1548,Reasoning,Nervous,B,Cervical radiculopathy,Cubital tunnel syndrome,False,A,text,-0.0019286142196506262,-6.251928806304932,0.9980732443617326,0.0019267342527389902,-6.250000192085281,,False,30,30,0,30,0.0,1.0,0.0,1.0,-19.5,-24.5,-11.62499964241215,727.5,0,hurts,more wrong
medxpertqa:Text-1548:G-J:ab,Text-1548:G-J,ab,Text-1548,Reasoning,Nervous,A,Cervical radiculopathy,Carpal tunnel syndrome,True,B,text,-2.1269280910491943,-0.12692804634571075,0.11920291248514252,0.8807970468833343,-2.0000000447034836,,False,30,30,30,0,1.0,0.0,1.0,0.0,4.375000022351742,2.25,6.500000056345016,1733.5,0,excluded,letter bias: the same letter in both orders
medxpertqa:Text-1548:G-J:ba,Text-1548:G-J,ba,Text-1548,Reasoning,Nervous,B,Cervical radiculopathy,Carpal tunnel syndrome,True,B,text,-7.000911235809326,-0.0009114163694903255,0.0009110514045295695,0.9990889988442552,6.999999819439836,,True,30,30,30,0,1.0,0.0,0.8333333333333334,0.13333333333333333,8.125000104817445,6.500000177533366,11.749999761612344,1411.5,0,excluded,letter bias: the same letter in both orders
medxpertqa:Text-1553:J-A:ab,Text-1553:J-A,ab,Text-1553,Reasoning,Skeletal,A,left sacral rotation around a right oblique axis,right sacral torsion on a right oblique axis,False,A,text,-0.023245446383953094,-3.773245334625244,0.9770226476651187,0.02297737289127478,3.749999888241291,,True,30,30,13,17,0.43333333333333335,0.5666666666666667,0.43333333333333335,0.5666666666666667,-4.124999796040356,-8.999999649982783,13.250000119210881,1262.0,0,neutral,
medxpertqa:Text-1553:J-A:ba,Text-1553:J-A,ba,Text-1553,Reasoning,Skeletal,B,left sacral rotation around a right oblique axis,right sacral torsion on a right oblique axis,False,B,text,-3.0485873222351074,-0.04858732968568802,0.047425874568977164,0.9525741476724274,2.9999999925494194,,True,30,30,20,10,0.6666666666666666,0.3333333333333333,0.6666666666666666,0.3333333333333333,9.250000183481461,-7.249999894585926,11.74999976162053,1863.0,0,neutral,
medxpertqa:Text-1553:J-B:ab,Text-1553:J-B,ab,Text-1553,Reasoning,Skeletal,A,left sacral rotation around a right oblique axis,left sacral torsion on a left oblique axis,False,A,text,-0.0024756519123911858,-6.002475738525391,0.9975274099865513,0.002472623024627213,6.000000086612999,,True,30,30,30,0,1.0,0.0,1.0,0.0,11.999999523181941,9.749999882489647,14.25000035762804,1039.5,0,helps,more confident
medxpertqa:Text-1553:J-B:ba,Text-1553:J-B,ba,Text-1553,Reasoning,Skeletal,B,left sacral rotation around a right oblique axis,left sacral torsion on a left oblique axis,False,B,text,-7.750430583953857,-0.0004306104383431375,0.0004305571096741222,0.9995694822610254,7.749999973515514,,True,30,30,25,5,0.8333333333333334,0.16666666666666666,0.7666666666666667,0.23333333333333334,11.000000178994014,-3.9999997913837433,13.250000119210881,1999.0,0,helps,more confident
medxpertqa:Text-1553:J-C:ab,Text-1553:J-C,ab,Text-1553,Reasoning,Skeletal,A,left sacral rotation around a right oblique axis,right sacral rotation around a right oblique axis,False,A,text,-0.03804141283035278,-3.288041353225708,0.9626730730490257,0.037326888033261264,3.2499999403953552,,True,30,30,11,19,0.36666666666666664,0.6333333333333333,0.36666666666666664,0.6333333333333333,-7.000000117608579,-11.5000003576788,12.50000011921611,1149.5,0,neutral,
medxpertqa:Text-1553:J-C:ba,Text-1553:J-C,ba,Text-1553,Reasoning,Skeletal,B,left sacral rotation around a right oblique axis,right sacral rotation around a right oblique axis,False,B,text,-2.3502066135406494,-0.10020658373832703,0.09534945969074979,0.9046505126460354,2.2500000298023224,,True,30,30,7,23,0.23333333333333334,0.7666666666666667,0.23333333333333334,0.7666666666666667,-5.2500000754371285,-8.499999663079507,12.50000011921611,1510.0,0,hurts,flips to wrong
medxpertqa:Text-1553:J-D:ab,Text-1553:J-D,ab,Text-1553,Reasoning,Skeletal,A,left sacral rotation around a right oblique axis,right sacral rotation around a left oblique axis,False,B,text,-1.31326162815094,-0.31326165795326233,0.26894143733631704,0.7310586002437232,-0.9999999701976776,,False,30,30,12,18,0.4,0.6,0.4,0.6,-7.374999967083568,-12.750000000004093,9.250000243031536,1085.0,0,neutral,
medxpertqa:Text-1553:J-D:ba,Text-1553:J-D,ba,Text-1553,Reasoning,Skeletal,B,left sacral rotation around a right oblique axis,right sacral rotation around a left oblique axis,False,A,text,-0.4740769863128662,-0.9740769863128662,0.6224593298742985,0.377540667992942,-0.5,,False,30,30,18,12,0.6,0.4,0.6,0.4,6.9999998213897925,-10.249999881416443,10.50000011958764,1084.5,0,neutral,
medxpertqa:Text-1553:J-E:ab,Text-1553:J-E,ab,Text-1553,Reasoning,Skeletal,A,left sacral rotation around a right oblique axis,unilateral sacral flexion on the left,False,A,text,-0.004078404977917671,-5.504078388214111,0.9959299004209012,0.004070137939983506,5.499999983236194,,True,30,30,30,0,1.0,0.0,1.0,0.0,12.250000000011369,8.000000056345016,15.749999880790718,1187.5,0,helps,more confident
medxpertqa:Text-1553:J-E:ba,Text-1553:J-E,ba,Text-1553,Reasoning,Skeletal,B,left sacral rotation around a right oblique axis,unilateral sacral flexion on the left,False,B,text,-8.750158309936523,-0.00015841660206206143,0.0001584362410990077,0.9998415959451853,8.749999893334461,,True,30,30,30,0,1.0,0.0,1.0,0.0,11.999999523181941,9.500000122039637,14.499999523162955,1128.5,0,helps,more confident
medxpertqa:Text-1553:J-F:ab,Text-1553:J-F,ab,Text-1553,Reasoning,Skeletal,A,left sacral rotation around a right oblique axis,left sacral rotation around a left oblique axis,False,A,text,-0.004078404977917671,-5.504078388214111,0.9959299004209012,0.004070137939983506,5.499999983236194,,True,30,30,28,2,0.9333333333333333,0.06666666666666667,0.9333333333333333,0.06666666666666667,14.000000119209659,-6.750000089290552,16.249999880790718,1176.5,0,helps,more confident
medxpertqa:Text-1553:J-F:ba,Text-1553:J-F,ba,Text-1553,Reasoning,Skeletal,B,left sacral rotation around a right oblique axis,left sacral rotation around a left oblique axis,False,B,text,-5.504078388214111,-0.004078404977917671,0.004070137939983506,0.9959299004209012,5.499999983236194,,True,30,30,21,9,0.7,0.3,0.7,0.3,10.999999880932592,-5.7500000486616045,13.250000119210881,1815.5,0,helps,more confident
medxpertqa:Text-1553:J-G:ab,Text-1553:J-G,ab,Text-1553,Reasoning,Skeletal,A,left sacral rotation around a right oblique axis,unilateral sacral extension on the right,False,A,text,-0.0007098776986822486,-7.2507100105285645,0.9992903742048809,0.00070967033651176,7.250000132829882,,True,30,30,30,0,1.0,0.0,1.0,0.0,14.00000011920963,9.250000123836799,17.25,1337.0,0,helps,more confident
medxpertqa:Text-1553:J-G:ba,Text-1553:J-G,ba,Text-1553,Reasoning,Skeletal,B,left sacral rotation around a right oblique axis,unilateral sacral extension on the right,False,B,text,-8.500203132629395,-0.00020346954988781363,0.00020342704214340812,0.9997965511486372,8.499999663079507,,True,30,30,30,0,1.0,0.0,1.0,0.0,12.250000000011369,9.50000024124165,14.25000035762804,921.0,0,helps,more confident
medxpertqa:Text-1553:J-H:ab,Text-1553:J-H,ab,Text-1553,Reasoning,Skeletal,A,left sacral rotation around a right oblique axis,anterior sacral base dysfunction,False,A,text,-1.6689160474925302e-05,-11.000016212463379,0.9999833109787883,1.670143001672819e-05,10.999999523302904,,True,30,30,30,0,1.0,0.0,1.0,0.0,17.125,12.750000000004093,20.5,735.0,0,helps,more confident
medxpertqa:Text-1553:J-H:ba,Text-1553:J-H,ba,Text-1553,Reasoning,Skeletal,B,left sacral rotation around a right oblique axis,anterior sacral base dysfunction,False,B,text,-8.500203132629395,-0.00020346954988781363,0.00020342704214340812,0.9997965511486372,8.499999663079507,,True,30,30,30,0,1.0,0.0,1.0,0.0,12.250000000011369,10.50000011958764,14.25000035762804,1098.5,0,helps,more confident
medxpertqa:Text-1553:J-I:ab,Text-1553:J-I,ab,Text-1553,Reasoning,Skeletal,A,left sacral rotation around a right oblique axis,bilateral sacral flexion,False,A,text,-5.960462772236497e-07,-14.250000953674316,0.9999994039539004,6.47594599989589e-07,14.25000035762804,,True,30,30,30,0,1.0,0.0,0.9666666666666667,0.0,18.25,14.25000035762804,20.75,845.5,0,helps,more confident
medxpertqa:Text-1553:J-I:ba,Text-1553:J-I,ba,Text-1553,Reasoning,Skeletal,B,left sacral rotation around a right oblique axis,bilateral sacral flexion,False,B,text,-10.500027656555176,-2.753696753643453e-05,2.7535687796947383e-05,0.9999724634116024,10.50000011958764,,True,30,30,30,0,1.0,0.0,0.9666666666666667,0.03333333333333333,12.999999642374632,9.249999647043296,14.999999642372188,1143.5,0,helps,more confident
medxpertqa:Text-1565:G-A:ab,Text-1565:G-A,ab,Text-1565,Reasoning,Digestive,A,Appendicitis,Pancreatitis,False,B,text,-10.000045776367188,-4.541770613286644e-05,4.539785156619626e-05,0.9999545833252356,-10.000000358661055,,False,30,30,21,9,0.7,0.3,0.9333333333333333,0.06666666666666667,1.8750000447034836,-10.499999761970685,5.749999848892912,2098.0,0,helps,flips to correct
medxpertqa:Text-1565:G-A:ba,Text-1565:G-A,ba,Text-1565,Reasoning,Digestive,B,Appendicitis,Pancreatitis,False,A,text,-0.00020346954988781363,-8.500203132629395,0.9997965511486372,0.00020342704214340812,-8.499999663079507,,False,30,30,30,0,1.0,0.0,1.0,0.0,4.874999999301508,3.2500000298023224,6.750000209547579,1570.0,0,helps,flips to correct
medxpertqa:Text-1565:G-B:ab,Text-1565:G-B,ab,Text-1565,Reasoning,Digestive,A,Appendicitis,Ovarian torsion,False,A,text,-0.00015841660206206143,-8.750158309936523,0.9998415959451853,0.0001584362410990077,8.749999893334461,,True,30,30,30,0,1.0,0.0,1.0,0.0,19.25,16.374999880790718,21.25,956.5,0,helps,more confident
medxpertqa:Text-1565:G-B:ba,Text-1565:G-B,ba,Text-1565,Reasoning,Digestive,B,Appendicitis,Ovarian torsion,False,B,text,-4.758614540100098,-0.008614521473646164,0.008577484930474293,0.9914224771982877,4.7500000186264515,,True,30,30,30,0,1.0,0.0,1.0,0.0,10.874999940581802,9.250000123836799,12.999999642374632,909.5,0,helps,more confident
medxpertqa:Text-1565:G-C:ab,Text-1565:G-C,ab,Text-1565,Reasoning,Digestive,A,Appendicitis,Acute cholecystitis,False,B,text,-8.500203132629395,-0.00020346954988781363,0.00020342704214340812,0.9997965511486372,-8.499999663079507,,False,30,30,0,30,0.0,1.0,0.0,1.0,-13.624999701977572,-15.24999976158145,-10.000000239455403,890.0,0,hurts,more wrong
medxpertqa:Text-1565:G-C:ba,Text-1565:G-C,ba,Text-1565,Reasoning,Digestive,B,Appendicitis,Acute cholecystitis,False,A,text,-9.60780744208023e-05,-9.250096321105957,0.9999039265409296,9.610239492660866e-05,-9.250000243031536,,False,30,30,0,30,0.0,1.0,0.0,1.0,-19.5,-22.25,-14.874999642372188,858.0,0,hurts,more wrong
medxpertqa:Text-1565:G-D:ab,Text-1565:G-D,ab,Text-1565,Reasoning,Digestive,A,Appendicitis,Acute cholangitis,False,B,text,-7.000911235809326,-0.0009114163694903255,0.0009110514045295695,0.9990889988442552,-6.999999819439836,,False,30,30,4,26,0.13333333333333333,0.8666666666666667,0.16666666666666666,0.8333333333333334,-10.999999523302904,-13.749999880791279,5.9999998500570655,1416.0,0,hurts,more wrong
medxpertqa:Text-1565:G-D:ba,Text-1565:G-D,ba,Text-1565,Reasoning,Digestive,B,Appendicitis,Acute cholangitis,False,A,text,-0.00026127262390218675,-8.250261306762695,0.9997387615048174,0.0002611902975925828,-8.250000034138793,,False,30,30,7,23,0.23333333333333334,0.7666666666666667,0.23333333333333334,0.7666666666666667,-16.124999880790718,-23.5,5.999999852385372,1565.5,0,hurts,more wrong
medxpertqa:Text-1565:G-E:ab,Text-1565:G-E,ab,Text-1565,Reasoning,Digestive,A,Appendicitis,Diverticulitis,False,A,text,-0.06196761503815651,-2.811967611312866,0.9399133253553882,0.060086648833494447,2.7499999962747097,,True,30,30,30,0,1.0,0.0,1.0,0.0,14.624999582767572,11.250000357712452,17.0,1025.0,0,helps,more confident
medxpertqa:Text-1565:G-E:ba,Text-1565:G-E,ba,Text-1565,Reasoning,Digestive,B,Appendicitis,Diverticulitis,False,B,text,-0.825939416885376,-0.575939416885376,0.43782350042481233,0.5621765025686553,0.25,,True,30,30,30,0,1.0,0.0,1.0,0.0,8.00000017551065,4.750000022351742,9.250000004642061,997.0,0,helps,more confident
medxpertqa:Text-1565:G-F:ab,Text-1565:G-F,ab,Text-1565,Reasoning,Digestive,A,Appendicitis,HELLP syndrome,True,B,text,-7.000911235809326,-0.0009114163694903255,0.0009110514045295695,0.9990889988442552,-6.999999819439836,,False,30,30,9,21,0.3,0.7,0.36666666666666664,0.6333333333333333,-10.499999940831003,-13.375000238419943,5.250000132247806,1612.5,0,excluded,letter bias: the same letter in both orders
medxpertqa:Text-1565:G-F:ba,Text-1565:G-F,ba,Text-1565,Reasoning,Digestive,B,Appendicitis,HELLP syndrome,True,B,text,-4.264163494110107,-0.01416344940662384,0.014063626520379485,0.9859363803758086,4.250000044703484,,True,30,30,30,0,1.0,0.0,1.0,0.0,8.250000093961717,6.249999840627424,10.7500003578607,1320.0,0,excluded,letter bias: the same letter in both orders
medxpertqa:Text-1565:G-H:ab,Text-1565:G-H,ab,Text-1565,Reasoning,Digestive,A,Appendicitis,Hepatic abscess,True,A,text,-0.12692804634571075,-2.1269280910491943,0.8807970468833343,0.11920291248514252,2.0000000447034836,,True,30,30,30,0,1.0,0.0,1.0,0.0,10.999999880932592,4.000000203028321,14.499999523162955,1410.5,0,excluded,letter bias: the same letter in both orders
medxpertqa:Text-1565:G-H:ba,Text-1565:G-H,ba,Text-1565,Reasoning,Digestive,B,Appendicitis,Hepatic abscess,True,A,text,-0.575939416885376,-0.825939416885376,0.5621765025686553,0.43782350042481233,-0.25,,False,30,30,30,0,1.0,0.0,1.0,0.0,7.749999854568159,5.499999776948243,10.000000239455403,1197.5,0,excluded,letter bias: the same letter in both orders
medxpertqa:Text-1565:G-I:ab,Text-1565:G-I,ab,Text-1565,Reasoning,Digestive,A,Appendicitis,Pyelonephritis,False,A,text,-0.2014133334159851,-1.7014133930206299,0.8175744308728488,0.18242550282051248,1.5000000596046448,,True,30,30,16,14,0.5333333333333333,0.4666666666666667,0.5333333333333333,0.4666666666666667,8.81250025035115,-9.250000123836799,12.999999642374632,1789.5,0,neutral,
medxpertqa:Text-1565:G-I:ba,Text-1565:G-I,ba,Text-1565,Reasoning,Digestive,B,Appendicitis,Pyelonephritis,False,B,text,-1.5019290447235107,-0.25192904472351074,0.2227001469810028,0.77729988964086,1.25,,True,30,30,27,3,0.9,0.1,0.9,0.1,7.125000036903657,-8.999999888488674,9.250000243031536,1749.5,0,helps,more confident
medxpertqa:Text-1565:G-J:ab,Text-1565:G-J,ab,Text-1565,Reasoning,Digestive,A,Appendicitis,Gastritis,False,A,text,-3.576278118089249e-07,-15.0,0.9999996423722521,3.059023205018258e-07,14.999999642372188,,True,30,30,30,0,1.0,0.0,1.0,0.0,20.375,15.999999880790718,22.875,847.0,0,helps,more confident
medxpertqa:Text-1565:G-J:ba,Text-1565:G-J,ba,Text-1565,Reasoning,Digestive,B,Appendicitis,Gastritis,False,B,text,-8.250261306762695,-0.00026127262390218675,0.0002611902975925828,0.9997387615048174,8.250000034138793,,True,30,30,30,0,1.0,0.0,1.0,0.0,12.50000011921611,10.249999881416443,14.25000035762804,802.0,0,helps,more confident
medxpertqa:Text-1582:F-A:ab,Text-1582:F-A,ab,Text-1582,Reasoning,Skeletal,A,Bilateral sacral extension along the middle transverse axis,Bilateral sacral torsion along the middle transverse axis,False,B,text,-5.006715297698975,-0.006715348921716213,0.006692851264215723,0.9933071486460123,-4.999999948777258,,False,30,30,20,10,0.6666666666666666,0.3333333333333333,0.6666666666666666,0.3333333333333333,6.125000140047632,-13.749999880791279,10.50000011958764,713.0,0,neutral,
medxpertqa:Text-1582:F-A:ba,Text-1582:F-A,ba,Text-1582,Reasoning,Skeletal,B,Bilateral sacral extension along the middle transverse axis,Bilateral sacral torsion along the middle transverse axis,False,A,text,-0.10020658373832703,-2.3502066135406494,0.9046505126460354,0.09534945969074979,-2.2500000298023224,,False,30,30,18,12,0.6,0.4,0.6,0.4,4.624999832827598,-15.24999976158145,9.749999882489647,635.5,0,neutral,
medxpertqa:Text-1582:F-B:ab,Text-1582:F-B,ab,Text-1582,Reasoning,Skeletal,A,Bilateral sacral extension along the middle transverse axis,Unilateral sacral flexion along the middle transverse axis,False,A,text,-0.575939416885376,-0.825939416885376,0.5621765025686553,0.43782350042481233,0.25,,True,30,30,26,4,0.8666666666666667,0.13333333333333333,0.8666666666666667,0.13333333333333333,11.5000003576788,-7.499999914609361,14.999999642372188,1018.5,0,helps,more confident
medxpertqa:Text-1582:F-B:ba,Text-1582:F-B,ba,Text-1582,Reasoning,Skeletal,B,Bilateral sacral extension along the middle transverse axis,Unilateral sacral flexion along the middle transverse axis,False,B,text,-2.1269280910491943,-0.12692804634571075,0.11920291248514252,0.8807970468833343,2.0000000447034836,,True,30,30,30,0,1.0,0.0,1.0,0.0,9.749999882489647,7.249999894585926,11.749999761612344,706.5,0,helps,more confident
medxpertqa:Text-1582:F-C:ab,Text-1582:F-C,ab,Text-1582,Reasoning,Skeletal,A,Bilateral sacral extension along the middle transverse axis,Bilateral sacral flexion along the middle transverse axis,False,B,text,-1.7014133930206299,-0.2014133334159851,0.18242550282051248,0.8175744308728488,-1.5000000596046448,,False,30,30,19,11,0.6333333333333333,0.36666666666666664,0.6333333333333333,0.36666666666666664,10.999999523302904,-11.999999523181941,15.49999976158145,716.5,0,neutral,
medxpertqa:Text-1582:F-C:ba,Text-1582:F-C,ba,Text-1582,Reasoning,Skeletal,B,Bilateral sacral extension along the middle transverse axis,Bilateral sacral flexion along the middle transverse axis,False,A,text,-0.38687101006507874,-1.1368709802627563,0.6791786964925157,0.32082130911852547,-0.7499999701976776,,False,30,30,21,9,0.7,0.3,0.7,0.3,6.999999932158971,-16.249999880790718,10.000000358661055,815.0,0,helps,flips to correct
medxpertqa:Text-1582:F-D:ab,Text-1582:F-D,ab,Text-1582,Reasoning,Skeletal,A,Bilateral sacral extension along the middle transverse axis,Bilateral sacral extension along the superior transverse axis,True,B,text,-0.9740769863128662,-0.4740769863128662,0.377540667992942,0.6224593298742985,-0.5,,False,30,30,25,5,0.8333333333333334,0.16666666666666666,0.8333333333333334,0.16666666666666666,12.124999761596655,-10.50000011958764,18.5,636.0,0,excluded,letter bias: the same letter in both orders
medxpertqa:Text-1582:F-D:ba,Text-1582:F-D,ba,Text-1582,Reasoning,Skeletal,B,Bilateral sacral extension along the middle transverse axis,Bilateral sacral extension along the superior transverse axis,True,B,text,-1.5019290447235107,-0.25192904472351074,0.2227001469810028,0.77729988964086,1.25,,True,30,30,4,26,0.13333333333333333,0.8666666666666667,0.13333333333333333,0.8666666666666667,-10.249999881416443,-14.749999642372188,8.999999649982783,679.0,0,excluded,letter bias: the same letter in both orders
medxpertqa:Text-1582:F-E:ab,Text-1582:F-E,ab,Text-1582,Reasoning,Skeletal,A,Bilateral sacral extension along the middle transverse axis,Bilateral sacral rotation along the middle transverse axis,False,B,text,-6.251928806304932,-0.0019286142196506262,0.0019267342527389902,0.9980732443617326,-6.250000192085281,,False,30,30,22,8,0.7333333333333333,0.26666666666666666,0.7666666666666667,0.23333333333333334,4.750000041443855,-14.499999523162955,9.749999882489647,1167.5,0,helps,flips to correct
medxpertqa:Text-1582:F-E:ba,Text-1582:F-E,ba,Text-1582,Reasoning,Skeletal,B,Bilateral sacral extension along the middle transverse axis,Bilateral sacral rotation along the middle transverse axis,False,A,text,-0.023245446383953094,-3.773245334625244,0.9770226476651187,0.02297737289127478,-3.749999888241291,,False,30,30,22,8,0.7333333333333333,0.26666666666666666,0.7333333333333333,0.26666666666666666,3.875000107102096,-13.499999523163865,8.749999893334461,1277.0,0,helps,flips to correct
medxpertqa:Text-1582:F-G:ab,Text-1582:F-G,ab,Text-1582,Reasoning,Skeletal,A,Bilateral sacral extension along the middle transverse axis,Sacral base anterior with restriction along the superior transverse axis,False,B,text,-4.0181498527526855,-0.018149960786104202,0.017986211314027313,0.9820137577607906,-3.9999998919665813,,False,30,30,16,14,0.5333333333333333,0.4666666666666667,0.5333333333333333,0.4666666666666667,3.374999896623194,-9.250000243031536,8.250000034138793,1961.0,0,neutral,
medxpertqa:Text-1582:F-G:ba,Text-1582:F-G,ba,Text-1582,Reasoning,Skeletal,B,Bilateral sacral extension along the middle transverse axis,Sacral base anterior with restriction along the superior transverse axis,False,A,text,-0.01416344940662384,-4.264163494110107,0.9859363803758086,0.014063626520379485,-4.250000044703484,,False,30,30,18,12,0.6,0.4,0.6,0.4,2.3750000037252903,-16.249999880790718,7.749999973515514,1148.0,0,neutral,
medxpertqa:Text-1582:F-H:ab,Text-1582:F-H,ab,Text-1582,Reasoning,Skeletal,A,Bilateral sacral extension along the middle transverse axis,Bilateral sacral extension along the inferior transverse axis,True,B,text,-1.5019290447235107,-0.25192904472351074,0.2227001469810028,0.77729988964086,-1.25,,False,30,30,26,4,0.8666666666666667,0.13333333333333333,0.8666666666666667,0.13333333333333333,10.749999881023541,-8.749999893334461,13.749999880791279,800.0,0,excluded,letter bias: the same letter in both orders
medxpertqa:Text-1582:F-H:ba,Text-1582:F-H,ba,Text-1582,Reasoning,Skeletal,B,Bilateral sacral extension along the middle transverse axis,Bilateral sacral extension along the inferior transverse axis,True,B,text,-1.1368709802627563,-0.38687101006507874,0.32082130911852547,0.6791786964925157,0.7499999701976776,,True,30,30,13,17,0.43333333333333335,0.5666666666666667,0.43333333333333335,0.5666666666666667,-9.75000000262662,-14.999999642372188,10.249999881416443,813.0,0,excluded,letter bias: the same letter in both orders
medxpertqa:Text-1582:F-I:ab,Text-1582:F-I,ab,Text-1582,Reasoning,Skeletal,A,Bilateral sacral extension along the middle transverse axis,Bilateral sacral flexion along the superior transverse axis,False,B,text,-1.7014133930206299,-0.2014133334159851,0.18242550282051248,0.8175744308728488,-1.5000000596046448,,False,30,30,16,14,0.5333333333333333,0.4666666666666667,0.5333333333333333,0.4666666666666667,9.124999709649273,-11.250000357712452,14.00000011920963,856.5,0,neutral,
medxpertqa:Text-1582:F-I:ba,Text-1582:F-I,ba,Text-1582,Reasoning,Skeletal,B,Bilateral sacral extension along the middle transverse axis,Bilateral sacral flexion along the superior transverse axis,False,A,text,-0.38687101006507874,-1.1368709802627563,0.6791786964925157,0.32082130911852547,-0.7499999701976776,,False,30,30,6,24,0.2,0.8,0.2,0.8,-12.249999821199026,-16.499999880790718,6.749999969732016,799.5,0,hurts,more wrong
medxpertqa:Text-1582:F-J:ab,Text-1582:F-J,ab,Text-1582,Reasoning,Skeletal,A,Bilateral sacral extension along the middle transverse axis,Bilateral sacral flexion along the inferior transverse axis,False,B,text,-1.7014133930206299,-0.2014133334159851,0.18242550282051248,0.8175744308728488,-1.5000000596046448,,False,30,30,15,15,0.5,0.5,0.5,0.5,-0.12500008172355592,-9.250000243031536,15.24999976158145,806.5,0,neutral,
medxpertqa:Text-1582:F-J:ba,Text-1582:F-J,ba,Text-1582,Reasoning,Skeletal,B,Bilateral sacral extension along the middle transverse axis,Bilateral sacral flexion along the inferior transverse axis,False,A,text,-0.38687101006507874,-1.1368709802627563,0.6791786964925157,0.32082130911852547,-0.7499999701976776,,False,30,30,18,12,0.6,0.4,0.6,0.4,5.624999955762178,-15.999999880790718,10.000000358661055,992.0,0,neutral,
medxpertqa:Text-1593:C-A:ab,Text-1593:C-A,ab,Text-1593,Reasoning,Muscular,A,Left rotation on a right oblique axis,Bilateral sacral extension,False,A,text,-0.0019286142196506262,-6.251928806304932,0.9980732443617326,0.0019267342527389902,6.250000192085281,,True,30,30,30,0,1.0,0.0,1.0,0.0,15.624999821186083,9.249999885534635,19.75,1203.0,0,helps,more confident
medxpertqa:Text-1593:C-A:ba,Text-1593:C-A,ba,Text-1593,Reasoning,Muscular,B,Left rotation on a right oblique axis,Bilateral sacral extension,False,B,text,-7.000911235809326,-0.0009114163694903255,0.0009110514045295695,0.9990889988442552,6.999999819439836,,True,30,30,30,0,1.0,0.0,1.0,0.0,12.249999821199026,9.750000121006451,14.499999523162955,1266.5,0,helps,more confident
medxpertqa:Text-1593:C-B:ab,Text-1593:C-B,ab,Text-1593,Reasoning,Muscular,A,Left rotation on a right oblique axis,Right rotation on a right oblique axis,False,B,text,-4.0181498527526855,-0.018149960786104202,0.017986211314027313,0.9820137577607906,-3.9999998919665813,,False,30,30,2,28,0.06666666666666667,0.9333333333333333,0.06666666666666667,0.9333333333333333,-11.999999701998831,-14.25000035762804,7.99999993716483,1154.0,0,hurts,more wrong
medxpertqa:Text-1593:C-B:ba,Text-1593:C-B,ba,Text-1593,Reasoning,Muscular,B,Left rotation on a right oblique axis,Right rotation on a right oblique axis,False,A,text,-0.25192904472351074,-1.5019290447235107,0.77729988964086,0.2227001469810028,-1.25,,False,30,30,3,27,0.1,0.9,0.1,0.9,-10.750000238653229,-14.749999642372188,8.249999914958607,1857.0,0,hurts,more wrong
medxpertqa:Text-1593:C-D:ab,Text-1593:C-D,ab,Text-1593,Reasoning,Muscular,A,Left rotation on a right oblique axis,Right unilateral sacral extension,False,B,text,-1.31326162815094,-0.31326165795326233,0.26894143733631704,0.7310586002437232,-0.9999999701976776,,False,30,30,5,25,0.16666666666666666,0.8333333333333334,0.16666666666666666,0.8333333333333334,-8.250000034255208,-11.749999761612344,10.50000011958764,1728.0,0,hurts,more wrong
medxpertqa:Text-1593:C-D:ba,Text-1593:C-D,ba,Text-1593,Reasoning,Muscular,B,Left rotation on a right oblique axis,Right unilateral sacral extension,False,A,text,-0.6931471824645996,-0.6931471824645996,0.49999999904767284,0.49999999904767284,-0.0,,False,30,30,24,6,0.8,0.2,0.8,0.2,8.12499998563726,-10.999999523302904,11.999999523181941,1698.5,0,helps,flips to correct
medxpertqa:Text-1593:C-E:ab,Text-1593:C-E,ab,Text-1593,Reasoning,Muscular,A,Left rotation on a right oblique axis,Bilateral sacral flexion,False,A,text,-0.0031777145341038704,-5.753177642822266,0.9968273290569476,0.0031726831078774057,5.749999928288162,,True,30,30,30,0,1.0,0.0,1.0,0.0,14.31250035762804,10.750000238653229,18.5,2228.5,0,helps,more confident
medxpertqa:Text-1593:C-E:ba,Text-1593:C-E,ba,Text-1593,Reasoning,Muscular,B,Left rotation on a right oblique axis,Bilateral sacral flexion,False,B,text,-5.006715297698975,-0.006715348921716213,0.006692851264215723,0.9933071486460123,4.999999948777258,,True,30,30,30,0,1.0,0.0,1.0,0.0,11.749999761612344,6.999999824212864,14.00000011920963,1539.0,0,helps,more confident
medxpertqa:Text-1593:C-F:ab,Text-1593:C-F,ab,Text-1593,Reasoning,Muscular,A,Left rotation on a right oblique axis,Right rotation on a left oblique axis,False,B,text,-2.811967611312866,-0.06196761503815651,0.060086648833494447,0.9399133253553882,-2.7499999962747097,,False,30,30,2,28,0.06666666666666667,0.9333333333333333,0.06666666666666667,0.9333333333333333,-12.12499958278363,-14.999999642372188,7.2500000136788,1557.0,0,hurts,more wrong
medxpertqa:Text-1593:C-F:ba,Text-1593:C-F,ba,Text-1593,Reasoning,Muscular,B,Left rotation on a right oblique axis,Right rotation on a left oblique axis,False,A,text,-0.1602240949869156,-1.9102240800857544,0.8519528492100928,0.14804720844715558,-1.7499999850988388,,False,30,30,0,30,0.0,1.0,0.0,1.0,-14.00000011920963,-16.249999880790718,-9.999999881842086,1333.0,0,hurts,more wrong
medxpertqa:Text-1593:C-G:ab,Text-1593:C-G,ab,Text-1593,Reasoning,Muscular,A,Left rotation on a right oblique axis,Left unilateral sacral extension,False,A,text,-0.1602240949869156,-1.9102240800857544,0.8519528492100928,0.14804720844715558,1.7499999850988388,,True,30,30,23,7,0.7666666666666667,0.23333333333333334,0.7666666666666667,0.23333333333333334,11.250000357712452,-7.749999973515514,14.499999523162955,1496.0,0,helps,more confident
medxpertqa:Text-1593:C-G:ba,Text-1593:C-G,ba,Text-1593,Reasoning,Muscular,B,Left rotation on a right oblique axis,Left unilateral sacral extension,False,B,text,-5.2552337646484375,-0.005233753472566605,0.005220125868449866,0.9947799187523881,5.250000011175871,,True,30,30,29,1,0.9666666666666667,0.03333333333333333,0.9666666666666667,0.03333333333333333,11.999999523181941,-3.499999886378646,14.25000035762804,1416.5,0,helps,more confident
medxpertqa:Text-1593:C-H:ab,Text-1593:C-H,ab,Text-1593,Reasoning,Muscular,A,Left rotation on a right oblique axis,Left rotation on a left oblique axis,False,A,text,-0.06196761503815651,-2.811967611312866,0.9399133253553882,0.060086648833494447,2.7499999962747097,,True,30,30,24,6,0.8,0.2,0.8,0.2,10.999999761817435,-5.749999832129106,17.75,2735.5,0,helps,more confident
medxpertqa:Text-1593:C-H:ba,Text-1593:C-H,ba,Text-1593,Reasoning,Muscular,B,Left rotation on a right oblique axis,Left rotation on a left oblique axis,False,B,text,-2.1269280910491943,-0.12692804634571075,0.11920291248514252,0.8807970468833343,2.0000000447034836,,True,30,30,26,4,0.8666666666666667,0.13333333333333333,0.8666666666666667,0.13333333333333333,7.875000015395926,-6.25000021874439,14.999999642372188,2824.0,0,helps,more confident
medxpertqa:Text-1593:C-I:ab,Text-1593:C-I,ab,Text-1593,Reasoning,Muscular,A,Left rotation on a right oblique axis,Right unilateral sacral flexion,False,B,text,-2.1269280910491943,-0.12692804634571075,0.11920291248514252,0.8807970468833343,-2.0000000447034836,,False,30,30,3,27,0.1,0.9,0.1,0.9,-8.999999590385414,-11.999999523181941,9.250000004642061,1550.5,0,hurts,more wrong
medxpertqa:Text-1593:C-I:ba,Text-1593:C-I,ba,Text-1593,Reasoning,Muscular,B,Left rotation on a right oblique axis,Right unilateral sacral flexion,False,A,text,-0.4740769863128662,-0.9740769863128662,0.6224593298742985,0.377540667992942,-0.5,,False,30,30,21,9,0.7,0.3,0.7,0.3,6.750000208383426,-12.50000011921611,9.499999525964085,2049.0,0,helps,flips to correct
medxpertqa:Text-1593:C-J:ab,Text-1593:C-J,ab,Text-1593,Reasoning,Muscular,A,Left rotation on a right oblique axis,Left rotation on a transverse axis,False,A,text,-0.03804141283035278,-3.288041353225708,0.9626730730490257,0.037326888033261264,3.2499999403953552,,True,30,30,29,1,0.9666666666666667,0.03333333333333333,0.9666666666666667,0.03333333333333333,11.999999821207439,-9.499999525964085,15.999999880790718,2470.0,0,helps,more confident
medxpertqa:Text-1593:C-J:ba,Text-1593:C-J,ba,Text-1593,Reasoning,Muscular,B,Left rotation on a right oblique axis,Left rotation on a transverse axis,False,B,text,-3.0485873222351074,-0.04858732968568802,0.047425874568977164,0.9525741476724274,2.9999999925494194,,True,30,30,28,2,0.9333333333333333,0.06666666666666667,0.9333333333333333,0.06666666666666667,9.250000123931386,-4.4999998873099685,14.00000011920963,2774.5,0,helps,more confident
medxpertqa:Text-1603:B-A:ab,Text-1603:B-A,ab,Text-1603,Reasoning,Respiratory,A,Rupture of an emphysematous bleb,Acute right heart failure,False,A,text,-0.03804141283035278,-3.288041353225708,0.9626730730490257,0.037326888033261264,3.2499999403953552,,True,30,30,4,26,0.13333333333333333,0.8666666666666667,0.13333333333333333,0.8666666666666667,-6.999999819876393,-11.749999761612344,7.250000132829882,1644.0,0,hurts,flips to wrong
medxpertqa:Text-1603:B-A:ba,Text-1603:B-A,ba,Text-1603,Reasoning,Respiratory,B,Rupture of an emphysematous bleb,Acute right heart failure,False,B,text,-1.9102240800857544,-0.1602240949869156,0.14804720844715558,0.8519528492100928,1.7499999850988388,,True,30,30,17,13,0.5666666666666667,0.43333333333333335,0.5333333333333333,0.4666666666666667,4.875000020489097,-10.000000358661055,9.749999882489647,2388.0,0,neutral,
medxpertqa:Text-1603:B-C:ab,Text-1603:B-C,ab,Text-1603,Reasoning,Respiratory,A,Rupture of an emphysematous bleb,Tension pneumothorax,False,B,text,-3.773245334625244,-0.023245446383953094,0.02297737289127478,0.9770226476651187,-3.749999888241291,,False,30,30,12,18,0.4,0.6,0.4,0.6,-6.250000136962626,-10.000000239455403,6.250000193831511,2282.5,0,neutral,
medxpertqa:Text-1603:B-C:ba,Text-1603:B-C,ba,Text-1603,Reasoning,Respiratory,B,Rupture of an emphysematous bleb,Tension pneumothorax,False,A,text,-0.2014133334159851,-1.7014133930206299,0.8175744308728488,0.18242550282051248,-1.5000000596046448,,False,30,30,25,5,0.8333333333333334,0.16666666666666666,0.8333333333333334,0.16666666666666666,5.24999984074384,-9.500000360436388,8.000000056345016,2021.5,0,helps,flips to correct
medxpertqa:Text-1603:B-D:ab,Text-1603:B-D,ab,Text-1603,Reasoning,Respiratory,A,Rupture of an emphysematous bleb,Chemical pneumonitis from inhaled toxins,False,A,text,-0.03804141283035278,-3.288041353225708,0.9626730730490257,0.037326888033261264,3.2499999403953552,,True,30,30,30,0,1.0,0.0,1.0,0.0,10.50000011958764,6.500000176136382,12.250000000011369,2244.0,0,helps,more confident
medxpertqa:Text-1603:B-D:ba,Text-1603:B-D,ba,Text-1603,Reasoning,Respiratory,B,Rupture of an emphysematous bleb,Chemical pneumonitis from inhaled toxins,False,B,text,-3.773245334625244,-0.023245446383953094,0.02297737289127478,0.9770226476651187,3.749999888241291,,True,30,30,30,0,1.0,0.0,1.0,0.0,8.124999985651812,4.750000157393515,10.000000358661055,2115.0,0,helps,more confident
medxpertqa:Text-1603:B-E:ab,Text-1603:B-E,ab,Text-1603,Reasoning,Respiratory,A,Rupture of an emphysematous bleb,Methemoglobinemia from chemical exposure,False,A,text,-0.00020346954988781363,-8.500203132629395,0.9997965511486372,0.00020342704214340812,8.499999663079507,,True,30,30,30,0,1.0,0.0,1.0,0.0,15.124999701976819,10.874999880974428,18.5,1425.0,0,helps,more confident
medxpertqa:Text-1603:B-E:ba,Text-1603:B-E,ba,Text-1603,Reasoning,Respiratory,B,Rupture of an emphysematous bleb,Methemoglobinemia from chemical exposure,False,B,text,-4.511047840118408,-0.011047743260860443,0.010986941583869245,0.9890130589396958,4.500000096857548,,True,30,30,30,0,1.0,0.0,1.0,0.0,8.874999712061253,6.499999937368557,11.5000003576788,1755.5,0,helps,more confident
medxpertqa:Text-1603:B-F:ab,Text-1603:B-F,ab,Text-1603,Reasoning,Respiratory,A,Rupture of an emphysematous bleb,Acute exacerbation of underlying COPD,False,A,text,-0.0011701886542141438,-6.7511701583862305,0.9988304957495425,0.0011695103074966034,6.749999969732016,,True,30,30,24,6,0.8,0.2,0.8,0.2,12.000000178858272,-5.250000011175871,16.249999880790718,1588.5,0,helps,more confident
medxpertqa:Text-1603:B-F:ba,Text-1603:B-F,ba,Text-1603,Reasoning,Respiratory,B,Rupture of an emphysematous bleb,Acute exacerbation of underlying COPD,False,B,text,-7.000911235809326,-0.0009114163694903255,0.0009110514045295695,0.9990889988442552,6.999999819439836,,True,30,30,29,1,0.9666666666666667,0.03333333333333333,0.9333333333333333,0.06666666666666667,9.50000000320324,-4.749999790452421,12.750000000004093,1810.5,0,helps,more confident
medxpertqa:Text-1603:B-G:ab,Text-1603:B-G,ab,Text-1603,Reasoning,Respiratory,A,Rupture of an emphysematous bleb,Right-sided pulmonary embolism,False,B,text,-8.750158309936523,-0.00015841660206206143,0.0001584362410990077,0.9998415959451853,-8.749999893334461,,False,30,30,0,30,0.0,1.0,0.03333333333333333,0.9666666666666667,-12.750000000004093,-14.499999523162955,-7.499999920488335,1024.0,0,hurts,more wrong
medxpertqa:Text-1603:B-G:ba,Text-1603:B-G,ba,Text-1603,Reasoning,Respiratory,B,Rupture of an emphysematous bleb,Right-sided pulmonary embolism,False,A,text,-2.1457441107486375e-05,-10.750020980834961,0.9999785427891018,2.1444958378736654e-05,-10.749999523393853,,False,30,30,0,30,0.0,1.0,0.03333333333333333,0.9666666666666667,-14.624999582767572,-17.75,-9.374999526808097,1541.5,0,hurts,more wrong
medxpertqa:Text-1603:B-H:ab,Text-1603:B-H,ab,Text-1603,Reasoning,Respiratory,A,Rupture of an emphysematous bleb,Bronchial obstruction from mucus plugging,False,A,text,-1.7881377516459906e-06,-13.250001907348633,0.9999982118638471,1.7603429545652396e-06,13.250000119210881,,True,30,30,30,0,1.0,0.0,1.0,0.0,19.5625,14.00000011920963,21.625,1470.0,0,helps,more confident
medxpertqa:Text-1603:B-H:ba,Text-1603:B-H,ba,Text-1603,Reasoning,Respiratory,B,Rupture of an emphysematous bleb,Bronchial obstruction from mucus plugging,False,B,text,-13.000001907348633,-2.264974000354414e-06,2.2603250957489616e-06,0.9999977350285647,12.999999642374632,,True,30,30,30,0,1.0,0.0,0.7,0.2,13.624999701977572,11.250000238504981,15.49999976158145,1356.0,0,helps,more confident
medxpertqa:Text-1603:B-I:ab,Text-1603:B-I,ab,Text-1603,Reasoning,Respiratory,A,Rupture of an emphysematous bleb,Pulmonary edema secondary to decreased cardiac output,False,A,text,-0.00033539868309162557,-8.000335693359375,0.9996646575567589,0.0003353500342255387,8.000000294676283,,True,30,30,28,2,0.9333333333333333,0.06666666666666667,0.8666666666666667,0.13333333333333333,11.250000357712452,-5.000000070314854,15.24999976158145,2546.5,0,helps,more confident
medxpertqa:Text-1603:B-I:ba,Text-1603:B-I,ba,Text-1603,Reasoning,Respiratory,B,Rupture of an emphysematous bleb,Pulmonary edema secondary to decreased cardiac output,False,B,text,-5.504078388214111,-0.004078404977917671,0.004070137939983506,0.9959299004209012,5.499999983236194,,True,30,30,30,0,1.0,0.0,1.0,0.0,8.7499995357648,5.7500001734588295,10.7500003578607,2231.0,0,helps,more confident
medxpertqa:Text-1603:B-J:ab,Text-1603:B-J,ab,Text-1603,Reasoning,Respiratory,A,Rupture of an emphysematous bleb,Fe3+ hemoglobin in circulating red blood cells,False,A,text,-0.00020346954988781363,-8.500203132629395,0.9997965511486372,0.00020342704214340812,8.499999663079507,,True,30,30,30,0,1.0,0.0,1.0,0.0,15.999999880790718,11.624999523203769,18.125,1627.5,0,helps,more confident
medxpertqa:Text-1603:B-J:ba,Text-1603:B-J,ba,Text-1603,Reasoning,Respiratory,B,Rupture of an emphysematous bleb,Fe3+ hemoglobin in circulating red blood cells,False,B,text,-6.7511701583862305,-0.0011701886542141438,0.0011695103074966034,0.9988304957495425,6.749999969732016,,True,30,30,30,0,1.0,0.0,1.0,0.0,10.624999821490746,7.5000001532025635,12.50000011921611,1630.0,0,helps,more confident
medxpertqa:Text-1615:C-A:ab,Text-1615:C-A,ab,Text-1615,Reasoning,Skeletal,A,left innominate inflare,right innominate outflare,False,A,text,-0.2014133334159851,-1.7014133930206299,0.8175744308728488,0.18242550282051248,1.5000000596046448,,True,30,30,12,18,0.4,0.6,0.4,0.6,-6.250000033411197,-10.000000358661055,13.499999523163865,1943.5,0,neutral,
medxpertqa:Text-1615:C-A:ba,Text-1615:C-A,ba,Text-1615,Reasoning,Skeletal,B,left innominate inflare,right innominate outflare,False,B,text,-5.006715297698975,-0.006715348921716213,0.006692851264215723,0.9933071486460123,4.999999948777258,,True,30,30,22,8,0.7333333333333333,0.26666666666666666,0.6666666666666666,0.3333333333333333,9.37499958650369,-5.499999868683517,13.250000119210881,2312.0,0,neutral,
medxpertqa:Text-1615:C-B:ab,Text-1615:C-B,ab,Text-1615,Reasoning,Skeletal,A,left innominate inflare,left innominate outflare,False,B,text,-0.825939416885376,-0.575939416885376,0.43782350042481233,0.5621765025686553,-0.25,,False,30,30,15,15,0.5,0.5,0.5,0.5,1.1250000071886461,-14.00000011920963,14.749999642372188,1579.0,0,neutral,
medxpertqa:Text-1615:C-B:ba,Text-1615:C-B,ba,Text-1615,Reasoning,Skeletal,B,left innominate inflare,left innominate outflare,False,A,text,-0.01416344940662384,-4.264163494110107,0.9859363803758086,0.014063626520379485,-4.250000044703484,,False,30,30,12,18,0.4,0.6,0.4,0.6,-10.12500000106229,-15.749999880790718,8.499999663079507,1761.0,0,neutral,
medxpertqa:Text-1615:C-D:ab,Text-1615:C-D,ab,Text-1615,Reasoning,Skeletal,A,left innominate inflare,left posterior innominate rotation,False,B,text,-2.578889846801758,-0.07888974994421005,0.07585817148650026,0.9241418055144026,-2.5000000968575478,,False,30,30,1,29,0.03333333333333333,0.9666666666666667,0.03333333333333333,0.9666666666666667,-10.50000011958764,-14.499999523162955,8.000000175496098,1022.0,0,hurts,more wrong
medxpertqa:Text-1615:C-D:ba,Text-1615:C-D,ba,Text-1615,Reasoning,Skeletal,B,left innominate inflare,left posterior innominate rotation,False,A,text,-0.00033539868309162557,-8.000335693359375,0.9996646575567589,0.0003353500342255387,-8.000000294676283,,False,30,30,0,30,0.0,1.0,0.0,1.0,-17.25,-20.0,-14.749999642372188,930.0,0,hurts,more wrong
medxpertqa:Text-1615:C-E:ab,Text-1615:C-E,ab,Text-1615,Reasoning,Skeletal,A,left innominate inflare,piriformis syndrome,True,A,text,-0.005233753472566605,-5.2552337646484375,0.9947799187523881,0.005220125868449866,5.250000011175871,,True,30,30,27,3,0.9,0.1,0.9,0.1,10.374999940899215,-8.749999774154276,14.749999642372188,1439.5,0,excluded,letter bias: the same letter in both orders
medxpertqa:Text-1615:C-E:ba,Text-1615:C-E,ba,Text-1615,Reasoning,Skeletal,B,left innominate inflare,piriformis syndrome,True,A,text,-0.31326165795326233,-1.31326162815094,0.7310586002437232,0.26894143733631704,-0.9999999701976776,,False,30,30,30,0,1.0,0.0,1.0,0.0,7.875000134095899,5.499999864492565,11.5000003576788,911.5,0,excluded,letter bias: the same letter in both orders
medxpertqa:Text-1615:C-F:ab,Text-1615:C-F,ab,Text-1615,Reasoning,Skeletal,A,left innominate inflare,iliopsoas tendinitis,False,A,text,-0.03804141283035278,-3.288041353225708,0.9626730730490257,0.037326888033261264,3.2499999403953552,,True,30,30,14,16,0.4666666666666667,0.5333333333333333,0.4666666666666667,0.5333333333333333,-4.374999925727025,-8.749999893334461,11.999999523181941,1664.5,0,neutral,
medxpertqa:Text-1615:C-F:ba,Text-1615:C-F,ba,Text-1615,Reasoning,Skeletal,B,left innominate inflare,iliopsoas tendinitis,False,B,text,-1.31326162815094,-0.31326165795326233,0.26894143733631704,0.7310586002437232,0.9999999701976776,,True,30,30,26,4,0.8666666666666667,0.13333333333333333,0.8666666666666667,0.13333333333333333,6.374999886553269,-9.250000243031536,10.000000358661055,1525.0,0,helps,more confident
medxpertqa:Text-1615:C-G:ab,Text-1615:C-G,ab,Text-1615,Reasoning,Skeletal,A,left innominate inflare,left hip impingement syndrome,False,A,text,-0.008614521473646164,-4.758614540100098,0.9914224771982877,0.008577484930474293,4.7500000186264515,,True,30,30,9,21,0.3,0.7,0.3,0.7,-5.625000138417818,-10.000000358661055,13.250000119210881,1460.0,0,hurts,flips to wrong
medxpertqa:Text-1615:C-G:ba,Text-1615:C-G,ba,Text-1615,Reasoning,Skeletal,B,left innominate inflare,left hip impingement syndrome,False,B,text,-1.31326162815094,-0.31326165795326233,0.26894143733631704,0.7310586002437232,0.9999999701976776,,True,30,30,24,6,0.8,0.2,0.8,0.2,6.125000024272595,-8.999999649982783,10.249999881416443,1466.0,0,helps,more confident
medxpertqa:Text-1615:C-H:ab,Text-1615:C-H,ab,Text-1615,Reasoning,Skeletal,A,left innominate inflare,left innominate posterior rotation,False,B,text,-0.9740769863128662,-0.4740769863128662,0.377540667992942,0.6224593298742985,-0.5,,False,30,30,5,25,0.16666666666666666,0.8333333333333334,0.16666666666666666,0.8333333333333334,-9.749999882489647,-12.50000011921611,11.749999761612344,906.5,0,hurts,more wrong
medxpertqa:Text-1615:C-H:ba,Text-1615:C-H,ba,Text-1615,Reasoning,Skeletal,B,left innominate inflare,left innominate posterior rotation,False,A,text,-0.00015841660206206143,-8.750158309936523,0.9998415959451853,0.0001584362410990077,-8.749999893334461,,False,30,30,1,29,0.03333333333333333,0.9666666666666667,0.03333333333333333,0.9666666666666667,-17.75,-21.0,6.000000086612999,818.0,0,hurts,more wrong
medxpertqa:Text-1615:C-I:ab,Text-1615:C-I,ab,Text-1615,Reasoning,Skeletal,A,left innominate inflare,trochanteric bursitis,True,A,text,-0.2014133334159851,-1.7014133930206299,0.8175744308728488,0.18242550282051248,1.5000000596046448,,True,30,30,4,26,0.13333333333333333,0.8666666666666667,0.13333333333333333,0.8666666666666667,-8.625000016669219,-10.749999523393853,8.000000294676283,1621.5,0,excluded,letter bias: the same letter in both orders
medxpertqa:Text-1615:C-I:ba,Text-1615:C-I,ba,Text-1615,Reasoning,Skeletal,B,left innominate inflare,trochanteric bursitis,True,A,text,-0.4740769863128662,-0.9740769863128662,0.6224593298742985,0.377540667992942,-0.5,,False,30,30,22,8,0.7333333333333333,0.26666666666666666,0.7333333333333333,0.26666666666666666,4.375000195112079,-12.250000000011369,7.250000132829882,1841.5,0,excluded,letter bias: the same letter in both orders
medxpertqa:Text-1615:C-J:ab,Text-1615:C-J,ab,Text-1615,Reasoning,Skeletal,A,left innominate inflare,sacroiliac joint dysfunction,False,B,text,-6.501502513885498,-0.0015023384476080537,0.001501181950907551,0.9984987894978749,-6.50000017543789,,False,30,30,0,30,0.0,1.0,0.0,1.0,-12.37500005961374,-15.49999976158145,-10.000000358661055,708.0,0,hurts,more wrong
medxpertqa:Text-1615:C-J:ba,Text-1615:C-J,ba,Text-1615,Reasoning,Skeletal,B,left innominate inflare,sacroiliac joint dysfunction,False,A,text,-0.00015841660206206143,-8.750158309936523,0.9998415959451853,0.0001584362410990077,-8.749999893334461,,False,30,30,5,25,0.16666666666666666,0.8333333333333334,0.26666666666666666,0.7333333333333333,-12.312500238429266,-17.25,5.250000132247806,1415.5,0,hurts,more wrong
medxpertqa:Text-1687:F-A:ab,Text-1687:F-A,ab,Text-1687,Reasoning,Skeletal,A,left-on-right sacral torsion,left-on-left sacral torsion,False,A,text,-0.0031777145341038704,-5.753177642822266,0.9968273290569476,0.0031726831078774057,5.749999928288162,,True,30,30,30,0,1.0,0.0,1.0,0.0,16.875,12.750000000004093,19.5,866.0,0,helps,more confident
medxpertqa:Text-1687:F-A:ba,Text-1687:F-A,ba,Text-1687,Reasoning,Skeletal,B,left-on-right sacral torsion,left-on-left sacral torsion,False,B,text,-5.2552337646484375,-0.005233753472566605,0.005220125868449866,0.9947799187523881,5.250000011175871,,True,30,30,27,3,0.9,0.1,0.9,0.1,12.250000000011369,-8.000000294676283,14.499999523162955,1088.0,0,helps,more confident
medxpertqa:Text-1687:F-B:ab,Text-1687:F-B,ab,Text-1687,Reasoning,Skeletal,A,left-on-right sacral torsion,right-on-left sacral torsion,True,A,text,-0.6931471824645996,-0.6931471824645996,0.49999999904767284,0.49999999904767284,0.0,,True,30,30,15,15,0.5,0.5,0.5,0.5,-0.9999997233899194,-12.750000000004093,11.5000003576788,1202.0,0,excluded,letter bias: the same letter in both orders
medxpertqa:Text-1687:F-B:ba,Text-1687:F-B,ba,Text-1687,Reasoning,Skeletal,B,left-on-right sacral torsion,right-on-left sacral torsion,True,A,text,-0.6931471824645996,-0.6931471824645996,0.49999999904767284,0.49999999904767284,-0.0,,False,30,30,2,28,0.06666666666666667,0.9333333333333333,0.06666666666666667,0.9333333333333333,-10.000000358661055,-12.750000000004093,10.749999523393853,1144.5,0,excluded,letter bias: the same letter in both orders
medxpertqa:Text-1687:F-C:ab,Text-1687:F-C,ab,Text-1687,Reasoning,Skeletal,A,left-on-right sacral torsion,bilateral sacral flexion,False,A,text,-1.0132738680113107e-05,-11.50001049041748,0.9999898673126559,1.0129987330277146e-05,11.5000003576788,,True,30,30,30,0,1.0,0.0,1.0,0.0,19.5,16.249999880790718,22.5,788.0,0,helps,more confident
medxpertqa:Text-1687:F-C:ba,Text-1687:F-C,ba,Text-1687,Reasoning,Skeletal,B,left-on-right sacral torsion,bilateral sacral flexion,False,B,text,-9.000123023986816,-0.00012337400403339416,0.0001233946226544279,0.999876633606226,8.999999649982783,,True,30,30,30,0,1.0,0.0,1.0,0.0,12.874999821189363,10.249999881416443,14.749999642372188,692.0,0,helps,more confident
medxpertqa:Text-1687:F-D:ab,Text-1687:F-D,ab,Text-1687,Reasoning,Skeletal,A,left-on-right sacral torsion,unilateral sacral flexion on the right,False,A,text,-0.018149960786104202,-4.0181498527526855,0.9820137577607906,0.017986211314027313,3.9999998919665813,,True,30,30,30,0,1.0,0.0,1.0,0.0,13.124999880792757,8.000000294676283,15.24999976158145,802.5,0,helps,more confident
medxpertqa:Text-1687:F-D:ba,Text-1687:F-D,ba,Text-1687,Reasoning,Skeletal,B,left-on-right sacral torsion,unilateral sacral flexion on the right,False,B,text,-5.504078388214111,-0.004078404977917671,0.004070137939983506,0.9959299004209012,5.499999983236194,,True,30,30,30,0,1.0,0.0,1.0,0.0,11.625000059645572,9.74999964408562,14.999999642372188,713.5,0,helps,more confident
medxpertqa:Text-1687:F-E:ab,Text-1687:F-E,ab,Text-1687,Reasoning,Skeletal,A,left-on-right sacral torsion,unilateral sacral extension on the left,False,A,text,-0.008614521473646164,-4.758614540100098,0.9914224771982877,0.008577484930474293,4.7500000186264515,,True,30,30,30,0,1.0,0.0,1.0,0.0,14.624999582767572,10.249999881416443,17.75,871.5,0,helps,more confident
medxpertqa:Text-1687:F-E:ba,Text-1687:F-E,ba,Text-1687,Reasoning,Skeletal,B,left-on-right sacral torsion,unilateral sacral extension on the left,False,B,text,-6.7511701583862305,-0.0011701886542141438,0.0011695103074966034,0.9988304957495425,6.749999969732016,,True,30,30,30,0,1.0,0.0,1.0,0.0,12.250000000011369,8.500000140003976,14.999999642372188,716.5,0,helps,more confident
medxpertqa:Text-1687:F-G:ab,Text-1687:F-G,ab,Text-1687,Reasoning,Skeletal,A,left-on-right sacral torsion,bilateral sacral extension,False,A,text,-1.7881377516459906e-06,-13.250001907348633,0.9999982118638471,1.7603429545652396e-06,13.250000119210881,,True,30,30,30,0,1.0,0.0,1.0,0.0,21.625,17.75,24.5,669.0,0,helps,more confident
medxpertqa:Text-1687:F-G:ba,Text-1687:F-G,ba,Text-1687,Reasoning,Skeletal,B,left-on-right sacral torsion,bilateral sacral extension,False,B,text,-11.000016212463379,-1.6689160474925302e-05,1.670143001672819e-05,0.9999833109787883,10.999999523302904,,True,30,30,30,0,1.0,0.0,1.0,0.0,14.00000011920963,11.749999761612344,17.0,731.5,0,helps,more confident
medxpertqa:Text-1687:F-H:ab,Text-1687:F-H,ab,Text-1687,Reasoning,Skeletal,A,left-on-right sacral torsion,sacral shear dysfunction on the right,False,A,text,-0.011047743260860443,-4.511047840118408,0.9890130589396958,0.010986941583869245,4.500000096857548,,True,30,30,30,0,1.0,0.0,1.0,0.0,12.749999880795372,9.749999882489647,16.75,831.0,0,helps,more confident
medxpertqa:Text-1687:F-H:ba,Text-1687:F-H,ba,Text-1687,Reasoning,Skeletal,B,left-on-right sacral torsion,sacral shear dysfunction on the right,False,B,text,-3.529750347137451,-0.029750416055321693,0.029312232836486894,0.9706877714009485,3.4999999310821295,,True,30,30,30,0,1.0,0.0,1.0,0.0,10.874999523348379,8.250000034138793,14.25000035762804,636.5,0,helps,more confident
medxpertqa:Text-1687:F-I:ab,Text-1687:F-I,ab,Text-1687,Reasoning,Skeletal,A,left-on-right sacral torsion,anterior sacral base dysfunction,False,A,text,-0.00026127262390218675,-8.250261306762695,0.9997387615048174,0.0002611902975925828,8.250000034138793,,True,30,30,30,0,1.0,0.0,1.0,0.0,19.0,12.750000000004093,22.5,613.0,0,helps,more confident
medxpertqa:Text-1687:F-I:ba,Text-1687:F-I,ba,Text-1687,Reasoning,Skeletal,B,left-on-right sacral torsion,anterior sacral base dysfunction,False,B,text,-8.500203132629395,-0.00020346954988781363,0.00020342704214340812,0.9997965511486372,8.499999663079507,,True,30,30,30,0,1.0,0.0,1.0,0.0,14.374999940395497,10.999999523302904,16.75,706.0,0,helps,more confident
medxpertqa:Text-1687:F-J:ab,Text-1687:F-J,ab,Text-1687,Reasoning,Skeletal,A,left-on-right sacral torsion,right-on-right sacral torsion,False,A,text,-0.004078404977917671,-5.504078388214111,0.9959299004209012,0.004070137939983506,5.499999983236194,,True,30,30,22,8,0.7333333333333333,0.26666666666666666,0.7333333333333333,0.26666666666666666,14.999999642372188,-10.999999523302904,19.75,1128.0,0,helps,more confident
medxpertqa:Text-1687:F-J:ba,Text-1687:F-J,ba,Text-1687,Reasoning,Skeletal,B,left-on-right sacral torsion,right-on-right sacral torsion,False,B,text,-1.31326162815094,-0.31326165795326233,0.26894143733631704,0.7310586002437232,0.9999999701976776,,True,30,30,10,20,0.3333333333333333,0.6666666666666666,0.3333333333333333,0.6666666666666666,-9.000000008592906,-12.750000000004093,11.749999761612344,1369.0,0,neutral,
medxpertqa:Text-1739:E-A:ab,Text-1739:E-A,ab,Text-1739,Reasoning,Skeletal,A,Spinal epidural abscess,Psychogenic pain disorder,False,A,text,0.0,-21.0,1.0,7.582560427911907e-10,21.0,,True,30,30,30,0,1.0,0.0,0.9333333333333333,0.06666666666666667,24.0625,20.375,26.75,770.5,0,helps,more confident
medxpertqa:Text-1739:E-A:ba,Text-1739:E-A,ba,Text-1739,Reasoning,Skeletal,B,Spinal epidural abscess,Psychogenic pain disorder,False,B,text,-16.25,-1.1920928244535389e-07,8.764248219443636e-08,0.9999998807907247,16.249999880790718,,True,30,30,30,0,1.0,0.0,0.9666666666666667,0.0,17.875,16.249999880790718,20.5,708.0,0,helps,more confident
medxpertqa:Text-1739:E-B:ab,Text-1739:E-B,ab,Text-1739,Reasoning,Skeletal,A,Spinal epidural abscess,Musculoskeletal strain,False,A,text,0.0,-23.75,1.0,4.8473687062702556e-11,23.75,,True,30,30,30,0,1.0,0.0,0.8666666666666667,0.13333333333333333,25.25,22.875,28.75,738.5,0,helps,more confident
medxpertqa:Text-1739:E-B:ba,Text-1739:E-B,ba,Text-1739,Reasoning,Skeletal,B,Spinal epidural abscess,Musculoskeletal strain,False,B,text,-15.75,-1.1920928244535389e-07,1.4449802461092448e-07,0.9999998807907247,15.749999880790718,,True,30,30,30,0,1.0,0.0,0.8,0.16666666666666666,16.499999880790718,14.749999642372188,19.75,758.5,0,helps,more confident
medxpertqa:Text-1739:E-C:ab,Text-1739:E-C,ab,Text-1739,Reasoning,Skeletal,A,Spinal epidural abscess,Malingering,False,A,text,-2.264974000354414e-06,-13.000001907348633,0.9999977350285647,2.2603250957489616e-06,12.999999642374632,,True,30,30,16,14,0.5333333333333333,0.4666666666666667,0.2,0.7333333333333333,9.312500184589226,-6.249999835155904,15.749999880790718,1706.5,0,neutral,
medxpertqa:Text-1739:E-C:ba,Text-1739:E-C,ba,Text-1739,Reasoning,Skeletal,B,Spinal epidural abscess,Malingering,False,B,text,-10.500027656555176,-2.753696753643453e-05,2.7535687796947383e-05,0.9999724634116024,10.50000011958764,,True,30,30,30,0,1.0,0.0,1.0,0.0,13.749999880791279,10.999999523302904,16.499999880790718,885.5,0,helps,more confident
medxpertqa:Text-1739:E-D:ab,Text-1739:E-D,ab,Text-1739,Reasoning,Skeletal,A,Spinal epidural abscess,Acute osteomyelitis,True,A,text,-0.0011701886542141438,-6.7511701583862305,0.9988304957495425,0.0011695103074966034,6.749999969732016,,True,30,30,14,16,0.4666666666666667,0.5333333333333333,0.4,0.6,-1.6249999925494194,-7.249999894585926,13.499999523163865,2221.0,0,excluded,letter bias: the same letter in both orders
medxpertqa:Text-1739:E-D:ba,Text-1739:E-D,ba,Text-1739,Reasoning,Skeletal,B,Spinal epidural abscess,Acute osteomyelitis,True,A,text,-0.31326165795326233,-1.31326162815094,0.7310586002437232,0.26894143733631704,-0.9999999701976776,,False,30,30,24,6,0.8,0.2,0.8,0.2,6.374999947962351,-8.250000034138793,8.999999530788045,2223.5,0,excluded,letter bias: the same letter in both orders
medxpertqa:Text-1739:E-F:ab,Text-1739:E-F,ab,Text-1739,Reasoning,Skeletal,A,Spinal epidural abscess,Septic arthritis,False,A,text,0.0,-16.75,1.0,5.3157852544244216e-08,16.75,,True,30,30,30,0,1.0,0.0,1.0,0.0,22.25,19.25,23.75,821.5,0,helps,more confident
medxpertqa:Text-1739:E-F:ba,Text-1739:E-F,ba,Text-1739,Reasoning,Skeletal,B,Spinal epidural abscess,Septic arthritis,False,B,text,-5.2552337646484375,-0.005233753472566605,0.005220125868449866,0.9947799187523881,5.250000011175871,,True,30,30,30,0,1.0,0.0,1.0,0.0,12.37500005961374,10.249999881416443,15.49999976158145,918.5,0,helps,more confident
medxpertqa:Text-1739:E-G:ab,Text-1739:E-G,ab,Text-1739,Reasoning,Skeletal,A,Spinal epidural abscess,Drug-seeking behavior,False,A,text,0.0,-18.5,1.0,9.237449661970594e-09,18.5,,True,30,30,29,1,0.9666666666666667,0.03333333333333333,0.23333333333333334,0.7333333333333333,16.9375,-0.5000000298023224,23.0,1298.5,0,neutral,
medxpertqa:Text-1739:E-G:ba,Text-1739:E-G,ba,Text-1739,Reasoning,Skeletal,B,Spinal epidural abscess,Drug-seeking behavior,False,B,text,-12.250004768371582,-4.768360213347478e-06,4.78509457496562e-06,0.9999952316511552,12.250000000011369,,True,30,30,30,0,1.0,0.0,0.9333333333333333,0.03333333333333333,14.00000011920963,11.250000357712452,16.499999880790718,894.5,0,helps,more confident
medxpertqa:Text-1739:E-H:ab,Text-1739:E-H,ab,Text-1739,Reasoning,Skeletal,A,Spinal epidural abscess,Factitious disorder,False,A,text,-0.00012337400403339416,-9.000123023986816,0.999876633606226,0.0001233946226544279,8.999999649982783,,True,30,30,10,20,0.3333333333333333,0.6666666666666666,0.23333333333333334,0.7666666666666667,-2.3750000782310963,-7.249999776482582,13.749999880791279,1732.5,0,neutral,
medxpertqa:Text-1739:E-H:ba,Text-1739:E-H,ba,Text-1739,Reasoning,Skeletal,B,Spinal epidural abscess,Factitious disorder,False,B,text,-9.250096321105957,-9.60780744208023e-05,9.610239492660866e-05,0.9999039265409296,9.250000243031536,,True,30,30,30,0,1.0,0.0,1.0,0.0,12.50000011921611,10.12500035845369,14.999999642372188,1013.0,0,helps,more confident
medxpertqa:Text-1739:E-I:ab,Text-1739:E-I,ab,Text-1739,Reasoning,Skeletal,A,Spinal epidural abscess,Spinal epidural hematoma,False,A,text,0.0,-18.5,1.0,9.237449661970594e-09,18.5,,True,30,30,30,0,1.0,0.0,1.0,0.0,24.125,22.0,26.5,820.5,0,helps,more confident
medxpertqa:Text-1739:E-I:ba,Text-1739:E-I,ba,Text-1739,Reasoning,Skeletal,B,Spinal epidural abscess,Spinal epidural hematoma,False,B,text,-10.250035285949707,-3.540453326422721e-05,3.535625324942473e-05,0.9999645960934689,10.249999881416443,,True,30,30,30,0,1.0,0.0,1.0,0.0,14.874999642372188,12.50000011921611,18.25,815.0,0,helps,more confident
medxpertqa:Text-1739:E-J:ab,Text-1739:E-J,ab,Text-1739,Reasoning,Skeletal,A,Spinal epidural abscess,Acute disc herniation,False,A,text,0.0,-21.75,1.0,3.581747930283181e-10,21.75,,True,30,30,30,0,1.0,0.0,1.0,0.0,25.75,23.625,29.25,694.0,0,helps,more confident
medxpertqa:Text-1739:E-J:ba,Text-1739:E-J,ba,Text-1739,Reasoning,Skeletal,B,Spinal epidural abscess,Acute disc herniation,False,B,text,-15.5,-2.3841855067985307e-07,1.8553913626159784e-07,0.9999997615814777,15.49999976158145,,True,30,30,30,0,1.0,0.0,1.0,0.0,18.25,15.999999880790718,20.25,702.5,0,helps,more confident
medxpertqa:Text-1783:F-A:ab,Text-1783:F-A,ab,Text-1783,Reasoning,Digestive,A,Hepatitis D virus infection,Acute hepatitis A virus infection,False,A,text,-0.6931471824645996,-0.6931471824645996,0.49999999904767284,0.49999999904767284,0.0,,True,30,23,18,5,0.6,0.16666666666666666,0.6,0.16666666666666666,6.249999847030267,-5.624999798834324,11.499999761638719,2217.0,7,neutral,
medxpertqa:Text-1783:F-A:ba,Text-1783:F-A,ba,Text-1783,Reasoning,Digestive,B,Hepatitis D virus infection,Acute hepatitis A virus infection,False,B,text,-1.7014133930206299,-0.2014133334159851,0.18242550282051248,0.8175744308728488,1.5000000596046448,,True,30,30,30,0,1.0,0.0,1.0,0.0,7.125000036903657,5.00000013737008,10.000000358748366,1684.5,0,helps,more confident
medxpertqa:Text-1783:F-B:ab,Text-1783:F-B,ab,Text-1783,Reasoning,Digestive,A,Hepatitis D virus infection,Chronic hepatitis B virus exacerbation,False,B,text,-6.7511701583862305,-0.0011701886542141438,0.0011695103074966034,0.9988304957495425,-6.749999969732016,,False,30,30,0,30,0.0,1.0,0.0,1.0,-12.874999821189363,-18.25,-10.749999523393853,852.5,0,hurts,more wrong
medxpertqa:Text-1783:F-B:ba,Text-1783:F-B,ba,Text-1783,Reasoning,Digestive,B,Hepatitis D virus infection,Chronic hepatitis B virus exacerbation,False,A,text,-0.011047743260860443,-4.511047840118408,0.9890130589396958,0.010986941583869245,-4.500000096857548,,False,30,30,0,30,0.0,1.0,0.0,1.0,-13.374999821187373,-15.749999880790718,-10.50000011958764,1061.5,0,hurts,more wrong
medxpertqa:Text-1783:F-C:ab,Text-1783:F-C,ab,Text-1783,Reasoning,Digestive,A,Hepatitis D virus infection,Acute hepatitis C virus infection,False,A,text,-0.029750416055321693,-3.529750347137451,0.9706877714009485,0.029312232836486894,3.4999999310821295,,True,30,30,30,0,1.0,0.0,1.0,0.0,9.124999827563443,5.2499998160637915,13.499999523163865,1692.0,0,helps,more confident
medxpertqa:Text-1783:F-C:ba,Text-1783:F-C,ba,Text-1783,Reasoning,Digestive,B,Hepatitis D virus infection,Acute hepatitis C virus infection,False,B,text,-0.825939416885376,-0.575939416885376,0.43782350042481233,0.5621765025686553,0.25,,True,30,30,30,0,1.0,0.0,1.0,0.0,7.624999944790034,4.999999955296516,9.500000002837623,1379.5,0,helps,more confident
medxpertqa:Text-1783:F-D:ab,Text-1783:F-D,ab,Text-1783,Reasoning,Digestive,A,Hepatitis D virus infection,Alcoholic hepatitis,False,B,text,-7.750430583953857,-0.0004306104383431375,0.0004305571096741222,0.9995694822610254,-7.749999973515514,,False,30,30,0,30,0.0,1.0,0.0,1.0,-11.749999761612344,-13.499999523163865,-10.249999881416443,1019.5,0,hurts,more wrong
medxpertqa:Text-1783:F-D:ba,Text-1783:F-D,ba,Text-1783,Reasoning,Digestive,B,Hepatitis D virus infection,Alcoholic hepatitis,False,A,text,-8.344646857949556e-07,-14.000000953674316,0.9999991655356624,8.315279260963632e-07,-14.00000011920963,,False,30,30,0,30,0.0,1.0,0.06666666666666667,0.9333333333333333,-17.3125,-19.75,-12.000000119230663,1032.0,0,hurts,more wrong
medxpertqa:Text-1783:F-E:ab,Text-1783:F-E,ab,Text-1783,Reasoning,Digestive,A,Hepatitis D virus infection,Hepatitis B virus reactivation,False,B,text,-8.000335693359375,-0.00033539868309162557,0.0003353500342255387,0.9996646575567589,-8.000000294676283,,False,30,30,0,30,0.0,1.0,0.0,1.0,-12.750000000004093,-14.499999523162955,-10.749999523393853,896.0,0,hurts,more wrong
medxpertqa:Text-1783:F-E:ba,Text-1783:F-E,ba,Text-1783,Reasoning,Digestive,B,Hepatitis D virus infection,Hepatitis B virus reactivation,False,A,text,-1.6689160474925302e-05,-11.000016212463379,0.9999833109787883,1.670143001672819e-05,-10.999999523302904,,False,30,30,0,30,0.0,1.0,0.0,1.0,-15.999999880790718,-19.0,-12.750000000004093,1003.0,0,hurts,more wrong
medxpertqa:Text-1783:F-G:ab,Text-1783:F-G,ab,Text-1783,Reasoning,Digestive,A,Hepatitis D virus infection,Drug-induced liver injury,False,B,text,-6.002475738525391,-0.0024756519123911858,0.002472623024627213,0.9975274099865513,-6.000000086612999,,False,30,30,0,30,0.0,1.0,0.0,1.0,-10.375000119737706,-12.750000000004093,-7.5000001532025635,1649.5,0,hurts,more wrong
medxpertqa:Text-1783:F-G:ba,Text-1783:F-G,ba,Text-1783,Reasoning,Digestive,B,Hepatitis D virus infection,Drug-induced liver injury,False,A,text,-0.0031777145341038704,-5.753177642822266,0.9968273290569476,0.0031726831078774057,-5.749999928288162,,False,30,30,0,30,0.0,1.0,0.03333333333333333,0.9666666666666667,-9.312499825322448,-12.000000357647878,-5.000000201165676,1857.0,0,hurts,more wrong
medxpertqa:Text-1783:F-H:ab,Text-1783:F-H,ab,Text-1783,Reasoning,Digestive,A,Hepatitis D virus infection,Nonalcoholic steatohepatitis,False,A,text,-7.867782187531702e-06,-11.750007629394531,0.9999921322487634,7.88926463665814e-06,11.749999761612344,,True,30,30,10,20,0.3333333333333333,0.6666666666666666,0.03333333333333333,0.9666666666666667,-1.6250000521540642,-5.499999819789082,12.62500035764242,2820.0,0,neutral,
medxpertqa:Text-1783:F-H:ba,Text-1783:F-H,ba,Text-1783,Reasoning,Digestive,B,Hepatitis D virus infection,Nonalcoholic steatohepatitis,False,B,text,-2.811967611312866,-0.06196761503815651,0.060086648833494447,0.9399133253553882,2.7499999962747097,,True,30,30,22,8,0.7333333333333333,0.26666666666666666,0.7,0.3,5.937499995692633,-7.375000205880497,9.875000240266672,2778.0,0,helps,more confident
medxpertqa:Text-1783:F-I:ab,Text-1783:F-I,ab,Text-1783,Reasoning,Digestive,A,Hepatitis D virus infection,Autoimmune hepatitis,False,A,text,-0.0007098776986822486,-7.2507100105285645,0.9992903742048809,0.00070967033651176,7.250000132829882,,True,30,30,15,15,0.5,0.5,0.4,0.6,-0.2500000298023224,-4.499999814666808,11.375000357712452,2725.5,0,neutral,
medxpertqa:Text-1783:F-I:ba,Text-1783:F-I,ba,Text-1783,Reasoning,Digestive,B,Hepatitis D virus infection,Autoimmune hepatitis,False,B,text,-2.811967611312866,-0.06196761503815651,0.060086648833494447,0.9399133253553882,2.7499999962747097,,True,30,30,29,1,0.9666666666666667,0.03333333333333333,0.9666666666666667,0.03333333333333333,7.000000063068001,-4.999999986961484,9.000000365267624,2406.5,0,helps,more confident
medxpertqa:Text-1783:F-J:ab,Text-1783:F-J,ab,Text-1783,Reasoning,Digestive,A,Hepatitis D virus infection,Wilson disease,False,A,text,-0.00033539868309162557,-8.000335693359375,0.9996646575567589,0.0003353500342255387,8.000000294676283,,True,30,30,29,1,0.9666666666666667,0.03333333333333333,0.8666666666666667,0.13333333333333333,11.000000059751073,-4.250000096857548,13.874999880791279,2173.0,0,helps,more confident
medxpertqa:Text-1783:F-J:ba,Text-1783:F-J,ba,Text-1783,Reasoning,Digestive,B,Hepatitis D virus infection,Wilson disease,False,B,text,-5.504078388214111,-0.004078404977917671,0.004070137939983506,0.9959299004209012,5.499999983236194,,True,30,30,30,0,1.0,0.0,1.0,0.0,9.249999766288965,7.499999795516487,11.749999642403964,1601.0,0,helps,more confident
medxpertqa:Text-1788:C-A:ab,Text-1788:C-A,ab,Text-1788,Reasoning,Urinary,A,Microscopic polyangiitis,Membranoproliferative glomerulonephritis,False,A,text,-0.4740769863128662,-0.9740769863128662,0.6224593298742985,0.377540667992942,0.5,,True,30,30,22,8,0.7333333333333333,0.26666666666666666,0.7333333333333333,0.26666666666666666,9.250000189742423,-7.749999854568159,14.00000011920963,1450.5,0,helps,more confident
medxpertqa:Text-1788:C-A:ba,Text-1788:C-A,ba,Text-1788,Reasoning,Urinary,B,Microscopic polyangiitis,Membranoproliferative glomerulonephritis,False,B,text,-2.578889846801758,-0.07888974994421005,0.07585817148650026,0.9241418055144026,2.5000000968575478,,True,30,30,23,7,0.7666666666666667,0.23333333333333334,0.7666666666666667,0.23333333333333334,8.124999926047167,-10.50000011958764,14.749999642372188,1386.5,0,helps,more confident
medxpertqa:Text-1788:C-B:ab,Text-1788:C-B,ab,Text-1788,Reasoning,Urinary,A,Microscopic polyangiitis,Diffuse membranous glomerulopathy,False,A,text,-0.06196761503815651,-2.811967611312866,0.9399133253553882,0.060086648833494447,2.7499999962747097,,True,30,30,30,0,1.0,0.0,1.0,0.0,12.625000000005684,6.8749998258426785,16.499999880790718,1112.5,0,helps,more confident
medxpertqa:Text-1788:C-B:ba,Text-1788:C-B,ba,Text-1788,Reasoning,Urinary,B,Microscopic polyangiitis,Diffuse membranous glomerulopathy,False,B,text,-3.0485873222351074,-0.04858732968568802,0.047425874568977164,0.9525741476724274,2.9999999925494194,,True,30,30,29,1,0.9666666666666667,0.03333333333333333,0.9666666666666667,0.03333333333333333,8.749999893334461,-7.749999854364432,12.250000000011369,1162.0,0,helps,more confident
medxpertqa:Text-1788:C-D:ab,Text-1788:C-D,ab,Text-1788,Reasoning,Urinary,A,Microscopic polyangiitis,Acute poststreptococcal glomerulonephritis,False,A,text,-0.0004306104383431375,-7.750430583953857,0.9995694822610254,0.0004305571096741222,7.749999973515514,,True,30,30,27,3,0.9,0.1,0.9,0.1,10.874999940581802,-7.000000058033038,16.499999880790718,1250.0,0,helps,more confident
medxpertqa:Text-1788:C-D:ba,Text-1788:C-D,ba,Text-1788,Reasoning,Urinary,B,Microscopic polyangiitis,Acute poststreptococcal glomerulonephritis,False,B,text,-8.750158309936523,-0.00015841660206206143,0.0001584362410990077,0.9998415959451853,8.749999893334461,,True,30,30,29,1,0.9666666666666667,0.03333333333333333,0.5666666666666667,0.3333333333333333,9.250000243031536,-6.749999969732016,13.749999880791279,1007.5,0,neutral,
medxpertqa:Text-1788:C-E:ab,Text-1788:C-E,ab,Text-1788,Reasoning,Urinary,A,Microscopic polyangiitis,Granulomatosis with polyangiitis,False,A,text,-0.00015841660206206143,-8.750158309936523,0.9998415959451853,0.0001584362410990077,8.749999893334461,,True,30,30,29,1,0.9666666666666667,0.03333333333333333,0.9666666666666667,0.03333333333333333,19.0,-3.500000087544322,24.0,783.0,0,helps,more confident
medxpertqa:Text-1788:C-E:ba,Text-1788:C-E,ba,Text-1788,Reasoning,Urinary,B,Microscopic polyangiitis,Granulomatosis with polyangiitis,False,B,text,-4.511047840118408,-0.011047743260860443,0.010986941583869245,0.9890130589396958,4.500000096857548,,True,30,30,25,5,0.8333333333333334,0.16666666666666666,0.8333333333333334,0.16666666666666666,8.249999795778422,-10.000000358661055,11.749999761612344,1481.5,0,helps,more confident
medxpertqa:Text-1788:C-F:ab,Text-1788:C-F,ab,Text-1788,Reasoning,Urinary,A,Microscopic polyangiitis,Membranous nephropathy,False,A,text,-0.00020346954988781363,-8.500203132629395,0.9997965511486372,0.00020342704214340812,8.499999663079507,,True,30,30,30,0,1.0,0.0,1.0,0.0,18.0,13.250000119210881,22.25,703.0,0,helps,more confident
medxpertqa:Text-1788:C-F:ba,Text-1788:C-F,ba,Text-1788,Reasoning,Urinary,B,Microscopic polyangiitis,Membranous nephropathy,False,B,text,-9.250096321105957,-9.60780744208023e-05,9.610239492660866e-05,0.9999039265409296,9.250000243031536,,True,30,30,30,0,1.0,0.0,0.9,0.1,12.37500005961374,8.749999893334461,14.999999642372188,686.0,0,helps,more confident
medxpertqa:Text-1788:C-G:ab,Text-1788:C-G,ab,Text-1788,Reasoning,Urinary,A,Microscopic polyangiitis,Goodpasture syndrome,True,B,text,-3.288041353225708,-0.03804141283035278,0.037326888033261264,0.9626730730490257,-3.2499999403953552,,False,30,30,10,20,0.3333333333333333,0.6666666666666666,0.3333333333333333,0.6666666666666666,-7.374999845371349,-11.5000003576788,9.749999882489647,1903.5,0,excluded,letter bias: the same letter in both orders
medxpertqa:Text-1788:C-G:ba,Text-1788:C-G,ba,Text-1788,Reasoning,Urinary,B,Microscopic polyangiitis,Goodpasture syndrome,True,B,text,-3.0485873222351074,-0.04858732968568802,0.047425874568977164,0.9525741476724274,2.9999999925494194,,True,30,30,25,5,0.8333333333333334,0.16666666666666666,0.8333333333333334,0.16666666666666666,7.250000013707904,-10.249999881416443,10.749999523393853,1412.5,0,excluded,letter bias: the same letter in both orders
medxpertqa:Text-1788:C-H:ab,Text-1788:C-H,ab,Text-1788,Reasoning,Urinary,A,Microscopic polyangiitis,Lupus nephritis,False,A,text,-0.018149960786104202,-4.0181498527526855,0.9820137577607906,0.017986211314027313,3.9999998919665813,,True,30,30,30,0,1.0,0.0,1.0,0.0,15.124999701976819,10.625000357926183,19.0,828.5,0,helps,more confident
medxpertqa:Text-1788:C-H:ba,Text-1788:C-H,ba,Text-1788,Reasoning,Urinary,B,Microscopic polyangiitis,Lupus nephritis,False,B,text,-6.002475738525391,-0.0024756519123911858,0.002472623024627213,0.9975274099865513,6.000000086612999,,True,30,30,30,0,1.0,0.0,1.0,0.0,10.999999523302904,8.000000294676283,13.749999880791279,838.5,0,helps,more confident
medxpertqa:Text-1788:C-I:ab,Text-1788:C-I,ab,Text-1788,Reasoning,Urinary,A,Microscopic polyangiitis,Anti-glomerular basement membrane disease,False,A,text,-0.575939416885376,-0.825939416885376,0.5621765025686553,0.43782350042481233,0.25,,True,30,30,25,5,0.8333333333333334,0.16666666666666666,0.8333333333333334,0.16666666666666666,9.750000359548721,-8.250000034138793,13.499999523163865,1286.5,0,helps,more confident
medxpertqa:Text-1788:C-I:ba,Text-1788:C-I,ba,Text-1788,Reasoning,Urinary,B,Microscopic polyangiitis,Anti-glomerular basement membrane disease,False,B,text,-5.504078388214111,-0.004078404977917671,0.004070137939983506,0.9959299004209012,5.499999983236194,,True,30,30,30,0,1.0,0.0,1.0,0.0,9.749999882489647,5.999999969033524,12.50000011921611,1041.0,0,helps,more confident
medxpertqa:Text-1788:C-J:ab,Text-1788:C-J,ab,Text-1788,Reasoning,Urinary,A,Microscopic polyangiitis,Eosinophilic granulomatosis with polyangiitis,False,A,text,-0.0007098776986822486,-7.2507100105285645,0.9992903742048809,0.00070967033651176,7.250000132829882,,True,30,30,30,0,1.0,0.0,1.0,0.0,23.75,19.0,26.5,586.5,0,helps,more confident
medxpertqa:Text-1788:C-J:ba,Text-1788:C-J,ba,Text-1788,Reasoning,Urinary,B,Microscopic polyangiitis,Eosinophilic granulomatosis with polyangiitis,False,B,text,-4.0181498527526855,-0.018149960786104202,0.017986211314027313,0.9820137577607906,3.9999998919665813,,True,30,30,30,0,1.0,0.0,1.0,0.0,13.250000119210881,7.749999973515514,16.249999880790718,666.0,0,helps,more confident
medxpertqa:Text-1863:B-A:ab,Text-1863:B-A,ab,Text-1863,Reasoning,Digestive,A,Wilms tumor,Hydatid cyst,False,A,text,-1.6689160474925302e-05,-11.000016212463379,0.9999833109787883,1.670143001672819e-05,10.999999523302904,,True,30,30,30,0,1.0,0.0,1.0,0.0,18.875,15.749999880790718,22.5,890.5,0,helps,more confident
medxpertqa:Text-1863:B-A:ba,Text-1863:B-A,ba,Text-1863,Reasoning,Digestive,B,Wilms tumor,Hydatid cyst,False,B,text,-14.000000953674316,-8.344646857949556e-07,8.315279260963632e-07,0.9999991655356624,14.00000011920963,,True,30,30,30,0,1.0,0.0,0.7666666666666667,0.16666666666666666,15.37499976158145,12.50000011921611,18.0,784.0,0,helps,more confident
medxpertqa:Text-1863:B-C:ab,Text-1863:B-C,ab,Text-1863,Reasoning,Digestive,A,Wilms tumor,Hepatoblastoma,False,A,text,-0.575939416885376,-0.825939416885376,0.5621765025686553,0.43782350042481233,0.25,,True,30,30,0,30,0.0,1.0,0.0,1.0,-6.999999998311978,-9.749999882489647,-5.249999894760549,959.5,0,hurts,flips to wrong
medxpertqa:Text-1863:B-C:ba,Text-1863:B-C,ba,Text-1863,Reasoning,Digestive,B,Wilms tumor,Hepatoblastoma,False,B,text,-1.5019290447235107,-0.25192904472351074,0.2227001469810028,0.77729988964086,1.25,,True,30,29,0,29,0.0,0.9666666666666667,0.0,0.9666666666666667,-10.999999523302904,-15.999999880790718,-7.24999977578409,785.0,1,hurts,flips to wrong
medxpertqa:Text-1863:B-D:ab,Text-1863:B-D,ab,Text-1863,Reasoning,Digestive,A,Wilms tumor,Mesenteric cyst,False,A,text,-0.00020346954988781363,-8.500203132629395,0.9997965511486372,0.00020342704214340812,8.499999663079507,,True,30,30,30,0,1.0,0.0,1.0,0.0,15.624999821186083,11.00000035776975,20.0,1055.0,0,helps,more confident
medxpertqa:Text-1863:B-D:ba,Text-1863:B-D,ba,Text-1863,Reasoning,Digestive,B,Wilms tumor,Mesenteric cyst,False,B,text,-13.500000953674316,-1.4305104514278355e-06,1.3709577789362383e-06,0.9999985694905718,13.499999523163865,,True,30,30,30,0,1.0,0.0,0.8,0.1,14.749999642372188,12.50000011921611,18.75,779.5,0,helps,more confident
medxpertqa:Text-1863:B-E:ab,Text-1863:B-E,ab,Text-1863,Reasoning,Digestive,A,Wilms tumor,Polycystic kidney disease,False,A,text,0.0,-17.75,1.0,1.9555681087850496e-08,17.75,,True,30,30,30,0,1.0,0.0,1.0,0.0,24.0,20.5,26.5,602.5,0,helps,more confident
medxpertqa:Text-1863:B-E:ba,Text-1863:B-E,ba,Text-1863,Reasoning,Digestive,B,Wilms tumor,Polycystic kidney disease,False,B,text,-20.0,0.0,2.061153622438558e-09,1.0,20.0,,True,30,30,30,0,1.0,0.0,0.3,0.4666666666666667,20.0,17.25,21.5,618.0,0,neutral,
medxpertqa:Text-1863:B-F:ab,Text-1863:B-F,ab,Text-1863,Reasoning,Digestive,A,Wilms tumor,Sarcoma,False,A,text,-1.1920928244535389e-07,-16.25,0.9999998807907247,8.764248219443636e-08,16.249999880790718,,True,30,30,30,0,1.0,0.0,1.0,0.0,25.9375,23.5,27.5,573.5,0,helps,more confident
medxpertqa:Text-1863:B-F:ba,Text-1863:B-F,ba,Text-1863,Reasoning,Digestive,B,Wilms tumor,Sarcoma,False,B,text,-19.25,0.0,4.363462252943702e-09,1.0,19.25,,True,30,30,30,0,1.0,0.0,0.6666666666666666,0.13333333333333333,19.75,18.25,20.75,509.0,0,neutral,
medxpertqa:Text-1863:B-G:ab,Text-1863:B-G,ab,Text-1863,Reasoning,Digestive,A,Wilms tumor,Hepatic hemangioma,True,A,text,-0.0024756519123911858,-6.002475738525391,0.9975274099865513,0.002472623024627213,6.000000086612999,,True,30,30,10,20,0.3333333333333333,0.6666666666666666,0.3333333333333333,0.6666666666666666,-2.6249999795109034,-5.499999983236194,13.499999523163865,1425.0,0,excluded,letter bias: the same letter in both orders
medxpertqa:Text-1863:B-G:ba,Text-1863:B-G,ba,Text-1863,Reasoning,Digestive,B,Wilms tumor,Hepatic hemangioma,True,A,text,-0.1602240949869156,-1.9102240800857544,0.8519528492100928,0.14804720844715558,-1.7499999850988388,,False,30,30,5,25,0.16666666666666666,0.8333333333333334,0.16666666666666666,0.8333333333333334,-7.24999992660014,-9.499999525964085,8.749999774154276,1316.0,0,excluded,letter bias: the same letter in both orders
medxpertqa:Text-1863:B-H:ab,Text-1863:B-H,ab,Text-1863,Reasoning,Digestive,A,Wilms tumor,Teratoma,False,A,text,-2.861018856492592e-06,-12.75000286102295,0.9999971389852362,2.902312105056987e-06,12.750000000004093,,True,30,30,30,0,1.0,0.0,1.0,0.0,22.875,19.75,24.75,610.5,0,helps,more confident
medxpertqa:Text-1863:B-H:ba,Text-1863:B-H,ba,Text-1863,Reasoning,Digestive,B,Wilms tumor,Teratoma,False,B,text,-15.0,-3.576278118089249e-07,3.059023205018258e-07,0.9999996423722521,14.999999642372188,,True,30,30,30,0,1.0,0.0,0.8666666666666667,0.0,17.75,14.999999642372188,19.5,604.0,0,helps,more confident
medxpertqa:Text-1863:B-I:ab,Text-1863:B-I,ab,Text-1863,Reasoning,Digestive,A,Wilms tumor,Rhabdomyosarcoma,False,A,text,-2.264974000354414e-06,-13.000001907348633,0.9999977350285647,2.2603250957489616e-06,12.999999642374632,,True,30,30,30,0,1.0,0.0,1.0,0.0,23.5,20.25,25.5,591.5,0,helps,more confident
medxpertqa:Text-1863:B-I:ba,Text-1863:B-I,ba,Text-1863,Reasoning,Digestive,B,Wilms tumor,Rhabdomyosarcoma,False,B,text,-13.000001907348633,-2.264974000354414e-06,2.2603250957489616e-06,0.9999977350285647,12.999999642374632,,True,30,30,30,0,1.0,0.0,1.0,0.0,16.249999880790718,13.250000119210881,18.5,622.5,0,helps,more confident
medxpertqa:Text-1863:B-J:ab,Text-1863:B-J,ab,Text-1863,Reasoning,Digestive,A,Wilms tumor,Adrenal carcinoma,False,A,text,-0.00033539868309162557,-8.000335693359375,0.9996646575567589,0.0003353500342255387,8.000000294676283,,True,30,30,30,0,1.0,0.0,1.0,0.0,16.875,13.250000119210881,21.25,716.5,0,helps,more confident
medxpertqa:Text-1863:B-J:ba,Text-1863:B-J,ba,Text-1863,Reasoning,Digestive,B,Wilms tumor,Adrenal carcinoma,False,B,text,-15.25,-2.3841855067985307e-07,2.382369667501818e-07,0.9999997615814777,15.24999976158145,,True,30,30,30,0,1.0,0.0,0.6666666666666666,0.26666666666666666,16.249999880790718,13.250000119210881,18.5,715.5,0,neutral,
medxpertqa:Text-1865:F-A:ab,Text-1865:F-A,ab,Text-1865,Reasoning,Reproductive,A,Rectovaginal fistula,Retained products of conception,False,B,text,-3.0485873222351074,-0.04858732968568802,0.047425874568977164,0.9525741476724274,-2.9999999925494194,,False,30,30,9,21,0.3,0.7,0.3,0.7,-8.500000381231075,-11.999999523181941,13.499999523163865,1969.0,0,hurts,more wrong
medxpertqa:Text-1865:F-A:ba,Text-1865:F-A,ba,Text-1865,Reasoning,Reproductive,B,Rectovaginal fistula,Retained products of conception,False,A,text,-0.575939416885376,-0.825939416885376,0.5621765025686553,0.43782350042481233,-0.25,,False,30,30,26,4,0.8666666666666667,0.13333333333333333,0.8666666666666667,0.13333333333333333,6.499999878578819,-10.374999881289114,10.000000358661055,1795.5,0,helps,flips to correct
medxpertqa:Text-1865:F-B:ab,Text-1865:F-B,ab,Text-1865,Reasoning,Reproductive,A,Rectovaginal fistula,Vaginal hematoma,False,A,text,-0.0024756519123911858,-6.002475738525391,0.9975274099865513,0.002472623024627213,6.000000086612999,,True,30,30,27,3,0.9,0.1,0.8666666666666667,0.13333333333333333,10.687500179083145,-8.25000015355181,16.499999880790718,1929.5,0,helps,more confident
medxpertqa:Text-1865:F-B:ba,Text-1865:F-B,ba,Text-1865,Reasoning,Reproductive,B,Rectovaginal fistula,Vaginal hematoma,False,B,text,-5.006715297698975,-0.006715348921716213,0.006692851264215723,0.9933071486460123,4.999999948777258,,True,30,30,30,0,1.0,0.0,1.0,0.0,7.999999997060513,5.4999999911524355,12.000000357647878,1742.5,0,helps,more confident
medxpertqa:Text-1865:F-C:ab,Text-1865:F-C,ab,Text-1865,Reasoning,Reproductive,A,Rectovaginal fistula,Vaginal neoplasm,False,A,text,-0.008614521473646164,-4.758614540100098,0.9914224771982877,0.008577484930474293,4.7500000186264515,,True,30,30,13,17,0.43333333333333335,0.5666666666666667,0.43333333333333335,0.5666666666666667,-5.00000003981404,-9.24999976624531,14.499999523162955,2141.0,0,neutral,
medxpertqa:Text-1865:F-C:ba,Text-1865:F-C,ba,Text-1865,Reasoning,Reproductive,B,Rectovaginal fistula,Vaginal neoplasm,False,B,text,-2.578889846801758,-0.07888974994421005,0.07585817148650026,0.9241418055144026,2.5000000968575478,,True,30,30,24,6,0.8,0.2,0.8,0.2,6.499999878520612,-11.250000238504981,10.999999523302904,2167.0,0,helps,more confident
medxpertqa:Text-1865:F-D:ab,Text-1865:F-D,ab,Text-1865,Reasoning,Reproductive,A,Rectovaginal fistula,Pelvic inflammatory disease,False,B,text,-5.504078388214111,-0.004078404977917671,0.004070137939983506,0.9959299004209012,-5.499999983236194,,False,30,30,4,26,0.13333333333333333,0.8666666666666667,0.13333333333333333,0.8666666666666667,-9.250000004642061,-11.999999523181941,8.749999893334461,2143.0,0,hurts,more wrong
medxpertqa:Text-1865:F-D:ba,Text-1865:F-D,ba,Text-1865,Reasoning,Reproductive,B,Rectovaginal fistula,Pelvic inflammatory disease,False,A,text,-0.03804141283035278,-3.288041353225708,0.9626730730490257,0.037326888033261264,-3.2499999403953552,,False,30,30,27,3,0.9,0.1,0.9,0.1,6.000000149128027,-9.749999763287633,8.500000378568075,2000.0,0,helps,flips to correct
medxpertqa:Text-1865:F-E:ab,Text-1865:F-E,ab,Text-1865,Reasoning,Reproductive,A,Rectovaginal fistula,Urethrovaginal fistula,True,A,text,-0.018149960786104202,-4.0181498527526855,0.9820137577607906,0.017986211314027313,3.9999998919665813,,True,30,30,30,0,1.0,0.0,1.0,0.0,17.625,12.750000000004093,20.5,1240.0,0,excluded,letter bias: the same letter in both orders
medxpertqa:Text-1865:F-E:ba,Text-1865:F-E,ba,Text-1865,Reasoning,Reproductive,B,Rectovaginal fistula,Urethrovaginal fistula,True,A,text,-0.4740769863128662,-0.9740769863128662,0.6224593298742985,0.377540667992942,-0.5,,False,30,30,30,0,1.0,0.0,1.0,0.0,9.749999882489647,6.750000210013241,11.999999523181941,1300.0,0,excluded,letter bias: the same letter in both orders
medxpertqa:Text-1865:F-G:ab,Text-1865:F-G,ab,Text-1865,Reasoning,Reproductive,A,Rectovaginal fistula,Vaginal candidiasis,False,A,text,-0.4740769863128662,-0.9740769863128662,0.6224593298742985,0.377540667992942,0.5,,True,30,30,21,9,0.7,0.3,0.7,0.3,6.125000022526365,-9.000000126878149,10.750000238653229,2010.5,0,helps,more confident
medxpertqa:Text-1865:F-G:ba,Text-1865:F-G,ba,Text-1865,Reasoning,Reproductive,B,Rectovaginal fistula,Vaginal candidiasis,False,B,text,-5.504078388214111,-0.004078404977917671,0.004070137939983506,0.9959299004209012,5.499999983236194,,True,30,30,30,0,1.0,0.0,1.0,0.0,10.249999881416443,6.750000089290552,13.749999880791279,1377.0,0,helps,more confident
medxpertqa:Text-1865:F-H:ab,Text-1865:F-H,ab,Text-1865,Reasoning,Reproductive,A,Rectovaginal fistula,Bacterial vaginosis,False,B,text,-9.000123023986816,-0.00012337400403339416,0.0001233946226544279,0.999876633606226,-8.999999649982783,,False,30,30,0,30,0.0,1.0,0.03333333333333333,0.9666666666666667,-12.874999761584832,-15.24999976158145,-8.499999545878381,1334.0,0,hurts,more wrong
medxpertqa:Text-1865:F-H:ba,Text-1865:F-H,ba,Text-1865,Reasoning,Reproductive,B,Rectovaginal fistula,Bacterial vaginosis,False,A,text,-0.006715348921716213,-5.006715297698975,0.9933071486460123,0.006692851264215723,-4.999999948777258,,False,30,30,8,22,0.26666666666666666,0.7333333333333333,0.26666666666666666,0.7333333333333333,-11.43749994045811,-15.749999880790718,6.500000057043508,1867.0,0,hurts,more wrong
medxpertqa:Text-1865:F-I:ab,Text-1865:F-I,ab,Text-1865,Reasoning,Reproductive,A,Rectovaginal fistula,Granuloma formation due to sutures,False,B,text,-3.773245334625244,-0.023245446383953094,0.02297737289127478,0.9770226476651187,-3.749999888241291,,False,30,30,0,30,0.0,1.0,0.0,1.0,-11.1250003577411,-12.250000000011369,-8.999999649982783,1098.5,0,hurts,more wrong
medxpertqa:Text-1865:F-I:ba,Text-1865:F-I,ba,Text-1865,Reasoning,Reproductive,B,Rectovaginal fistula,Granuloma formation due to sutures,False,A,text,-0.10020658373832703,-2.3502066135406494,0.9046505126460354,0.09534945969074979,-2.2500000298023224,,False,30,30,2,28,0.06666666666666667,0.9333333333333333,0.06666666666666667,0.9333333333333333,-12.50000000000773,-17.25,7.00000017718412,1210.5,0,hurts,more wrong
medxpertqa:Text-1865:F-J:ab,Text-1865:F-J,ab,Text-1865,Reasoning,Reproductive,A,Rectovaginal fistula,Endometritis,False,B,text,-6.501502513885498,-0.0015023384476080537,0.001501181950907551,0.9984987894978749,-6.50000017543789,,False,30,30,5,25,0.16666666666666666,0.8333333333333334,0.16666666666666666,0.8333333333333334,-10.000000239455403,-14.00000011920963,5.250000132247806,2180.5,0,hurts,more wrong
medxpertqa:Text-1865:F-J:ba,Text-1865:F-J,ba,Text-1865,Reasoning,Reproductive,B,Rectovaginal fistula,Endometritis,False,A,text,-0.01416344940662384,-4.264163494110107,0.9859363803758086,0.014063626520379485,-4.250000044703484,,False,30,30,25,5,0.8333333333333334,0.16666666666666666,0.8333333333333334,0.16666666666666666,4.375000082422048,-12.624999523168299,7.500000152911525,1825.0,0,helps,flips to correct
medxpertqa:Text-1881:D-A:ab,Text-1881:D-A,ab,Text-1881,Reasoning,Skeletal,A,Right superior shear,Bilateral sacral torsion,False,A,text,-0.005233753472566605,-5.2552337646484375,0.9947799187523881,0.005220125868449866,5.250000011175871,,True,30,30,15,15,0.5,0.5,0.5,0.5,2.3750000330910552,-6.749999969732016,18.5,1023.0,0,neutral,
medxpertqa:Text-1881:D-A:ba,Text-1881:D-A,ba,Text-1881,Reasoning,Skeletal,B,Right superior shear,Bilateral sacral torsion,False,B,text,-3.288041353225708,-0.03804141283035278,0.037326888033261264,0.9626730730490257,3.2499999403953552,,True,30,30,22,8,0.7333333333333333,0.26666666666666666,0.7333333333333333,0.26666666666666666,7.250000014726538,-9.250000123836799,14.749999642372188,1311.5,0,helps,more confident
medxpertqa:Text-1881:D-B:ab,Text-1881:D-B,ab,Text-1881,Reasoning,Skeletal,A,Right superior shear,Left inferior shear,False,A,text,-0.2014133334159851,-1.7014133930206299,0.8175744308728488,0.18242550282051248,1.5000000596046448,,True,30,30,26,4,0.8666666666666667,0.13333333333333333,0.8666666666666667,0.13333333333333333,13.249999582769249,-8.250000034138793,16.249999880790718,1348.0,0,helps,more confident
medxpertqa:Text-1881:D-B:ba,Text-1881:D-B,ba,Text-1881,Reasoning,Skeletal,B,Right superior shear,Left inferior shear,False,B,text,-4.511047840118408,-0.011047743260860443,0.010986941583869245,0.9890130589396958,4.500000096857548,,True,30,30,29,1,0.9666666666666667,0.03333333333333333,0.9666666666666667,0.03333333333333333,13.249999940397458,-8.000000294676283,16.75,969.5,0,helps,more confident
medxpertqa:Text-1881:D-C:ab,Text-1881:D-C,ab,Text-1881,Reasoning,Skeletal,A,Right superior shear,Left anterior innominate rotation,False,B,text,-1.9102240800857544,-0.1602240949869156,0.14804720844715558,0.8519528492100928,-1.7499999850988388,,False,30,30,1,29,0.03333333333333333,0.9666666666666667,0.03333333333333333,0.9666666666666667,-10.624999821490746,-13.250000119210881,5.7499998200219125,1039.0,0,hurts,more wrong
medxpertqa:Text-1881:D-C:ba,Text-1881:D-C,ba,Text-1881,Reasoning,Skeletal,B,Right superior shear,Left anterior innominate rotation,False,A,text,-0.023245446383953094,-3.773245334625244,0.9770226476651187,0.02297737289127478,-3.749999888241291,,False,30,30,9,21,0.3,0.7,0.3,0.7,-10.749999761842446,-18.25,9.74999964408562,1963.0,0,hurts,more wrong
medxpertqa:Text-1881:D-E:ab,Text-1881:D-E,ab,Text-1881,Reasoning,Skeletal,A,Right superior shear,Right posterior innominate rotation,False,B,text,-4.758614540100098,-0.008614521473646164,0.008577484930474293,0.9914224771982877,-4.7500000186264515,,False,30,30,1,29,0.03333333333333333,0.9666666666666667,0.03333333333333333,0.9666666666666667,-11.5000003576788,-13.499999523163865,6.000000091502443,793.5,0,hurts,more wrong
medxpertqa:Text-1881:D-E:ba,Text-1881:D-E,ba,Text-1881,Reasoning,Skeletal,B,Right superior shear,Right posterior innominate rotation,False,A,text,-0.00012337400403339416,-9.000123023986816,0.999876633606226,0.0001233946226544279,-8.999999649982783,,False,30,30,0,30,0.0,1.0,0.0,1.0,-19.25,-21.25,-16.499999880790718,836.0,0,hurts,more wrong
medxpertqa:Text-1881:D-F:ab,Text-1881:D-F,ab,Text-1881,Reasoning,Skeletal,A,Right superior shear,Left posterior rotation,True,A,text,-0.25192904472351074,-1.5019290447235107,0.77729988964086,0.2227001469810028,1.25,,True,30,30,1,29,0.03333333333333333,0.9666666666666667,0.03333333333333333,0.9666666666666667,-8.000000294676283,-10.249999881416443,11.749999761612344,1161.0,0,excluded,letter bias: the same letter in both orders
medxpertqa:Text-1881:D-F:ba,Text-1881:D-F,ba,Text-1881,Reasoning,Skeletal,B,Right superior shear,Left posterior rotation,True,A,text,-0.029750416055321693,-3.529750347137451,0.9706877714009485,0.029312232836486894,-3.4999999310821295,,False,30,30,2,28,0.06666666666666667,0.9333333333333333,0.06666666666666667,0.9333333333333333,-13.50000000000108,-15.999999880790718,6.749999850639142,1071.5,0,excluded,letter bias: the same letter in both orders
medxpertqa:Text-1881:D-G:ab,Text-1881:D-G,ab,Text-1881,Reasoning,Skeletal,A,Right superior shear,Bilateral iliosacral dysfunction,True,B,text,-0.9740769863128662,-0.4740769863128662,0.377540667992942,0.6224593298742985,-0.5,,False,30,30,14,16,0.4666666666666667,0.5333333333333333,0.4666666666666667,0.5333333333333333,-4.874999816995114,-10.249999881416443,10.249999881416443,1556.5,0,excluded,letter bias: the same letter in both orders
medxpertqa:Text-1881:D-G:ba,Text-1881:D-G,ba,Text-1881,Reasoning,Skeletal,B,Right superior shear,Bilateral iliosacral dysfunction,True,B,text,-1.5019290447235107,-0.25192904472351074,0.2227001469810028,0.77729988964086,1.25,,True,30,30,28,2,0.9333333333333333,0.06666666666666667,0.9333333333333333,0.06666666666666667,8.000000175496098,-7.2500000136788,11.250000357712452,919.5,0,excluded,letter bias: the same letter in both orders
medxpertqa:Text-1881:D-H:ab,Text-1881:D-H,ab,Text-1881,Reasoning,Skeletal,A,Right superior shear,Right anterior rotation,False,B,text,-3.529750347137451,-0.029750416055321693,0.029312232836486894,0.9706877714009485,-3.4999999310821295,,False,30,30,1,29,0.03333333333333333,0.9666666666666667,0.03333333333333333,0.9666666666666667,-10.624999821490746,-12.999999642374632,11.5000003576788,755.5,0,hurts,more wrong
medxpertqa:Text-1881:D-H:ba,Text-1881:D-H,ba,Text-1881,Reasoning,Skeletal,B,Right superior shear,Right anterior rotation,False,A,text,-3.540453326422721e-05,-10.250035285949707,0.9999645960934689,3.535625324942473e-05,-10.249999881416443,,False,30,30,1,29,0.03333333333333333,0.9666666666666667,0.03333333333333333,0.9666666666666667,-19.75,-22.5,3.999999850988388,697.5,0,hurts,more wrong
medxpertqa:Text-1881:D-I:ab,Text-1881:D-I,ab,Text-1881,Reasoning,Skeletal,A,Right superior shear,Right innominate upslip,False,B,text,-3.0485873222351074,-0.04858732968568802,0.047425874568977164,0.9525741476724274,-2.9999999925494194,,False,30,30,5,25,0.16666666666666666,0.8333333333333334,0.16666666666666666,0.8333333333333334,-10.000000358661055,-12.999999642374632,9.250000123836799,917.0,0,hurts,more wrong
medxpertqa:Text-1881:D-I:ba,Text-1881:D-I,ba,Text-1881,Reasoning,Skeletal,B,Right superior shear,Right innominate upslip,False,A,text,-0.0011701886542141438,-6.7511701583862305,0.9988304957495425,0.0011695103074966034,-6.749999969732016,,False,30,30,1,29,0.03333333333333333,0.9666666666666667,0.03333333333333333,0.9666666666666667,-16.374999880790718,-20.75,3.250000089406967,848.5,0,hurts,more wrong
medxpertqa:Text-1881:D-J:ab,Text-1881:D-J,ab,Text-1881,Reasoning,Skeletal,A,Right superior shear,Left sacroiliac joint dysfunction,False,B,text,-0.9740769863128662,-0.4740769863128662,0.377540667992942,0.6224593298742985,-0.5,,False,30,30,5,25,0.16666666666666666,0.8333333333333334,0.16666666666666666,0.8333333333333334,-8.749999833744369,-12.750000000004093,9.500000122039637,1521.0,0,hurts,more wrong
medxpertqa:Text-1881:D-J:ba,Text-1881:D-J,ba,Text-1881,Reasoning,Skeletal,B,Right superior shear,Left sacroiliac joint dysfunction,False,A,text,-0.4740769863128662,-0.9740769863128662,0.6224593298742985,0.377540667992942,-0.5,,False,30,30,23,7,0.7666666666666667,0.23333333333333334,0.7666666666666667,0.23333333333333334,6.999999820312951,-8.5000003783789,9.499999525964085,1359.5,0,helps,flips to correct
medxpertqa:Text-1897:C-A:ab,Text-1897:C-A,ab,Text-1897,Reasoning,Endocrine,A,Protein-secreting CNS mass,Idiopathic hyperprolactinemia,False,B,text,-8.250261306762695,-0.00026127262390218675,0.0002611902975925828,0.9997387615048174,-8.250000034138793,,False,30,30,0,30,0.0,1.0,0.06666666666666667,0.9333333333333333,-10.999999523302904,-13.250000119210881,-8.249999676598236,1313.5,0,hurts,more wrong
medxpertqa:Text-1897:C-A:ba,Text-1897:C-A,ba,Text-1897,Reasoning,Endocrine,B,Protein-secreting CNS mass,Idiopathic hyperprolactinemia,False,A,text,-0.006715348921716213,-5.006715297698975,0.9933071486460123,0.006692851264215723,-4.999999948777258,,False,30,30,3,27,0.1,0.9,0.1,0.9,-8.250000277075742,-11.5000003576788,3.500000063329935,2332.5,0,hurts,more wrong
medxpertqa:Text-1897:C-B:ab,Text-1897:C-B,ab,Text-1897,Reasoning,Endocrine,A,Protein-secreting CNS mass,Hypothyroidism-induced galactorrhea,False,B,text,-3.288041353225708,-0.03804141283035278,0.037326888033261264,0.9626730730490257,-3.2499999403953552,,False,30,30,0,30,0.0,1.0,0.0,1.0,-8.249999736188329,-11.5000003576788,-3.7499999813735485,1924.5,0,hurts,more wrong
medxpertqa:Text-1897:C-B:ba,Text-1897:C-B,ba,Text-1897,Reasoning,Endocrine,B,Protein-secreting CNS mass,Hypothyroidism-induced galactorrhea,False,A,text,-0.006715348921716213,-5.006715297698975,0.9933071486460123,0.006692851264215723,-4.999999948777258,,False,30,30,16,14,0.5333333333333333,0.4666666666666667,0.5333333333333333,0.4666666666666667,2.375000014901161,-12.999999642374632,7.2500000136788,2006.0,0,neutral,
medxpertqa:Text-1897:C-D:ab,Text-1897:C-D,ab,Text-1897,Reasoning,Endocrine,A,Protein-secreting CNS mass,Medication-induced hyperprolactinemia,False,B,text,-13.500000953674316,-1.4305104514278355e-06,1.3709577789362383e-06,0.9999985694905718,-13.499999523163865,,False,30,30,0,30,0.0,1.0,0.3333333333333333,0.6,-14.249999821186293,-17.75,-11.250000357712452,754.5,0,neutral,
medxpertqa:Text-1897:C-D:ba,Text-1897:C-D,ba,Text-1897,Reasoning,Endocrine,B,Protein-secreting CNS mass,Medication-induced hyperprolactinemia,False,A,text,-5.960462772236497e-07,-14.250000953674316,0.9999994039539004,6.47594599989589e-07,-14.25000035762804,,False,30,30,0,30,0.0,1.0,0.16666666666666666,0.7666666666666667,-15.37499976158145,-18.5,-10.374999762083462,1391.0,0,hurts,more wrong
medxpertqa:Text-1897:C-E:ab,Text-1897:C-E,ab,Text-1897,Reasoning,Endocrine,A,Protein-secreting CNS mass,Normal pregnancy,False,A,text,-5.960462772236497e-07,-14.250000953674316,0.9999994039539004,6.47594599989589e-07,14.25000035762804,,True,30,30,30,0,1.0,0.0,0.9666666666666667,0.03333333333333333,18.25,13.124999761583695,22.0,1042.0,0,helps,more confident
medxpertqa:Text-1897:C-E:ba,Text-1897:C-E,ba,Text-1897,Reasoning,Endocrine,B,Protein-secreting CNS mass,Normal pregnancy,False,B,text,-8.000335693359375,-0.00033539868309162557,0.0003353500342255387,0.9996646575567589,8.000000294676283,,True,30,30,30,0,1.0,0.0,1.0,0.0,10.499999702405148,8.499999543884769,12.250000000011369,1044.0,0,helps,more confident
medxpertqa:Text-1897:C-F:ab,Text-1897:C-F,ab,Text-1897,Reasoning,Endocrine,A,Protein-secreting CNS mass,Polycystic ovary syndrome (PCOS) with hormonal imbalance,False,A,text,-0.25192904472351074,-1.5019290447235107,0.77729988964086,0.2227001469810028,1.25,,True,30,30,30,0,1.0,0.0,1.0,0.0,11.124999940507678,8.12500028233626,13.499999523163865,1283.5,0,helps,more confident
medxpertqa:Text-1897:C-F:ba,Text-1897:C-F,ba,Text-1897,Reasoning,Endocrine,B,Protein-secreting CNS mass,Polycystic ovary syndrome (PCOS) with hormonal imbalance,False,B,text,-3.0485873222351074,-0.04858732968568802,0.047425874568977164,0.9525741476724274,2.9999999925494194,,True,30,30,30,0,1.0,0.0,1.0,0.0,8.874999771658622,7.2500000136788,11.250000357712452,1220.5,0,helps,more confident
medxpertqa:Text-1897:C-G:ab,Text-1897:C-G,ab,Text-1897,Reasoning,Endocrine,A,Protein-secreting CNS mass,Hyperestrogenemia from liver dysfunction,False,A,text,-0.00033539868309162557,-8.000335693359375,0.9996646575567589,0.0003353500342255387,8.000000294676283,,True,30,30,30,0,1.0,0.0,1.0,0.0,16.8125,14.37500035762804,19.5,1179.5,0,helps,more confident
medxpertqa:Text-1897:C-G:ba,Text-1897:C-G,ba,Text-1897,Reasoning,Endocrine,B,Protein-secreting CNS mass,Hyperestrogenemia from liver dysfunction,False,B,text,-6.7511701583862305,-0.0011701886542141438,0.0011695103074966034,0.9988304957495425,6.749999969732016,,True,30,30,30,0,1.0,0.0,1.0,0.0,11.749999761612344,9.499999525964085,13.749999880791279,1069.5,0,helps,more confident
medxpertqa:Text-1897:C-H:ab,Text-1897:C-H,ab,Text-1897,Reasoning,Endocrine,A,Protein-secreting CNS mass,Dopamine blockade in the tuberoinfundibular pathway,False,B,text,-5.753177642822266,-0.0031777145341038704,0.0031726831078774057,0.9968273290569476,-5.749999928288162,,False,30,30,0,30,0.0,1.0,0.0,1.0,-10.249999881416443,-12.999999642374632,-8.250000034138793,951.0,0,hurts,more wrong
medxpertqa:Text-1897:C-H:ba,Text-1897:C-H,ba,Text-1897,Reasoning,Endocrine,B,Protein-secreting CNS mass,Dopamine blockade in the tuberoinfundibular pathway,False,A,text,-0.006715348921716213,-5.006715297698975,0.9933071486460123,0.006692851264215723,-4.999999948777258,,False,30,30,0,30,0.0,1.0,0.0,1.0,-13.250000119210881,-17.5,-7.875000072730472,1326.5,0,hurts,more wrong
medxpertqa:Text-1897:C-I:ab,Text-1897:C-I,ab,Text-1897,Reasoning,Endocrine,A,Protein-secreting CNS mass,Chronic kidney disease causing secondary hyperprolactinemia,True,B,text,-1.9102240800857544,-0.1602240949869156,0.14804720844715558,0.8519528492100928,-1.7499999850988388,,False,30,30,28,2,0.9333333333333333,0.06666666666666667,0.9333333333333333,0.06666666666666667,7.000000111031113,-6.750000208965503,10.749999523393853,2192.5,0,excluded,letter bias: the same letter in both orders
medxpertqa:Text-1897:C-I:ba,Text-1897:C-I,ba,Text-1897,Reasoning,Endocrine,B,Protein-secreting CNS mass,Chronic kidney disease causing secondary hyperprolactinemia,True,B,text,-0.825939416885376,-0.575939416885376,0.43782350042481233,0.5621765025686553,0.25,,True,30,30,30,0,1.0,0.0,1.0,0.0,7.2500000136788,3.9999999180436134,8.5000003783789,1700.0,0,excluded,letter bias: the same letter in both orders
medxpertqa:Text-1897:C-J:ab,Text-1897:C-J,ab,Text-1897,Reasoning,Endocrine,A,Protein-secreting CNS mass,Pituitary adenoma causing hyperprolactinemia,False,B,text,-20.5,0.0,1.2501528663867426e-09,1.0,-20.5,,False,30,30,0,30,0.0,1.0,0.8666666666666667,0.1,-18.625,-22.25,-16.249999880790718,718.5,0,neutral,
medxpertqa:Text-1897:C-J:ba,Text-1897:C-J,ba,Text-1897,Reasoning,Endocrine,B,Protein-secreting CNS mass,Pituitary adenoma causing hyperprolactinemia,False,A,text,-1.1920928244535389e-07,-16.0,0.9999998807907247,1.1253517471925912e-07,-15.999999880790718,,False,30,30,0,30,0.0,1.0,0.0,1.0,-21.625,-24.25,-18.5,762.0,0,hurts,more wrong
medxpertqa:Text-1913:G-A:ab,Text-1913:G-A,ab,Text-1913,Reasoning,Digestive,A,Jejunal atresia,Pyloric stenosis,False,A,text,-1.1920928244535389e-07,-15.75,0.9999998807907247,1.4449802461092448e-07,15.749999880790718,,True,30,30,30,0,1.0,0.0,1.0,0.0,21.9375,19.25,25.0,666.5,0,helps,more confident
medxpertqa:Text-1913:G-A:ba,Text-1913:G-A,ba,Text-1913,Reasoning,Digestive,B,Jejunal atresia,Pyloric stenosis,False,B,text,-8.250261306762695,-0.00026127262390218675,0.0002611902975925828,0.9997387615048174,8.250000034138793,,True,30,30,30,0,1.0,0.0,1.0,0.0,13.374999821187373,10.750000000240107,17.0,663.0,0,helps,more confident
medxpertqa:Text-1913:G-B:ab,Text-1913:G-B,ab,Text-1913,Reasoning,Digestive,A,Jejunal atresia,Malrotation with volvulus,True,A,text,-0.31326165795326233,-1.31326162815094,0.7310586002437232,0.26894143733631704,0.9999999701976776,,True,30,30,18,12,0.6,0.4,0.6,0.4,6.874999894585926,-7.749999973515514,10.999999523302904,1513.0,0,excluded,letter bias: the same letter in both orders
medxpertqa:Text-1913:G-B:ba,Text-1913:G-B,ba,Text-1913,Reasoning,Digestive,B,Jejunal atresia,Malrotation with volvulus,True,A,text,-0.011047743260860443,-4.511047840118408,0.9890130589396958,0.010986941583869245,-4.500000096857548,,False,30,30,26,4,0.8666666666666667,0.13333333333333333,0.8666666666666667,0.13333333333333333,5.625000141444616,-12.250000000011369,10.249999881416443,1578.0,0,excluded,letter bias: the same letter in both orders
medxpertqa:Text-1913:G-C:ab,Text-1913:G-C,ab,Text-1913,Reasoning,Digestive,A,Jejunal atresia,Ileal atresia,True,A,text,-0.00033539868309162557,-8.000335693359375,0.9996646575567589,0.0003353500342255387,8.000000294676283,,True,30,30,28,2,0.9333333333333333,0.06666666666666667,0.9333333333333333,0.06666666666666667,15.24999976158145,-9.499999525964085,20.75,1074.0,0,excluded,letter bias: the same letter in both orders
medxpertqa:Text-1913:G-C:ba,Text-1913:G-C,ba,Text-1913,Reasoning,Digestive,B,Jejunal atresia,Ileal atresia,True,A,text,-0.38687101006507874,-1.1368709802627563,0.6791786964925157,0.32082130911852547,-0.7499999701976776,,False,30,30,21,9,0.7,0.3,0.7,0.3,7.499999874475179,-12.999999642374632,11.999999523181941,1430.0,0,excluded,letter bias: the same letter in both orders
medxpertqa:Text-1913:G-D:ab,Text-1913:G-D,ab,Text-1913,Reasoning,Digestive,A,Jejunal atresia,Necrotizing enterocolitis,False,A,text,-4.768370445162873e-07,-14.5,0.9999995231630692,5.04347662567888e-07,14.499999523162955,,True,30,30,30,0,1.0,0.0,1.0,0.0,20.9375,17.0,25.0,819.5,0,helps,more confident
medxpertqa:Text-1913:G-D:ba,Text-1913:G-D,ba,Text-1913,Reasoning,Digestive,B,Jejunal atresia,Necrotizing enterocolitis,False,B,text,-11.000016212463379,-1.6689160474925302e-05,1.670143001672819e-05,0.9999833109787883,10.999999523302904,,True,30,30,30,0,1.0,0.0,1.0,0.0,15.749999880790718,11.749999761612344,17.5,701.0,0,helps,more confident
medxpertqa:Text-1913:G-E:ab,Text-1913:G-E,ab,Text-1913,Reasoning,Digestive,A,Jejunal atresia,Duodenal atresia,False,B,text,-5.006715297698975,-0.006715348921716213,0.006692851264215723,0.9933071486460123,-4.999999948777258,,False,30,30,2,28,0.06666666666666667,0.9333333333333333,0.06666666666666667,0.9333333333333333,-9.499999883602868,-14.00000011920963,5.49999998928979,1620.5,0,hurts,more wrong
medxpertqa:Text-1913:G-E:ba,Text-1913:G-E,ba,Text-1913,Reasoning,Digestive,B,Jejunal atresia,Duodenal atresia,False,A,text,-2.753696753643453e-05,-10.500027656555176,0.9999724634116024,2.7535687796947383e-05,-10.50000011958764,,False,30,30,2,28,0.06666666666666667,0.9333333333333333,0.1,0.9,-17.0,-21.0,5.000000188592821,1063.0,0,hurts,more wrong
medxpertqa:Text-1913:G-F:ab,Text-1913:G-F,ab,Text-1913,Reasoning,Digestive,A,Jejunal atresia,Meconium ileus,False,A,text,-3.540453326422721e-05,-10.250035285949707,0.9999645960934689,3.535625324942473e-05,10.249999881416443,,True,30,30,30,0,1.0,0.0,1.0,0.0,18.0,14.624999523162955,21.0,898.5,0,helps,more confident
medxpertqa:Text-1913:G-F:ba,Text-1913:G-F,ba,Text-1913,Reasoning,Digestive,B,Jejunal atresia,Meconium ileus,False,B,text,-9.250096321105957,-9.60780744208023e-05,9.610239492660866e-05,0.9999039265409296,9.250000243031536,,True,30,30,30,0,1.0,0.0,1.0,0.0,12.999999642374632,10.50000011958764,15.749999880790718,764.5,0,helps,more confident
medxpertqa:Text-1913:G-H:ab,Text-1913:G-H,ab,Text-1913,Reasoning,Digestive,A,Jejunal atresia,Intestinal malrotation,True,A,text,-0.575939416885376,-0.825939416885376,0.5621765025686553,0.43782350042481233,0.25,,True,30,30,17,13,0.5666666666666667,0.43333333333333335,0.5666666666666667,0.43333333333333335,4.375000038649887,-8.999999649982783,12.250000000011369,1735.5,0,excluded,letter bias: the same letter in both orders
medxpertqa:Text-1913:G-H:ba,Text-1913:G-H,ba,Text-1913,Reasoning,Digestive,B,Jejunal atresia,Intestinal malrotation,True,A,text,-0.011047743260860443,-4.511047840118408,0.9890130589396958,0.010986941583869245,-4.500000096857548,,False,30,30,27,3,0.9,0.1,0.9,0.1,6.999999998311978,-8.000000294676283,8.999999649982783,1388.5,0,excluded,letter bias: the same letter in both orders
medxpertqa:Text-1913:G-I:ab,Text-1913:G-I,ab,Text-1913,Reasoning,Digestive,A,Jejunal atresia,Annular pancreas,False,A,text,-0.0019286142196506262,-6.251928806304932,0.9980732443617326,0.0019267342527389902,6.250000192085281,,True,30,30,30,0,1.0,0.0,1.0,0.0,13.937500059605071,8.499999901643605,19.25,1588.5,0,helps,more confident
medxpertqa:Text-1913:G-I:ba,Text-1913:G-I,ba,Text-1913,Reasoning,Digestive,B,Jejunal atresia,Annular pancreas,False,B,text,-1.9102240800857544,-0.1602240949869156,0.14804720844715558,0.8519528492100928,1.7499999850988388,,True,30,30,30,0,1.0,0.0,1.0,0.0,10.000000299058229,6.500000181840733,12.999999642374632,1189.5,0,helps,more confident
medxpertqa:Text-1913:G-J:ab,Text-1913:G-J,ab,Text-1913,Reasoning,Digestive,A,Jejunal atresia,Midgut volvulus,False,A,text,-0.0024756519123911858,-6.002475738525391,0.9975274099865513,0.002472623024627213,6.000000086612999,,True,30,30,28,2,0.9333333333333333,0.06666666666666667,0.9333333333333333,0.06666666666666667,11.874999642397142,-4.250000052154064,16.499999880790718,1271.5,0,helps,more confident
medxpertqa:Text-1913:G-J:ba,Text-1913:G-J,ba,Text-1913,Reasoning,Digestive,B,Jejunal atresia,Midgut volvulus,False,B,text,-0.9740769863128662,-0.4740769863128662,0.377540667992942,0.6224593298742985,0.5,,True,30,30,28,2,0.9333333333333333,0.06666666666666667,0.9333333333333333,0.06666666666666667,9.250000123836799,-6.999999938940164,14.999999642372188,1076.0,0,helps,more confident
medxpertqa:Text-1914:E-A:ab,Text-1914:E-A,ab,Text-1914,Reasoning,Muscular,A,Left superior pubic shear,Left superior innominate shear,False,B,text,-3.288041353225708,-0.03804141283035278,0.037326888033261264,0.9626730730490257,-3.2499999403953552,,False,30,30,0,30,0.0,1.0,0.0,1.0,-10.749999523393853,-12.999999642374632,-7.249999894585926,1198.0,0,hurts,more wrong
medxpertqa:Text-1914:E-A:ba,Text-1914:E-A,ba,Text-1914,Reasoning,Muscular,B,Left superior pubic shear,Left superior innominate shear,False,A,text,-0.6931471824645996,-0.6931471824645996,0.49999999904767284,0.49999999904767284,-0.0,,False,30,30,18,12,0.6,0.4,0.6,0.4,6.250000009313226,-11.250000357712452,11.999999523181941,1725.5,0,neutral,
medxpertqa:Text-1914:E-B:ab,Text-1914:E-B,ab,Text-1914,Reasoning,Muscular,A,Left superior pubic shear,Left posterior innominate rotation,False,B,text,-3.0485873222351074,-0.04858732968568802,0.047425874568977164,0.9525741476724274,-2.9999999925494194,,False,30,30,2,28,0.06666666666666667,0.9333333333333333,0.06666666666666667,0.9333333333333333,-9.000000126878149,-12.999999642374632,6.750000208383426,2805.0,0,hurts,more wrong
medxpertqa:Text-1914:E-B:ba,Text-1914:E-B,ba,Text-1914,Reasoning,Muscular,B,Left superior pubic shear,Left posterior innominate rotation,False,A,text,-0.04858732968568802,-3.0485873222351074,0.9525741476724274,0.047425874568977164,-2.9999999925494194,,False,30,30,3,27,0.1,0.9,0.1,0.9,-13.374999821187373,-16.75,6.499999937368557,1895.0,0,hurts,more wrong
medxpertqa:Text-1914:E-C:ab,Text-1914:E-C,ab,Text-1914,Reasoning,Muscular,A,Left superior pubic shear,Right anterior innominate rotation,False,B,text,-1.9102240800857544,-0.1602240949869156,0.14804720844715558,0.8519528492100928,-1.7499999850988388,,False,30,30,0,30,0.0,1.0,0.0,1.0,-10.125000120038749,-12.250000000011369,-7.749999973515514,1073.5,0,hurts,more wrong
medxpertqa:Text-1914:E-C:ba,Text-1914:E-C,ba,Text-1914,Reasoning,Muscular,B,Left superior pubic shear,Right anterior innominate rotation,False,A,text,-0.575939416885376,-0.825939416885376,0.5621765025686553,0.43782350042481233,-0.25,,False,30,30,8,22,0.26666666666666666,0.7333333333333333,0.26666666666666666,0.7333333333333333,-8.687499716586899,-12.750000000004093,8.749999654959538,2449.0,0,hurts,more wrong
medxpertqa:Text-1914:E-D:ab,Text-1914:E-D,ab,Text-1914,Reasoning,Muscular,A,Left superior pubic shear,Left sacral torsion,False,A,text,-0.011047743260860443,-4.511047840118408,0.9890130589396958,0.010986941583869245,4.500000096857548,,True,30,30,13,17,0.43333333333333335,0.5666666666666667,0.43333333333333335,0.5666666666666667,-3.6249999767169356,-7.250000132829882,19.0,1050.5,0,neutral,
medxpertqa:Text-1914:E-D:ba,Text-1914:E-D,ba,Text-1914,Reasoning,Muscular,B,Left superior pubic shear,Left sacral torsion,False,B,text,-6.002475738525391,-0.0024756519123911858,0.002472623024627213,0.9975274099865513,6.000000086612999,,True,30,30,29,1,0.9666666666666667,0.03333333333333333,0.9666666666666667,0.03333333333333333,11.500000000058208,-6.50000017543789,14.749999642372188,932.0,0,helps,more confident
medxpertqa:Text-1914:E-F:ab,Text-1914:E-F,ab,Text-1914,Reasoning,Muscular,A,Left superior pubic shear,Right superior pubic shear,True,B,text,-0.825939416885376,-0.575939416885376,0.43782350042481233,0.5621765025686553,-0.25,,False,30,30,21,9,0.7,0.3,0.7,0.3,8.49999972286605,-10.50000011958764,12.750000000004093,1670.0,0,excluded,letter bias: the same letter in both orders
medxpertqa:Text-1914:E-F:ba,Text-1914:E-F,ba,Text-1914,Reasoning,Muscular,B,Left superior pubic shear,Right superior pubic shear,True,B,text,-2.578889846801758,-0.07888974994421005,0.07585817148650026,0.9241418055144026,2.5000000968575478,,True,30,30,29,1,0.9666666666666667,0.03333333333333333,0.9666666666666667,0.03333333333333333,11.250000357712452,-8.499999663079507,13.250000119210881,1231.0,0,excluded,letter bias: the same letter in both orders
medxpertqa:Text-1914:E-G:ab,Text-1914:E-G,ab,Text-1914,Reasoning,Muscular,A,Left superior pubic shear,Left inferior pubic shear,True,A,text,-0.575939416885376,-0.825939416885376,0.5621765025686553,0.43782350042481233,0.25,,True,30,30,30,0,1.0,0.0,1.0,0.0,12.50000011921611,5.249999894760549,15.49999976158145,1591.0,0,excluded,letter bias: the same letter in both orders
medxpertqa:Text-1914:E-G:ba,Text-1914:E-G,ba,Text-1914,Reasoning,Muscular,B,Left superior pubic shear,Left inferior pubic shear,True,A,text,-0.07888974994421005,-2.578889846801758,0.9241418055144026,0.07585817148650026,-2.5000000968575478,,False,30,30,30,0,1.0,0.0,1.0,0.0,10.000000358661055,6.000000206753612,11.999999523181941,1281.0,0,excluded,letter bias: the same letter in both orders
medxpertqa:Text-1914:E-H:ab,Text-1914:E-H,ab,Text-1914,Reasoning,Muscular,A,Left superior pubic shear,Right inferior pubic shear,True,B,text,-1.31326162815094,-0.31326165795326233,0.26894143733631704,0.7310586002437232,-0.9999999701976776,,False,30,30,1,29,0.03333333333333333,0.9666666666666667,0.03333333333333333,0.9666666666666667,-9.875000060972525,-12.999999642374632,11.250000238504981,1253.5,0,excluded,letter bias: the same letter in both orders
medxpertqa:Text-1914:E-H:ba,Text-1914:E-H,ba,Text-1914,Reasoning,Muscular,B,Left superior pubic shear,Right inferior pubic shear,True,B,text,-1.7014133930206299,-0.2014133334159851,0.18242550282051248,0.8175744308728488,1.5000000596046448,,True,30,30,25,5,0.8333333333333334,0.16666666666666666,0.8333333333333334,0.16666666666666666,8.999999649982783,-11.749999761612344,12.750000000004093,1592.5,0,excluded,letter bias: the same letter in both orders
medxpertqa:Text-1914:E-I:ab,Text-1914:E-I,ab,Text-1914,Reasoning,Muscular,A,Left superior pubic shear,Left anterior innominate rotation,False,B,text,-2.1269280910491943,-0.12692804634571075,0.11920291248514252,0.8807970468833343,-2.0000000447034836,,False,30,30,2,28,0.06666666666666667,0.9333333333333333,0.06666666666666667,0.9333333333333333,-10.249999881416443,-12.999999642374632,6.249999836902134,1474.5,0,hurts,more wrong
medxpertqa:Text-1914:E-I:ba,Text-1914:E-I,ba,Text-1914,Reasoning,Muscular,B,Left superior pubic shear,Left anterior innominate rotation,False,A,text,-0.12692804634571075,-2.1269280910491943,0.8807970468833343,0.11920291248514252,-2.0000000447034836,,False,30,30,7,23,0.23333333333333334,0.7666666666666667,0.23333333333333334,0.7666666666666667,-11.124999940507678,-15.24999976158145,9.749999882489647,1474.5,0,hurts,more wrong
medxpertqa:Text-1914:E-J:ab,Text-1914:E-J,ab,Text-1914,Reasoning,Muscular,A,Left superior pubic shear,Bilateral sacroiliac joint dysfunction,False,A,text,-0.005233753472566605,-5.2552337646484375,0.9947799187523881,0.005220125868449866,5.250000011175871,,True,30,30,23,7,0.7666666666666667,0.23333333333333334,0.7333333333333333,0.26666666666666666,10.125000120038749,-6.50000017543789,17.5,1377.0,0,helps,more confident
medxpertqa:Text-1914:E-J:ba,Text-1914:E-J,ba,Text-1914,Reasoning,Muscular,B,Left superior pubic shear,Bilateral sacroiliac joint dysfunction,False,B,text,-8.250261306762695,-0.00026127262390218675,0.0002611902975925828,0.9997387615048174,8.250000034138793,,True,30,30,30,0,1.0,0.0,1.0,0.0,12.750000000004093,10.000000001047738,15.749999880790718,725.5,0,helps,more confident
medxpertqa:Text-1920:I-A:ab,Text-1920:I-A,ab,Text-1920,Understanding,Integumentary,A,Linear IgA disease,Chronic bullous disease of childhood,False,A,text,0.0,-19.0,1.0,5.602796437537268e-09,19.0,,True,30,30,30,0,1.0,0.0,1.0,0.0,23.75,19.75,27.0,569.5,0,helps,more confident
medxpertqa:Text-1920:I-A:ba,Text-1920:I-A,ba,Text-1920,Understanding,Integumentary,B,Linear IgA disease,Chronic bullous disease of childhood,False,B,text,-17.75,0.0,1.9555681087850496e-08,1.0,17.75,,True,30,30,30,0,1.0,0.0,0.5333333333333333,0.3333333333333333,18.0,14.00000011920963,21.5,472.5,0,neutral,
medxpertqa:Text-1920:I-B:ab,Text-1920:I-B,ab,Text-1920,Understanding,Integumentary,A,Linear IgA disease,Dermatitis herpetiformis,False,A,text,-7.867782187531702e-06,-11.750007629394531,0.9999921322487634,7.88926463665814e-06,11.749999761612344,,True,30,30,27,3,0.9,0.1,0.6666666666666666,0.3333333333333333,13.437499940396492,-4.499999774619937,17.75,1698.0,0,neutral,
medxpertqa:Text-1920:I-B:ba,Text-1920:I-B,ba,Text-1920,Understanding,Integumentary,B,Linear IgA disease,Dermatitis herpetiformis,False,B,text,-4.758614540100098,-0.008614521473646164,0.008577484930474293,0.9914224771982877,4.7500000186264515,,True,30,30,29,1,0.9666666666666667,0.03333333333333333,0.9666666666666667,0.03333333333333333,10.999999523302904,-5.499999985098839,13.499999523163865,886.0,0,helps,more confident
medxpertqa:Text-1920:I-C:ab,Text-1920:I-C,ab,Text-1920,Understanding,Integumentary,A,Linear IgA disease,Bullous pemphigoid,False,A,text,0.0,-20.5,1.0,1.2501528663867426e-09,20.5,,True,30,30,30,0,1.0,0.0,1.0,0.0,28.5,26.75,30.75,471.5,0,helps,more confident
medxpertqa:Text-1920:I-C:ba,Text-1920:I-C,ba,Text-1920,Understanding,Integumentary,B,Linear IgA disease,Bullous pemphigoid,False,B,text,-19.75,0.0,2.646573638909117e-09,1.0,19.75,,True,30,30,30,0,1.0,0.0,1.0,0.0,21.375,20.0,23.25,465.0,0,helps,more confident
medxpertqa:Text-1920:I-D:ab,Text-1920:I-D,ab,Text-1920,Understanding,Integumentary,A,Linear IgA disease,Pemphigus vulgaris,False,A,text,0.0,-22.75,1.0,1.3176514270095466e-10,22.75,,True,30,30,30,0,1.0,0.0,1.0,0.0,29.75,28.375,31.0,490.5,0,helps,more confident
medxpertqa:Text-1920:I-D:ba,Text-1920:I-D,ba,Text-1920,Understanding,Integumentary,B,Linear IgA disease,Pemphigus vulgaris,False,B,text,-21.0,0.0,7.582560427911907e-10,1.0,21.0,,True,30,30,30,0,1.0,0.0,0.2,0.7,20.5,19.25,22.25,491.0,0,neutral,
medxpertqa:Text-1920:I-E:ab,Text-1920:I-E,ab,Text-1920,Understanding,Integumentary,A,Linear IgA disease,Psoriasis with secondary blister formation,False,A,text,0.0,-25.5,1.0,8.423463754468647e-12,25.5,,True,30,30,30,0,1.0,0.0,1.0,0.0,31.6875,28.875,33.75,419.0,0,helps,more confident
medxpertqa:Text-1920:I-E:ba,Text-1920:I-E,ba,Text-1920,Understanding,Integumentary,B,Linear IgA disease,Psoriasis with secondary blister formation,False,B,text,-21.25,0.0,5.905303998944039e-10,1.0,21.25,,True,30,30,30,0,1.0,0.0,0.4666666666666667,0.3333333333333333,21.25,19.75,23.0,454.5,0,neutral,
medxpertqa:Text-1920:I-F:ab,Text-1920:I-F,ab,Text-1920,Understanding,Integumentary,A,Linear IgA disease,Epidermolysis bullosa acquisita,False,A,text,0.0,-20.25,1.0,1.6052280551856116e-09,20.25,,True,30,30,30,0,1.0,0.0,1.0,0.0,28.5,26.0,31.75,513.5,0,helps,more confident
medxpertqa:Text-1920:I-F:ba,Text-1920:I-F,ba,Text-1920,Understanding,Integumentary,B,Linear IgA disease,Epidermolysis bullosa acquisita,False,B,text,-20.0,0.0,2.061153622438558e-09,1.0,20.0,,True,30,30,30,0,1.0,0.0,0.8,0.16666666666666666,21.125,18.5,23.75,496.5,0,helps,more confident
medxpertqa:Text-1920:I-G:ab,Text-1920:I-G,ab,Text-1920,Understanding,Integumentary,A,Linear IgA disease,Bullous systemic lupus erythematosus,False,A,text,0.0,-21.75,1.0,3.581747930283181e-10,21.75,,True,30,30,30,0,1.0,0.0,1.0,0.0,30.5,29.25,32.0,457.0,0,helps,more confident
medxpertqa:Text-1920:I-G:ba,Text-1920:I-G,ba,Text-1920,Understanding,Integumentary,B,Linear IgA disease,Bullous systemic lupus erythematosus,False,B,text,-17.75,0.0,1.9555681087850496e-08,1.0,17.75,,True,30,30,30,0,1.0,0.0,1.0,0.0,19.75,18.0,21.25,482.5,0,helps,more confident
medxpertqa:Text-1920:I-H:ab,Text-1920:I-H,ab,Text-1920,Understanding,Integumentary,A,Linear IgA disease,Atopic dermatitis,False,A,text,0.0,-27.0,1.0,1.8795288165390832e-12,27.0,,True,30,30,30,0,1.0,0.0,1.0,0.0,32.375,30.875,34.625,397.0,0,helps,more confident
medxpertqa:Text-1920:I-H:ba,Text-1920:I-H,ba,Text-1920,Understanding,Integumentary,B,Linear IgA disease,Atopic dermatitis,False,B,text,-22.5,0.0,1.6918979226151304e-10,1.0,22.5,,True,30,30,30,0,1.0,0.0,0.36666666666666664,0.5,22.375,20.25,24.5,443.5,0,neutral,
medxpertqa:Text-1920:I-J:ab,Text-1920:I-J,ab,Text-1920,Understanding,Integumentary,A,Linear IgA disease,Erythema multiforme,False,A,text,0.0,-22.75,1.0,1.3176514270095466e-10,22.75,,True,30,30,30,0,1.0,0.0,1.0,0.0,31.1875,27.375,33.0,428.5,0,helps,more confident
medxpertqa:Text-1920:I-J:ba,Text-1920:I-J,ba,Text-1920,Understanding,Integumentary,B,Linear IgA disease,Erythema multiforme,False,B,text,-18.5,0.0,9.237449661970594e-09,1.0,18.5,,True,30,30,30,0,1.0,0.0,1.0,0.0,20.75,18.75,22.75,440.0,0,helps,more confident
medxpertqa:Text-1921:H-A:ab,Text-1921:H-A,ab,Text-1921,Reasoning,Skeletal,A,"T6 extended, rotated left, sidebent left","T7 extended, rotated right, sidebent right",False,B,text,-1.5019290447235107,-0.25192904472351074,0.2227001469810028,0.77729988964086,-1.25,,False,30,30,9,21,0.3,0.7,0.3,0.7,-7.000000118248863,-10.50000011958764,10.249999762210791,3401.0,0,hurts,more wrong
medxpertqa:Text-1921:H-A:ba,Text-1921:H-A,ba,Text-1921,Reasoning,Skeletal,B,"T6 extended, rotated left, sidebent left","T7 extended, rotated right, sidebent right",False,A,text,-0.2014133334159851,-1.7014133930206299,0.8175744308728488,0.18242550282051248,-1.5000000596046448,,False,30,30,5,25,0.16666666666666666,0.8333333333333334,0.16666666666666666,0.8333333333333334,-7.249999954306986,-10.50000011958764,7.749999973515514,4442.0,0,hurts,more wrong
medxpertqa:Text-1921:H-B:ab,Text-1921:H-B,ab,Text-1921,Reasoning,Skeletal,A,"T6 extended, rotated left, sidebent left","T6 extended, rotated right, sidebent left",True,A,text,-0.6931471824645996,-0.6931471824645996,0.49999999904767284,0.49999999904767284,0.0,,True,30,30,1,29,0.03333333333333333,0.9666666666666667,0.03333333333333333,0.9666666666666667,-8.49999996113911,-12.250000000011369,8.7499995357648,1974.5,0,excluded,letter bias: the same letter in both orders
medxpertqa:Text-1921:H-B:ba,Text-1921:H-B,ba,Text-1921,Reasoning,Skeletal,B,"T6 extended, rotated left, sidebent left","T6 extended, rotated right, sidebent left",True,A,text,-0.38687101006507874,-1.1368709802627563,0.6791786964925157,0.32082130911852547,-0.7499999701976776,,False,30,30,4,26,0.13333333333333333,0.8666666666666667,0.13333333333333333,0.8666666666666667,-12.37500005961374,-15.24999976158145,8.250000034138793,2227.5,0,excluded,letter bias: the same letter in both orders
medxpertqa:Text-1921:H-C:ab,Text-1921:H-C,ab,Text-1921,Reasoning,Skeletal,A,"T6 extended, rotated left, sidebent left","T6 flexed, rotated left, sidebent right",True,A,text,-0.6931471824645996,-0.6931471824645996,0.49999999904767284,0.49999999904767284,0.0,,True,30,30,2,28,0.06666666666666667,0.9333333333333333,0.06666666666666667,0.9333333333333333,-5.75000003632158,-10.249999881416443,8.999999649982783,3854.5,0,excluded,letter bias: the same letter in both orders
medxpertqa:Text-1921:H-C:ba,Text-1921:H-C,ba,Text-1921,Reasoning,Skeletal,B,"T6 extended, rotated left, sidebent left","T6 flexed, rotated left, sidebent right",True,A,text,-0.10020658373832703,-2.3502066135406494,0.9046505126460354,0.09534945969074979,-2.2500000298023224,,False,30,30,2,28,0.06666666666666667,0.9333333333333333,0.06666666666666667,0.9333333333333333,-10.249999762210791,-15.49999976158145,5.749999812571332,3620.0,0,excluded,letter bias: the same letter in both orders
medxpertqa:Text-1921:H-D:ab,Text-1921:H-D,ab,Text-1921,Reasoning,Skeletal,A,"T6 extended, rotated left, sidebent left","T6 neutral, rotated left, sidebent left",True,A,text,-0.023245446383953094,-3.773245334625244,0.9770226476651187,0.02297737289127478,3.749999888241291,,True,30,30,3,27,0.1,0.9,0.1,0.9,-3.999999917112291,-7.500000152911525,10.999999523302904,3127.0,0,excluded,letter bias: the same letter in both orders
medxpertqa:Text-1921:H-D:ba,Text-1921:H-D,ba,Text-1921,Reasoning,Skeletal,B,"T6 extended, rotated left, sidebent left","T6 neutral, rotated left, sidebent left",True,A,text,-0.575939416885376,-0.825939416885376,0.5621765025686553,0.43782350042481233,-0.25,,False,30,30,9,21,0.3,0.7,0.3,0.7,-6.499999963212758,-8.999999530788045,9.000000126878149,3657.0,0,excluded,letter bias: the same letter in both orders
medxpertqa:Text-1921:H-E:ab,Text-1921:H-E,ab,Text-1921,Reasoning,Skeletal,A,"T6 extended, rotated left, sidebent left","T7 extended, rotated right, sidebent left",False,B,text,-2.578889846801758,-0.07888974994421005,0.07585817148650026,0.9241418055144026,-2.5000000968575478,,False,30,30,6,24,0.2,0.8,0.2,0.8,-8.249999919287802,-11.250000357712452,11.250000357712452,3121.0,0,hurts,more wrong
medxpertqa:Text-1921:H-E:ba,Text-1921:H-E,ba,Text-1921,Reasoning,Skeletal,B,"T6 extended, rotated left, sidebent left","T7 extended, rotated right, sidebent left",False,A,text,-0.25192904472351074,-1.5019290447235107,0.77729988964086,0.2227001469810028,-1.25,,False,30,30,10,20,0.3333333333333333,0.6666666666666666,0.3333333333333333,0.6666666666666666,-6.000000088009983,-11.5000003576788,8.499999663079507,3826.0,0,neutral,
medxpertqa:Text-1921:H-F:ab,Text-1921:H-F,ab,Text-1921,Reasoning,Skeletal,A,"T6 extended, rotated left, sidebent left","T7 flexed, rotated left, sidebent left",False,B,text,-2.578889846801758,-0.07888974994421005,0.07585817148650026,0.9241418055144026,-2.5000000968575478,,False,30,30,6,24,0.2,0.8,0.2,0.8,-6.125000081025064,-11.999999523181941,10.50000011958764,3364.0,0,hurts,more wrong
medxpertqa:Text-1921:H-F:ba,Text-1921:H-F,ba,Text-1921,Reasoning,Skeletal,B,"T6 extended, rotated left, sidebent left","T7 flexed, rotated left, sidebent left",False,A,text,-0.25192904472351074,-1.5019290447235107,0.77729988964086,0.2227001469810028,-1.25,,False,30,30,17,13,0.5666666666666667,0.43333333333333335,0.5666666666666667,0.43333333333333335,2.5000000186264515,-11.749999761612344,9.749999882489647,4754.0,0,neutral,
medxpertqa:Text-1921:H-G:ab,Text-1921:H-G,ab,Text-1921,Reasoning,Skeletal,A,"T6 extended, rotated left, sidebent left","T5 extended, rotated left, sidebent left",True,B,text,-0.825939416885376,-0.575939416885376,0.43782350042481233,0.5621765025686553,-0.25,,False,30,30,30,0,1.0,0.0,1.0,0.0,10.125000120038749,6.750000089290552,12.750000000004093,2793.5,0,excluded,letter bias: the same letter in both orders
medxpertqa:Text-1921:H-G:ba,Text-1921:H-G,ba,Text-1921,Reasoning,Skeletal,B,"T6 extended, rotated left, sidebent left","T5 extended, rotated left, sidebent left",True,B,text,-4.511047840118408,-0.011047743260860443,0.010986941583869245,0.9890130589396958,4.500000096857548,,True,30,30,30,0,1.0,0.0,1.0,0.0,11.749999702008154,10.000000358661055,15.49999976158145,2358.0,0,excluded,letter bias: the same letter in both orders
medxpertqa:Text-1921:H-I:ab,Text-1921:H-I,ab,Text-1921,Reasoning,Skeletal,A,"T6 extended, rotated left, sidebent left","T7 extended, rotated left, sidebent right",False,B,text,-2.3502066135406494,-0.10020658373832703,0.09534945969074979,0.9046505126460354,-2.2500000298023224,,False,30,30,2,28,0.06666666666666667,0.9333333333333333,0.06666666666666667,0.9333333333333333,-7.249999894585926,-11.749999761612344,7.749999854568159,3801.5,0,hurts,more wrong
medxpertqa:Text-1921:H-I:ba,Text-1921:H-I,ba,Text-1921,Reasoning,Skeletal,B,"T6 extended, rotated left, sidebent left","T7 extended, rotated left, sidebent right",False,A,text,-0.2014133334159851,-1.7014133930206299,0.8175744308728488,0.18242550282051248,-1.5000000596046448,,False,30,30,18,12,0.6,0.4,0.6,0.4,2.7499999664723873,-11.250000357712452,6.999999938940164,4952.5,0,neutral,
medxpertqa:Text-1921:H-J:ab,Text-1921:H-J,ab,Text-1921,Reasoning,Skeletal,A,"T6 extended, rotated left, sidebent left","T6 flexed, rotated right, sidebent right",True,A,text,-0.25192904472351074,-1.5019290447235107,0.77729988964086,0.2227001469810028,1.25,,True,30,30,9,21,0.3,0.7,0.3,0.7,-5.500000031432137,-9.250000243031536,12.50000011921611,3186.5,0,excluded,letter bias: the same letter in both orders
medxpertqa:Text-1921:H-J:ba,Text-1921:H-J,ba,Text-1921,Reasoning,Skeletal,B,"T6 extended, rotated left, sidebent left","T6 flexed, rotated right, sidebent right",True,A,text,-0.04858732968568802,-3.0485873222351074,0.9525741476724274,0.047425874568977164,-2.9999999925494194,,False,30,30,6,24,0.2,0.8,0.2,0.8,-11.375000357695626,-14.499999523162955,6.249999835155904,3310.5,0,excluded,letter bias: the same letter in both orders
medxpertqa:Text-1928:A-B:ab,Text-1928:A-B,ab,Text-1928,Reasoning,Muscular,A,Anterior thoracic 11 tender point,Oblique muscle strain,False,B,text,-12.75000286102295,-2.861018856492592e-06,2.902312105056987e-06,0.9999971389852362,-12.750000000004093,,False,30,30,0,30,0.0,1.0,0.0,1.0,-17.75,-20.75,-14.749999642372188,482.5,0,hurts,more wrong
medxpertqa:Text-1928:A-B:ba,Text-1928:A-B,ba,Text-1928,Reasoning,Muscular,B,Anterior thoracic 11 tender point,Oblique muscle strain,False,A,text,-1.7881377516459906e-06,-13.250001907348633,0.9999982118638471,1.7603429545652396e-06,-13.250000119210881,,False,30,30,0,30,0.0,1.0,0.0,1.0,-22.125,-27.0,-15.749999880790718,602.0,0,hurts,more wrong
medxpertqa:Text-1928:A-C:ab,Text-1928:A-C,ab,Text-1928,Reasoning,Muscular,A,Anterior thoracic 11 tender point,Anterior thoracic 10 tender point,False,A,text,-0.4740769863128662,-0.9740769863128662,0.6224593298742985,0.377540667992942,0.5,,True,30,30,9,21,0.3,0.7,0.3,0.7,-7.375000023719622,-11.999999523181941,12.999999642374632,1404.5,0,hurts,flips to wrong
medxpertqa:Text-1928:A-C:ba,Text-1928:A-C,ba,Text-1928,Reasoning,Muscular,B,Anterior thoracic 11 tender point,Anterior thoracic 10 tender point,False,B,text,-3.0485873222351074,-0.04858732968568802,0.047425874568977164,0.9525741476724274,2.9999999925494194,,True,30,30,29,1,0.9666666666666667,0.03333333333333333,0.9666666666666667,0.03333333333333333,9.37499988449781,-10.000000239455403,12.50000011921611,1039.5,0,helps,more confident
medxpertqa:Text-1928:A-D:ab,Text-1928:A-D,ab,Text-1928,Reasoning,Muscular,A,Anterior thoracic 11 tender point,Abdominal wall hematoma,False,B,text,-6.7511701583862305,-0.0011701886542141438,0.0011695103074966034,0.9988304957495425,-6.749999969732016,,False,30,30,0,30,0.0,1.0,0.0,1.0,-12.124999761596655,-15.999999880790718,-8.999999530788045,722.5,0,hurts,more wrong
medxpertqa:Text-1928:A-D:ba,Text-1928:A-D,ba,Text-1928,Reasoning,Muscular,B,Anterior thoracic 11 tender point,Abdominal wall hematoma,False,A,text,-0.0011701886542141438,-6.7511701583862305,0.9988304957495425,0.0011695103074966034,-6.749999969732016,,False,30,30,0,30,0.0,1.0,0.0,1.0,-15.37499976158145,-21.25,-11.375000000065484,814.5,0,hurts,more wrong
medxpertqa:Text-1928:A-E:ab,Text-1928:A-E,ab,Text-1928,Reasoning,Muscular,A,Anterior thoracic 11 tender point,Iliacus tender point,False,B,text,-4.758614540100098,-0.008614521473646164,0.008577484930474293,0.9914224771982877,-4.7500000186264515,,False,30,30,1,29,0.03333333333333333,0.9666666666666667,0.03333333333333333,0.9666666666666667,-12.50000011921611,-15.749999880790718,3.2500001080334187,615.5,0,hurts,more wrong
medxpertqa:Text-1928:A-E:ba,Text-1928:A-E,ba,Text-1928,Reasoning,Muscular,B,Anterior thoracic 11 tender point,Iliacus tender point,False,A,text,-0.06196761503815651,-2.811967611312866,0.9399133253553882,0.060086648833494447,-2.7499999962747097,,False,30,30,0,30,0.0,1.0,0.0,1.0,-14.999999701976819,-22.25,-10.749999523393853,790.0,0,hurts,more wrong
medxpertqa:Text-1928:A-F:ab,Text-1928:A-F,ab,Text-1928,Reasoning,Muscular,A,Anterior thoracic 11 tender point,Umbilical hernia,True,B,text,-6.7511701583862305,-0.0011701886542141438,0.0011695103074966034,0.9988304957495425,-6.749999969732016,,False,30,30,0,30,0.0,1.0,0.0,1.0,-10.000000358661055,-13.250000119210881,-7.750000092870323,1335.5,0,excluded,letter bias: the same letter in both orders
medxpertqa:Text-1928:A-F:ba,Text-1928:A-F,ba,Text-1928,Reasoning,Muscular,B,Anterior thoracic 11 tender point,Umbilical hernia,True,B,text,-2.578889846801758,-0.07888974994421005,0.07585817148650026,0.9241418055144026,2.5000000968575478,,True,30,30,18,12,0.6,0.4,0.6,0.4,3.500000035390258,-8.749999893334461,7.2500000136788,1628.0,0,excluded,letter bias: the same letter in both orders
medxpertqa:Text-1928:A-G:ab,Text-1928:A-G,ab,Text-1928,Reasoning,Muscular,A,Anterior thoracic 11 tender point,Pubic symphysis dysfunction,False,B,text,-3.0485873222351074,-0.04858732968568802,0.047425874568977164,0.9525741476724274,-2.9999999925494194,,False,30,30,1,29,0.03333333333333333,0.9666666666666667,0.03333333333333333,0.9666666666666667,-10.499999702405148,-15.49999976158145,4.499999985098839,851.0,0,hurts,more wrong
medxpertqa:Text-1928:A-G:ba,Text-1928:A-G,ba,Text-1928,Reasoning,Muscular,B,Anterior thoracic 11 tender point,Pubic symphysis dysfunction,False,A,text,-0.25192904472351074,-1.5019290447235107,0.77729988964086,0.2227001469810028,-1.25,,False,30,30,0,30,0.0,1.0,0.0,1.0,-12.37500005961374,-20.0,-8.749999774154276,916.0,0,hurts,more wrong
medxpertqa:Text-1928:A-H:ab,Text-1928:A-H,ab,Text-1928,Reasoning,Muscular,A,Anterior thoracic 11 tender point,Constipation,False,A,text,-0.575939416885376,-0.825939416885376,0.5621765025686553,0.43782350042481233,0.25,,True,30,30,1,29,0.03333333333333333,0.9666666666666667,0.03333333333333333,0.9666666666666667,-6.874999835039489,-9.250000243031536,6.999999819439836,1308.5,0,hurts,flips to wrong
medxpertqa:Text-1928:A-H:ba,Text-1928:A-H,ba,Text-1928,Reasoning,Muscular,B,Anterior thoracic 11 tender point,Constipation,False,B,text,-4.511047840118408,-0.011047743260860443,0.010986941583869245,0.9890130589396958,4.500000096857548,,True,30,30,10,20,0.3333333333333333,0.6666666666666666,0.3333333333333333,0.6666666666666666,-4.500000161584467,-8.250000034138793,9.250000243031536,1534.5,0,neutral,
medxpertqa:Text-1928:A-I:ab,Text-1928:A-I,ab,Text-1928,Reasoning,Muscular,A,Anterior thoracic 11 tender point,Rectus abdominis strain,False,B,text,-18.5,0.0,9.237449661970594e-09,1.0,-18.5,,False,30,30,0,30,0.0,1.0,0.0,1.0,-21.25,-23.25,-19.25,414.5,0,hurts,more wrong
medxpertqa:Text-1928:A-I:ba,Text-1928:A-I,ba,Text-1928,Reasoning,Muscular,B,Anterior thoracic 11 tender point,Rectus abdominis strain,False,A,text,-8.344646857949556e-07,-14.000000953674316,0.9999991655356624,8.315279260963632e-07,-14.00000011920963,,False,30,30,0,30,0.0,1.0,0.0,1.0,-25.375,-28.0,-18.5,469.0,0,hurts,more wrong
medxpertqa:Text-1928:A-J:ab,Text-1928:A-J,ab,Text-1928,Reasoning,Muscular,A,Anterior thoracic 11 tender point,Psoas syndrome,False,B,text,-8.000335693359375,-0.00033539868309162557,0.0003353500342255387,0.9996646575567589,-8.000000294676283,,False,30,30,0,30,0.0,1.0,0.0,1.0,-15.999999880790718,-18.75,-10.749999523393853,499.5,0,hurts,more wrong
medxpertqa:Text-1928:A-J:ba,Text-1928:A-J,ba,Text-1928,Reasoning,Muscular,B,Anterior thoracic 11 tender point,Psoas syndrome,False,A,text,-0.4740769863128662,-0.9740769863128662,0.6224593298742985,0.377540667992942,-0.5,,False,30,30,0,30,0.0,1.0,0.0,1.0,-12.999999642374632,-19.5,-6.750000208383426,940.5,0,hurts,more wrong
medxpertqa:Text-1934:E-A:ab,Text-1934:E-A,ab,Text-1934,Reasoning,Skeletal,A,The sacrum is a forward torsion,The dysfunction originates from the lumbar spine rather than the sacrum,False,A,text,-0.006715348921716213,-5.006715297698975,0.9933071486460123,0.006692851264215723,4.999999948777258,,True,30,30,22,8,0.7333333333333333,0.26666666666666666,0.7333333333333333,0.26666666666666666,8.874999893458153,-5.999999969033524,12.250000000011369,1829.0,0,helps,more confident
medxpertqa:Text-1934:E-A:ba,Text-1934:E-A,ba,Text-1934,Reasoning,Skeletal,B,The sacrum is a forward torsion,The dysfunction originates from the lumbar spine rather than the sacrum,False,B,text,-2.3502066135406494,-0.10020658373832703,0.09534945969074979,0.9046505126460354,2.2500000298023224,,True,30,30,28,2,0.9333333333333333,0.06666666666666667,0.9333333333333333,0.06666666666666667,6.500000022293534,-6.750000089290552,10.000000239455403,1869.5,0,helps,more confident
medxpertqa:Text-1934:E-B:ab,Text-1934:E-B,ab,Text-1934,Reasoning,Skeletal,A,The sacrum is a forward torsion,L1–L5 follow Fryette's 2nd law,True,B,text,-1.5019290447235107,-0.25192904472351074,0.2227001469810028,0.77729988964086,-1.25,,False,30,30,1,29,0.03333333333333333,0.9666666666666667,0.03333333333333333,0.9666666666666667,-8.374999789011781,-10.000000358661055,7.2500000136788,1727.0,0,excluded,letter bias: the same letter in both orders
medxpertqa:Text-1934:E-B:ba,Text-1934:E-B,ba,Text-1934,Reasoning,Skeletal,B,The sacrum is a forward torsion,L1–L5 follow Fryette's 2nd law,True,B,text,-1.5019290447235107,-0.25192904472351074,0.2227001469810028,0.77729988964086,1.25,,True,30,30,13,17,0.43333333333333335,0.5666666666666667,0.43333333333333335,0.5666666666666667,-5.1249999853316694,-8.999999649982783,6.749999850639142,2410.0,0,excluded,letter bias: the same letter in both orders
medxpertqa:Text-1934:E-C:ab,Text-1934:E-C,ab,Text-1934,Reasoning,Skeletal,A,The sacrum is a forward torsion,The right side of the sacrum is flexed,False,A,text,-0.575939416885376,-0.825939416885376,0.5621765025686553,0.43782350042481233,0.25,,True,30,30,3,27,0.1,0.9,0.1,0.9,-5.124999928055331,-8.499999543884769,9.500000360436388,1631.5,0,hurts,flips to wrong
medxpertqa:Text-1934:E-C:ba,Text-1934:E-C,ba,Text-1934,Reasoning,Skeletal,B,The sacrum is a forward torsion,The right side of the sacrum is flexed,False,B,text,-0.825939416885376,-0.575939416885376,0.43782350042481233,0.5621765025686553,0.25,,True,30,30,21,9,0.7,0.3,0.7,0.3,5.000000073574483,-8.250000034138793,9.250000243031536,1851.5,0,helps,more confident
medxpertqa:Text-1934:E-D:ab,Text-1934:E-D,ab,Text-1934,Reasoning,Skeletal,A,The sacrum is a forward torsion,The sacrum is rotated to the opposite side of its axis,False,B,text,-4.0181498527526855,-0.018149960786104202,0.017986211314027313,0.9820137577607906,-3.9999998919665813,,False,30,30,0,30,0.0,1.0,0.0,1.0,-8.249999914958607,-11.5000003576788,-5.750000051688403,1922.5,0,hurts,more wrong
medxpertqa:Text-1934:E-D:ba,Text-1934:E-D,ba,Text-1934,Reasoning,Skeletal,B,The sacrum is a forward torsion,The sacrum is rotated to the opposite side of its axis,False,A,text,-0.38687101006507874,-1.1368709802627563,0.6791786964925157,0.32082130911852547,-0.7499999701976776,,False,30,30,17,13,0.5666666666666667,0.43333333333333335,0.5666666666666667,0.43333333333333335,2.499999973922968,-8.749999893334461,8.499999663079507,2686.0,0,neutral,
medxpertqa:Text-1934:E-F:ab,Text-1934:E-F,ab,Text-1934,Reasoning,Skeletal,A,The sacrum is a forward torsion,The sacrum rotates to the same side as the axis,True,B,text,-2.1269280910491943,-0.12692804634571075,0.11920291248514252,0.8807970468833343,-2.0000000447034836,,False,30,30,0,30,0.0,1.0,0.0,1.0,-6.625000077765435,-10.000000358661055,-3.249999985098839,2553.5,0,excluded,letter bias: the same letter in both orders
medxpertqa:Text-1934:E-F:ba,Text-1934:E-F,ba,Text-1934,Reasoning,Skeletal,B,The sacrum is a forward torsion,The sacrum rotates to the same side as the axis,True,B,text,-0.825939416885376,-0.575939416885376,0.43782350042481233,0.5621765025686553,0.25,,True,30,30,17,13,0.5666666666666667,0.43333333333333335,0.5666666666666667,0.43333333333333335,2.6250000335276127,-10.124999523985025,8.250000034138793,2188.5,0,excluded,letter bias: the same letter in both orders
medxpertqa:Text-1934:E-G:ab,Text-1934:E-G,ab,Text-1934,Reasoning,Skeletal,A,The sacrum is a forward torsion,L1–L5 follow Fryette's 1st law exclusively,False,A,text,-0.12692804634571075,-2.1269280910491943,0.8807970468833343,0.11920291248514252,2.0000000447034836,,True,30,30,5,25,0.16666666666666666,0.8333333333333334,0.16666666666666666,0.8333333333333334,-6.000000029569492,-8.999999649982783,9.500000360436388,1685.0,0,hurts,flips to wrong
medxpertqa:Text-1934:E-G:ba,Text-1934:E-G,ba,Text-1934,Reasoning,Skeletal,B,The sacrum is a forward torsion,L1–L5 follow Fryette's 1st law exclusively,False,B,text,-3.288041353225708,-0.03804141283035278,0.037326888033261264,0.9626730730490257,3.2499999403953552,,True,30,30,19,11,0.6333333333333333,0.36666666666666664,0.6,0.4,4.7500000433065,-5.499999987427145,7.999999698833562,2264.5,0,neutral,
medxpertqa:Text-1934:E-H:ab,Text-1934:E-H,ab,Text-1934,Reasoning,Skeletal,A,The sacrum is a forward torsion,The sacrum is extended rather than flexed,False,A,text,-0.06196761503815651,-2.811967611312866,0.9399133253553882,0.060086648833494447,2.7499999962747097,,True,30,30,28,2,0.9333333333333333,0.06666666666666667,0.9333333333333333,0.06666666666666667,10.749999940627276,-6.999999819439836,14.00000011920963,1752.5,0,helps,more confident
medxpertqa:Text-1934:E-H:ba,Text-1934:E-H,ba,Text-1934,Reasoning,Skeletal,B,The sacrum is a forward torsion,The sacrum is extended rather than flexed,False,B,text,-2.811967611312866,-0.06196761503815651,0.060086648833494447,0.9399133253553882,2.7499999962747097,,True,30,30,29,1,0.9666666666666667,0.03333333333333333,0.9666666666666667,0.03333333333333333,8.250000034138793,-6.500000056345016,10.249999881416443,1447.5,0,helps,more confident
medxpertqa:Text-1934:E-I:ab,Text-1934:E-I,ab,Text-1934,Reasoning,Skeletal,A,The sacrum is a forward torsion,The iliolumbar ligament is the primary source of pain,False,A,text,-0.12692804634571075,-2.1269280910491943,0.8807970468833343,0.11920291248514252,2.0000000447034836,,True,30,30,26,4,0.8666666666666667,0.13333333333333333,0.8666666666666667,0.13333333333333333,7.625000003637979,-8.250000034138793,10.50000011958764,1587.5,0,helps,more confident
medxpertqa:Text-1934:E-I:ba,Text-1934:E-I,ba,Text-1934,Reasoning,Skeletal,B,The sacrum is a forward torsion,The iliolumbar ligament is the primary source of pain,False,B,text,-2.3502066135406494,-0.10020658373832703,0.09534945969074979,0.9046505126460354,2.2500000298023224,,True,30,30,30,0,1.0,0.0,1.0,0.0,7.124999976309482,4.24999996740371,9.749999882489647,1593.0,0,helps,more confident
medxpertqa:Text-1934:E-J:ab,Text-1934:E-J,ab,Text-1934,Reasoning,Skeletal,A,The sacrum is a forward torsion,The sacrum is in a backward torsion pattern,True,A,text,-0.31326165795326233,-1.31326162815094,0.7310586002437232,0.26894143733631704,0.9999999701976776,,True,30,30,22,8,0.7333333333333333,0.26666666666666666,0.7333333333333333,0.26666666666666666,7.625000123211066,-7.749999973515514,11.00000035776975,1860.5,0,excluded,letter bias: the same letter in both orders
medxpertqa:Text-1934:E-J:ba,Text-1934:E-J,ba,Text-1934,Reasoning,Skeletal,B,The sacrum is a forward torsion,The sacrum is in a backward torsion pattern,True,A,text,-0.38687101006507874,-1.1368709802627563,0.6791786964925157,0.32082130911852547,-0.7499999701976776,,False,30,30,10,20,0.3333333333333333,0.6666666666666666,0.3333333333333333,0.6666666666666666,-8.374999669831595,-13.250000119210881,8.999999530788045,1852.0,0,excluded,letter bias: the same letter in both orders
medxpertqa:Text-1963:F-A:ab,Text-1963:F-A,ab,Text-1963,Reasoning,Nervous,A,Schizoaffective disorder,Delusional disorder with depressive features,False,A,text,-3.6954811548639555e-06,-12.500003814697266,0.9999963045256735,3.7266389560521204e-06,12.50000011921611,,True,30,30,30,0,1.0,0.0,1.0,0.0,20.875,18.0,23.75,625.0,0,helps,more confident
medxpertqa:Text-1963:F-A:ba,Text-1963:F-A,ba,Text-1963,Reasoning,Nervous,B,Schizoaffective disorder,Delusional disorder with depressive features,False,B,text,-12.000005722045898,-6.198863957251888e-06,6.144177195963701e-06,0.9999938011552557,11.999999523181941,,True,30,30,30,0,1.0,0.0,1.0,0.0,15.49999976158145,13.250000119210881,17.5,529.5,0,helps,more confident
medxpertqa:Text-1963:F-B:ab,Text-1963:F-B,ab,Text-1963,Reasoning,Nervous,A,Schizoaffective disorder,Schizophrenia,True,A,text,-0.07888974994421005,-2.578889846801758,0.9241418055144026,0.07585817148650026,2.5000000968575478,,True,30,30,29,1,0.9666666666666667,0.03333333333333333,0.9666666666666667,0.03333333333333333,8.00000023508619,-8.499999543884769,11.250000357712452,1646.0,0,excluded,letter bias: the same letter in both orders
medxpertqa:Text-1963:F-B:ba,Text-1963:F-B,ba,Text-1963,Reasoning,Nervous,B,Schizoaffective disorder,Schizophrenia,True,A,text,-4.541770613286644e-05,-10.000045776367188,0.9999545833252356,4.539785156619626e-05,-10.000000358661055,,False,30,30,30,0,1.0,0.0,1.0,0.0,4.75000007962808,2.7499999962747097,7.500000152911525,1094.0,0,excluded,letter bias: the same letter in both orders
medxpertqa:Text-1963:F-C:ab,Text-1963:F-C,ab,Text-1963,Reasoning,Nervous,A,Schizoaffective disorder,Brief psychotic disorder,False,A,text,-1.1920928244535389e-07,-16.0,0.9999998807907247,1.1253517471925912e-07,15.999999880790718,,True,30,30,30,0,1.0,0.0,1.0,0.0,22.375,19.25,26.5,622.0,0,helps,more confident
medxpertqa:Text-1963:F-C:ba,Text-1963:F-C,ba,Text-1963,Reasoning,Nervous,B,Schizoaffective disorder,Brief psychotic disorder,False,B,text,-14.250000953674316,-5.960462772236497e-07,6.47594599989589e-07,0.9999994039539004,14.25000035762804,,True,30,30,30,0,1.0,0.0,0.9333333333333333,0.06666666666666667,16.75,13.499999523163865,18.0,516.0,0,helps,more confident
medxpertqa:Text-1963:F-D:ab,Text-1963:F-D,ab,Text-1963,Reasoning,Nervous,A,Schizoaffective disorder,Substance-induced psychotic disorder,False,A,text,-4.768370445162873e-07,-14.5,0.9999995231630692,5.04347662567888e-07,14.499999523162955,,True,30,30,30,0,1.0,0.0,1.0,0.0,22.25,18.0,24.5,606.0,0,helps,more confident
medxpertqa:Text-1963:F-D:ba,Text-1963:F-D,ba,Text-1963,Reasoning,Nervous,B,Schizoaffective disorder,Substance-induced psychotic disorder,False,B,text,-13.250001907348633,-1.7881377516459906e-06,1.7603429545652396e-06,0.9999982118638471,13.250000119210881,,True,30,30,30,0,1.0,0.0,1.0,0.0,15.49999976158145,13.499999523163865,17.25,549.5,0,helps,more confident
medxpertqa:Text-1963:F-E:ab,Text-1963:F-E,ab,Text-1963,Reasoning,Nervous,A,Schizoaffective disorder,Schizophreniform disorder,False,A,text,-0.06196761503815651,-2.811967611312866,0.9399133253553882,0.060086648833494447,2.7499999962747097,,True,30,30,29,1,0.9666666666666667,0.03333333333333333,0.9666666666666667,0.03333333333333333,8.749999893334461,-6.749999971361831,12.999999642374632,1818.0,0,helps,more confident
medxpertqa:Text-1963:F-E:ba,Text-1963:F-E,ba,Text-1963,Reasoning,Nervous,B,Schizoaffective disorder,Schizophreniform disorder,False,B,text,-1.31326162815094,-0.31326165795326233,0.26894143733631704,0.7310586002437232,0.9999999701976776,,True,30,30,30,0,1.0,0.0,1.0,0.0,8.624999778206984,6.999999938940164,10.999999523302904,987.0,0,helps,more confident
medxpertqa:Text-1963:F-G:ab,Text-1963:F-G,ab,Text-1963,Reasoning,Nervous,A,Schizoaffective disorder,Bipolar I disorder with psychotic features,False,A,text,-0.006715348921716213,-5.006715297698975,0.9933071486460123,0.006692851264215723,4.999999948777258,,True,30,30,30,0,1.0,0.0,1.0,0.0,10.375000000502041,7.250000133179128,12.50000011921611,1523.0,0,helps,more confident
medxpertqa:Text-1963:F-G:ba,Text-1963:F-G,ba,Text-1963,Reasoning,Nervous,B,Schizoaffective disorder,Bipolar I disorder with psychotic features,False,B,text,-2.578889846801758,-0.07888974994421005,0.07585817148650026,0.9241418055144026,2.5000000968575478,,True,30,30,30,0,1.0,0.0,1.0,0.0,8.624999837884388,7.249999894585926,11.5000003576788,1093.0,0,helps,more confident
medxpertqa:Text-1963:F-H:ab,Text-1963:F-H,ab,Text-1963,Reasoning,Nervous,A,Schizoaffective disorder,Major depressive disorder with catatonic features,False,A,text,-9.60780744208023e-05,-9.250096321105957,0.9999039265409296,9.610239492660866e-05,9.250000243031536,,True,30,30,30,0,1.0,0.0,0.9,0.1,12.562499821192205,7.250000133179128,16.249999880790718,1596.5,0,helps,more confident
medxpertqa:Text-1963:F-H:ba,Text-1963:F-H,ba,Text-1963,Reasoning,Nervous,B,Schizoaffective disorder,Major depressive disorder with catatonic features,False,B,text,-12.75000286102295,-2.861018856492592e-06,2.902312105056987e-06,0.9999971389852362,12.750000000004093,,True,30,30,30,0,1.0,0.0,0.36666666666666664,0.5333333333333333,12.625000000005684,10.499999761970685,15.24999976158145,1095.5,0,neutral,
medxpertqa:Text-1963:F-I:ab,Text-1963:F-I,ab,Text-1963,Reasoning,Nervous,A,Schizoaffective disorder,Mood disorder with psychotic features,False,B,text,-5.2552337646484375,-0.005233753472566605,0.005220125868449866,0.9947799187523881,-5.250000011175871,,False,30,30,1,29,0.03333333333333333,0.9666666666666667,0.03333333333333333,0.9666666666666667,-9.875000060972525,-12.50000011921611,4.999999967869371,1152.5,0,hurts,more wrong
medxpertqa:Text-1963:F-I:ba,Text-1963:F-I,ba,Text-1963,Reasoning,Nervous,B,Schizoaffective disorder,Mood disorder with psychotic features,False,A,text,-0.023245446383953094,-3.773245334625244,0.9770226476651187,0.02297737289127478,-3.749999888241291,,False,30,30,11,19,0.36666666666666664,0.6333333333333333,0.36666666666666664,0.6333333333333333,-5.374999883119017,-8.499999663079507,9.250000004642061,2371.5,0,neutral,
medxpertqa:Text-1963:F-J:ab,Text-1963:F-J,ab,Text-1963,Reasoning,Nervous,A,Schizoaffective disorder,Psychotic disorder due to another medical condition,False,A,text,-6.198863957251888e-06,-12.000005722045898,0.9999938011552557,6.144177195963701e-06,11.999999523181941,,True,30,30,30,0,1.0,0.0,1.0,0.0,17.0,15.37499976158145,20.5,875.0,0,helps,more confident
medxpertqa:Text-1963:F-J:ba,Text-1963:F-J,ba,Text-1963,Reasoning,Nervous,B,Schizoaffective disorder,Psychotic disorder due to another medical condition,False,B,text,-9.50007438659668,-7.486063259420916e-05,7.484626212190614e-05,0.999925142169393,9.499999525964085,,True,30,30,30,0,1.0,0.0,1.0,0.0,12.50000000000773,10.749999523393853,14.00000011920963,715.0,0,helps,more confident
medxpertqa:Text-1976:A-B:ab,Text-1976:A-B,ab,Text-1976,Reasoning,Cardiovascular,A,Von Willebrand disease,Disseminated intravascular coagulation,False,A,text,-0.10020658373832703,-2.3502066135406494,0.9046505126460354,0.09534945969074979,2.2500000298023224,,True,30,30,30,0,1.0,0.0,1.0,0.0,15.49999976158145,11.749999761612344,23.75,656.0,0,helps,more confident
medxpertqa:Text-1976:A-B:ba,Text-1976:A-B,ba,Text-1976,Reasoning,Cardiovascular,B,Von Willebrand disease,Disseminated intravascular coagulation,False,B,text,-6.7511701583862305,-0.0011701886542141438,0.0011695103074966034,0.9988304957495425,6.749999969732016,,True,30,30,30,0,1.0,0.0,1.0,0.0,14.374999940395497,8.749999654959538,17.25,445.5,0,helps,more confident
medxpertqa:Text-1976:A-C:ab,Text-1976:A-C,ab,Text-1976,Reasoning,Cardiovascular,A,Von Willebrand disease,Glanzmann thrombasthenia,False,A,text,-0.25192904472351074,-1.5019290447235107,0.77729988964086,0.2227001469810028,1.25,,True,30,30,30,0,1.0,0.0,1.0,0.0,14.249999821186293,10.7500003578607,18.5,819.5,0,helps,more confident
medxpertqa:Text-1976:A-C:ba,Text-1976:A-C,ba,Text-1976,Reasoning,Cardiovascular,B,Von Willebrand disease,Glanzmann thrombasthenia,False,B,text,-2.811967611312866,-0.06196761503815651,0.060086648833494447,0.9399133253553882,2.7499999962747097,,True,30,30,30,0,1.0,0.0,1.0,0.0,8.874999712061253,6.249999954132363,14.999999642372188,722.0,0,helps,more confident
medxpertqa:Text-1976:A-D:ab,Text-1976:A-D,ab,Text-1976,Reasoning,Cardiovascular,A,Von Willebrand disease,Factor XII deficiency,True,A,text,-0.575939416885376,-0.825939416885376,0.5621765025686553,0.43782350042481233,0.25,,True,30,30,23,7,0.7666666666666667,0.23333333333333334,0.7666666666666667,0.23333333333333334,7.000000059779268,-8.749999893334461,11.250000357712452,1182.5,0,excluded,letter bias: the same letter in both orders
medxpertqa:Text-1976:A-D:ba,Text-1976:A-D,ba,Text-1976,Reasoning,Cardiovascular,B,Von Willebrand disease,Factor XII deficiency,True,A,text,-0.1602240949869156,-1.9102240800857544,0.8519528492100928,0.14804720844715558,-1.7499999850988388,,False,30,30,26,4,0.8666666666666667,0.13333333333333333,0.8666666666666667,0.13333333333333333,4.000000011175871,-11.250000357712452,9.749999882489647,1072.5,0,excluded,letter bias: the same letter in both orders
medxpertqa:Text-1976:A-E:ab,Text-1976:A-E,ab,Text-1976,Reasoning,Cardiovascular,A,Von Willebrand disease,Vitamin K deficiency,False,A,text,-0.03804141283035278,-3.288041353225708,0.9626730730490257,0.037326888033261264,3.2499999403953552,,True,30,30,30,0,1.0,0.0,1.0,0.0,15.874999821186083,11.749999761612344,20.5,567.5,0,helps,more confident
medxpertqa:Text-1976:A-E:ba,Text-1976:A-E,ba,Text-1976,Reasoning,Cardiovascular,B,Von Willebrand disease,Vitamin K deficiency,False,B,text,-4.758614540100098,-0.008614521473646164,0.008577484930474293,0.9914224771982877,4.7500000186264515,,True,30,30,30,0,1.0,0.0,1.0,0.0,9.749999882489647,6.499999818275683,13.499999523163865,565.5,0,helps,more confident
medxpertqa:Text-1976:A-F:ab,Text-1976:A-F,ab,Text-1976,Reasoning,Cardiovascular,A,Von Willebrand disease,Hemophilia A,True,B,text,-2.1269280910491943,-0.12692804634571075,0.11920291248514252,0.8807970468833343,-2.0000000447034836,,False,30,30,1,29,0.03333333333333333,0.9666666666666667,0.03333333333333333,0.9666666666666667,-9.624999525423846,-13.749999880791279,2.499999925494194,770.0,0,excluded,letter bias: the same letter in both orders
medxpertqa:Text-1976:A-F:ba,Text-1976:A-F,ba,Text-1976,Reasoning,Cardiovascular,B,Von Willebrand disease,Hemophilia A,True,B,text,-1.5019290447235107,-0.25192904472351074,0.2227001469810028,0.77729988964086,1.25,,True,30,30,8,22,0.26666666666666666,0.7333333333333333,0.26666666666666666,0.7333333333333333,-9.874999941768692,-16.75,7.249999775434844,1053.5,0,excluded,letter bias: the same letter in both orders
medxpertqa:Text-1976:A-G:ab,Text-1976:A-G,ab,Text-1976,Reasoning,Cardiovascular,A,Von Willebrand disease,Immune thrombocytopenic purpura,True,B,text,-2.1269280910491943,-0.12692804634571075,0.11920291248514252,0.8807970468833343,-2.0000000447034836,,False,30,30,30,0,1.0,0.0,1.0,0.0,10.624999821490746,6.499999937368557,16.75,631.5,0,excluded,letter bias: the same letter in both orders
medxpertqa:Text-1976:A-G:ba,Text-1976:A-G,ba,Text-1976,Reasoning,Cardiovascular,B,Von Willebrand disease,Immune thrombocytopenic purpura,True,B,text,-2.578889846801758,-0.07888974994421005,0.07585817148650026,0.9241418055144026,2.5000000968575478,,True,30,30,30,0,1.0,0.0,1.0,0.0,8.999999649982783,6.250000192085281,14.00000011920963,538.0,0,excluded,letter bias: the same letter in both orders
medxpertqa:Text-1976:A-H:ab,Text-1976:A-H,ab,Text-1976,Reasoning,Cardiovascular,A,Von Willebrand disease,Antiphospholipid syndrome,False,A,text,-0.029750416055321693,-3.529750347137451,0.9706877714009485,0.029312232836486894,3.4999999310821295,,True,30,30,30,0,1.0,0.0,1.0,0.0,17.5,12.750000000004093,21.75,683.0,0,helps,more confident
medxpertqa:Text-1976:A-H:ba,Text-1976:A-H,ba,Text-1976,Reasoning,Cardiovascular,B,Von Willebrand disease,Antiphospholipid syndrome,False,B,text,-9.7500581741333,-5.829164365422912e-05,5.829127258796956e-05,0.9999417100552707,9.749999882489647,,True,30,30,30,0,1.0,0.0,1.0,0.0,16.249999880790718,11.250000357712452,19.75,440.0,0,helps,more confident
medxpertqa:Text-1976:A-I:ab,Text-1976:A-I,ab,Text-1976,Reasoning,Cardiovascular,A,Von Willebrand disease,Liver disease,False,A,text,-0.011047743260860443,-4.511047840118408,0.9890130589396958,0.010986941583869245,4.500000096857548,,True,30,30,30,0,1.0,0.0,1.0,0.0,15.999999880790718,12.750000000004093,23.0,589.5,0,helps,more confident
medxpertqa:Text-1976:A-I:ba,Text-1976:A-I,ba,Text-1976,Reasoning,Cardiovascular,B,Von Willebrand disease,Liver disease,False,B,text,-7.750430583953857,-0.0004306104383431375,0.0004305571096741222,0.9995694822610254,7.749999973515514,,True,30,30,30,0,1.0,0.0,1.0,0.0,12.50000011921611,9.499999525964085,15.999999880790718,416.0,0,helps,more confident
medxpertqa:Text-1976:A-J:ab,Text-1976:A-J,ab,Text-1976,Reasoning,Cardiovascular,A,Von Willebrand disease,Bernard-Soulier syndrome,False,A,text,-0.01416344940662384,-4.264163494110107,0.9859363803758086,0.014063626520379485,4.250000044703484,,True,30,30,30,0,1.0,0.0,1.0,0.0,18.875,14.25000035762804,22.75,569.0,0,helps,more confident
medxpertqa:Text-1976:A-J:ba,Text-1976:A-J,ba,Text-1976,Reasoning,Cardiovascular,B,Von Willebrand disease,Bernard-Soulier syndrome,False,B,text,-8.000335693359375,-0.00033539868309162557,0.0003353500342255387,0.9996646575567589,8.000000294676283,,True,30,30,30,0,1.0,0.0,1.0,0.0,14.999999701976819,10.50000011958764,17.25,493.5,0,helps,more confident
medxpertqa:Text-1991:I-A:ab,Text-1991:I-A,ab,Text-1991,Reasoning,Digestive,A,Cavernous hemangioma,Hepatic abscess,False,A,text,-0.00020346954988781363,-8.500203132629395,0.9997965511486372,0.00020342704214340812,8.499999663079507,,True,30,30,30,0,1.0,0.0,1.0,0.0,22.625,16.75,25.5,530.0,0,helps,more confident
medxpertqa:Text-1991:I-A:ba,Text-1991:I-A,ba,Text-1991,Reasoning,Digestive,B,Cavernous hemangioma,Hepatic abscess,False,B,text,-10.000045776367188,-4.541770613286644e-05,4.539785156619626e-05,0.9999545833252356,10.000000358661055,,True,30,30,30,0,1.0,0.0,1.0,0.0,16.249999880790718,13.499999523163865,17.5,514.5,0,helps,more confident
medxpertqa:Text-1991:I-B:ab,Text-1991:I-B,ab,Text-1991,Reasoning,Digestive,A,Cavernous hemangioma,Hepatic adenoma,False,A,text,-0.06196761503815651,-2.811967611312866,0.9399133253553882,0.060086648833494447,2.7499999962747097,,True,30,30,29,1,0.9666666666666667,0.03333333333333333,0.9666666666666667,0.03333333333333333,11.874999642397142,-7.250000132829882,19.25,957.0,0,helps,more confident
medxpertqa:Text-1991:I-B:ba,Text-1991:I-B,ba,Text-1991,Reasoning,Digestive,B,Cavernous hemangioma,Hepatic adenoma,False,B,text,-3.288041353225708,-0.03804141283035278,0.037326888033261264,0.9626730730490257,3.2499999403953552,,True,30,30,30,0,1.0,0.0,1.0,0.0,9.250000243031536,6.50000017543789,11.5000003576788,1141.0,0,helps,more confident
medxpertqa:Text-1991:I-C:ab,Text-1991:I-C,ab,Text-1991,Reasoning,Digestive,A,Cavernous hemangioma,Metastatic colon cancer,False,A,text,-0.0007098776986822486,-7.2507100105285645,0.9992903742048809,0.00070967033651176,7.250000132829882,,True,30,30,30,0,1.0,0.0,1.0,0.0,19.25,13.250000119210881,23.25,525.5,0,helps,more confident
medxpertqa:Text-1991:I-C:ba,Text-1991:I-C,ba,Text-1991,Reasoning,Digestive,B,Cavernous hemangioma,Metastatic colon cancer,False,B,text,-10.000045776367188,-4.541770613286644e-05,4.539785156619626e-05,0.9999545833252356,10.000000358661055,,True,30,30,30,0,1.0,0.0,1.0,0.0,14.25000035762804,12.750000000004093,17.25,521.0,0,helps,more confident
medxpertqa:Text-1991:I-D:ab,Text-1991:I-D,ab,Text-1991,Reasoning,Digestive,A,Cavernous hemangioma,Angiosarcoma,False,A,text,-0.004078404977917671,-5.504078388214111,0.9959299004209012,0.004070137939983506,5.499999983236194,,True,30,30,30,0,1.0,0.0,1.0,0.0,15.874999821186083,10.000000358661055,22.0,652.0,0,helps,more confident
medxpertqa:Text-1991:I-D:ba,Text-1991:I-D,ba,Text-1991,Reasoning,Digestive,B,Cavernous hemangioma,Angiosarcoma,False,B,text,-5.504078388214111,-0.004078404977917671,0.004070137939983506,0.9959299004209012,5.499999983236194,,True,30,30,30,0,1.0,0.0,1.0,0.0,13.624999701977572,10.999999523302904,15.749999880790718,577.0,0,helps,more confident
medxpertqa:Text-1991:I-E:ab,Text-1991:I-E,ab,Text-1991,Reasoning,Digestive,A,Cavernous hemangioma,Cholangiocarcinoma,False,A,text,-0.00012337400403339416,-9.000123023986816,0.999876633606226,0.0001233946226544279,8.999999649982783,,True,30,30,30,0,1.0,0.0,1.0,0.0,20.375,15.24999976158145,22.0,511.5,0,helps,more confident
medxpertqa:Text-1991:I-E:ba,Text-1991:I-E,ba,Text-1991,Reasoning,Digestive,B,Cavernous hemangioma,Cholangiocarcinoma,False,B,text,-10.750020980834961,-2.1457441107486375e-05,2.1444958378736654e-05,0.9999785427891018,10.749999523393853,,True,30,30,30,0,1.0,0.0,1.0,0.0,15.999999880790718,12.250000000011369,17.5,560.5,0,helps,more confident
medxpertqa:Text-1991:I-F:ab,Text-1991:I-F,ab,Text-1991,Reasoning,Digestive,A,Cavernous hemangioma,Hydatid cyst,False,A,text,-0.018149960786104202,-4.0181498527526855,0.9820137577607906,0.017986211314027313,3.9999998919665813,,True,30,30,30,0,1.0,0.0,1.0,0.0,14.874999642372188,9.499999525964085,18.75,764.0,0,helps,more confident
medxpertqa:Text-1991:I-F:ba,Text-1991:I-F,ba,Text-1991,Reasoning,Digestive,B,Cavernous hemangioma,Hydatid cyst,False,B,text,-6.251928806304932,-0.0019286142196506262,0.0019267342527389902,0.9980732443617326,6.250000192085281,,True,30,30,30,0,1.0,0.0,1.0,0.0,11.999999523181941,9.499999525964085,14.25000035762804,751.0,0,helps,more confident
medxpertqa:Text-1991:I-G:ab,Text-1991:I-G,ab,Text-1991,Reasoning,Digestive,A,Cavernous hemangioma,Simple hepatic cyst,False,A,text,-0.0024756519123911858,-6.002475738525391,0.9975274099865513,0.002472623024627213,6.000000086612999,,True,30,30,30,0,1.0,0.0,1.0,0.0,20.5,17.75,23.0,522.5,0,helps,more confident
medxpertqa:Text-1991:I-G:ba,Text-1991:I-G,ba,Text-1991,Reasoning,Digestive,B,Cavernous hemangioma,Simple hepatic cyst,False,B,text,-7.500553131103516,-0.0005529781919904053,0.0005527785265734312,0.9994471746722718,7.500000152911525,,True,30,30,30,0,1.0,0.0,1.0,0.0,14.749999642372188,13.250000119210881,16.75,554.5,0,helps,more confident
medxpertqa:Text-1991:I-H:ab,Text-1991:I-H,ab,Text-1991,Reasoning,Digestive,A,Cavernous hemangioma,Focal nodular hyperplasia,True,A,text,-0.16022419929504395,-1.910224199295044,0.8519527603444904,0.1480471907985541,1.75,,True,30,30,30,0,1.0,0.0,1.0,0.0,10.624999821490746,7.750000212050509,15.49999976158145,1038.0,0,excluded,letter bias: the same letter in both orders
medxpertqa:Text-1991:I-H:ba,Text-1991:I-H,ba,Text-1991,Reasoning,Digestive,B,Cavernous hemangioma,Focal nodular hyperplasia,True,A,text,-0.575939416885376,-0.825939416885376,0.5621765025686553,0.43782350042481233,-0.25,,False,30,30,27,3,0.9,0.1,0.9,0.1,6.999999819439836,-8.749999893334461,9.499999525964085,1163.0,0,excluded,letter bias: the same letter in both orders
medxpertqa:Text-1991:I-J:ab,Text-1991:I-J,ab,Text-1991,Reasoning,Digestive,A,Cavernous hemangioma,Hepatocellular carcinoma,False,A,text,-0.00026127262390218675,-8.250261306762695,0.9997387615048174,0.0002611902975925828,8.250000034138793,,True,30,30,30,0,1.0,0.0,1.0,0.0,21.125,15.999999880790718,24.75,477.5,0,helps,more confident
medxpertqa:Text-1991:I-J:ba,Text-1991:I-J,ba,Text-1991,Reasoning,Digestive,B,Cavernous hemangioma,Hepatocellular carcinoma,False,B,text,-9.000123023986816,-0.00012337400403339416,0.0001233946226544279,0.999876633606226,8.999999649982783,,True,30,30,30,0,1.0,0.0,1.0,0.0,14.749999642372188,11.999999523181941,16.499999880790718,499.0,0,helps,more confident
medxpertqa:Text-1999:G-A:ab,Text-1999:G-A,ab,Text-1999,Reasoning,Skeletal,A,left-on-left sacral torsion,right-on-right sacral torsion,True,A,text,-0.31326165795326233,-1.31326162815094,0.7310586002437232,0.26894143733631704,0.9999999701976776,,True,30,30,9,21,0.3,0.7,0.3,0.7,-9.000000068182999,-14.499999523162955,12.50000011921611,878.5,0,excluded,letter bias: the same letter in both orders
medxpertqa:Text-1999:G-A:ba,Text-1999:G-A,ba,Text-1999,Reasoning,Skeletal,B,left-on-left sacral torsion,right-on-right sacral torsion,True,A,text,-0.2014133334159851,-1.7014133930206299,0.8175744308728488,0.18242550282051248,-1.5000000596046448,,False,30,30,1,29,0.03333333333333333,0.9666666666666667,0.03333333333333333,0.9666666666666667,-14.00000011920963,-16.499999880790718,8.749999893334461,860.0,0,excluded,letter bias: the same letter in both orders
medxpertqa:Text-1999:G-B:ab,Text-1999:G-B,ab,Text-1999,Reasoning,Skeletal,A,left-on-left sacral torsion,sacral base posterior dysfunction,False,A,text,-0.029750416055321693,-3.529750347137451,0.9706877714009485,0.029312232836486894,3.4999999310821295,,True,30,30,27,3,0.9,0.1,0.9,0.1,13.875000000000455,-7.250000132829882,17.5,584.5,0,helps,more confident
medxpertqa:Text-1999:G-B:ba,Text-1999:G-B,ba,Text-1999,Reasoning,Skeletal,B,left-on-left sacral torsion,sacral base posterior dysfunction,False,B,text,-3.288041353225708,-0.03804141283035278,0.037326888033261264,0.9626730730490257,3.2499999403953552,,True,30,30,30,0,1.0,0.0,1.0,0.0,12.124999761596655,8.999999649982783,14.999999642372188,557.0,0,helps,more confident
medxpertqa:Text-1999:G-C:ab,Text-1999:G-C,ab,Text-1999,Reasoning,Skeletal,A,left-on-left sacral torsion,unilateral sacral flexion on the left,False,A,text,-0.1602240949869156,-1.9102240800857544,0.8519528492100928,0.14804720844715558,1.7499999850988388,,True,30,30,30,0,1.0,0.0,1.0,0.0,13.749999821186748,9.250000123836799,16.249999880790718,703.0,0,helps,more confident
medxpertqa:Text-1999:G-C:ba,Text-1999:G-C,ba,Text-1999,Reasoning,Skeletal,B,left-on-left sacral torsion,unilateral sacral flexion on the left,False,B,text,-3.288041353225708,-0.03804141283035278,0.037326888033261264,0.9626730730490257,3.2499999403953552,,True,30,30,30,0,1.0,0.0,1.0,0.0,11.250000357712452,8.749999893334461,14.749999642372188,597.5,0,helps,more confident
medxpertqa:Text-1999:G-D:ab,Text-1999:G-D,ab,Text-1999,Reasoning,Skeletal,A,left-on-left sacral torsion,right-on-left sacral torsion,False,B,text,-2.811967611312866,-0.06196761503815651,0.060086648833494447,0.9399133253553882,-2.7499999962747097,,False,30,30,4,26,0.13333333333333333,0.8666666666666667,0.13333333333333333,0.8666666666666667,-11.375000357695626,-13.749999880791279,13.250000119210881,941.5,0,hurts,more wrong
medxpertqa:Text-1999:G-D:ba,Text-1999:G-D,ba,Text-1999,Reasoning,Skeletal,B,left-on-left sacral torsion,right-on-left sacral torsion,False,A,text,-0.01416344940662384,-4.264163494110107,0.9859363803758086,0.014063626520379485,-4.250000044703484,,False,30,30,1,29,0.03333333333333333,0.9666666666666667,0.03333333333333333,0.9666666666666667,-15.874999821186083,-21.75,5.500000109896064,694.0,0,hurts,more wrong
medxpertqa:Text-1999:G-E:ab,Text-1999:G-E,ab,Text-1999,Reasoning,Skeletal,A,left-on-left sacral torsion,left-on-right sacral torsion,False,B,text,-2.578889846801758,-0.07888974994421005,0.07585817148650026,0.9241418055144026,-2.5000000968575478,,False,30,30,16,14,0.5333333333333333,0.4666666666666667,0.5333333333333333,0.4666666666666667,4.62500001071021,-14.00000011920963,14.999999642372188,882.0,0,neutral,
medxpertqa:Text-1999:G-E:ba,Text-1999:G-E,ba,Text-1999,Reasoning,Skeletal,B,left-on-left sacral torsion,left-on-right sacral torsion,False,A,text,-0.011047743260860443,-4.511047840118408,0.9890130589396958,0.010986941583869245,-4.500000096857548,,False,30,30,0,30,0.0,1.0,0.0,1.0,-17.75,-22.75,-15.24999976158145,588.5,0,hurts,more wrong
medxpertqa:Text-1999:G-F:ab,Text-1999:G-F,ab,Text-1999,Reasoning,Skeletal,A,left-on-left sacral torsion,sacral base anterior dysfunction,False,A,text,-0.01416344940662384,-4.264163494110107,0.9859363803758086,0.014063626520379485,4.250000044703484,,True,30,30,29,1,0.9666666666666667,0.03333333333333333,0.9666666666666667,0.03333333333333333,14.25000035762804,-4.749999904073775,18.0,568.5,0,helps,more confident
medxpertqa:Text-1999:G-F:ba,Text-1999:G-F,ba,Text-1999,Reasoning,Skeletal,B,left-on-left sacral torsion,sacral base anterior dysfunction,False,B,text,-4.264163494110107,-0.01416344940662384,0.014063626520379485,0.9859363803758086,4.250000044703484,,True,30,30,29,1,0.9666666666666667,0.03333333333333333,0.9666666666666667,0.03333333333333333,12.37500005961374,-6.250000192085281,15.999999880790718,511.0,0,helps,more confident
medxpertqa:Text-1999:G-H:ab,Text-1999:G-H,ab,Text-1999,Reasoning,Skeletal,A,left-on-left sacral torsion,bilateral sacral extension,False,A,text,-0.005233753472566605,-5.2552337646484375,0.9947799187523881,0.005220125868449866,5.250000011175871,,True,30,30,30,0,1.0,0.0,1.0,0.0,17.125,11.999999523181941,20.75,552.0,0,helps,more confident
medxpertqa:Text-1999:G-H:ba,Text-1999:G-H,ba,Text-1999,Reasoning,Skeletal,B,left-on-left sacral torsion,bilateral sacral extension,False,B,text,-6.7511701583862305,-0.0011701886542141438,0.0011695103074966034,0.9988304957495425,6.749999969732016,,True,30,30,30,0,1.0,0.0,1.0,0.0,14.00000011920963,10.50000011958764,16.499999880790718,445.0,0,helps,more confident
medxpertqa:Text-1999:G-I:ab,Text-1999:G-I,ab,Text-1999,Reasoning,Skeletal,A,left-on-left sacral torsion,bilateral sacral flexion,False,A,text,-0.023245446383953094,-3.773245334625244,0.9770226476651187,0.02297737289127478,3.749999888241291,,True,30,30,30,0,1.0,0.0,1.0,0.0,14.499999523162955,10.50000011958764,18.25,599.0,0,helps,more confident
medxpertqa:Text-1999:G-I:ba,Text-1999:G-I,ba,Text-1999,Reasoning,Skeletal,B,left-on-left sacral torsion,bilateral sacral flexion,False,B,text,-4.511047840118408,-0.011047743260860443,0.010986941583869245,0.9890130589396958,4.500000096857548,,True,30,30,30,0,1.0,0.0,1.0,0.0,11.124999940507678,7.749999854364432,14.499999523162955,511.5,0,helps,more confident
medxpertqa:Text-1999:G-J:ab,Text-1999:G-J,ab,Text-1999,Reasoning,Skeletal,A,left-on-left sacral torsion,right unilateral sacral flexion,False,A,text,-0.38687101006507874,-1.1368709802627563,0.6791786964925157,0.32082130911852547,0.7499999701976776,,True,30,30,30,0,1.0,0.0,1.0,0.0,9.875000120926416,6.749999969732016,14.999999642372188,798.5,0,helps,more confident
medxpertqa:Text-1999:G-J:ba,Text-1999:G-J,ba,Text-1999,Reasoning,Skeletal,B,left-on-left sacral torsion,right unilateral sacral flexion,False,B,text,-1.7014133930206299,-0.2014133334159851,0.18242550282051248,0.8175744308728488,1.5000000596046448,,True,30,30,30,0,1.0,0.0,1.0,0.0,9.749999882489647,6.250000073108822,13.250000119210881,618.0,0,helps,more confident
medxpertqa:Text-2009:C-A:ab,Text-2009:C-A,ab,Text-2009,Reasoning,Digestive,A,Colon cancer,Ischemic colitis,False,A,text,-1.6689160474925302e-05,-11.000016212463379,0.9999833109787883,1.670143001672819e-05,10.999999523302904,,True,30,30,30,0,1.0,0.0,1.0,0.0,15.124999701976819,12.374999523171937,18.25,1585.5,0,helps,more confident
medxpertqa:Text-2009:C-A:ba,Text-2009:C-A,ba,Text-2009,Reasoning,Digestive,B,Colon cancer,Ischemic colitis,False,B,text,-2.811967611312866,-0.06196761503815651,0.060086648833494447,0.9399133253553882,2.7499999962747097,,True,30,30,30,0,1.0,0.0,1.0,0.0,9.749999763287633,6.500000177533366,11.50000023847133,1418.5,0,helps,more confident
medxpertqa:Text-2009:C-B:ab,Text-2009:C-B,ab,Text-2009,Reasoning,Digestive,A,Colon cancer,Liver metastases from an unknown primary tumor,False,A,text,-0.0007098776986822486,-7.2507100105285645,0.9992903742048809,0.00070967033651176,7.250000132829882,,True,30,30,30,0,1.0,0.0,1.0,0.0,11.500000059662398,7.874999834399205,14.999999642372188,1714.5,0,helps,more confident
medxpertqa:Text-2009:C-B:ba,Text-2009:C-B,ba,Text-2009,Reasoning,Digestive,B,Colon cancer,Liver metastases from an unknown primary tumor,False,B,text,-4.264163494110107,-0.01416344940662384,0.014063626520379485,0.9859363803758086,4.250000044703484,,True,30,30,30,0,1.0,0.0,1.0,0.0,9.875000060972525,7.999999698833562,10.999999523302904,1287.5,0,helps,more confident
medxpertqa:Text-2009:C-D:ab,Text-2009:C-D,ab,Text-2009,Reasoning,Digestive,A,Colon cancer,Acute appendicitis,False,A,text,0.0,-19.5,1.0,3.398267819495071e-09,19.5,,True,30,30,30,0,1.0,0.0,0.9333333333333333,0.06666666666666667,21.625,18.0,25.5,1190.0,0,helps,more confident
medxpertqa:Text-2009:C-D:ba,Text-2009:C-D,ba,Text-2009,Reasoning,Digestive,B,Colon cancer,Acute appendicitis,False,B,text,-9.250096321105957,-9.60780744208023e-05,9.610239492660866e-05,0.9999039265409296,9.250000243031536,,True,30,30,30,0,1.0,0.0,1.0,0.0,12.874999821189363,11.250000238504981,15.24999976158145,1286.5,0,helps,more confident
medxpertqa:Text-2009:C-E:ab,Text-2009:C-E,ab,Text-2009,Reasoning,Digestive,A,Colon cancer,Crohn's disease,False,A,text,0.0,-18.5,1.0,9.237449661970594e-09,18.5,,True,30,30,30,0,1.0,0.0,0.8666666666666667,0.13333333333333333,21.0625,14.749999642372188,23.625,1593.5,0,helps,more confident
medxpertqa:Text-2009:C-E:ba,Text-2009:C-E,ba,Text-2009,Reasoning,Digestive,B,Colon cancer,Crohn's disease,False,B,text,-7.000911235809326,-0.0009114163694903255,0.0009110514045295695,0.9990889988442552,6.999999819439836,,True,30,30,30,0,1.0,0.0,1.0,0.0,12.50000011921611,10.749999523393853,14.00000011920963,1446.5,0,helps,more confident
medxpertqa:Text-2009:C-F:ab,Text-2009:C-F,ab,Text-2009,Reasoning,Digestive,A,Colon cancer,Diverticulitis,False,A,text,-0.00015841660206206143,-8.750158309936523,0.9998415959451853,0.0001584362410990077,8.749999893334461,,True,30,30,30,0,1.0,0.0,0.9666666666666667,0.03333333333333333,14.062500178814219,7.99999993716483,17.25,1707.5,0,helps,more confident
medxpertqa:Text-2009:C-F:ba,Text-2009:C-F,ba,Text-2009,Reasoning,Digestive,B,Colon cancer,Diverticulitis,False,B,text,-4.511047840118408,-0.011047743260860443,0.010986941583869245,0.9890130589396958,4.500000096857548,,True,30,30,30,0,1.0,0.0,1.0,0.0,10.249999881416443,8.250000272731995,11.999999523181941,1412.0,0,helps,more confident
medxpertqa:Text-2009:C-G:ab,Text-2009:C-G,ab,Text-2009,Reasoning,Digestive,A,Colon cancer,Hepatocellular carcinoma,True,A,text,-0.004078404977917671,-5.504078388214111,0.9959299004209012,0.004070137939983506,5.499999983236194,,True,30,30,22,8,0.7333333333333333,0.26666666666666666,0.7,0.3,9.312499944520823,-6.500000057043508,12.250000000011369,2443.0,0,excluded,letter bias: the same letter in both orders
medxpertqa:Text-2009:C-G:ba,Text-2009:C-G,ba,Text-2009,Reasoning,Digestive,B,Colon cancer,Hepatocellular carcinoma,True,A,text,-0.10020658373832703,-2.3502066135406494,0.9046505126460354,0.09534945969074979,-2.2500000298023224,,False,30,30,29,1,0.9666666666666667,0.03333333333333333,0.9666666666666667,0.03333333333333333,6.49999987782212,-6.250000074040145,7.750000212050509,1885.0,0,excluded,letter bias: the same letter in both orders
medxpertqa:Text-2009:C-H:ab,Text-2009:C-H,ab,Text-2009,Reasoning,Digestive,A,Colon cancer,Nonalcoholic steatohepatitis (NASH),False,A,text,-1.1920928244535389e-07,-16.25,0.9999998807907247,8.764248219443636e-08,16.249999880790718,,True,30,30,30,0,1.0,0.0,0.6,0.4,18.0625,12.750000000004093,21.125,1906.0,0,neutral,
medxpertqa:Text-2009:C-H:ba,Text-2009:C-H,ba,Text-2009,Reasoning,Digestive,B,Colon cancer,Nonalcoholic steatohepatitis (NASH),False,B,text,-11.000016212463379,-1.6689160474925302e-05,1.670143001672819e-05,0.9999833109787883,10.999999523302904,,True,30,30,30,0,1.0,0.0,0.9666666666666667,0.03333333333333333,13.875000000000455,10.500000238820576,17.0,1377.0,0,helps,more confident
medxpertqa:Text-2009:C-I:ab,Text-2009:C-I,ab,Text-2009,Reasoning,Digestive,A,Colon cancer,Pancreatic cancer,False,B,text,-0.9740769863128662,-0.4740769863128662,0.377540667992942,0.6224593298742985,-0.5,,False,30,30,2,28,0.06666666666666667,0.9333333333333333,0.06666666666666667,0.9333333333333333,-7.375000083295163,-10.249999881416443,6.499999818275683,1561.0,0,hurts,more wrong
medxpertqa:Text-2009:C-I:ba,Text-2009:C-I,ba,Text-2009,Reasoning,Digestive,B,Colon cancer,Pancreatic cancer,False,A,text,-0.0009114163694903255,-7.000911235809326,0.9990889988442552,0.0009110514045295695,-6.999999819439836,,False,30,30,3,27,0.1,0.9,0.1,0.9,-11.125000298137365,-13.749999880791279,6.249999954132363,1701.5,0,hurts,more wrong
medxpertqa:Text-2009:C-J:ab,Text-2009:C-J,ab,Text-2009,Reasoning,Digestive,A,Colon cancer,Gallbladder carcinoma,True,A,text,-0.07888974994421005,-2.578889846801758,0.9241418055144026,0.07585817148650026,2.5000000968575478,,True,30,30,4,26,0.13333333333333333,0.8666666666666667,0.13333333333333333,0.8666666666666667,-4.9999999566935,-7.500000033760443,8.7499995357648,2132.0,0,excluded,letter bias: the same letter in both orders
medxpertqa:Text-2009:C-J:ba,Text-2009:C-J,ba,Text-2009,Reasoning,Digestive,B,Colon cancer,Gallbladder carcinoma,True,A,text,-0.0009114163694903255,-7.000911235809326,0.9990889988442552,0.0009110514045295695,-6.999999819439836,,False,30,30,2,28,0.06666666666666667,0.9333333333333333,0.06666666666666667,0.9333333333333333,-10.500000059984814,-13.749999880791279,4.249999823048711,2204.5,0,excluded,letter bias: the same letter in both orders
medxpertqa:Text-2010:G-A:ab,Text-2010:G-A,ab,Text-2010,Reasoning,Muscular,A,Anteriorly rotated clavicle,Rotator cuff impingement syndrome,True,B,text,-3.529750347137451,-0.029750416055321693,0.029312232836486894,0.9706877714009485,-3.4999999310821295,,False,30,30,29,1,0.9666666666666667,0.03333333333333333,0.9666666666666667,0.03333333333333333,6.875000013911631,-8.5000003783789,13.250000119210881,1022.0,0,excluded,letter bias: the same letter in both orders
medxpertqa:Text-2010:G-A:ba,Text-2010:G-A,ba,Text-2010,Reasoning,Muscular,B,Anteriorly rotated clavicle,Rotator cuff impingement syndrome,True,B,text,-4.0181498527526855,-0.018149960786104202,0.017986211314027313,0.9820137577607906,3.9999998919665813,,True,30,30,30,0,1.0,0.0,1.0,0.0,9.74999994231257,6.749999969732016,14.00000011920963,718.0,0,excluded,letter bias: the same letter in both orders
medxpertqa:Text-2010:G-B:ab,Text-2010:G-B,ab,Text-2010,Reasoning,Muscular,A,Anteriorly rotated clavicle,First rib dysfunction,False,A,text,-0.10020658373832703,-2.3502066135406494,0.9046505126460354,0.09534945969074979,2.2500000298023224,,True,30,30,30,0,1.0,0.0,1.0,0.0,13.624999701977572,6.625000164844096,18.5,834.0,0,helps,more confident
medxpertqa:Text-2010:G-B:ba,Text-2010:G-B,ba,Text-2010,Reasoning,Muscular,B,Anteriorly rotated clavicle,First rib dysfunction,False,B,text,-3.0485873222351074,-0.04858732968568802,0.047425874568977164,0.9525741476724274,2.9999999925494194,,True,30,30,30,0,1.0,0.0,1.0,0.0,10.999999523302904,8.000000294676283,14.00000011920963,694.0,0,helps,more confident
medxpertqa:Text-2010:G-C:ab,Text-2010:G-C,ab,Text-2010,Reasoning,Muscular,A,Anteriorly rotated clavicle,Acromioclavicular joint arthritis,False,B,text,-6.501502513885498,-0.0015023384476080537,0.001501181950907551,0.9984987894978749,-6.50000017543789,,False,30,30,1,29,0.03333333333333333,0.9666666666666667,0.03333333333333333,0.9666666666666667,-10.999999940553153,-13.749999880791279,5.250000011175871,908.5,0,hurts,more wrong
medxpertqa:Text-2010:G-C:ba,Text-2010:G-C,ba,Text-2010,Reasoning,Muscular,B,Anteriorly rotated clavicle,Acromioclavicular joint arthritis,False,A,text,-0.018149960786104202,-4.0181498527526855,0.9820137577607906,0.017986211314027313,-3.9999998919665813,,False,30,30,15,15,0.5,0.5,0.5,0.5,-2.812500058542355,-19.0,7.500000152911525,1391.0,0,neutral,
medxpertqa:Text-2010:G-D:ab,Text-2010:G-D,ab,Text-2010,Reasoning,Muscular,A,Anteriorly rotated clavicle,Pectoralis minor muscle strain,True,B,text,-2.578889846801758,-0.07888974994421005,0.07585817148650026,0.9241418055144026,-2.5000000968575478,,False,30,30,29,1,0.9666666666666667,0.03333333333333333,0.9666666666666667,0.03333333333333333,8.37499984860915,-5.999999851221219,14.749999642372188,1160.5,0,excluded,letter bias: the same letter in both orders
medxpertqa:Text-2010:G-D:ba,Text-2010:G-D,ba,Text-2010,Reasoning,Muscular,B,Anteriorly rotated clavicle,Pectoralis minor muscle strain,True,B,text,-4.511047840118408,-0.011047743260860443,0.010986941583869245,0.9890130589396958,4.500000096857548,,True,30,30,30,0,1.0,0.0,1.0,0.0,12.124999761596655,7.250000132829882,14.499999523162955,683.5,0,excluded,letter bias: the same letter in both orders
medxpertqa:Text-2010:G-E:ab,Text-2010:G-E,ab,Text-2010,Reasoning,Muscular,A,Anteriorly rotated clavicle,Costoclavicular ligament strain,False,B,text,-3.773245334625244,-0.023245446383953094,0.02297737289127478,0.9770226476651187,-3.749999888241291,,False,30,30,9,21,0.3,0.7,0.3,0.7,-8.37499984860915,-12.50000011921611,11.5000003576788,1387.0,0,hurts,more wrong
medxpertqa:Text-2010:G-E:ba,Text-2010:G-E,ba,Text-2010,Reasoning,Muscular,B,Anteriorly rotated clavicle,Costoclavicular ligament strain,False,A,text,-0.4740769863128662,-0.9740769863128662,0.6224593298742985,0.377540667992942,-0.5,,False,30,30,26,4,0.8666666666666667,0.13333333333333333,0.8666666666666667,0.13333333333333333,7.500000093335984,-15.49999976158145,11.749999761612344,957.5,0,helps,flips to correct
medxpertqa:Text-2010:G-F:ab,Text-2010:G-F,ab,Text-2010,Reasoning,Muscular,A,Anteriorly rotated clavicle,Superior clavicle at the sternoclavicular joint,False,B,text,-0.9740769863128662,-0.4740769863128662,0.377540667992942,0.6224593298742985,-0.5,,False,30,30,28,2,0.9333333333333333,0.06666666666666667,0.9333333333333333,0.06666666666666667,10.374999941027454,-7.749999973515514,14.999999642372188,1566.5,0,helps,flips to correct
medxpertqa:Text-2010:G-F:ba,Text-2010:G-F,ba,Text-2010,Reasoning,Muscular,B,Anteriorly rotated clavicle,Superior clavicle at the sternoclavicular joint,False,A,text,-0.10020658373832703,-2.3502066135406494,0.9046505126460354,0.09534945969074979,-2.2500000298023224,,False,30,30,24,6,0.8,0.2,0.8,0.2,5.6250000754371285,-12.750000000004093,8.999999649982783,1292.0,0,helps,flips to correct
medxpertqa:Text-2010:G-H:ab,Text-2010:G-H,ab,Text-2010,Reasoning,Muscular,A,Anteriorly rotated clavicle,Inferior clavicle at the acromioclavicular joint,False,A,text,-0.4740769863128662,-0.9740769863128662,0.6224593298742985,0.377540667992942,0.5,,True,30,30,26,4,0.8666666666666667,0.13333333333333333,0.8666666666666667,0.13333333333333333,10.624999821490746,-7.500000152911525,15.49999976158145,1503.5,0,helps,more confident
medxpertqa:Text-2010:G-H:ba,Text-2010:G-H,ba,Text-2010,Reasoning,Muscular,B,Anteriorly rotated clavicle,Inferior clavicle at the acromioclavicular joint,False,B,text,-1.9102240800857544,-0.1602240949869156,0.14804720844715558,0.8519528492100928,1.7499999850988388,,True,30,30,30,0,1.0,0.0,1.0,0.0,9.37499988449781,6.750000089290552,12.750000000004093,1125.5,0,helps,more confident
medxpertqa:Text-2010:G-I:ab,Text-2010:G-I,ab,Text-2010,Reasoning,Muscular,A,Anteriorly rotated clavicle,Posteriorly rotated clavicle,False,A,text,-0.018149960786104202,-4.0181498527526855,0.9820137577607906,0.017986211314027313,3.9999998919665813,,True,30,30,19,11,0.6333333333333333,0.36666666666666664,0.6333333333333333,0.36666666666666664,12.37500005961374,-7.250000132829882,16.249999880790718,1465.0,0,neutral,
medxpertqa:Text-2010:G-I:ba,Text-2010:G-I,ba,Text-2010,Reasoning,Muscular,B,Anteriorly rotated clavicle,Posteriorly rotated clavicle,False,B,text,-1.31326162815094,-0.31326165795326233,0.26894143733631704,0.7310586002437232,0.9999999701976776,,True,30,30,5,25,0.16666666666666666,0.8333333333333334,0.16666666666666666,0.8333333333333334,-9.999999822352038,-15.749999880790718,4.500000207684934,1816.0,0,hurts,flips to wrong
medxpertqa:Text-2010:G-J:ab,Text-2010:G-J,ab,Text-2010,Reasoning,Muscular,A,Anteriorly rotated clavicle,Inhalation dysfunction of the first rib,True,B,text,-1.31326162815094,-0.31326165795326233,0.26894143733631704,0.7310586002437232,-0.9999999701976776,,False,30,30,15,15,0.5,0.5,0.5,0.5,1.1249999421997927,-8.999999649982783,13.499999523163865,1214.5,0,excluded,letter bias: the same letter in both orders
medxpertqa:Text-2010:G-J:ba,Text-2010:G-J,ba,Text-2010,Reasoning,Muscular,B,Anteriorly rotated clavicle,Inhalation dysfunction of the first rib,True,B,text,-2.1269280910491943,-0.12692804634571075,0.11920291248514252,0.8807970468833343,2.0000000447034836,,True,30,30,29,1,0.9666666666666667,0.03333333333333333,0.9666666666666667,0.03333333333333333,10.874999523348379,-8.250000034138793,13.749999880791279,834.0,0,excluded,letter bias: the same letter in both orders
medxpertqa:Text-2019:H-A:ab,Text-2019:H-A,ab,Text-2019,Understanding,Skeletal,A,Bilaterally flexed sacrum about the middle transverse axis,Bilaterally extended sacrum about the inferior transverse axis,False,A,text,-0.38687101006507874,-1.1368709802627563,0.6791786964925157,0.32082130911852547,0.7499999701976776,,True,30,30,29,1,0.9666666666666667,0.03333333333333333,0.9666666666666667,0.03333333333333333,11.124999940507678,-10.749999523393853,13.250000119210881,1114.0,0,helps,more confident
medxpertqa:Text-2019:H-A:ba,Text-2019:H-A,ba,Text-2019,Understanding,Skeletal,B,Bilaterally flexed sacrum about the middle transverse axis,Bilaterally extended sacrum about the inferior transverse axis,False,B,text,-0.825939416885376,-0.575939416885376,0.43782350042481233,0.5621765025686553,0.25,,True,30,30,26,4,0.8666666666666667,0.13333333333333333,0.8666666666666667,0.13333333333333333,7.500000152911525,-12.250000000011369,11.5000003576788,1023.0,0,helps,more confident
medxpertqa:Text-2019:H-B:ab,Text-2019:H-B,ab,Text-2019,Understanding,Skeletal,A,Bilaterally flexed sacrum about the middle transverse axis,Unilaterally flexed sacrum about the middle transverse axis,False,A,text,-0.07888974994421005,-2.578889846801758,0.9241418055144026,0.07585817148650026,2.5000000968575478,,True,30,30,30,0,1.0,0.0,1.0,0.0,11.874999642397142,8.000000175496098,15.49999976158145,927.5,0,helps,more confident
medxpertqa:Text-2019:H-B:ba,Text-2019:H-B,ba,Text-2019,Understanding,Skeletal,B,Bilaterally flexed sacrum about the middle transverse axis,Unilaterally flexed sacrum about the middle transverse axis,False,B,text,-5.006715297698975,-0.006715348921716213,0.006692851264215723,0.9933071486460123,4.999999948777258,,True,30,30,30,0,1.0,0.0,1.0,0.0,11.5000003576788,8.499999663079507,14.499999523162955,754.0,0,helps,more confident
medxpertqa:Text-2019:H-C:ab,Text-2019:H-C,ab,Text-2019,Understanding,Skeletal,A,Bilaterally flexed sacrum about the middle transverse axis,Bilaterally flexed sacrum about the superior transverse axis,False,B,text,-0.825939416885376,-0.575939416885376,0.43782350042481233,0.5621765025686553,-0.25,,False,30,30,11,19,0.36666666666666664,0.6333333333333333,0.36666666666666664,0.6333333333333333,-7.62500006321352,-13.250000119210881,13.250000119210881,803.0,0,neutral,
medxpertqa:Text-2019:H-C:ba,Text-2019:H-C,ba,Text-2019,Understanding,Skeletal,B,Bilaterally flexed sacrum about the middle transverse axis,Bilaterally flexed sacrum about the superior transverse axis,False,A,text,-0.575939416885376,-0.825939416885376,0.5621765025686553,0.43782350042481233,-0.25,,False,30,30,1,29,0.03333333333333333,0.9666666666666667,0.03333333333333333,0.9666666666666667,-11.5000003576788,-15.49999976158145,7.249999894585926,662.5,0,hurts,more wrong
medxpertqa:Text-2019:H-D:ab,Text-2019:H-D,ab,Text-2019,Understanding,Skeletal,A,Bilaterally flexed sacrum about the middle transverse axis,Bilaterally extended sacrum about the middle transverse axis,False,A,text,-0.31326165795326233,-1.31326162815094,0.7310586002437232,0.26894143733631704,0.9999999701976776,,True,30,30,29,1,0.9666666666666667,0.03333333333333333,0.9666666666666667,0.03333333333333333,10.50000011958764,-5.499999994877726,14.749999642372188,1055.5,0,helps,more confident
medxpertqa:Text-2019:H-D:ba,Text-2019:H-D,ba,Text-2019,Understanding,Skeletal,B,Bilaterally flexed sacrum about the middle transverse axis,Bilaterally extended sacrum about the middle transverse axis,False,B,text,-1.5019290447235107,-0.25192904472351074,0.2227001469810028,0.77729988964086,1.25,,True,30,30,29,1,0.9666666666666667,0.03333333333333333,0.9666666666666667,0.03333333333333333,8.499999663079507,-8.749999774154276,11.250000357712452,1064.0,0,helps,more confident
medxpertqa:Text-2019:H-E:ab,Text-2019:H-E,ab,Text-2019,Understanding,Skeletal,A,Bilaterally flexed sacrum about the middle transverse axis,Bilaterally extended sacrum about the superior transverse axis,False,A,text,-0.38687101006507874,-1.1368709802627563,0.6791786964925157,0.32082130911852547,0.7499999701976776,,True,30,30,25,5,0.8333333333333334,0.16666666666666666,0.8333333333333334,0.16666666666666666,10.749999940627276,-9.250000243031536,12.999999642374632,1351.0,0,helps,more confident
medxpertqa:Text-2019:H-E:ba,Text-2019:H-E,ba,Text-2019,Understanding,Skeletal,B,Bilaterally flexed sacrum about the middle transverse axis,Bilaterally extended sacrum about the superior transverse axis,False,B,text,-0.825939416885376,-0.575939416885376,0.43782350042481233,0.5621765025686553,0.25,,True,30,30,24,6,0.8,0.2,0.8,0.2,7.500000093335984,-12.999999642374632,10.000000358661055,1032.0,0,helps,more confident
medxpertqa:Text-2019:H-F:ab,Text-2019:H-F,ab,Text-2019,Understanding,Skeletal,A,Bilaterally flexed sacrum about the middle transverse axis,Bilaterally flexed sacrum about the inferior transverse axis,False,B,text,-0.825939416885376,-0.575939416885376,0.43782350042481233,0.5621765025686553,-0.25,,False,30,30,24,6,0.8,0.2,0.8,0.2,8.749999893334461,-11.749999761612344,13.250000119210881,913.0,0,helps,flips to correct
medxpertqa:Text-2019:H-F:ba,Text-2019:H-F,ba,Text-2019,Understanding,Skeletal,B,Bilaterally flexed sacrum about the middle transverse axis,Bilaterally flexed sacrum about the inferior transverse axis,False,A,text,-0.4740769863128662,-0.9740769863128662,0.6224593298742985,0.377540667992942,-0.5,,False,30,30,15,15,0.5,0.5,0.5,0.5,-3.249999952420694,-16.249999880790718,11.749999761612344,714.5,0,neutral,
medxpertqa:Text-2019:H-G:ab,Text-2019:H-G,ab,Text-2019,Understanding,Skeletal,A,Bilaterally flexed sacrum about the middle transverse axis,Unilaterally flexed sacrum about the right oblique axis,False,A,text,-0.03804141283035278,-3.288041353225708,0.9626730730490257,0.037326888033261264,3.2499999403953552,,True,30,30,30,0,1.0,0.0,1.0,0.0,13.499999523163865,10.000000358661055,17.75,738.0,0,helps,more confident
medxpertqa:Text-2019:H-G:ba,Text-2019:H-G,ba,Text-2019,Understanding,Skeletal,B,Bilaterally flexed sacrum about the middle transverse axis,Unilaterally flexed sacrum about the right oblique axis,False,B,text,-3.288041353225708,-0.03804141283035278,0.037326888033261264,0.9626730730490257,3.2499999403953552,,True,30,30,30,0,1.0,0.0,1.0,0.0,10.749999523393853,7.749999973515514,13.499999523163865,592.5,0,helps,more confident
medxpertqa:Text-2019:H-I:ab,Text-2019:H-I,ab,Text-2019,Understanding,Skeletal,A,Bilaterally flexed sacrum about the middle transverse axis,Bilaterally rotated sacrum about the vertical axis,False,A,text,-0.31326165795326233,-1.31326162815094,0.7310586002437232,0.26894143733631704,0.9999999701976776,,True,30,30,30,0,1.0,0.0,1.0,0.0,10.874999523348379,8.499999663079507,15.24999976158145,910.0,0,helps,more confident
medxpertqa:Text-2019:H-I:ba,Text-2019:H-I,ba,Text-2019,Understanding,Skeletal,B,Bilaterally flexed sacrum about the middle transverse axis,Bilaterally rotated sacrum about the vertical axis,False,B,text,-4.511047840118408,-0.011047743260860443,0.010986941583869245,0.9890130589396958,4.500000096857548,,True,30,30,29,1,0.9666666666666667,0.03333333333333333,0.9666666666666667,0.03333333333333333,11.375000357695626,-6.50000017543789,15.24999976158145,725.0,0,helps,more confident
medxpertqa:Text-2019:H-J:ab,Text-2019:H-J,ab,Text-2019,Understanding,Skeletal,A,Bilaterally flexed sacrum about the middle transverse axis,Unilaterally extended sacrum about the left oblique axis,False,A,text,-0.03804141283035278,-3.288041353225708,0.9626730730490257,0.037326888033261264,3.2499999403953552,,True,30,30,30,0,1.0,0.0,1.0,0.0,12.999999642374632,9.000000246072887,17.0,870.5,0,helps,more confident
medxpertqa:Text-2019:H-J:ba,Text-2019:H-J,ba,Text-2019,Understanding,Skeletal,B,Bilaterally flexed sacrum about the middle transverse axis,Unilaterally extended sacrum about the left oblique axis,False,B,text,-4.511047840118408,-0.011047743260860443,0.010986941583869245,0.9890130589396958,4.500000096857548,,True,30,30,30,0,1.0,0.0,1.0,0.0,10.375000000502041,7.249999894585926,12.750000000004093,764.0,0,helps,more confident
medxpertqa:Text-2035:I-A:ab,Text-2035:I-A,ab,Text-2035,Reasoning,Skeletal,A,C2 ERLSL,C3 NRLSL,False,A,text,-0.006715348921716213,-5.006715297698975,0.9933071486460123,0.006692851264215723,4.999999948777258,,True,30,30,30,0,1.0,0.0,1.0,0.0,15.749999880790718,11.50000011926295,18.875,1046.5,0,helps,more confident
medxpertqa:Text-2035:I-A:ba,Text-2035:I-A,ba,Text-2035,Reasoning,Skeletal,B,C2 ERLSL,C3 NRLSL,False,B,text,-1.1368709802627563,-0.38687101006507874,0.32082130911852547,0.6791786964925157,0.7499999701976776,,True,30,30,30,0,1.0,0.0,1.0,0.0,10.000000239455403,7.750000092870323,13.749999880791279,1293.5,0,helps,more confident
medxpertqa:Text-2035:I-B:ab,Text-2035:I-B,ab,Text-2035,Reasoning,Skeletal,A,C2 ERLSL,C1 NRSR,True,A,text,-0.04858732968568802,-3.0485873222351074,0.9525741476724274,0.047425874568977164,2.9999999925494194,,True,30,30,8,22,0.26666666666666666,0.7333333333333333,0.23333333333333334,0.7666666666666667,-3.8749999939464033,-7.750000093277777,18.25,1698.5,0,excluded,letter bias: the same letter in both orders
medxpertqa:Text-2035:I-B:ba,Text-2035:I-B,ba,Text-2035,Reasoning,Skeletal,B,C2 ERLSL,C1 NRSR,True,A,text,-0.4740769863128662,-0.9740769863128662,0.6224593298742985,0.377540667992942,-0.5,,False,30,30,21,9,0.7,0.3,0.7,0.3,4.499999873805791,-15.999999880790718,7.99999993716483,1873.5,0,excluded,letter bias: the same letter in both orders
medxpertqa:Text-2035:I-C:ab,Text-2035:I-C,ab,Text-2035,Reasoning,Skeletal,A,C2 ERLSL,C3 FRLSL,True,A,text,-0.004078404977917671,-5.504078388214111,0.9959299004209012,0.004070137939983506,5.499999983236194,,True,30,30,30,0,1.0,0.0,1.0,0.0,15.874999880790718,11.999999523181941,18.5,1304.5,0,excluded,letter bias: the same letter in both orders
medxpertqa:Text-2035:I-C:ba,Text-2035:I-C,ba,Text-2035,Reasoning,Skeletal,B,C2 ERLSL,C3 FRLSL,True,A,text,-0.575939416885376,-0.825939416885376,0.5621765025686553,0.43782350042481233,-0.25,,False,30,30,30,0,1.0,0.0,1.0,0.0,9.250000183434167,6.750000210595317,12.750000000004093,1286.5,0,excluded,letter bias: the same letter in both orders
medxpertqa:Text-2035:I-D:ab,Text-2035:I-D,ab,Text-2035,Reasoning,Skeletal,A,C2 ERLSL,C2 FRSR,True,A,text,-0.03804141283035278,-3.288041353225708,0.9626730730490257,0.037326888033261264,3.2499999403953552,,True,30,30,25,5,0.8333333333333334,0.16666666666666666,0.8333333333333334,0.16666666666666666,9.87500023980283,-5.999999970197678,14.499999523162955,1924.0,0,excluded,letter bias: the same letter in both orders
medxpertqa:Text-2035:I-D:ba,Text-2035:I-D,ba,Text-2035,Reasoning,Skeletal,B,C2 ERLSL,C2 FRSR,True,A,text,-0.04858732968568802,-3.0485873222351074,0.9525741476724274,0.047425874568977164,-2.9999999925494194,,False,30,30,19,11,0.6333333333333333,0.36666666666666664,0.6333333333333333,0.36666666666666664,3.500000048428774,-12.750000000004093,8.000000175496098,1661.5,0,excluded,letter bias: the same letter in both orders
medxpertqa:Text-2035:I-E:ab,Text-2035:I-E,ab,Text-2035,Reasoning,Skeletal,A,C2 ERLSL,C1 ERRSL,True,A,text,-0.04858732968568802,-3.0485873222351074,0.9525741476724274,0.047425874568977164,2.9999999925494194,,True,30,30,5,25,0.16666666666666666,0.8333333333333334,0.13333333333333333,0.8666666666666667,-6.124999842606485,-10.999999523302904,15.999999880790718,1798.5,0,excluded,letter bias: the same letter in both orders
medxpertqa:Text-2035:I-E:ba,Text-2035:I-E,ba,Text-2035,Reasoning,Skeletal,B,C2 ERLSL,C1 ERRSL,True,A,text,-0.03804141283035278,-3.288041353225708,0.9626730730490257,0.037326888033261264,-3.2499999403953552,,False,30,30,11,19,0.36666666666666664,0.6333333333333333,0.36666666666666664,0.6333333333333333,-9.499999943562216,-12.999999642374632,10.50000011958764,1700.0,0,excluded,letter bias: the same letter in both orders
medxpertqa:Text-2035:I-F:ab,Text-2035:I-F,ab,Text-2035,Reasoning,Skeletal,A,C2 ERLSL,C2 NRLSR,True,A,text,-0.04858732968568802,-3.0485873222351074,0.9525741476724274,0.047425874568977164,2.9999999925494194,,True,30,30,21,9,0.7,0.3,0.7,0.3,10.124999762632797,-7.500000152911525,16.499999880790718,1648.0,0,excluded,letter bias: the same letter in both orders
medxpertqa:Text-2035:I-F:ba,Text-2035:I-F,ba,Text-2035,Reasoning,Skeletal,B,C2 ERLSL,C2 NRLSR,True,A,text,-0.06196761503815651,-2.811967611312866,0.9399133253553882,0.060086648833494447,-2.7499999962747097,,False,30,30,27,3,0.9,0.1,0.9,0.1,6.9999999987194315,-10.500000000381988,10.999999523302904,1521.0,0,excluded,letter bias: the same letter in both orders
medxpertqa:Text-2035:I-G:ab,Text-2035:I-G,ab,Text-2035,Reasoning,Skeletal,A,C2 ERLSL,OA FRSR,False,A,text,-0.01416344940662384,-4.264163494110107,0.9859363803758086,0.014063626520379485,4.250000044703484,,True,30,30,26,4,0.8666666666666667,0.13333333333333333,0.8666666666666667,0.13333333333333333,11.187500059709691,-7.00000017718412,16.499999880790718,1545.5,0,helps,more confident
medxpertqa:Text-2035:I-G:ba,Text-2035:I-G,ba,Text-2035,Reasoning,Skeletal,B,C2 ERLSL,OA FRSR,False,B,text,-1.1368709802627563,-0.38687101006507874,0.32082130911852547,0.6791786964925157,0.7499999701976776,,True,30,30,30,0,1.0,0.0,1.0,0.0,6.499999938067049,3.249999914318323,10.000000358661055,1657.0,0,helps,more confident
medxpertqa:Text-2035:I-H:ab,Text-2035:I-H,ab,Text-2035,Reasoning,Skeletal,A,C2 ERLSL,C4 ERLSL,True,A,text,-0.006715348921716213,-5.006715297698975,0.9933071486460123,0.006692851264215723,4.999999948777258,,True,30,30,30,0,1.0,0.0,1.0,0.0,16.875,14.624999523162955,18.875,1142.0,0,excluded,letter bias: the same letter in both orders
medxpertqa:Text-2035:I-H:ba,Text-2035:I-H,ba,Text-2035,Reasoning,Skeletal,B,C2 ERLSL,C4 ERLSL,True,A,text,-0.575939416885376,-0.825939416885376,0.5621765025686553,0.43782350042481233,-0.25,,False,30,30,30,0,1.0,0.0,1.0,0.0,10.50000011958764,9.250000123836799,12.50000011921611,1183.5,0,excluded,letter bias: the same letter in both orders
medxpertqa:Text-2035:I-J:ab,Text-2035:I-J,ab,Text-2035,Reasoning,Skeletal,A,C2 ERLSL,AA RR,False,B,text,-1.5019290447235107,-0.25192904472351074,0.2227001469810028,0.77729988964086,-1.25,,False,30,30,0,30,0.0,1.0,0.0,1.0,-8.749999656531145,-10.999999523302904,-4.250000044703484,794.0,0,hurts,more wrong
medxpertqa:Text-2035:I-J:ba,Text-2035:I-J,ba,Text-2035,Reasoning,Skeletal,B,C2 ERLSL,AA RR,False,A,text,-0.31326165795326233,-1.31326162815094,0.7310586002437232,0.26894143733631704,-0.9999999701976776,,False,30,30,0,30,0.0,1.0,0.0,1.0,-12.50000011921611,-15.749999880790718,-6.250000194762833,1016.5,0,hurts,more wrong
medxpertqa:Text-2053:A-B:ab,Text-2053:A-B,ab,Text-2053,Reasoning,Skeletal,A,Coxa valga,Trochanteric bursitis,True,B,text,-1.5019290447235107,-0.25192904472351074,0.2227001469810028,0.77729988964086,-1.25,,False,30,30,21,9,0.7,0.3,0.7,0.3,9.749999882489647,-9.749999882489647,15.24999976158145,1339.0,0,excluded,letter bias: the same letter in both orders
medxpertqa:Text-2053:A-B:ba,Text-2053:A-B,ba,Text-2053,Reasoning,Skeletal,B,Coxa valga,Trochanteric bursitis,True,B,text,-2.578889846801758,-0.07888974994421005,0.07585817148650026,0.9241418055144026,2.5000000968575478,,True,30,30,24,6,0.8,0.2,0.8,0.2,8.00000023508619,-9.749999882489647,10.999999523302904,1530.5,0,excluded,letter bias: the same letter in both orders
medxpertqa:Text-2053:A-C:ab,Text-2053:A-C,ab,Text-2053,Reasoning,Skeletal,A,Coxa valga,Developmental dysplasia of the hip,False,B,text,-6.251928806304932,-0.0019286142196506262,0.0019267342527389902,0.9980732443617326,-6.250000192085281,,False,30,30,4,26,0.13333333333333333,0.8666666666666667,0.23333333333333334,0.7666666666666667,-9.624999704226866,-13.250000119210881,7.250000132829882,1566.0,0,hurts,more wrong
medxpertqa:Text-2053:A-C:ba,Text-2053:A-C,ba,Text-2053,Reasoning,Skeletal,B,Coxa valga,Developmental dysplasia of the hip,False,A,text,-0.10020658373832703,-2.3502066135406494,0.9046505126460354,0.09534945969074979,-2.2500000298023224,,False,30,30,6,24,0.2,0.8,0.2,0.8,-9.437499884199497,-14.00000011920963,6.250000073108822,1858.0,0,hurts,more wrong
medxpertqa:Text-2053:A-D:ab,Text-2053:A-D,ab,Text-2053,Reasoning,Skeletal,A,Coxa valga,Hip osteoarthritis,False,A,text,-0.575939416885376,-0.825939416885376,0.5621765025686553,0.43782350042481233,0.25,,True,30,30,28,2,0.9333333333333333,0.06666666666666667,0.9333333333333333,0.06666666666666667,10.749999523393853,-6.000000086612999,15.24999976158145,1193.0,0,helps,more confident
medxpertqa:Text-2053:A-D:ba,Text-2053:A-D,ba,Text-2053,Reasoning,Skeletal,B,Coxa valga,Hip osteoarthritis,False,B,text,-3.773245334625244,-0.023245446383953094,0.02297737289127478,0.9770226476651187,3.749999888241291,,True,30,30,29,1,0.9666666666666667,0.03333333333333333,0.9666666666666667,0.03333333333333333,8.499999603482138,-8.749999893334461,12.50000011921611,1359.0,0,helps,more confident
medxpertqa:Text-2053:A-E:ab,Text-2053:A-E,ab,Text-2053,Reasoning,Skeletal,A,Coxa valga,Slipped capital femoral epiphysis,False,B,text,-3.288041353225708,-0.03804141283035278,0.037326888033261264,0.9626730730490257,-3.2499999403953552,,False,30,30,20,10,0.6666666666666666,0.3333333333333333,0.7,0.3,6.0000000012805685,-9.749999882489647,12.250000000011369,1805.5,0,neutral,
medxpertqa:Text-2053:A-E:ba,Text-2053:A-E,ba,Text-2053,Reasoning,Skeletal,B,Coxa valga,Slipped capital femoral epiphysis,False,A,text,-0.2014133334159851,-1.7014133930206299,0.8175744308728488,0.18242550282051248,-1.5000000596046448,,False,30,30,9,21,0.3,0.7,0.3,0.7,-9.87500012057535,-14.749999642372188,8.749999774154276,1687.0,0,hurts,more wrong
medxpertqa:Text-2053:A-F:ab,Text-2053:A-F,ab,Text-2053,Reasoning,Skeletal,A,Coxa valga,Patellofemoral pain syndrome,True,B,text,-3.288041353225708,-0.03804141283035278,0.037326888033261264,0.9626730730490257,-3.2499999403953552,,False,30,30,29,1,0.9666666666666667,0.03333333333333333,0.9666666666666667,0.03333333333333333,9.499999525964085,-7.749999973515514,15.24999976158145,1005.5,0,excluded,letter bias: the same letter in both orders
medxpertqa:Text-2053:A-F:ba,Text-2053:A-F,ba,Text-2053,Reasoning,Skeletal,B,Coxa valga,Patellofemoral pain syndrome,True,B,text,-1.7014133930206299,-0.2014133334159851,0.18242550282051248,0.8175744308728488,1.5000000596046448,,True,30,30,30,0,1.0,0.0,1.0,0.0,9.499999525964085,5.749999929685146,13.250000119210881,756.5,0,excluded,letter bias: the same letter in both orders
medxpertqa:Text-2053:A-G:ab,Text-2053:A-G,ab,Text-2053,Reasoning,Skeletal,A,Coxa valga,Femoral head necrosis,True,B,text,-3.0485873222351074,-0.04858732968568802,0.047425874568977164,0.9525741476724274,-2.9999999925494194,,False,30,30,26,4,0.8666666666666667,0.13333333333333333,0.8666666666666667,0.13333333333333333,9.12499994650716,-8.000000294676283,12.999999642374632,1390.5,0,excluded,letter bias: the same letter in both orders
medxpertqa:Text-2053:A-G:ba,Text-2053:A-G,ba,Text-2053,Reasoning,Skeletal,B,Coxa valga,Femoral head necrosis,True,B,text,-1.31326162815094,-0.31326165795326233,0.26894143733631704,0.7310586002437232,0.9999999701976776,,True,30,30,30,0,1.0,0.0,1.0,0.0,7.625000003637979,4.500000108033419,11.250000357712452,1296.5,0,excluded,letter bias: the same letter in both orders
medxpertqa:Text-2053:A-H:ab,Text-2053:A-H,ab,Text-2053,Reasoning,Skeletal,A,Coxa valga,Femoral anteversion,False,B,text,-6.501502513885498,-0.0015023384476080537,0.001501181950907551,0.9984987894978749,-6.50000017543789,,False,30,30,1,29,0.03333333333333333,0.9666666666666667,0.03333333333333333,0.9666666666666667,-10.874999523348379,-13.499999523163865,8.000000294676283,932.5,0,hurts,more wrong
medxpertqa:Text-2053:A-H:ba,Text-2053:A-H,ba,Text-2053,Reasoning,Skeletal,B,Coxa valga,Femoral anteversion,False,A,text,-0.0007098776986822486,-7.2507100105285645,0.9992903742048809,0.00070967033651176,-7.250000132829882,,False,30,30,0,30,0.0,1.0,0.0,1.0,-15.49999976158145,-20.5,-10.000000239455403,1144.0,0,hurts,more wrong
medxpertqa:Text-2053:A-I:ab,Text-2053:A-I,ab,Text-2053,Reasoning,Skeletal,A,Coxa valga,Genu varus,False,B,text,-3.773245334625244,-0.023245446383953094,0.02297737289127478,0.9770226476651187,-3.749999888241291,,False,30,30,27,3,0.9,0.1,0.9,0.1,10.125000120038749,-5.500000111758709,13.499999523163865,1232.5,0,helps,flips to correct
medxpertqa:Text-2053:A-I:ba,Text-2053:A-I,ba,Text-2053,Reasoning,Skeletal,B,Coxa valga,Genu varus,False,A,text,-0.31326165795326233,-1.31326162815094,0.7310586002437232,0.26894143733631704,-0.9999999701976776,,False,30,30,29,1,0.9666666666666667,0.03333333333333333,0.9666666666666667,0.03333333333333333,7.749999913939973,-8.000000175496098,11.5000003576788,857.0,0,helps,flips to correct
medxpertqa:Text-2053:A-J:ab,Text-2053:A-J,ab,Text-2053,Reasoning,Skeletal,A,Coxa valga,Short leg syndrome,True,B,text,-2.578889846801758,-0.07888974994421005,0.07585817148650026,0.9241418055144026,-2.5000000968575478,,False,30,30,2,28,0.06666666666666667,0.9333333333333333,0.06666666666666667,0.9333333333333333,-8.749999893334461,-13.250000119210881,10.50000011958764,1114.0,0,excluded,letter bias: the same letter in both orders
medxpertqa:Text-2053:A-J:ba,Text-2053:A-J,ba,Text-2053,Reasoning,Skeletal,B,Coxa valga,Short leg syndrome,True,B,text,-1.5019290447235107,-0.25192904472351074,0.2227001469810028,0.77729988964086,1.25,,True,30,30,6,24,0.2,0.8,0.2,0.8,-9.749999763287633,-14.25000035762804,9.749999763287633,1683.5,0,excluded,letter bias: the same letter in both orders
medxpertqa:Text-2072:D-A:ab,Text-2072:D-A,ab,Text-2072,Reasoning,Digestive,A,Irritable bowel syndrome,Giardiasis,False,A,text,-0.0007098776986822486,-7.2507100105285645,0.9992903742048809,0.00070967033651176,7.250000132829882,,True,30,30,30,0,1.0,0.0,1.0,0.0,10.874999523348379,8.249999914958607,14.499999523162955,948.5,0,helps,more confident
medxpertqa:Text-2072:D-A:ba,Text-2072:D-A,ba,Text-2072,Reasoning,Digestive,B,Irritable bowel syndrome,Giardiasis,False,B,text,-4.511047840118408,-0.011047743260860443,0.010986941583869245,0.9890130589396958,4.500000096857548,,True,30,30,30,0,1.0,0.0,1.0,0.0,10.249999881416443,8.499999663079507,12.50000011921611,779.5,0,helps,more confident
medxpertqa:Text-2072:D-B:ab,Text-2072:D-B,ab,Text-2072,Reasoning,Digestive,A,Irritable bowel syndrome,Lactose intolerance,False,A,text,0.0,-16.75,1.0,5.3157852544244216e-08,16.75,,True,30,30,30,0,1.0,0.0,1.0,0.0,22.5,19.375,25.25,555.0,0,helps,more confident
medxpertqa:Text-2072:D-B:ba,Text-2072:D-B,ba,Text-2072,Reasoning,Digestive,B,Irritable bowel syndrome,Lactose intolerance,False,B,text,-9.7500581741333,-5.829164365422912e-05,5.829127258796956e-05,0.9999417100552707,9.749999882489647,,True,30,30,30,0,1.0,0.0,1.0,0.0,13.374999821187373,11.5000003576788,15.49999976158145,587.0,0,helps,more confident
medxpertqa:Text-2072:D-C:ab,Text-2072:D-C,ab,Text-2072,Reasoning,Digestive,A,Irritable bowel syndrome,Ulcerative colitis,False,A,text,-3.540453326422721e-05,-10.250035285949707,0.9999645960934689,3.535625324942473e-05,10.249999881416443,,True,30,30,30,0,1.0,0.0,0.8,0.16666666666666666,10.749999523393853,9.50000024124165,14.749999642372188,883.0,0,helps,more confident
medxpertqa:Text-2072:D-C:ba,Text-2072:D-C,ba,Text-2072,Reasoning,Digestive,B,Irritable bowel syndrome,Ulcerative colitis,False,B,text,-7.500553131103516,-0.0005529781919904053,0.0005527785265734312,0.9994471746722718,7.500000152911525,,True,30,30,30,0,1.0,0.0,0.6333333333333333,0.36666666666666664,8.374999789011781,5.7500000486616045,11.999999523181941,785.5,0,neutral,
medxpertqa:Text-2072:D-E:ab,Text-2072:D-E,ab,Text-2072,Reasoning,Digestive,A,Irritable bowel syndrome,Chronic cryptosporidiosis,False,A,text,-1.0132738680113107e-05,-11.50001049041748,0.9999898673126559,1.0129987330277146e-05,11.5000003576788,,True,30,30,30,0,1.0,0.0,0.9333333333333333,0.03333333333333333,13.875000000000455,9.500000360436388,16.249999880790718,887.5,0,helps,more confident
medxpertqa:Text-2072:D-E:ba,Text-2072:D-E,ba,Text-2072,Reasoning,Digestive,B,Irritable bowel syndrome,Chronic cryptosporidiosis,False,B,text,-10.000045776367188,-4.541770613286644e-05,4.539785156619626e-05,0.9999545833252356,10.000000358661055,,True,30,30,30,0,1.0,0.0,0.9,0.06666666666666667,12.625000059610102,9.250000123836799,15.49999976158145,732.5,0,helps,more confident
medxpertqa:Text-2072:D-F:ab,Text-2072:D-F,ab,Text-2072,Reasoning,Digestive,A,Irritable bowel syndrome,Celiac disease,False,A,text,-8.344646857949556e-07,-14.000000953674316,0.9999991655356624,8.315279260963632e-07,14.00000011920963,,True,30,30,30,0,1.0,0.0,1.0,0.0,16.75,14.25000035762804,19.75,681.0,0,helps,more confident
medxpertqa:Text-2072:D-F:ba,Text-2072:D-F,ba,Text-2072,Reasoning,Digestive,B,Irritable bowel syndrome,Celiac disease,False,B,text,-9.250096321105957,-9.60780744208023e-05,9.610239492660866e-05,0.9999039265409296,9.250000243031536,,True,30,30,30,0,1.0,0.0,1.0,0.0,13.124999880792757,9.499999525964085,14.749999642372188,533.0,0,helps,more confident
medxpertqa:Text-2072:D-G:ab,Text-2072:D-G,ab,Text-2072,Reasoning,Digestive,A,Irritable bowel syndrome,Inflammatory bowel disease,False,A,text,-0.00026127262390218675,-8.250261306762695,0.9997387615048174,0.0002611902975925828,8.250000034138793,,True,30,30,30,0,1.0,0.0,0.9333333333333333,0.06666666666666667,9.87500012057535,6.000000206753612,16.249999880790718,896.5,0,helps,more confident
medxpertqa:Text-2072:D-G:ba,Text-2072:D-G,ba,Text-2072,Reasoning,Digestive,B,Irritable bowel syndrome,Inflammatory bowel disease,False,B,text,-5.006715297698975,-0.006715348921716213,0.006692851264215723,0.9933071486460123,4.999999948777258,,True,30,30,30,0,1.0,0.0,1.0,0.0,8.749999774154276,5.7500000486616045,11.749999761612344,697.5,0,helps,more confident
medxpertqa:Text-2072:D-H:ab,Text-2072:D-H,ab,Text-2072,Reasoning,Digestive,A,Irritable bowel syndrome,Post-infectious IBS,False,B,text,-0.9740769863128662,-0.4740769863128662,0.377540667992942,0.6224593298742985,-0.5,,False,30,30,4,26,0.13333333333333333,0.8666666666666667,0.13333333333333333,0.8666666666666667,-6.249999954132363,-7.749999973515514,5.250000166706741,1084.5,0,hurts,more wrong
medxpertqa:Text-2072:D-H:ba,Text-2072:D-H,ba,Text-2072,Reasoning,Digestive,B,Irritable bowel syndrome,Post-infectious IBS,False,A,text,-0.0019286142196506262,-6.251928806304932,0.9980732443617326,0.0019267342527389902,-6.250000192085281,,False,30,30,8,22,0.26666666666666666,0.7333333333333333,0.3,0.7,-11.374999940468115,-19.5,5.750000202329829,1248.5,0,hurts,more wrong
medxpertqa:Text-2072:D-I:ab,Text-2072:D-I,ab,Text-2072,Reasoning,Digestive,A,Irritable bowel syndrome,Microscopic colitis,True,A,text,-0.0009114163694903255,-7.000911235809326,0.9990889988442552,0.0009110514045295695,6.999999819439836,,True,30,30,28,2,0.9333333333333333,0.06666666666666667,0.9333333333333333,0.06666666666666667,9.624999704259608,-5.999999979510903,11.749999642403964,1380.0,0,excluded,letter bias: the same letter in both orders
medxpertqa:Text-2072:D-I:ba,Text-2072:D-I,ba,Text-2072,Reasoning,Digestive,B,Irritable bowel syndrome,Microscopic colitis,True,A,text,-0.575939416885376,-0.825939416885376,0.5621765025686553,0.43782350042481233,-0.25,,False,30,30,26,4,0.8666666666666667,0.13333333333333333,0.8666666666666667,0.13333333333333333,6.2500000186264515,-10.50000011958764,9.000000365267624,1185.0,0,excluded,letter bias: the same letter in both orders
medxpertqa:Text-2072:D-J:ab,Text-2072:D-J,ab,Text-2072,Reasoning,Digestive,A,Irritable bowel syndrome,Chronic amoebiasis,False,A,text,-2.753696753643453e-05,-10.500027656555176,0.9999724634116024,2.7535687796947383e-05,10.50000011958764,,True,30,30,30,0,1.0,0.0,0.9666666666666667,0.0,12.999999642374632,10.50000011958764,15.24999976158145,834.5,0,helps,more confident
medxpertqa:Text-2072:D-J:ba,Text-2072:D-J,ba,Text-2072,Reasoning,Digestive,B,Irritable bowel syndrome,Chronic amoebiasis,False,B,text,-8.750158309936523,-0.00015841660206206143,0.0001584362410990077,0.9998415959451853,8.749999893334461,,True,30,30,30,0,1.0,0.0,0.9666666666666667,0.03333333333333333,11.999999523181941,8.000000056345016,14.25000035762804,656.0,0,helps,more confident
medxpertqa:Text-2082:F-A:ab,Text-2082:F-A,ab,Text-2082,Reasoning,Endocrine,A,Vaginal septum,Imperforate hymen,True,A,text,-0.4740769863128662,-0.9740769863128662,0.6224593298742985,0.377540667992942,0.5,,True,30,30,0,30,0.0,1.0,0.0,1.0,-7.499999855441274,-11.749999761612344,-5.24999979371205,1775.0,0,excluded,letter bias: the same letter in both orders
medxpertqa:Text-2082:F-A:ba,Text-2082:F-A,ba,Text-2082,Reasoning,Endocrine,B,Vaginal septum,Imperforate hymen,True,A,text,-0.0019286142196506262,-6.251928806304932,0.9980732443617326,0.0019267342527389902,-6.250000192085281,,False,30,30,0,30,0.0,1.0,0.0,1.0,-12.374999880800488,-15.624999880790718,-8.87500012901728,1748.0,0,excluded,letter bias: the same letter in both orders
medxpertqa:Text-2082:F-B:ab,Text-2082:F-B,ab,Text-2082,Reasoning,Endocrine,A,Vaginal septum,Müllerian agenesis,False,B,text,-4.511047840118408,-0.011047743260860443,0.010986941583869245,0.9890130589396958,-4.500000096857548,,False,30,30,23,7,0.7666666666666667,0.23333333333333334,1.0,0.0,1.5000000223517418,-1.2499999403953552,5.250000201631337,1615.0,0,helps,flips to correct
medxpertqa:Text-2082:F-B:ba,Text-2082:F-B,ba,Text-2082,Reasoning,Endocrine,B,Vaginal septum,Müllerian agenesis,False,A,text,-0.0011701886542141438,-6.7511701583862305,0.9988304957495425,0.0011695103074966034,-6.749999969732016,,False,30,30,28,2,0.9333333333333333,0.06666666666666667,1.0,0.0,2.4999999552965164,-0.25,5.249999899882823,1648.0,0,helps,flips to correct
medxpertqa:Text-2082:F-C:ab,Text-2082:F-C,ab,Text-2082,Reasoning,Endocrine,A,Vaginal septum,Kallmann syndrome,False,B,text,-9.250096321105957,-9.60780744208023e-05,9.610239492660866e-05,0.9999039265409296,-9.250000243031536,,False,30,30,0,30,0.0,1.0,0.0,1.0,-11.812499642400326,-13.500000119210881,-9.625000240826921,2213.0,0,hurts,more wrong
medxpertqa:Text-2082:F-C:ba,Text-2082:F-C,ba,Text-2082,Reasoning,Endocrine,B,Vaginal septum,Kallmann syndrome,False,A,text,0.0,-18.75,1.0,7.194133030325383e-09,-18.75,,False,30,29,2,27,0.06666666666666667,0.9,0.9666666666666667,0.0,-14.87500035762804,-17.75,1.2500000298023224,2656.0,1,neutral,
medxpertqa:Text-2082:F-D:ab,Text-2082:F-D,ab,Text-2082,Reasoning,Endocrine,A,Vaginal septum,Normal development,False,B,text,-4.0181498527526855,-0.018149960786104202,0.017986211314027313,0.9820137577607906,-3.9999998919665813,,False,30,30,0,30,0.0,1.0,0.0,1.0,-11.625000059645572,-15.999999880790718,-9.250000123836799,815.5,0,hurts,more wrong
medxpertqa:Text-2082:F-D:ba,Text-2082:F-D,ba,Text-2082,Reasoning,Endocrine,B,Vaginal septum,Normal development,False,A,text,-0.0031777145341038704,-5.753177642822266,0.9968273290569476,0.0031726831078774057,-5.749999928288162,,False,30,30,0,30,0.0,1.0,0.0,1.0,-12.625000059610102,-16.249999880790718,-10.249999762210791,1173.5,0,hurts,more wrong
medxpertqa:Text-2082:F-E:ab,Text-2082:F-E,ab,Text-2082,Reasoning,Endocrine,A,Vaginal septum,Hypothalamic amenorrhea,False,B,text,-12.75000286102295,-2.861018856492592e-06,2.902312105056987e-06,0.9999971389852362,-12.750000000004093,,False,30,30,0,30,0.0,1.0,0.0,1.0,-15.624999821186083,-18.0,-13.250000119210881,1187.5,0,hurts,more wrong
medxpertqa:Text-2082:F-E:ba,Text-2082:F-E,ba,Text-2082,Reasoning,Endocrine,B,Vaginal septum,Hypothalamic amenorrhea,False,A,text,0.0,-20.5,1.0,1.2501528663867426e-09,-20.5,,False,30,30,0,30,0.0,1.0,0.5666666666666667,0.36666666666666664,-19.8125,-23.75,-16.49999976158145,1359.0,0,neutral,
medxpertqa:Text-2082:F-G:ab,Text-2082:F-G,ab,Text-2082,Reasoning,Endocrine,A,Vaginal septum,Androgen insensitivity syndrome,True,A,text,-0.6931471824645996,-0.6931471824645996,0.49999999904767284,0.49999999904767284,0.0,,True,30,29,15,14,0.5,0.4666666666666667,0.5,0.4666666666666667,1.2499999701976776,-7.750000212050509,7.250000133179128,2720.0,1,excluded,letter bias: the same letter in both orders
medxpertqa:Text-2082:F-G:ba,Text-2082:F-G,ba,Text-2082,Reasoning,Endocrine,B,Vaginal septum,Androgen insensitivity syndrome,True,A,text,-0.029750416055321693,-3.529750347137451,0.9706877714009485,0.029312232836486894,-3.4999999310821295,,False,30,30,25,5,0.8333333333333334,0.16666666666666666,0.8333333333333334,0.16666666666666666,4.000000052154064,-8.374999907668098,8.500000140003976,2317.5,0,excluded,letter bias: the same letter in both orders
medxpertqa:Text-2082:F-H:ab,Text-2082:F-H,ab,Text-2082,Reasoning,Endocrine,A,Vaginal septum,Polycystic ovary syndrome,False,B,text,-2.578889846801758,-0.07888974994421005,0.07585817148650026,0.9241418055144026,-2.5000000968575478,,False,30,27,8,19,0.26666666666666666,0.6333333333333333,0.26666666666666666,0.6333333333333333,-6.75000009208452,-9.250000004729372,5.750000063795596,2398.0,3,neutral,
medxpertqa:Text-2082:F-H:ba,Text-2082:F-H,ba,Text-2082,Reasoning,Endocrine,B,Vaginal septum,Polycystic ovary syndrome,False,A,text,-0.0011701886542141438,-6.7511701583862305,0.9988304957495425,0.0011695103074966034,-6.749999969732016,,False,30,30,18,12,0.6,0.4,0.7,0.3,1.1249999701976776,-11.74999976162053,4.999999843072146,2065.5,0,neutral,
medxpertqa:Text-2082:F-I:ab,Text-2082:F-I,ab,Text-2082,Reasoning,Endocrine,A,Vaginal septum,Gonadal dysgenesis,False,B,text,-3.773245334625244,-0.023245446383953094,0.02297737289127478,0.9770226476651187,-3.749999888241291,,False,30,29,1,28,0.03333333333333333,0.9333333333333333,0.1,0.8666666666666667,-8.25000015355181,-12.000000357647878,1.7500000149011612,2447.0,1,hurts,more wrong
medxpertqa:Text-2082:F-I:ba,Text-2082:F-I,ba,Text-2082,Reasoning,Endocrine,B,Vaginal septum,Gonadal dysgenesis,False,A,text,-0.00015841660206206143,-8.750158309936523,0.9998415959451853,0.0001584362410990077,-8.749999893334461,,False,30,30,12,18,0.4,0.6,0.7333333333333333,0.26666666666666666,-0.6249999701976776,-11.874999523188308,5.500000108033419,2394.5,0,neutral,
medxpertqa:Text-2082:F-J:ab,Text-2082:F-J,ab,Text-2082,Reasoning,Endocrine,A,Vaginal septum,Constitutional delay of puberty,False,B,text,-10.750020980834961,-2.1457441107486375e-05,2.1444958378736654e-05,0.9999785427891018,-10.749999523393853,,False,30,30,0,30,0.0,1.0,0.0,1.0,-18.375,-22.0,-14.25000035762804,527.5,0,hurts,more wrong
medxpertqa:Text-2082:F-J:ba,Text-2082:F-J,ba,Text-2082,Reasoning,Endocrine,B,Vaginal septum,Constitutional delay of puberty,False,A,text,-2.3841855067985307e-07,-15.25,0.9999997615814777,2.382369667501818e-07,-15.24999976158145,,False,30,30,0,30,0.0,1.0,0.0,1.0,-20.0,-23.75,-16.875,819.0,0,hurts,more wrong
medxpertqa:Text-2108:H-A:ab,Text-2108:H-A,ab,Text-2108,Reasoning,Nervous,A,Lateral strain,Cranial compression,False,A,text,-0.2014133334159851,-1.7014133930206299,0.8175744308728488,0.18242550282051248,1.5000000596046448,,True,30,30,10,20,0.3333333333333333,0.6666666666666666,0.3333333333333333,0.6666666666666666,-7.750000223793904,-14.00000011920963,14.499999523162955,632.0,0,neutral,
medxpertqa:Text-2108:H-A:ba,Text-2108:H-A,ba,Text-2108,Reasoning,Nervous,B,Lateral strain,Cranial compression,False,B,text,-2.1269280910491943,-0.12692804634571075,0.11920291248514252,0.8807970468833343,2.0000000447034836,,True,30,30,29,1,0.9666666666666667,0.03333333333333333,0.9666666666666667,0.03333333333333333,10.624999821490746,-7.0000001775915734,13.749999880791279,541.5,0,helps,more confident
medxpertqa:Text-2108:H-B:ab,Text-2108:H-B,ab,Text-2108,Reasoning,Nervous,A,Lateral strain,Vertical strain,True,A,text,-0.25192904472351074,-1.5019290447235107,0.77729988964086,0.2227001469810028,1.25,,True,30,30,30,0,1.0,0.0,1.0,0.0,15.124999701976819,9.749999882489647,17.75,471.0,0,excluded,letter bias: the same letter in both orders
medxpertqa:Text-2108:H-B:ba,Text-2108:H-B,ba,Text-2108,Reasoning,Nervous,B,Lateral strain,Vertical strain,True,A,text,-0.1602240949869156,-1.9102240800857544,0.8519528492100928,0.14804720844715558,-1.7499999850988388,,False,30,30,25,5,0.8333333333333334,0.16666666666666666,0.8333333333333334,0.16666666666666666,9.74999994231257,-18.0,12.750000000004093,491.5,0,excluded,letter bias: the same letter in both orders
medxpertqa:Text-2108:H-C:ab,Text-2108:H-C,ab,Text-2108,Reasoning,Nervous,A,Lateral strain,Flexion/extension dysfunction,True,A,text,-0.25192904472351074,-1.5019290447235107,0.77729988964086,0.2227001469810028,1.25,,True,30,30,29,1,0.9666666666666667,0.03333333333333333,0.9666666666666667,0.03333333333333333,13.374999821187373,-4.750000022351742,18.75,634.5,0,excluded,letter bias: the same letter in both orders
medxpertqa:Text-2108:H-C:ba,Text-2108:H-C,ba,Text-2108,Reasoning,Nervous,B,Lateral strain,Flexion/extension dysfunction,True,A,text,-0.10020658373832703,-2.3502066135406494,0.9046505126460354,0.09534945969074979,-2.2500000298023224,,False,30,30,29,1,0.9666666666666667,0.03333333333333333,0.9666666666666667,0.03333333333333333,8.499999663079507,-8.250000034138793,11.749999761612344,579.0,0,excluded,letter bias: the same letter in both orders
medxpertqa:Text-2108:H-D:ab,Text-2108:H-D,ab,Text-2108,Reasoning,Nervous,A,Lateral strain,Torsion strain,False,B,text,-3.529750347137451,-0.029750416055321693,0.029312232836486894,0.9706877714009485,-3.4999999310821295,,False,30,30,0,30,0.0,1.0,0.0,1.0,-14.374999940395497,-17.0,-11.5000003576788,477.0,0,hurts,more wrong
medxpertqa:Text-2108:H-D:ba,Text-2108:H-D,ba,Text-2108,Reasoning,Nervous,B,Lateral strain,Torsion strain,False,A,text,-0.00012337400403339416,-9.000123023986816,0.999876633606226,0.0001233946226544279,-8.999999649982783,,False,30,30,0,30,0.0,1.0,0.0,1.0,-21.75,-24.75,-17.5,457.0,0,hurts,more wrong
medxpertqa:Text-2108:H-E:ab,Text-2108:H-E,ab,Text-2108,Reasoning,Nervous,A,Lateral strain,Inferior vertical strain,False,A,text,-0.04858732968568802,-3.0485873222351074,0.9525741476724274,0.047425874568977164,2.9999999925494194,,True,30,30,29,1,0.9666666666666667,0.03333333333333333,0.9666666666666667,0.03333333333333333,12.750000000004093,-8.749999893334461,17.25,634.0,0,helps,more confident
medxpertqa:Text-2108:H-E:ba,Text-2108:H-E,ba,Text-2108,Reasoning,Nervous,B,Lateral strain,Inferior vertical strain,False,B,text,-1.5019290447235107,-0.25192904472351074,0.2227001469810028,0.77729988964086,1.25,,True,30,30,27,3,0.9,0.1,0.9,0.1,9.12499994650716,-16.249999880790718,10.999999523302904,621.0,0,helps,more confident
medxpertqa:Text-2108:H-F:ab,Text-2108:H-F,ab,Text-2108,Reasoning,Nervous,A,Lateral strain,Temporal bone dysfunction,False,A,text,-0.008614521473646164,-4.758614540100098,0.9914224771982877,0.008577484930474293,4.7500000186264515,,True,30,30,30,0,1.0,0.0,1.0,0.0,14.249999821186293,8.999999649982783,18.75,707.5,0,helps,more confident
medxpertqa:Text-2108:H-F:ba,Text-2108:H-F,ba,Text-2108,Reasoning,Nervous,B,Lateral strain,Temporal bone dysfunction,False,B,text,-3.773245334625244,-0.023245446383953094,0.02297737289127478,0.9770226476651187,3.749999888241291,,True,30,30,30,0,1.0,0.0,1.0,0.0,12.874999821189363,8.999999649982783,15.749999880790718,550.5,0,helps,more confident
medxpertqa:Text-2108:H-G:ab,Text-2108:H-G,ab,Text-2108,Reasoning,Nervous,A,Lateral strain,Sphenobasilar synchondrosis dysfunction,False,B,text,-3.288041353225708,-0.03804141283035278,0.037326888033261264,0.9626730730490257,-3.2499999403953552,,False,30,30,1,29,0.03333333333333333,0.9666666666666667,0.03333333333333333,0.9666666666666667,-12.625000059610102,-14.25000035762804,13.250000119210881,581.5,0,hurts,more wrong
medxpertqa:Text-2108:H-G:ba,Text-2108:H-G,ba,Text-2108,Reasoning,Nervous,B,Lateral strain,Sphenobasilar synchondrosis dysfunction,False,A,text,-0.011047743260860443,-4.511047840118408,0.9890130589396958,0.010986941583869245,-4.500000096857548,,False,30,30,3,27,0.1,0.9,0.1,0.9,-14.874999642372188,-17.5,7.749999973515514,671.0,0,hurts,more wrong
medxpertqa:Text-2108:H-I:ab,Text-2108:H-I,ab,Text-2108,Reasoning,Nervous,A,Lateral strain,Sidebending/rotation,False,B,text,-6.501502513885498,-0.0015023384476080537,0.001501181950907551,0.9984987894978749,-6.50000017543789,,False,30,30,1,29,0.03333333333333333,0.9666666666666667,0.03333333333333333,0.9666666666666667,-13.250000119210881,-16.499999880790718,4.5,534.0,0,hurts,more wrong
medxpertqa:Text-2108:H-I:ba,Text-2108:H-I,ba,Text-2108,Reasoning,Nervous,B,Lateral strain,Sidebending/rotation,False,A,text,-3.540453326422721e-05,-10.250035285949707,0.9999645960934689,3.535625324942473e-05,-10.249999881416443,,False,30,30,1,29,0.03333333333333333,0.9666666666666667,0.03333333333333333,0.9666666666666667,-20.0,-23.25,8.499999663079507,542.0,0,hurts,more wrong
medxpertqa:Text-2108:H-J:ab,Text-2108:H-J,ab,Text-2108,Reasoning,Nervous,A,Lateral strain,Superior vertical strain,True,A,text,-0.6931471824645996,-0.6931471824645996,0.49999999904767284,0.49999999904767284,0.0,,True,30,30,30,0,1.0,0.0,1.0,0.0,10.999999523302904,6.750000089290552,16.249999880790718,666.0,0,excluded,letter bias: the same letter in both orders
medxpertqa:Text-2108:H-J:ba,Text-2108:H-J,ba,Text-2108,Reasoning,Nervous,B,Lateral strain,Superior vertical strain,True,A,text,-0.029750416055321693,-3.529750347137451,0.9706877714009485,0.029312232836486894,-3.4999999310821295,,False,30,30,24,6,0.8,0.2,0.8,0.2,7.62500006321352,-18.75,9.749999882489647,646.0,0,excluded,letter bias: the same letter in both orders
medxpertqa:Text-2110:J-A:ab,Text-2110:J-A,ab,Text-2110,Reasoning,Digestive,A,Ischemic colitis,Acute mesenteric ischemia,False,A,text,-0.6931471824645996,-0.6931471824645996,0.49999999904767284,0.49999999904767284,0.0,,True,30,30,26,4,0.8666666666666667,0.13333333333333333,0.8666666666666667,0.13333333333333333,9.000000068182999,-6.00000009033829,15.49999976158145,1315.5,0,helps,more confident
medxpertqa:Text-2110:J-A:ba,Text-2110:J-A,ba,Text-2110,Reasoning,Digestive,B,Ischemic colitis,Acute mesenteric ischemia,False,B,text,-7.750430583953857,-0.0004306104383431375,0.0004305571096741222,0.9995694822610254,7.749999973515514,,True,30,30,25,5,0.8333333333333334,0.16666666666666666,0.7666666666666667,0.23333333333333334,9.249999945615855,-9.250000243031536,14.25000035762804,1163.0,0,helps,more confident
medxpertqa:Text-2110:J-B:ab,Text-2110:J-B,ab,Text-2110,Reasoning,Digestive,A,Ischemic colitis,Pancreatic insufficiency,True,B,text,-1.31326162815094,-0.31326165795326233,0.26894143733631704,0.7310586002437232,-0.9999999701976776,,False,30,30,2,28,0.06666666666666667,0.9333333333333333,0.06666666666666667,0.9333333333333333,-6.999999938736437,-9.749999882489647,8.5000003783789,1039.5,0,excluded,letter bias: the same letter in both orders
medxpertqa:Text-2110:J-B:ba,Text-2110:J-B,ba,Text-2110,Reasoning,Digestive,B,Ischemic colitis,Pancreatic insufficiency,True,B,text,-3.529750347137451,-0.029750416055321693,0.029312232836486894,0.9706877714009485,3.4999999310821295,,True,30,30,9,21,0.3,0.7,0.3,0.7,-6.500000116240699,-8.749999774154276,9.250000243031536,1408.0,0,excluded,letter bias: the same letter in both orders
medxpertqa:Text-2110:J-C:ab,Text-2110:J-C,ab,Text-2110,Reasoning,Digestive,A,Ischemic colitis,Small intestinal bacterial overgrowth,False,B,text,-2.3502066135406494,-0.10020658373832703,0.09534945969074979,0.9046505126460354,-2.2500000298023224,,False,30,30,0,30,0.0,1.0,0.0,1.0,-11.124999940507678,-13.250000119210881,-7.000000058033038,565.0,0,hurts,more wrong
medxpertqa:Text-2110:J-C:ba,Text-2110:J-C,ba,Text-2110,Reasoning,Digestive,B,Ischemic colitis,Small intestinal bacterial overgrowth,False,A,text,-0.575939416885376,-0.825939416885376,0.5621765025686553,0.43782350042481233,-0.25,,False,30,30,2,28,0.06666666666666667,0.9333333333333333,0.06666666666666667,0.9333333333333333,-9.87500012057535,-14.499999523162955,6.249999836902134,799.0,0,hurts,more wrong
medxpertqa:Text-2110:J-D:ab,Text-2110:J-D,ab,Text-2110,Reasoning,Digestive,A,Ischemic colitis,Lactose intolerance,False,A,text,-0.04858732968568802,-3.0485873222351074,0.9525741476724274,0.047425874568977164,2.9999999925494194,,True,30,30,19,11,0.6333333333333333,0.36666666666666664,0.6333333333333333,0.36666666666666664,8.624999778206984,-7.750000212050509,15.24999976158145,1260.5,0,neutral,
medxpertqa:Text-2110:J-D:ba,Text-2110:J-D,ba,Text-2110,Reasoning,Digestive,B,Ischemic colitis,Lactose intolerance,False,B,text,-7.2507100105285645,-0.0007098776986822486,0.00070967033651176,0.9992903742048809,7.250000132829882,,True,30,30,30,0,1.0,0.0,1.0,0.0,12.250000000011369,8.000000294676283,15.49999976158145,726.0,0,helps,more confident
medxpertqa:Text-2110:J-E:ab,Text-2110:J-E,ab,Text-2110,Reasoning,Digestive,A,Ischemic colitis,Peptic ulcer disease,True,B,text,-1.1368709802627563,-0.38687101006507874,0.32082130911852547,0.6791786964925157,-0.7499999701976776,,False,30,30,14,16,0.4666666666666667,0.5333333333333333,0.4666666666666667,0.5333333333333333,-4.874999987194315,-8.749999654959538,12.750000000004093,1254.0,0,excluded,letter bias: the same letter in both orders
medxpertqa:Text-2110:J-E:ba,Text-2110:J-E,ba,Text-2110,Reasoning,Digestive,B,Ischemic colitis,Peptic ulcer disease,True,B,text,-4.511047840118408,-0.011047743260860443,0.010986941583869245,0.9890130589396958,4.500000096857548,,True,30,30,30,0,1.0,0.0,1.0,0.0,7.250000073254341,4.500000225380063,12.250000000011369,1132.5,0,excluded,letter bias: the same letter in both orders
medxpertqa:Text-2110:J-F:ab,Text-2110:J-F,ab,Text-2110,Reasoning,Digestive,A,Ischemic colitis,Diverticular disease,True,B,text,-2.1269280910491943,-0.12692804634571075,0.11920291248514252,0.8807970468833343,-2.0000000447034836,,False,30,30,20,10,0.6666666666666666,0.3333333333333333,0.6666666666666666,0.3333333333333333,9.250000243031536,-7.99999993716483,16.249999880790718,1127.5,0,excluded,letter bias: the same letter in both orders
medxpertqa:Text-2110:J-F:ba,Text-2110:J-F,ba,Text-2110,Reasoning,Digestive,B,Ischemic colitis,Diverticular disease,True,B,text,-3.529750347137451,-0.029750416055321693,0.029312232836486894,0.9706877714009485,3.4999999310821295,,True,30,30,29,1,0.9666666666666667,0.03333333333333333,0.9666666666666667,0.03333333333333333,7.500000093335984,-8.000000056345016,11.749999761612344,941.5,0,excluded,letter bias: the same letter in both orders
medxpertqa:Text-2110:J-G:ab,Text-2110:J-G,ab,Text-2110,Reasoning,Digestive,A,Ischemic colitis,Chronic mesenteric ischemia,False,B,text,-16.5,-1.1920928244535389e-07,6.82560337633487e-08,0.9999998807907247,-16.499999880790718,,False,30,30,0,30,0.0,1.0,0.0,1.0,-18.625,-20.25,-17.0,438.0,0,hurts,more wrong
medxpertqa:Text-2110:J-G:ba,Text-2110:J-G,ba,Text-2110,Reasoning,Digestive,B,Ischemic colitis,Chronic mesenteric ischemia,False,A,text,-8.344646857949556e-07,-14.000000953674316,0.9999991655356624,8.315279260963632e-07,-14.00000011920963,,False,30,30,0,30,0.0,1.0,0.0,1.0,-23.25,-25.75,-21.25,451.5,0,hurts,more wrong
medxpertqa:Text-2110:J-H:ab,Text-2110:J-H,ab,Text-2110,Reasoning,Digestive,A,Ischemic colitis,Celiac disease,False,B,text,-2.811967611312866,-0.06196761503815651,0.060086648833494447,0.9399133253553882,-2.7499999962747097,,False,30,30,0,30,0.0,1.0,0.0,1.0,-8.499999603482138,-11.250000357712452,-5.250000132247806,1018.5,0,hurts,more wrong
medxpertqa:Text-2110:J-H:ba,Text-2110:J-H,ba,Text-2110,Reasoning,Digestive,B,Ischemic colitis,Celiac disease,False,A,text,-0.4740769863128662,-0.9740769863128662,0.6224593298742985,0.377540667992942,-0.5,,False,30,30,11,19,0.36666666666666664,0.6333333333333333,0.36666666666666664,0.6333333333333333,-7.124999916733941,-11.250000357712452,8.250000034138793,1585.0,0,neutral,
medxpertqa:Text-2110:J-I:ab,Text-2110:J-I,ab,Text-2110,Reasoning,Digestive,A,Ischemic colitis,Irritable bowel syndrome,False,A,text,-1.0132738680113107e-05,-11.50001049041748,0.9999898673126559,1.0129987330277146e-05,11.5000003576788,,True,30,30,28,2,0.9333333333333333,0.06666666666666667,0.8,0.16666666666666666,13.875000000000455,-5.499999864492565,23.0,1029.0,0,helps,more confident
medxpertqa:Text-2110:J-I:ba,Text-2110:J-I,ba,Text-2110,Reasoning,Digestive,B,Ischemic colitis,Irritable bowel syndrome,False,B,text,-9.50007438659668,-7.486063259420916e-05,7.484626212190614e-05,0.999925142169393,9.499999525964085,,True,30,30,30,0,1.0,0.0,0.8333333333333334,0.16666666666666666,11.999999523181941,8.749999893334461,15.999999880790718,802.5,0,helps,more confident
medxpertqa:Text-2133:E-A:ab,Text-2133:E-A,ab,Text-2133,Reasoning,Integumentary,A,Cutaneous anthrax,Ulceroglandular tularemia,False,B,text,-1.7014133930206299,-0.2014133334159851,0.18242550282051248,0.8175744308728488,-1.5000000596046448,,False,30,30,27,3,0.9,0.1,0.9,0.1,10.749999523393853,-6.500000057043508,15.999999880790718,1016.0,0,helps,flips to correct
medxpertqa:Text-2133:E-A:ba,Text-2133:E-A,ba,Text-2133,Reasoning,Integumentary,B,Cutaneous anthrax,Ulceroglandular tularemia,False,A,text,-0.0005529781919904053,-7.500553131103516,0.9994471746722718,0.0005527785265734312,-7.500000152911525,,False,30,30,16,14,0.5333333333333333,0.4666666666666667,0.5333333333333333,0.4666666666666667,4.375000099185854,-15.24999976158145,8.499999663079507,1308.0,0,neutral,
medxpertqa:Text-2133:E-B:ab,Text-2133:E-B,ab,Text-2133,Reasoning,Integumentary,A,Cutaneous anthrax,Necrotizing fasciitis,False,A,text,-1.1920928244535389e-07,-16.25,0.9999998807907247,8.764248219443636e-08,16.249999880790718,,True,30,30,30,0,1.0,0.0,1.0,0.0,25.25,22.0,28.0,609.0,0,helps,more confident
medxpertqa:Text-2133:E-B:ba,Text-2133:E-B,ba,Text-2133,Reasoning,Integumentary,B,Cutaneous anthrax,Necrotizing fasciitis,False,B,text,-19.5,0.0,3.398267819495071e-09,1.0,19.5,,True,30,30,30,0,1.0,0.0,0.6666666666666666,0.23333333333333334,20.125,16.249999880790718,21.0,604.5,0,neutral,
medxpertqa:Text-2133:E-C:ab,Text-2133:E-C,ab,Text-2133,Reasoning,Integumentary,A,Cutaneous anthrax,Tularemia,True,A,text,-2.753696753643453e-05,-10.500027656555176,0.9999724634116024,2.7535687796947383e-05,10.50000011958764,,True,30,30,30,0,1.0,0.0,1.0,0.0,22.125,17.25,25.0,680.0,0,excluded,letter bias: the same letter in both orders
medxpertqa:Text-2133:E-C:ba,Text-2133:E-C,ba,Text-2133,Reasoning,Integumentary,B,Cutaneous anthrax,Tularemia,True,A,text,-0.10020658373832703,-2.3502066135406494,0.9046505126460354,0.09534945969074979,-2.2500000298023224,,False,30,30,30,0,1.0,0.0,1.0,0.0,8.624999718616891,5.4999997690320015,10.7500003578607,974.5,0,excluded,letter bias: the same letter in both orders
medxpertqa:Text-2133:E-D:ab,Text-2133:E-D,ab,Text-2133,Reasoning,Integumentary,A,Cutaneous anthrax,Ecthyma gangrenosum,False,A,text,-1.6689160474925302e-05,-11.000016212463379,0.9999833109787883,1.670143001672819e-05,10.999999523302904,,True,30,30,30,0,1.0,0.0,1.0,0.0,22.625,19.0,26.0,684.0,0,helps,more confident
medxpertqa:Text-2133:E-D:ba,Text-2133:E-D,ba,Text-2133,Reasoning,Integumentary,B,Cutaneous anthrax,Ecthyma gangrenosum,False,B,text,-13.750000953674316,-1.0728830375228426e-06,1.0677029917933763e-06,0.999998927117538,13.749999880791279,,True,30,30,30,0,1.0,0.0,0.9666666666666667,0.03333333333333333,17.25,11.00000023856228,20.0,737.0,0,helps,more confident
medxpertqa:Text-2133:E-F:ab,Text-2133:E-F,ab,Text-2133,Reasoning,Integumentary,A,Cutaneous anthrax,Bacillary angiomatosis,False,A,text,-1.1920928244535389e-07,-15.75,0.9999998807907247,1.4449802461092448e-07,15.749999880790718,,True,30,30,30,0,1.0,0.0,1.0,0.0,26.75,22.0,28.5,541.5,0,helps,more confident
medxpertqa:Text-2133:E-F:ba,Text-2133:E-F,ba,Text-2133,Reasoning,Integumentary,B,Cutaneous anthrax,Bacillary angiomatosis,False,B,text,-9.50007438659668,-7.486063259420916e-05,7.484626212190614e-05,0.999925142169393,9.499999525964085,,True,30,30,30,0,1.0,0.0,1.0,0.0,18.0,12.999999642374632,20.0,585.0,0,helps,more confident
medxpertqa:Text-2133:E-G:ab,Text-2133:E-G,ab,Text-2133,Reasoning,Integumentary,A,Cutaneous anthrax,Cutaneous leishmaniasis,False,A,text,-9.60780744208023e-05,-9.250096321105957,0.9999039265409296,9.610239492660866e-05,9.250000243031536,,True,30,30,30,0,1.0,0.0,1.0,0.0,19.75,14.25000035762804,23.0,701.5,0,helps,more confident
medxpertqa:Text-2133:E-G:ba,Text-2133:E-G,ba,Text-2133,Reasoning,Integumentary,B,Cutaneous anthrax,Cutaneous leishmaniasis,False,B,text,-1.9102240800857544,-0.1602240949869156,0.14804720844715558,0.8519528492100928,1.7499999850988388,,True,30,30,30,0,1.0,0.0,1.0,0.0,10.125000060435923,7.000000061991159,13.499999523163865,926.5,0,helps,more confident
medxpertqa:Text-2133:E-H:ab,Text-2133:E-H,ab,Text-2133,Reasoning,Integumentary,A,Cutaneous anthrax,Sporotrichosis,False,A,text,-1.4305104514278355e-06,-13.500000953674316,0.9999985694905718,1.3709577789362383e-06,13.499999523163865,,True,30,30,30,0,1.0,0.0,1.0,0.0,24.125,20.75,26.25,605.5,0,helps,more confident
medxpertqa:Text-2133:E-H:ba,Text-2133:E-H,ba,Text-2133,Reasoning,Integumentary,B,Cutaneous anthrax,Sporotrichosis,False,B,text,-9.7500581741333,-5.829164365422912e-05,5.829127258796956e-05,0.9999417100552707,9.749999882489647,,True,30,30,30,0,1.0,0.0,1.0,0.0,16.875,12.750000000004093,19.75,643.0,0,helps,more confident
medxpertqa:Text-2133:E-I:ab,Text-2133:E-I,ab,Text-2133,Reasoning,Integumentary,A,Cutaneous anthrax,Pyoderma gangrenosum,False,A,text,0.0,-17.25,1.0,3.2241867372567335e-08,17.25,,True,30,30,30,0,1.0,0.0,1.0,0.0,26.75,23.25,28.5,595.0,0,helps,more confident
medxpertqa:Text-2133:E-I:ba,Text-2133:E-I,ba,Text-2133,Reasoning,Integumentary,B,Cutaneous anthrax,Pyoderma gangrenosum,False,B,text,-19.75,0.0,2.646573638909117e-09,1.0,19.75,,True,30,30,30,0,1.0,0.0,0.9666666666666667,0.0,21.125,19.75,23.25,546.0,0,helps,more confident
medxpertqa:Text-2133:E-J:ab,Text-2133:E-J,ab,Text-2133,Reasoning,Integumentary,A,Cutaneous anthrax,Impetigo,False,A,text,0.0,-20.75,1.0,9.736200313009565e-10,20.75,,True,30,30,30,0,1.0,0.0,1.0,0.0,28.3125,25.25,29.5,519.0,0,helps,more confident
medxpertqa:Text-2133:E-J:ba,Text-2133:E-J,ba,Text-2133,Reasoning,Integumentary,B,Cutaneous anthrax,Impetigo,False,B,text,-19.5,0.0,3.398267819495071e-09,1.0,19.5,,True,30,30,30,0,1.0,0.0,1.0,0.0,21.625,19.75,23.75,521.0,0,helps,more confident
medxpertqa:Text-2176:H-A:ab,Text-2176:H-A,ab,Text-2176,Reasoning,Reproductive,A,Midcycle pain,Functional ovarian cyst,False,B,text,-0.9740769863128662,-0.4740769863128662,0.377540667992942,0.6224593298742985,-0.5,,False,30,30,0,30,0.0,1.0,0.0,1.0,-6.375000124215148,-8.749999774154276,-4.250000176019967,1318.0,0,hurts,more wrong
medxpertqa:Text-2176:H-A:ba,Text-2176:H-A,ba,Text-2176,Reasoning,Reproductive,B,Midcycle pain,Functional ovarian cyst,False,A,text,-0.03804141283035278,-3.288041353225708,0.9626730730490257,0.037326888033261264,-3.2499999403953552,,False,30,30,2,28,0.06666666666666667,0.9333333333333333,0.1,0.9,-11.625000059645572,-14.00000011920963,4.249999830499291,1407.5,0,hurts,more wrong
medxpertqa:Text-2176:H-B:ab,Text-2176:H-B,ab,Text-2176,Reasoning,Reproductive,A,Midcycle pain,Endometriosis,False,B,text,-3.529750347137451,-0.029750416055321693,0.029312232836486894,0.9706877714009485,-3.4999999310821295,,False,30,30,4,26,0.13333333333333333,0.8666666666666667,0.16666666666666666,0.8333333333333334,-5.8749998298007995,-8.749999774154276,5.250000013504177,1623.0,0,hurts,more wrong
medxpertqa:Text-2176:H-B:ba,Text-2176:H-B,ba,Text-2176,Reasoning,Reproductive,B,Midcycle pain,Endometriosis,False,A,text,-0.0009114163694903255,-7.000911235809326,0.9990889988442552,0.0009110514045295695,-6.999999819439836,,False,30,30,12,18,0.4,0.6,0.4666666666666667,0.5333333333333333,-7.62499988086347,-13.499999523163865,6.9999998198472895,1744.0,0,neutral,
medxpertqa:Text-2176:H-C:ab,Text-2176:H-C,ab,Text-2176,Reasoning,Reproductive,A,Midcycle pain,Ruptured ectopic pregnancy,False,B,text,-8.750158309936523,-0.00015841660206206143,0.0001584362410990077,0.9998415959451853,-8.749999893334461,,False,30,30,0,30,0.0,1.0,0.0,1.0,-10.249999881416443,-12.250000000011369,-9.24999976624531,1040.0,0,hurts,more wrong
medxpertqa:Text-2176:H-C:ba,Text-2176:H-C,ba,Text-2176,Reasoning,Reproductive,B,Midcycle pain,Ruptured ectopic pregnancy,False,A,text,-1.0728830375228426e-06,-13.750000953674316,0.999998927117538,1.0677029917933763e-06,-13.749999880791279,,False,30,30,0,30,0.0,1.0,0.16666666666666666,0.8333333333333334,-15.124999701976819,-17.375,-10.249999762210791,1282.0,0,hurts,more wrong
medxpertqa:Text-2176:H-D:ab,Text-2176:H-D,ab,Text-2176,Reasoning,Reproductive,A,Midcycle pain,Ovarian cyst rupture,False,B,text,-6.251928806304932,-0.0019286142196506262,0.0019267342527389902,0.9980732443617326,-6.250000192085281,,False,30,30,0,30,0.0,1.0,0.0,1.0,-10.249999881416443,-12.999999642374632,-6.499999818275683,1032.0,0,hurts,more wrong
medxpertqa:Text-2176:H-D:ba,Text-2176:H-D,ba,Text-2176,Reasoning,Reproductive,B,Midcycle pain,Ovarian cyst rupture,False,A,text,-1.1920928244535389e-07,-16.0,0.9999998807907247,1.1253517471925912e-07,-15.999999880790718,,False,30,30,0,30,0.0,1.0,0.06666666666666667,0.8666666666666667,-17.75,-23.375,-13.250000119210881,1013.0,0,hurts,more wrong
medxpertqa:Text-2176:H-E:ab,Text-2176:H-E,ab,Text-2176,Reasoning,Reproductive,A,Midcycle pain,Acute appendicitis,False,B,text,-15.25,-2.3841855067985307e-07,2.382369667501818e-07,0.9999997615814777,-15.24999976158145,,False,30,30,0,30,0.0,1.0,0.36666666666666664,0.5333333333333333,-15.624999821186083,-17.75,-13.499999523163865,959.0,0,neutral,
medxpertqa:Text-2176:H-E:ba,Text-2176:H-E,ba,Text-2176,Reasoning,Reproductive,B,Midcycle pain,Acute appendicitis,False,A,text,0.0,-24.75,1.0,1.783247290814639e-11,-24.75,,False,30,30,0,30,0.0,1.0,1.0,0.0,-21.5,-24.625,-18.5,1137.0,0,neutral,
medxpertqa:Text-2176:H-F:ab,Text-2176:H-F,ab,Text-2176,Reasoning,Reproductive,A,Midcycle pain,Tubo-ovarian abscess,False,B,text,-10.500027656555176,-2.753696753643453e-05,2.7535687796947383e-05,0.9999724634116024,-10.50000011958764,,False,30,30,0,30,0.0,1.0,0.0,0.9,-12.999999642374632,-16.249999880790718,-10.50000011958764,721.5,0,hurts,more wrong
medxpertqa:Text-2176:H-F:ba,Text-2176:H-F,ba,Text-2176,Reasoning,Reproductive,B,Midcycle pain,Tubo-ovarian abscess,False,A,text,0.0,-20.75,1.0,9.736200313009565e-10,-20.75,,False,30,30,0,30,0.0,1.0,0.3333333333333333,0.6666666666666666,-21.75,-25.375,-17.75,763.5,0,neutral,
medxpertqa:Text-2176:H-G:ab,Text-2176:H-G,ab,Text-2176,Reasoning,Reproductive,A,Midcycle pain,Acute salpingitis,False,B,text,-7.750430583953857,-0.0004306104383431375,0.0004305571096741222,0.9995694822610254,-7.749999973515514,,False,30,30,0,30,0.0,1.0,0.0,1.0,-12.249999821199026,-14.499999523162955,-9.499999525964085,681.0,0,hurts,more wrong
medxpertqa:Text-2176:H-G:ba,Text-2176:H-G,ba,Text-2176,Reasoning,Reproductive,B,Midcycle pain,Acute salpingitis,False,A,text,0.0,-18.25,1.0,1.186112015134383e-08,-18.25,,False,30,30,0,30,0.0,1.0,0.1,0.9,-20.3125,-24.75,-16.75,735.0,0,hurts,more wrong
medxpertqa:Text-2176:H-I:ab,Text-2176:H-I,ab,Text-2176,Reasoning,Reproductive,A,Midcycle pain,Mesenteric adenitis,False,B,text,-3.529750347137451,-0.029750416055321693,0.029312232836486894,0.9706877714009485,-3.4999999310821295,,False,30,30,2,28,0.06666666666666667,0.9333333333333333,0.06666666666666667,0.9333333333333333,-5.750000169035047,-8.499999543884769,5.00000019185245,1626.0,0,hurts,more wrong
medxpertqa:Text-2176:H-I:ba,Text-2176:H-I,ba,Text-2176,Reasoning,Reproductive,B,Midcycle pain,Mesenteric adenitis,False,A,text,-0.006715348921716213,-5.006715297698975,0.9933071486460123,0.006692851264215723,-4.999999948777258,,False,30,30,13,17,0.43333333333333335,0.5666666666666667,0.5666666666666667,0.43333333333333335,-3.875000004656613,-13.124999880792757,5.000000073574483,1778.5,0,neutral,
medxpertqa:Text-2176:H-J:ab,Text-2176:H-J,ab,Text-2176,Reasoning,Reproductive,A,Midcycle pain,Pelvic inflammatory disease,False,B,text,-11.50001049041748,-1.0132738680113107e-05,1.0129987330277146e-05,0.9999898673126559,-11.5000003576788,,False,30,30,0,30,0.0,1.0,0.0,1.0,-13.875000000000455,-15.49999976158145,-11.749999761612344,847.5,0,hurts,more wrong
medxpertqa:Text-2176:H-J:ba,Text-2176:H-J,ba,Text-2176,Reasoning,Reproductive,B,Midcycle pain,Pelvic inflammatory disease,False,A,text,0.0,-19.25,1.0,4.363462252943702e-09,-19.25,,False,30,30,0,30,0.0,1.0,0.36666666666666664,0.5666666666666667,-19.875,-22.625,-16.624999880790718,874.0,0,neutral,
medxpertqa:Text-2179:B-A:ab,Text-2179:B-A,ab,Text-2179,Understanding,Endocrine,A,Secondary pure red cell aplasia,Thymoma-associated myelodysplasia,False,A,text,-0.0031777145341038704,-5.753177642822266,0.9968273290569476,0.0031726831078774057,5.749999928288162,,True,30,30,12,18,0.4,0.6,0.36666666666666664,0.6333333333333333,-1.6250000149011612,-5.249999894760549,13.749999880791279,2358.0,0,neutral,
medxpertqa:Text-2179:B-A:ba,Text-2179:B-A,ba,Text-2179,Understanding,Endocrine,B,Secondary pure red cell aplasia,Thymoma-associated myelodysplasia,False,B,text,-3.0485873222351074,-0.04858732968568802,0.047425874568977164,0.9525741476724274,2.9999999925494194,,True,30,30,6,24,0.2,0.8,0.16666666666666666,0.8333333333333334,-4.624999913852662,-7.5000001537264325,8.749999774154276,2685.0,0,hurts,flips to wrong
medxpertqa:Text-2179:B-C:ab,Text-2179:B-C,ab,Text-2179,Understanding,Endocrine,A,Secondary pure red cell aplasia,Autoimmune pure red cell aplasia,False,A,text,-0.07888974994421005,-2.578889846801758,0.9241418055144026,0.07585817148650026,2.5000000968575478,,True,30,30,21,9,0.7,0.3,0.7,0.3,9.624999823461621,-8.499999663079507,13.749999880791279,2213.0,0,helps,more confident
medxpertqa:Text-2179:B-C:ba,Text-2179:B-C,ba,Text-2179,Understanding,Endocrine,B,Secondary pure red cell aplasia,Autoimmune pure red cell aplasia,False,B,text,-2.3502066135406494,-0.10020658373832703,0.09534945969074979,0.9046505126460354,2.2500000298023224,,True,30,30,21,9,0.7,0.3,0.7,0.3,7.250000014872057,-10.749999523393853,11.250000238504981,2148.5,0,helps,more confident
medxpertqa:Text-2179:B-D:ab,Text-2179:B-D,ab,Text-2179,Understanding,Endocrine,A,Secondary pure red cell aplasia,Acquired sideroblastic anemia,False,A,text,-0.0031777145341038704,-5.753177642822266,0.9968273290569476,0.0031726831078774057,5.749999928288162,,True,30,30,24,6,0.8,0.2,0.7333333333333333,0.26666666666666666,12.062500059630565,-4.749999912455678,17.5,2741.0,0,helps,more confident
medxpertqa:Text-2179:B-D:ba,Text-2179:B-D,ba,Text-2179,Understanding,Endocrine,B,Secondary pure red cell aplasia,Acquired sideroblastic anemia,False,B,text,-4.0181498527526855,-0.018149960786104202,0.017986211314027313,0.9820137577607906,3.9999998919665813,,True,30,30,26,4,0.8666666666666667,0.13333333333333333,0.8333333333333334,0.16666666666666666,9.000000305728463,-5.499999864492565,12.750000000004093,2615.0,0,helps,more confident
medxpertqa:Text-2179:B-E:ab,Text-2179:B-E,ab,Text-2179,Understanding,Endocrine,A,Secondary pure red cell aplasia,Paraneoplastic erythroid hypoplasia,True,A,text,-0.575939416885376,-0.825939416885376,0.5621765025686553,0.43782350042481233,0.25,,True,30,30,0,30,0.0,1.0,0.0,1.0,-9.12499994650716,-12.50000011921611,-4.999999974388629,1203.0,0,excluded,letter bias: the same letter in both orders
medxpertqa:Text-2179:B-E:ba,Text-2179:B-E,ba,Text-2179,Understanding,Endocrine,B,Secondary pure red cell aplasia,Paraneoplastic erythroid hypoplasia,True,A,text,-0.6931471824645996,-0.6931471824645996,0.49999999904767284,0.49999999904767284,-0.0,,False,30,30,1,29,0.03333333333333333,0.9666666666666667,0.03333333333333333,0.9666666666666667,-10.624999821490746,-14.25000035762804,4.0000001192092896,1826.0,0,excluded,letter bias: the same letter in both orders
medxpertqa:Text-2179:B-F:ab,Text-2179:B-F,ab,Text-2179,Understanding,Endocrine,A,Secondary pure red cell aplasia,Thymoma-induced bone marrow suppression,False,A,text,-0.00033539868309162557,-8.000335693359375,0.9996646575567589,0.0003353500342255387,8.000000294676283,,True,30,30,22,8,0.7333333333333333,0.26666666666666666,0.6,0.4,9.249999826053681,-5.499999985098839,16.75,2966.0,0,neutral,
medxpertqa:Text-2179:B-F:ba,Text-2179:B-F,ba,Text-2179,Understanding,Endocrine,B,Secondary pure red cell aplasia,Thymoma-induced bone marrow suppression,False,B,text,-5.753177642822266,-0.0031777145341038704,0.0031726831078774057,0.9968273290569476,5.749999928288162,,True,30,30,18,12,0.6,0.4,0.5,0.5,5.49999993480742,-6.25000022246968,12.999999642374632,3407.5,0,neutral,
medxpertqa:Text-2179:B-G:ab,Text-2179:B-G,ab,Text-2179,Understanding,Endocrine,A,Secondary pure red cell aplasia,Diamond-Blackfan anemia,False,A,text,-2.753696753643453e-05,-10.500027656555176,0.9999724634116024,2.7535687796947383e-05,10.50000011958764,,True,30,30,30,0,1.0,0.0,1.0,0.0,16.249999880790718,12.000000357647878,22.25,1908.0,0,helps,more confident
medxpertqa:Text-2179:B-G:ba,Text-2179:B-G,ba,Text-2179,Understanding,Endocrine,B,Secondary pure red cell aplasia,Diamond-Blackfan anemia,False,B,text,-9.50007438659668,-7.486063259420916e-05,7.484626212190614e-05,0.999925142169393,9.499999525964085,,True,30,30,30,0,1.0,0.0,1.0,0.0,13.499999523163865,10.25000023910252,16.499999880790718,1940.0,0,helps,more confident
medxpertqa:Text-2179:B-H:ab,Text-2179:B-H,ab,Text-2179,Understanding,Endocrine,A,Secondary pure red cell aplasia,Anemia of chronic disease,False,A,text,-0.0005529781919904053,-7.500553131103516,0.9994471746722718,0.0005527785265734312,7.500000152911525,,True,30,30,23,7,0.7666666666666667,0.23333333333333334,0.7333333333333333,0.26666666666666666,12.00000017883508,-4.000000070780516,16.499999880790718,2597.0,0,helps,more confident
medxpertqa:Text-2179:B-H:ba,Text-2179:B-H,ba,Text-2179,Understanding,Endocrine,B,Secondary pure red cell aplasia,Anemia of chronic disease,False,B,text,-7.2507100105285645,-0.0007098776986822486,0.00070967033651176,0.9992903742048809,7.250000132829882,,True,30,30,29,1,0.9666666666666667,0.03333333333333333,0.9666666666666667,0.03333333333333333,10.74999988115269,-0.25,15.24999976158145,2427.0,0,helps,more confident
medxpertqa:Text-2179:B-I:ab,Text-2179:B-I,ab,Text-2179,Understanding,Endocrine,A,Secondary pure red cell aplasia,Myelophthisic anemia,False,A,text,-0.00020346954988781363,-8.500203132629395,0.9997965511486372,0.00020342704214340812,8.499999663079507,,True,30,30,30,0,1.0,0.0,0.9333333333333333,0.06666666666666667,12.937499761584945,7.000000192958396,18.25,2242.0,0,helps,more confident
medxpertqa:Text-2179:B-I:ba,Text-2179:B-I,ba,Text-2179,Understanding,Endocrine,B,Secondary pure red cell aplasia,Myelophthisic anemia,False,B,text,-6.501502513885498,-0.0015023384476080537,0.001501181950907551,0.9984987894978749,6.50000017543789,,True,30,30,30,0,1.0,0.0,1.0,0.0,9.87499976304025,6.749999861815013,12.750000000004093,2082.0,0,helps,more confident
medxpertqa:Text-2179:B-J:ab,Text-2179:B-J,ab,Text-2179,Understanding,Endocrine,A,Secondary pure red cell aplasia,Chronic erythroid maturation arrest,False,A,text,-0.0005529781919904053,-7.500553131103516,0.9994471746722718,0.0005527785265734312,7.500000152911525,,True,30,30,10,20,0.3333333333333333,0.6666666666666666,0.2,0.8,-1.875,-6.749999975785613,18.0,2424.0,0,neutral,
medxpertqa:Text-2179:B-J:ba,Text-2179:B-J,ba,Text-2179,Understanding,Endocrine,B,Secondary pure red cell aplasia,Chronic erythroid maturation arrest,False,B,text,-8.500203132629395,-0.00020346954988781363,0.00020342704214340812,0.9997965511486372,8.499999663079507,,True,30,30,20,10,0.6666666666666666,0.3333333333333333,0.36666666666666664,0.6333333333333333,6.375000167172402,-4.750000161118805,14.00000011920963,3086.0,0,neutral,
medxpertqa:Text-2220:D-A:ab,Text-2220:D-A,ab,Text-2220,Reasoning,Muscular,A,anterior fibular head dysfunction,medial meniscus tear,False,A,text,-1.0728830375228426e-06,-13.750000953674316,0.999998927117538,1.0677029917933763e-06,13.749999880791279,,True,30,30,30,0,1.0,0.0,1.0,0.0,21.125,17.75,24.75,551.5,0,helps,more confident
medxpertqa:Text-2220:D-A:ba,Text-2220:D-A,ba,Text-2220,Reasoning,Muscular,B,anterior fibular head dysfunction,medial meniscus tear,False,B,text,-11.25001335144043,-1.2993727978027891e-05,1.3007123989067183e-05,0.9999870063564401,11.250000357712452,,True,30,30,30,0,1.0,0.0,1.0,0.0,14.00000011920963,11.749999761612344,15.999999880790718,545.0,0,helps,more confident
medxpertqa:Text-2220:D-B:ab,Text-2220:D-B,ab,Text-2220,Reasoning,Muscular,A,anterior fibular head dysfunction,posterior fibular head dysfunction,True,A,text,-0.0015023384476080537,-6.501502513885498,0.9984987894978749,0.001501181950907551,6.50000017543789,,True,30,30,13,17,0.43333333333333335,0.5666666666666667,0.43333333333333335,0.5666666666666667,-3.7500000074505806,-10.50000011958764,15.999999880790718,1296.5,0,excluded,letter bias: the same letter in both orders
medxpertqa:Text-2220:D-B:ba,Text-2220:D-B,ba,Text-2220,Reasoning,Muscular,B,anterior fibular head dysfunction,posterior fibular head dysfunction,True,A,text,-0.0009114163694903255,-7.000911235809326,0.9990889988442552,0.0009110514045295695,-6.999999819439836,,False,30,30,1,29,0.03333333333333333,0.9666666666666667,0.03333333333333333,0.9666666666666667,-17.75,-22.5,5.500000226777047,774.5,0,excluded,letter bias: the same letter in both orders
medxpertqa:Text-2220:D-C:ab,Text-2220:D-C,ab,Text-2220,Reasoning,Muscular,A,anterior fibular head dysfunction,popliteus muscle strain,False,A,text,-2.1457441107486375e-05,-10.750020980834961,0.9999785427891018,2.1444958378736654e-05,10.749999523393853,,True,30,30,30,0,1.0,0.0,1.0,0.0,20.25,15.749999880790718,23.25,570.5,0,helps,more confident
medxpertqa:Text-2220:D-C:ba,Text-2220:D-C,ba,Text-2220,Reasoning,Muscular,B,anterior fibular head dysfunction,popliteus muscle strain,False,B,text,-7.750430583953857,-0.0004306104383431375,0.0004305571096741222,0.9995694822610254,7.749999973515514,,True,30,30,30,0,1.0,0.0,0.9666666666666667,0.03333333333333333,12.625000059610102,6.9999998198472895,15.49999976158145,541.0,0,helps,more confident
medxpertqa:Text-2220:D-E:ab,Text-2220:D-E,ab,Text-2220,Reasoning,Muscular,A,anterior fibular head dysfunction,lateral collateral ligament sprain,False,A,text,-0.0015023384476080537,-6.501502513885498,0.9984987894978749,0.001501181950907551,6.50000017543789,,True,30,30,30,0,1.0,0.0,1.0,0.0,13.749999880791279,9.250000243031536,19.0,706.5,0,helps,more confident
medxpertqa:Text-2220:D-E:ba,Text-2220:D-E,ba,Text-2220,Reasoning,Muscular,B,anterior fibular head dysfunction,lateral collateral ligament sprain,False,B,text,-4.758614540100098,-0.008614521473646164,0.008577484930474293,0.9914224771982877,4.7500000186264515,,True,30,30,30,0,1.0,0.0,1.0,0.0,10.249999881416443,6.749999850639142,12.50000011921611,670.0,0,helps,more confident
medxpertqa:Text-2220:D-F:ab,Text-2220:D-F,ab,Text-2220,Reasoning,Muscular,A,anterior fibular head dysfunction,patellofemoral pain syndrome,False,A,text,-0.0005529781919904053,-7.500553131103516,0.9994471746722718,0.0005527785265734312,7.500000152911525,,True,30,30,29,1,0.9666666666666667,0.03333333333333333,0.9666666666666667,0.03333333333333333,14.374999940395497,-9.499999525964085,17.5,687.5,0,helps,more confident
medxpertqa:Text-2220:D-F:ba,Text-2220:D-F,ba,Text-2220,Reasoning,Muscular,B,anterior fibular head dysfunction,patellofemoral pain syndrome,False,B,text,-9.250096321105957,-9.60780744208023e-05,9.610239492660866e-05,0.9999039265409296,9.250000243031536,,True,30,30,30,0,1.0,0.0,0.9333333333333333,0.06666666666666667,11.625000059645572,8.749999893334461,13.499999523163865,610.0,0,helps,more confident
medxpertqa:Text-2220:D-G:ab,Text-2220:D-G,ab,Text-2220,Reasoning,Muscular,A,anterior fibular head dysfunction,stress fracture of the fibula,False,A,text,-0.0024756519123911858,-6.002475738525391,0.9975274099865513,0.002472623024627213,6.000000086612999,,True,30,30,29,1,0.9666666666666667,0.03333333333333333,0.9333333333333333,0.06666666666666667,14.624999582767572,-3.7500000204890966,18.5,620.5,0,helps,more confident
medxpertqa:Text-2220:D-G:ba,Text-2220:D-G,ba,Text-2220,Reasoning,Muscular,B,anterior fibular head dysfunction,stress fracture of the fibula,False,B,text,-6.501502513885498,-0.0015023384476080537,0.001501181950907551,0.9984987894978749,6.50000017543789,,True,30,30,30,0,1.0,0.0,1.0,0.0,11.124999940507678,8.000000294676283,13.749999880791279,646.0,0,helps,more confident
medxpertqa:Text-2220:D-H:ab,Text-2220:D-H,ab,Text-2220,Reasoning,Muscular,A,anterior fibular head dysfunction,peroneal nerve entrapment,False,B,text,-5.006715297698975,-0.006715348921716213,0.006692851264215723,0.9933071486460123,-4.999999948777258,,False,30,30,1,29,0.03333333333333333,0.9666666666666667,0.03333333333333333,0.9666666666666667,-10.249999881416443,-13.250000119210881,4.7500000186264515,961.0,0,hurts,more wrong
medxpertqa:Text-2220:D-H:ba,Text-2220:D-H,ba,Text-2220,Reasoning,Muscular,B,anterior fibular head dysfunction,peroneal nerve entrapment,False,A,text,-0.0009114163694903255,-7.000911235809326,0.9990889988442552,0.0009110514045295695,-6.999999819439836,,False,30,30,4,26,0.13333333333333333,0.8666666666666667,0.13333333333333333,0.8666666666666667,-12.625000059610102,-19.25,4.99999983375892,793.5,0,hurts,more wrong
medxpertqa:Text-2220:D-I:ab,Text-2220:D-I,ab,Text-2220,Reasoning,Muscular,A,anterior fibular head dysfunction,iliotibial band syndrome,False,B,text,-4.758614540100098,-0.008614521473646164,0.008577484930474293,0.9914224771982877,-4.7500000186264515,,False,30,30,23,7,0.7666666666666667,0.23333333333333334,0.8,0.2,2.8749998956918716,-9.749999524883606,5.999999967869371,1266.5,0,helps,flips to correct
medxpertqa:Text-2220:D-I:ba,Text-2220:D-I,ba,Text-2220,Reasoning,Muscular,B,anterior fibular head dysfunction,iliotibial band syndrome,False,A,text,-1.2993727978027891e-05,-11.25001335144043,0.9999870063564401,1.3007123989067183e-05,-11.250000357712452,,False,30,30,11,19,0.36666666666666664,0.6333333333333333,0.6333333333333333,0.36666666666666664,-9.00000000858563,-18.0,4.249999933876097,1242.5,0,neutral,
medxpertqa:Text-2220:D-J:ab,Text-2220:D-J,ab,Text-2220,Reasoning,Muscular,A,anterior fibular head dysfunction,tibiofibular joint instability,False,A,text,-0.004078404977917671,-5.504078388214111,0.9959299004209012,0.004070137939983506,5.499999983236194,,True,30,30,30,0,1.0,0.0,1.0,0.0,10.999999523302904,8.499999663079507,17.5,752.0,0,helps,more confident
medxpertqa:Text-2220:D-J:ba,Text-2220:D-J,ba,Text-2220,Reasoning,Muscular,B,anterior fibular head dysfunction,tibiofibular joint instability,False,B,text,-8.500203132629395,-0.00020346954988781363,0.00020342704214340812,0.9997965511486372,8.499999663079507,,True,30,30,30,0,1.0,0.0,1.0,0.0,12.625000059610102,10.50000011958764,15.749999880790718,565.5,0,helps,more confident
medxpertqa:Text-2275:B-A:ab,Text-2275:B-A,ab,Text-2275,Reasoning,Endocrine,A,Drug-induced lupus,Methotrexate-induced pneumonitis,False,A,text,-0.38687101006507874,-1.1368709802627563,0.6791786964925157,0.32082130911852547,0.7499999701976776,,True,30,30,16,14,0.5333333333333333,0.4666666666666667,0.5333333333333333,0.4666666666666667,3.249999976484105,-9.249999885440047,11.00000035776975,2352.0,0,neutral,
medxpertqa:Text-2275:B-A:ba,Text-2275:B-A,ba,Text-2275,Reasoning,Endocrine,B,Drug-induced lupus,Methotrexate-induced pneumonitis,False,B,text,-4.758614540100098,-0.008614521473646164,0.008577484930474293,0.9914224771982877,4.7500000186264515,,True,30,30,18,12,0.6,0.4,0.5,0.5,4.6250000551808625,-8.125000043975888,10.000000239455403,2654.0,0,neutral,
medxpertqa:Text-2275:B-C:ab,Text-2275:B-C,ab,Text-2275,Reasoning,Endocrine,A,Drug-induced lupus,Seronegative rheumatoid arthritis with extra-articular manifestations,False,A,text,-5.960462772236497e-07,-14.250000953674316,0.9999994039539004,6.47594599989589e-07,14.25000035762804,,True,30,30,27,3,0.9,0.1,0.06666666666666667,0.9333333333333333,10.749999702216883,-2.5000000447034836,15.37499976158145,2358.0,0,neutral,
medxpertqa:Text-2275:B-C:ba,Text-2275:B-C,ba,Text-2275,Reasoning,Endocrine,B,Drug-induced lupus,Seronegative rheumatoid arthritis with extra-articular manifestations,False,B,text,-16.0,-1.1920928244535389e-07,1.1253517471925912e-07,0.9999998807907247,15.999999880790718,,True,30,30,30,0,1.0,0.0,0.0,1.0,10.312499821766323,1.7499999850988388,11.625000357669705,1931.0,0,neutral,
medxpertqa:Text-2275:B-D:ab,Text-2275:B-D,ab,Text-2275,Reasoning,Endocrine,A,Drug-induced lupus,Etanercept-induced hypersensitivity reaction,False,A,text,-2.861018856492592e-06,-12.75000286102295,0.9999971389852362,2.902312105056987e-06,12.750000000004093,,True,30,30,29,1,0.9666666666666667,0.03333333333333333,0.8333333333333334,0.16666666666666666,15.49999976158145,-2.500000074505806,25.5,1588.5,0,helps,more confident
medxpertqa:Text-2275:B-D:ba,Text-2275:B-D,ba,Text-2275,Reasoning,Endocrine,B,Drug-induced lupus,Etanercept-induced hypersensitivity reaction,False,B,text,-11.750007629394531,-7.867782187531702e-06,7.88926463665814e-06,0.9999921322487634,11.749999761612344,,True,30,30,30,0,1.0,0.0,0.4,0.6,11.50000017886714,8.874999533873051,13.749999880791279,1898.0,0,neutral,
medxpertqa:Text-2275:B-E:ab,Text-2275:B-E,ab,Text-2275,Reasoning,Endocrine,A,Drug-induced lupus,Idiopathic pleurocutaneous syndrome,False,A,text,-0.0009114163694903255,-7.000911235809326,0.9990889988442552,0.0009110514045295695,6.999999819439836,,True,30,30,26,4,0.8666666666666667,0.13333333333333333,0.8,0.2,10.31250000059299,-3.5000001043081284,14.25000035762804,1953.5,0,helps,more confident
medxpertqa:Text-2275:B-E:ba,Text-2275:B-E,ba,Text-2275,Reasoning,Endocrine,B,Drug-induced lupus,Idiopathic pleurocutaneous syndrome,False,B,text,-9.50007438659668,-7.486063259420916e-05,7.484626212190614e-05,0.999925142169393,9.499999525964085,,True,30,30,28,2,0.9333333333333333,0.06666666666666667,0.4666666666666667,0.5333333333333333,9.250000064377673,-2.0000000447034836,12.000000119230663,2076.5,0,neutral,
medxpertqa:Text-2275:B-F:ab,Text-2275:B-F,ab,Text-2275,Reasoning,Endocrine,A,Drug-induced lupus,Systemic lupus erythematosus,False,B,text,-15.75,-1.1920928244535389e-07,1.4449802461092448e-07,0.9999998807907247,-15.749999880790718,,False,30,30,0,30,0.0,1.0,0.0,1.0,-19.125,-20.0,-17.25,555.0,0,hurts,more wrong
medxpertqa:Text-2275:B-F:ba,Text-2275:B-F,ba,Text-2275,Reasoning,Endocrine,B,Drug-induced lupus,Systemic lupus erythematosus,False,A,text,0.0,-22.75,1.0,1.3176514270095466e-10,-22.75,,False,30,30,0,30,0.0,1.0,0.0,1.0,-28.25,-30.25,-25.0,565.0,0,hurts,more wrong
medxpertqa:Text-2275:B-G:ab,Text-2275:B-G,ab,Text-2275,Reasoning,Endocrine,A,Drug-induced lupus,Rheumatoid arthritis flare,False,A,text,-4.768360213347478e-06,-12.250004768371582,0.9999952316511552,4.78509457496562e-06,12.250000000011369,,True,30,30,30,0,1.0,0.0,0.6666666666666666,0.3,13.062499761583695,5.2499997788108885,25.25,1443.0,0,neutral,
medxpertqa:Text-2275:B-G:ba,Text-2275:B-G,ba,Text-2275,Reasoning,Endocrine,B,Drug-induced lupus,Rheumatoid arthritis flare,False,B,text,-16.25,-1.1920928244535389e-07,8.764248219443636e-08,0.9999998807907247,16.249999880790718,,True,30,30,30,0,1.0,0.0,0.0,1.0,11.000000298166015,7.749999973922968,12.500000000007276,1544.0,0,neutral,
medxpertqa:Text-2275:B-H:ab,Text-2275:B-H,ab,Text-2275,Reasoning,Endocrine,A,Drug-induced lupus,Viral infection mimicking autoimmune disease,False,A,text,-2.264974000354414e-06,-13.000001907348633,0.9999977350285647,2.2603250957489616e-06,12.999999642374632,,True,30,30,30,0,1.0,0.0,0.4666666666666667,0.5,12.937500000002842,-0.25,25.5,2009.0,0,neutral,
medxpertqa:Text-2275:B-H:ba,Text-2275:B-H,ba,Text-2275,Reasoning,Endocrine,B,Drug-induced lupus,Viral infection mimicking autoimmune disease,False,B,text,-10.750020980834961,-2.1457441107486375e-05,2.1444958378736654e-05,0.9999785427891018,10.749999523393853,,True,30,30,25,5,0.8333333333333334,0.16666666666666666,0.1,0.9,9.125000006213668,-3.9999999571591616,11.374999642442162,2305.5,0,neutral,
medxpertqa:Text-2275:B-I:ab,Text-2275:B-I,ab,Text-2275,Reasoning,Endocrine,A,Drug-induced lupus,Mixed connective tissue disease,False,A,text,-0.011047743260860443,-4.511047840118408,0.9890130589396958,0.010986941583869245,4.500000096857548,,True,30,30,30,0,1.0,0.0,1.0,0.0,8.249999974912498,5.9999998500570655,11.5000003576788,2336.5,0,helps,more confident
medxpertqa:Text-2275:B-I:ba,Text-2275:B-I,ba,Text-2275,Reasoning,Endocrine,B,Drug-induced lupus,Mixed connective tissue disease,False,B,text,-5.504078388214111,-0.004078404977917671,0.004070137939983506,0.9959299004209012,5.499999983236194,,True,30,30,29,1,0.9666666666666667,0.03333333333333333,0.9,0.1,7.500000035244739,-1.2499999701976776,10.50000011958764,2067.5,0,helps,more confident
medxpertqa:Text-2275:B-J:ab,Text-2275:B-J,ab,Text-2275,Reasoning,Endocrine,A,Drug-induced lupus,Rheumatoid arthritis flare with systemic symptoms,False,A,text,-9.60780744208023e-05,-9.250096321105957,0.9999039265409296,9.610239492660866e-05,9.250000243031536,,True,30,30,25,5,0.8333333333333334,0.16666666666666666,0.4666666666666667,0.5333333333333333,8.687499599938747,-3.7499999590218067,21.75,2132.0,0,neutral,
medxpertqa:Text-2275:B-J:ba,Text-2275:B-J,ba,Text-2275,Reasoning,Endocrine,B,Drug-induced lupus,Rheumatoid arthritis flare with systemic symptoms,False,B,text,-13.250001907348633,-1.7881377516459906e-06,1.7603429545652396e-06,0.9999982118638471,13.250000119210881,,True,30,30,30,0,1.0,0.0,0.0,1.0,8.499999544183083,2.2499999329447746,11.250000238504981,2188.0,0,neutral,
medxpertqa:Text-2290:J-A:ab,Text-2290:J-A,ab,Text-2290,Reasoning,Nervous,A,Normal infant crying,Milk protein allergy,False,A,text,0.0,-16.75,1.0,5.3157852544244216e-08,16.75,,True,30,30,30,0,1.0,0.0,1.0,0.0,23.125,19.5,25.25,587.5,0,helps,more confident
medxpertqa:Text-2290:J-A:ba,Text-2290:J-A,ba,Text-2290,Reasoning,Nervous,B,Normal infant crying,Milk protein allergy,False,B,text,-18.25,0.0,1.186112015134383e-08,1.0,18.25,,True,30,30,30,0,1.0,0.0,0.7333333333333333,0.23333333333333334,19.25,16.75,22.0,558.5,0,helps,more confident
medxpertqa:Text-2290:J-B:ab,Text-2290:J-B,ab,Text-2290,Reasoning,Nervous,A,Normal infant crying,Attachment disorder,False,A,text,0.0,-22.0,1.0,2.7894680928689246e-10,22.0,,True,30,30,30,0,1.0,0.0,1.0,0.0,27.875,25.375,31.5,462.5,0,helps,more confident
medxpertqa:Text-2290:J-B:ba,Text-2290:J-B,ba,Text-2290,Reasoning,Nervous,B,Normal infant crying,Attachment disorder,False,B,text,-22.0,0.0,2.7894680928689246e-10,1.0,22.0,,True,30,30,30,0,1.0,0.0,0.5333333333333333,0.4,22.125,20.25,24.25,498.5,0,neutral,
medxpertqa:Text-2290:J-C:ab,Text-2290:J-C,ab,Text-2290,Reasoning,Nervous,A,Normal infant crying,Infantile colic,False,B,text,-9.50007438659668,-7.486063259420916e-05,7.484626212190614e-05,0.999925142169393,-9.499999525964085,,False,30,30,6,24,0.2,0.8,0.26666666666666666,0.7333333333333333,-11.749999582799774,-16.75,4.50000022072345,1045.0,0,hurts,more wrong
medxpertqa:Text-2290:J-C:ba,Text-2290:J-C,ba,Text-2290,Reasoning,Nervous,B,Normal infant crying,Infantile colic,False,A,text,-1.7881377516459906e-06,-13.250001907348633,0.9999982118638471,1.7603429545652396e-06,-13.250000119210881,,False,30,30,20,10,0.6666666666666666,0.3333333333333333,0.7333333333333333,0.23333333333333334,2.6250000167638063,-22.5,9.749999882489647,1052.0,0,neutral,
medxpertqa:Text-2290:J-D:ab,Text-2290:J-D,ab,Text-2290,Reasoning,Nervous,A,Normal infant crying,Early autism spectrum disorder,False,A,text,0.0,-21.0,1.0,7.582560427911907e-10,21.0,,True,30,30,30,0,1.0,0.0,1.0,0.0,25.875,23.625,27.375,531.5,0,helps,more confident
medxpertqa:Text-2290:J-D:ba,Text-2290:J-D,ba,Text-2290,Reasoning,Nervous,B,Normal infant crying,Early autism spectrum disorder,False,B,text,-22.25,0.0,2.172439935079017e-10,1.0,22.25,,True,30,30,30,0,1.0,0.0,0.06666666666666667,0.9333333333333333,20.875,17.75,22.75,553.5,0,neutral,
medxpertqa:Text-2290:J-E:ab,Text-2290:J-E,ab,Text-2290,Reasoning,Nervous,A,Normal infant crying,Feeding intolerance,False,A,text,0.0,-23.0,1.0,1.026187963170189e-10,23.0,,True,30,30,30,0,1.0,0.0,1.0,0.0,27.0625,24.625,29.0,474.5,0,helps,more confident
medxpertqa:Text-2290:J-E:ba,Text-2290:J-E,ba,Text-2290,Reasoning,Nervous,B,Normal infant crying,Feeding intolerance,False,B,text,-19.75,0.0,2.646573638909117e-09,1.0,19.75,,True,30,30,30,0,1.0,0.0,0.5,0.4,19.875,17.5,21.5,479.0,0,neutral,
medxpertqa:Text-2290:J-F:ab,Text-2290:J-F,ab,Text-2290,Reasoning,Nervous,A,Normal infant crying,Sensory processing disorder,False,A,text,-3.576278118089249e-07,-14.75,0.9999996423722521,3.927863545481039e-07,14.749999642372188,,True,30,30,30,0,1.0,0.0,1.0,0.0,22.75,20.25,25.5,593.0,0,helps,more confident
medxpertqa:Text-2290:J-F:ba,Text-2290:J-F,ba,Text-2290,Reasoning,Nervous,B,Normal infant crying,Sensory processing disorder,False,B,text,-17.5,0.0,2.510999155743982e-08,1.0,17.5,,True,30,30,30,0,1.0,0.0,0.9333333333333333,0.03333333333333333,20.0,16.75,21.0,580.5,0,helps,more confident
medxpertqa:Text-2290:J-G:ab,Text-2290:J-G,ab,Text-2290,Reasoning,Nervous,A,Normal infant crying,Infant regulatory disorder,False,A,text,-0.018149960786104202,-4.0181498527526855,0.9820137577607906,0.017986211314027313,3.9999998919665813,,True,30,30,30,0,1.0,0.0,1.0,0.0,14.00000011920963,10.000000358661055,19.75,749.0,0,helps,more confident
medxpertqa:Text-2290:J-G:ba,Text-2290:J-G,ba,Text-2290,Reasoning,Nervous,B,Normal infant crying,Infant regulatory disorder,False,B,text,-5.2552337646484375,-0.005233753472566605,0.005220125868449866,0.9947799187523881,5.250000011175871,,True,30,30,30,0,1.0,0.0,1.0,0.0,13.749999880791279,11.00000023856228,17.25,648.0,0,helps,more confident
medxpertqa:Text-2290:J-H:ab,Text-2290:J-H,ab,Text-2290,Reasoning,Nervous,A,Normal infant crying,Sleep-wake cycle disturbance,False,A,text,-3.6954811548639555e-06,-12.500003814697266,0.9999963045256735,3.7266389560521204e-06,12.50000011921611,,True,30,30,30,0,1.0,0.0,1.0,0.0,19.375,15.24999976158145,25.0,663.0,0,helps,more confident
medxpertqa:Text-2290:J-H:ba,Text-2290:J-H,ba,Text-2290,Reasoning,Nervous,B,Normal infant crying,Sleep-wake cycle disturbance,False,B,text,-11.750007629394531,-7.867782187531702e-06,7.88926463665814e-06,0.9999921322487634,11.749999761612344,,True,30,30,30,0,1.0,0.0,1.0,0.0,14.499999523162955,12.249999880802534,18.5,652.0,0,helps,more confident
medxpertqa:Text-2290:J-I:ab,Text-2290:J-I,ab,Text-2290,Reasoning,Nervous,A,Normal infant crying,Gastroesophageal reflux disease,False,A,text,-8.344646857949556e-07,-14.000000953674316,0.9999991655356624,8.315279260963632e-07,14.00000011920963,,True,30,30,30,0,1.0,0.0,1.0,0.0,20.375,15.749999880790718,24.25,625.5,0,helps,more confident
medxpertqa:Text-2290:J-I:ba,Text-2290:J-I,ba,Text-2290,Reasoning,Nervous,B,Normal infant crying,Gastroesophageal reflux disease,False,B,text,-15.5,-2.3841855067985307e-07,1.8553913626159784e-07,0.9999997615814777,15.49999976158145,,True,30,30,30,0,1.0,0.0,0.9,0.1,18.25,14.25000035762804,20.25,558.5,0,helps,more confident
medxpertqa:Text-2291:E-A:ab,Text-2291:E-A,ab,Text-2291,Reasoning,Muscular,A,Precordial catch syndrome,Costochondritis,False,A,text,0.0,-22.5,1.0,1.6918979226151304e-10,22.5,,True,30,30,30,0,1.0,0.0,1.0,0.0,27.875,24.5,30.25,479.0,0,helps,more confident
medxpertqa:Text-2291:E-A:ba,Text-2291:E-A,ba,Text-2291,Reasoning,Muscular,B,Precordial catch syndrome,Costochondritis,False,B,text,-18.0,0.0,1.522997974471263e-08,1.0,18.0,,True,30,30,30,0,1.0,0.0,0.8,0.2,18.75,16.75,20.75,447.0,0,helps,more confident
medxpertqa:Text-2291:E-B:ab,Text-2291:E-B,ab,Text-2291,Reasoning,Muscular,A,Precordial catch syndrome,Psychogenic chest pain,False,A,text,0.0,-28.0,1.0,6.914400106940203e-13,28.0,,True,30,30,30,0,1.0,0.0,1.0,0.0,32.0625,28.875,34.75,444.5,0,helps,more confident
medxpertqa:Text-2291:E-B:ba,Text-2291:E-B,ba,Text-2291,Reasoning,Muscular,B,Precordial catch syndrome,Psychogenic chest pain,False,B,text,-20.25,0.0,1.6052280551856116e-09,1.0,20.25,,True,30,30,30,0,1.0,0.0,0.6666666666666666,0.3,21.125,18.5,23.25,440.0,0,neutral,
medxpertqa:Text-2291:E-C:ab,Text-2291:E-C,ab,Text-2291,Reasoning,Muscular,A,Precordial catch syndrome,Slipping rib syndrome,False,A,text,-5.960462772236497e-07,-14.250000953674316,0.9999994039539004,6.47594599989589e-07,14.25000035762804,,True,30,30,30,0,1.0,0.0,0.9666666666666667,0.03333333333333333,22.125,14.00000011920963,26.25,523.5,0,helps,more confident
medxpertqa:Text-2291:E-C:ba,Text-2291:E-C,ba,Text-2291,Reasoning,Muscular,B,Precordial catch syndrome,Slipping rib syndrome,False,B,text,-7.000911235809326,-0.0009114163694903255,0.0009110514045295695,0.9990889988442552,6.999999819439836,,True,30,30,30,0,1.0,0.0,1.0,0.0,14.00000011920963,10.50000011958764,15.999999880790718,521.5,0,helps,more confident
medxpertqa:Text-2291:E-D:ab,Text-2291:E-D,ab,Text-2291,Reasoning,Muscular,A,Precordial catch syndrome,Mitral valve prolapse syndrome,False,A,text,0.0,-26.75,1.0,2.413362771833214e-12,26.75,,True,30,30,30,0,1.0,0.0,1.0,0.0,30.125,28.25,32.0,522.5,0,helps,more confident
medxpertqa:Text-2291:E-D:ba,Text-2291:E-D,ba,Text-2291,Reasoning,Muscular,B,Precordial catch syndrome,Mitral valve prolapse syndrome,False,B,text,-23.0,0.0,1.026187963170189e-10,1.0,23.0,,True,30,30,30,0,1.0,0.0,0.03333333333333333,0.9333333333333333,21.25,18.5,24.0,525.5,0,neutral,
medxpertqa:Text-2291:E-F:ab,Text-2291:E-F,ab,Text-2291,Reasoning,Muscular,A,Precordial catch syndrome,Pleuritis,False,A,text,0.0,-23.0,1.0,1.026187963170189e-10,23.0,,True,30,30,30,0,1.0,0.0,1.0,0.0,28.25,24.75,30.5,510.0,0,helps,more confident
medxpertqa:Text-2291:E-F:ba,Text-2291:E-F,ba,Text-2291,Reasoning,Muscular,B,Precordial catch syndrome,Pleuritis,False,B,text,-20.25,0.0,1.6052280551856116e-09,1.0,20.25,,True,30,30,30,0,1.0,0.0,0.6,0.3,20.5,17.5,22.25,453.0,0,neutral,
medxpertqa:Text-2291:E-G:ab,Text-2291:E-G,ab,Text-2291,Reasoning,Muscular,A,Precordial catch syndrome,Pleurodynia,False,A,text,0.0,-22.75,1.0,1.3176514270095466e-10,22.75,,True,30,30,30,0,1.0,0.0,1.0,0.0,28.25,25.25,30.0,565.5,0,helps,more confident
medxpertqa:Text-2291:E-G:ba,Text-2291:E-G,ba,Text-2291,Reasoning,Muscular,B,Precordial catch syndrome,Pleurodynia,False,B,text,-18.0,0.0,1.522997974471263e-08,1.0,18.0,,True,30,30,30,0,1.0,0.0,0.8,0.1,19.25,17.5,20.5,557.5,0,helps,more confident
medxpertqa:Text-2291:E-H:ab,Text-2291:E-H,ab,Text-2291,Reasoning,Muscular,A,Precordial catch syndrome,Gastroesophageal reflux disease (GERD),False,A,text,0.0,-26.0,1.0,5.109089028063325e-12,26.0,,True,30,30,30,0,1.0,0.0,1.0,0.0,30.8125,28.5,33.0,506.5,0,helps,more confident
medxpertqa:Text-2291:E-H:ba,Text-2291:E-H,ba,Text-2291,Reasoning,Muscular,B,Precordial catch syndrome,Gastroesophageal reflux disease (GERD),False,B,text,-20.75,0.0,9.736200313009565e-10,1.0,20.75,,True,30,30,30,0,1.0,0.0,0.9,0.1,22.0,20.25,23.75,438.0,0,helps,more confident
medxpertqa:Text-2291:E-I:ab,Text-2291:E-I,ab,Text-2291,Reasoning,Muscular,A,Precordial catch syndrome,Musculoskeletal strain,False,A,text,0.0,-24.5,1.0,2.289734845645553e-11,24.5,,True,30,30,30,0,1.0,0.0,1.0,0.0,28.75,25.0,31.0,453.5,0,helps,more confident
medxpertqa:Text-2291:E-I:ba,Text-2291:E-I,ba,Text-2291,Reasoning,Muscular,B,Precordial catch syndrome,Musculoskeletal strain,False,B,text,-17.0,0.0,4.139937718785167e-08,1.0,17.0,,True,30,30,30,0,1.0,0.0,0.8666666666666667,0.13333333333333333,18.75,16.249999880790718,21.25,415.0,0,helps,more confident
medxpertqa:Text-2291:E-J:ab,Text-2291:E-J,ab,Text-2291,Reasoning,Muscular,A,Precordial catch syndrome,Tietze’s syndrome,False,A,text,0.0,-23.25,1.0,7.991959892953932e-11,23.25,,True,30,30,30,0,1.0,0.0,1.0,0.0,28.5,26.5,30.0,501.5,0,helps,more confident
medxpertqa:Text-2291:E-J:ba,Text-2291:E-J,ba,Text-2291,Reasoning,Muscular,B,Precordial catch syndrome,Tietze’s syndrome,False,B,text,-17.0,0.0,4.139937718785167e-08,1.0,17.0,,True,30,30,30,0,1.0,0.0,1.0,0.0,19.25,17.75,21.0,474.0,0,helps,more confident
medxpertqa:Text-2328:A-B:ab,Text-2328:A-B,ab,Text-2328,Reasoning,Skeletal,A,Lumbosacral strain,Ankylosing spondylitis,False,A,text,-4.768370445162873e-07,-14.5,0.9999995231630692,5.04347662567888e-07,14.499999523162955,,True,30,30,30,0,1.0,0.0,1.0,0.0,23.375,19.5,25.25,628.0,0,helps,more confident
medxpertqa:Text-2328:A-B:ba,Text-2328:A-B,ba,Text-2328,Reasoning,Skeletal,B,Lumbosacral strain,Ankylosing spondylitis,False,B,text,-15.5,-2.3841855067985307e-07,1.8553913626159784e-07,0.9999997615814777,15.49999976158145,,True,30,30,30,0,1.0,0.0,0.9666666666666667,0.0,18.0,15.49999976158145,20.0,612.5,0,helps,more confident
medxpertqa:Text-2328:A-C:ab,Text-2328:A-C,ab,Text-2328,Reasoning,Skeletal,A,Lumbosacral strain,Sacroiliitis,False,A,text,-3.540453326422721e-05,-10.250035285949707,0.9999645960934689,3.535625324942473e-05,10.249999881416443,,True,30,30,30,0,1.0,0.0,1.0,0.0,19.875,14.749999642372188,23.25,668.5,0,helps,more confident
medxpertqa:Text-2328:A-C:ba,Text-2328:A-C,ba,Text-2328,Reasoning,Skeletal,B,Lumbosacral strain,Sacroiliitis,False,B,text,-15.0,-3.576278118089249e-07,3.059023205018258e-07,0.9999996423722521,14.999999642372188,,True,30,30,30,0,1.0,0.0,1.0,0.0,18.125,15.49999976158145,20.5,587.5,0,helps,more confident
medxpertqa:Text-2328:A-D:ab,Text-2328:A-D,ab,Text-2328,Reasoning,Skeletal,A,Lumbosacral strain,Herniated disc,False,A,text,-2.1457441107486375e-05,-10.750020980834961,0.9999785427891018,2.1444958378736654e-05,10.749999523393853,,True,30,30,30,0,1.0,0.0,1.0,0.0,20.125,16.75,23.75,577.5,0,helps,more confident
medxpertqa:Text-2328:A-D:ba,Text-2328:A-D,ba,Text-2328,Reasoning,Skeletal,B,Lumbosacral strain,Herniated disc,False,B,text,-15.25,-2.3841855067985307e-07,2.382369667501818e-07,0.9999997615814777,15.24999976158145,,True,30,30,30,0,1.0,0.0,0.9333333333333333,0.03333333333333333,17.625,14.749999642372188,20.25,539.0,0,helps,more confident
medxpertqa:Text-2328:A-E:ab,Text-2328:A-E,ab,Text-2328,Reasoning,Skeletal,A,Lumbosacral strain,Renal osteodystrophy,False,A,text,-0.006715348921716213,-5.006715297698975,0.9933071486460123,0.006692851264215723,4.999999948777258,,True,30,30,30,0,1.0,0.0,1.0,0.0,11.874999642397142,6.749999969732016,14.499999523162955,968.0,0,helps,more confident
medxpertqa:Text-2328:A-E:ba,Text-2328:A-E,ba,Text-2328,Reasoning,Skeletal,B,Lumbosacral strain,Renal osteodystrophy,False,B,text,-12.250004768371582,-4.768360213347478e-06,4.78509457496562e-06,0.9999952316511552,12.250000000011369,,True,30,30,30,0,1.0,0.0,0.9333333333333333,0.06666666666666667,14.624999582767572,11.5000003576788,18.25,788.5,0,helps,more confident
medxpertqa:Text-2328:A-F:ab,Text-2328:A-F,ab,Text-2328,Reasoning,Skeletal,A,Lumbosacral strain,Degenerative disc disease,False,A,text,-0.0005529781919904053,-7.500553131103516,0.9994471746722718,0.0005527785265734312,7.500000152911525,,True,30,30,30,0,1.0,0.0,1.0,0.0,16.374999880790718,12.750000000004093,20.5,602.5,0,helps,more confident
medxpertqa:Text-2328:A-F:ba,Text-2328:A-F,ba,Text-2328,Reasoning,Skeletal,B,Lumbosacral strain,Degenerative disc disease,False,B,text,-1.9102240800857544,-0.1602240949869156,0.14804720844715558,0.8519528492100928,1.7499999850988388,,True,30,30,30,0,1.0,0.0,1.0,0.0,9.12499994650716,5.999999967869371,11.749999761612344,697.0,0,helps,more confident
medxpertqa:Text-2328:A-G:ab,Text-2328:A-G,ab,Text-2328,Reasoning,Skeletal,A,Lumbosacral strain,Osteoporotic fracture,False,A,text,-0.008614521473646164,-4.758614540100098,0.9914224771982877,0.008577484930474293,4.7500000186264515,,True,30,30,29,1,0.9666666666666667,0.03333333333333333,0.9666666666666667,0.03333333333333333,10.000000358661055,-7.750000212050509,14.999999642372188,949.5,0,helps,more confident
medxpertqa:Text-2328:A-G:ba,Text-2328:A-G,ba,Text-2328,Reasoning,Skeletal,B,Lumbosacral strain,Osteoporotic fracture,False,B,text,-8.750158309936523,-0.00015841660206206143,0.0001584362410990077,0.9998415959451853,8.749999893334461,,True,30,30,30,0,1.0,0.0,0.9666666666666667,0.0,10.999999523302904,8.749999893334461,14.749999642372188,713.0,0,helps,more confident
medxpertqa:Text-2328:A-H:ab,Text-2328:A-H,ab,Text-2328,Reasoning,Skeletal,A,Lumbosacral strain,Herniated lumbar disc,False,A,text,-0.00015841660206206143,-8.750158309936523,0.9998415959451853,0.0001584362410990077,8.749999893334461,,True,30,30,30,0,1.0,0.0,1.0,0.0,18.75,14.749999642372188,21.5,540.0,0,helps,more confident
medxpertqa:Text-2328:A-H:ba,Text-2328:A-H,ba,Text-2328,Reasoning,Skeletal,B,Lumbosacral strain,Herniated lumbar disc,False,B,text,-14.000000953674316,-8.344646857949556e-07,8.315279260963632e-07,0.9999991655356624,14.00000011920963,,True,30,30,30,0,1.0,0.0,0.9,0.06666666666666667,16.75,12.250000000011369,20.75,539.5,0,helps,more confident
medxpertqa:Text-2328:A-I:ab,Text-2328:A-I,ab,Text-2328,Reasoning,Skeletal,A,Lumbosacral strain,Vertebral compression fracture,False,A,text,-0.6931471824645996,-0.6931471824645996,0.49999999904767284,0.49999999904767284,0.0,,True,30,30,4,26,0.13333333333333333,0.8666666666666667,0.13333333333333333,0.8666666666666667,-8.500000140011252,-11.5000003576788,6.50000017543789,1223.5,0,hurts,flips to wrong
medxpertqa:Text-2328:A-I:ba,Text-2328:A-I,ba,Text-2328,Reasoning,Skeletal,B,Lumbosacral strain,Vertebral compression fracture,False,B,text,-4.0181498527526855,-0.018149960786104202,0.017986211314027313,0.9820137577607906,3.9999998919665813,,True,30,30,23,7,0.7666666666666667,0.23333333333333334,0.7333333333333333,0.26666666666666666,6.250000014028046,-10.50000011958764,9.749999882489647,1146.5,0,helps,more confident
medxpertqa:Text-2328:A-J:ab,Text-2328:A-J,ab,Text-2328,Reasoning,Skeletal,A,Lumbosacral strain,Spinal metastasis,False,A,text,-6.198863957251888e-06,-12.000005722045898,0.9999938011552557,6.144177195963701e-06,11.999999523181941,,True,30,30,30,0,1.0,0.0,1.0,0.0,18.625,14.749999642372188,22.5,670.0,0,helps,more confident
medxpertqa:Text-2328:A-J:ba,Text-2328:A-J,ba,Text-2328,Reasoning,Skeletal,B,Lumbosacral strain,Spinal metastasis,False,B,text,-16.0,-1.1920928244535389e-07,1.1253517471925912e-07,0.9999998807907247,15.999999880790718,,True,30,30,30,0,1.0,0.0,0.8666666666666667,0.1,17.625,14.499999523162955,20.25,586.0,0,helps,more confident
medxpertqa:Text-2367:I-A:ab,Text-2367:I-A,ab,Text-2367,Understanding,Reproductive,A,5α-reductase deficiency,Persistent Müllerian duct syndrome,True,B,text,-1.1368709802627563,-0.38687101006507874,0.32082130911852547,0.6791786964925157,-0.7499999701976776,,False,30,30,30,0,1.0,0.0,1.0,0.0,10.249999821813617,8.249999676598236,14.25000035762804,1746.0,0,excluded,letter bias: the same letter in both orders
medxpertqa:Text-2367:I-A:ba,Text-2367:I-A,ba,Text-2367,Understanding,Reproductive,B,5α-reductase deficiency,Persistent Müllerian duct syndrome,True,B,text,-1.9102240800857544,-0.1602240949869156,0.14804720844715558,0.8519528492100928,1.7499999850988388,,True,30,30,30,0,1.0,0.0,1.0,0.0,9.50000024124165,7.500000033760443,11.999999523181941,1420.5,0,excluded,letter bias: the same letter in both orders
medxpertqa:Text-2367:I-B:ab,Text-2367:I-B,ab,Text-2367,Understanding,Reproductive,A,5α-reductase deficiency,Mixed gonadal dysgenesis,False,A,text,-0.011047743260860443,-4.511047840118408,0.9890130589396958,0.010986941583869245,4.500000096857548,,True,30,30,30,0,1.0,0.0,1.0,0.0,15.49999976158145,8.5000003783789,19.0,1609.5,0,helps,more confident
medxpertqa:Text-2367:I-B:ba,Text-2367:I-B,ba,Text-2367,Understanding,Reproductive,B,5α-reductase deficiency,Mixed gonadal dysgenesis,False,B,text,-6.251928806304932,-0.0019286142196506262,0.0019267342527389902,0.9980732443617326,6.250000192085281,,True,30,30,30,0,1.0,0.0,1.0,0.0,12.999999642374632,9.749999882489647,15.49999976158145,1092.0,0,helps,more confident
medxpertqa:Text-2367:I-C:ab,Text-2367:I-C,ab,Text-2367,Understanding,Reproductive,A,5α-reductase deficiency,Aromatase deficiency,False,A,text,-0.029750416055321693,-3.529750347137451,0.9706877714009485,0.029312232836486894,3.4999999310821295,,True,30,30,30,0,1.0,0.0,1.0,0.0,17.5,14.999999642372188,20.25,1544.5,0,helps,more confident
medxpertqa:Text-2367:I-C:ba,Text-2367:I-C,ba,Text-2367,Understanding,Reproductive,B,5α-reductase deficiency,Aromatase deficiency,False,B,text,-2.811967611312866,-0.06196761503815651,0.060086648833494447,0.9399133253553882,2.7499999962747097,,True,30,30,30,0,1.0,0.0,1.0,0.0,12.250000000011369,10.000000358661055,14.999999642372188,1412.0,0,helps,more confident
medxpertqa:Text-2367:I-D:ab,Text-2367:I-D,ab,Text-2367,Understanding,Reproductive,A,5α-reductase deficiency,Complete gonadal dysgenesis,False,A,text,-0.008614521473646164,-4.758614540100098,0.9914224771982877,0.008577484930474293,4.7500000186264515,,True,30,30,29,1,0.9666666666666667,0.03333333333333333,0.9666666666666667,0.03333333333333333,14.499999523162955,-7.250000132829882,18.5,1833.5,0,helps,more confident
medxpertqa:Text-2367:I-D:ba,Text-2367:I-D,ba,Text-2367,Understanding,Reproductive,B,5α-reductase deficiency,Complete gonadal dysgenesis,False,B,text,-10.000045776367188,-4.541770613286644e-05,4.539785156619626e-05,0.9999545833252356,10.000000358661055,,True,30,30,30,0,1.0,0.0,1.0,0.0,14.00000011920963,11.749999642403964,16.75,1241.5,0,helps,more confident
medxpertqa:Text-2367:I-E:ab,Text-2367:I-E,ab,Text-2367,Understanding,Reproductive,A,5α-reductase deficiency,Congenital adrenal hyperplasia,False,A,text,-0.10020658373832703,-2.3502066135406494,0.9046505126460354,0.09534945969074979,2.2500000298023224,,True,30,30,30,0,1.0,0.0,1.0,0.0,14.499999523162955,10.999999523302904,17.75,1444.0,0,helps,more confident
medxpertqa:Text-2367:I-E:ba,Text-2367:I-E,ba,Text-2367,Understanding,Reproductive,B,5α-reductase deficiency,Congenital adrenal hyperplasia,False,B,text,-9.50007438659668,-7.486063259420916e-05,7.484626212190614e-05,0.999925142169393,9.499999525964085,,True,30,30,30,0,1.0,0.0,1.0,0.0,13.875000000000455,11.50000023847133,16.75,1011.5,0,helps,more confident
medxpertqa:Text-2367:I-F:ab,Text-2367:I-F,ab,Text-2367,Understanding,Reproductive,A,5α-reductase deficiency,Androgen insensitivity syndrome,False,A,text,-0.008614521473646164,-4.758614540100098,0.9914224771982877,0.008577484930474293,4.7500000186264515,,True,30,30,23,7,0.7666666666666667,0.23333333333333334,0.7666666666666667,0.23333333333333334,14.06250011920963,-7.500000152911525,19.75,2314.0,0,helps,more confident
medxpertqa:Text-2367:I-F:ba,Text-2367:I-F,ba,Text-2367,Understanding,Reproductive,B,5α-reductase deficiency,Androgen insensitivity syndrome,False,B,text,-8.250261306762695,-0.00026127262390218675,0.0002611902975925828,0.9997387615048174,8.250000034138793,,True,30,30,24,6,0.8,0.2,0.7666666666666667,0.23333333333333334,14.500000000000114,-6.00000009033829,17.0,1956.5,0,helps,more confident
medxpertqa:Text-2367:I-G:ab,Text-2367:I-G,ab,Text-2367,Understanding,Reproductive,A,5α-reductase deficiency,True hermaphroditism,False,B,text,-1.31326162815094,-0.31326165795326233,0.26894143733631704,0.7310586002437232,-0.9999999701976776,,False,30,30,30,0,1.0,0.0,1.0,0.0,8.749999893334461,5.000000070314854,12.750000000004093,1322.5,0,helps,flips to correct
medxpertqa:Text-2367:I-G:ba,Text-2367:I-G,ba,Text-2367,Understanding,Reproductive,B,5α-reductase deficiency,True hermaphroditism,False,A,text,-0.10020658373832703,-2.3502066135406494,0.9046505126460354,0.09534945969074979,-2.2500000298023224,,False,30,30,30,0,1.0,0.0,1.0,0.0,7.749999973515514,5.7499998095445335,14.25000035762804,984.5,0,helps,flips to correct
medxpertqa:Text-2367:I-H:ab,Text-2367:I-H,ab,Text-2367,Understanding,Reproductive,A,5α-reductase deficiency,Leydig cell hypoplasia,False,A,text,-0.00015841660206206143,-8.750158309936523,0.9998415959451853,0.0001584362410990077,8.749999893334461,,True,30,30,30,0,1.0,0.0,1.0,0.0,21.375,18.5,24.125,1199.0,0,helps,more confident
medxpertqa:Text-2367:I-H:ba,Text-2367:I-H,ba,Text-2367,Understanding,Reproductive,B,5α-reductase deficiency,Leydig cell hypoplasia,False,B,text,-14.5,-4.768370445162873e-07,5.04347662567888e-07,0.9999995231630692,14.499999523162955,,True,30,30,30,0,1.0,0.0,0.9666666666666667,0.03333333333333333,16.499999880790718,13.749999880791279,19.0,1000.5,0,helps,more confident
medxpertqa:Text-2367:I-J:ab,Text-2367:I-J,ab,Text-2367,Understanding,Reproductive,A,5α-reductase deficiency,Ovotesticular disorder of sex development,False,B,text,-8.000335693359375,-0.00033539868309162557,0.0003353500342255387,0.9996646575567589,-8.000000294676283,,False,30,30,30,0,1.0,0.0,1.0,0.0,4.375000195112079,1.5000000447034836,7.500000152911525,2427.5,0,helps,flips to correct
medxpertqa:Text-2367:I-J:ba,Text-2367:I-J,ba,Text-2367,Understanding,Reproductive,B,5α-reductase deficiency,Ovotesticular disorder of sex development,False,A,text,-0.38687101006507874,-1.1368709802627563,0.6791786964925157,0.32082130911852547,-0.7499999701976776,,False,30,30,30,0,1.0,0.0,1.0,0.0,10.50000011958764,8.499999663079507,12.750000000004093,1326.0,0,helps,flips to correct
medxpertqa:Text-2410:D-A:ab,Text-2410:D-A,ab,Text-2410,Reasoning,Skeletal,A,Left on left sacral torsion,Right unilateral sacral flexion,False,B,text,-3.773245334625244,-0.023245446383953094,0.02297737289127478,0.9770226476651187,-3.749999888241291,,False,30,30,13,17,0.43333333333333335,0.5666666666666667,0.43333333333333335,0.5666666666666667,-8.500000259198714,-12.50000011921611,7.250000132829882,1414.5,0,neutral,
medxpertqa:Text-2410:D-A:ba,Text-2410:D-A,ba,Text-2410,Reasoning,Skeletal,B,Left on left sacral torsion,Right unilateral sacral flexion,False,A,text,-0.07888974994421005,-2.578889846801758,0.9241418055144026,0.07585817148650026,-2.5000000968575478,,False,30,30,20,10,0.6666666666666666,0.3333333333333333,0.6666666666666666,0.3333333333333333,4.874999983701855,-12.250000000011369,10.000000358661055,1409.0,0,neutral,
medxpertqa:Text-2410:D-B:ab,Text-2410:D-B,ab,Text-2410,Reasoning,Skeletal,A,Left on left sacral torsion,Bilateral sacral extension,False,A,text,-0.01416344940662384,-4.264163494110107,0.9859363803758086,0.014063626520379485,4.250000044703484,,True,30,30,30,0,1.0,0.0,1.0,0.0,13.50000000000108,4.999999836552888,19.0,799.5,0,helps,more confident
medxpertqa:Text-2410:D-B:ba,Text-2410:D-B,ba,Text-2410,Reasoning,Skeletal,B,Left on left sacral torsion,Bilateral sacral extension,False,B,text,-3.529750347137451,-0.029750416055321693,0.029312232836486894,0.9706877714009485,3.4999999310821295,,True,30,30,30,0,1.0,0.0,1.0,0.0,10.125000120038749,8.249999914958607,14.499999523162955,737.0,0,helps,more confident
medxpertqa:Text-2410:D-C:ab,Text-2410:D-C,ab,Text-2410,Reasoning,Skeletal,A,Left on left sacral torsion,Sacral base posterior,False,A,text,-0.04858732968568802,-3.0485873222351074,0.9525741476724274,0.047425874568977164,2.9999999925494194,,True,30,30,30,0,1.0,0.0,1.0,0.0,11.500000059662398,5.374999852851033,15.999999880790718,787.5,0,helps,more confident
medxpertqa:Text-2410:D-C:ba,Text-2410:D-C,ba,Text-2410,Reasoning,Skeletal,B,Left on left sacral torsion,Sacral base posterior,False,B,text,-1.7014133930206299,-0.2014133334159851,0.18242550282051248,0.8175744308728488,1.5000000596046448,,True,30,30,30,0,1.0,0.0,1.0,0.0,9.250000243031536,6.2499998359708115,14.749999642372188,691.5,0,helps,more confident
medxpertqa:Text-2410:D-E:ab,Text-2410:D-E,ab,Text-2410,Reasoning,Skeletal,A,Left on left sacral torsion,Sacral base anterior,False,A,text,-0.07888974994421005,-2.578889846801758,0.9241418055144026,0.07585817148650026,2.5000000968575478,,True,30,30,28,2,0.9333333333333333,0.06666666666666667,0.9333333333333333,0.06666666666666667,10.125000120038749,-10.000000358661055,17.0,985.0,0,helps,more confident
medxpertqa:Text-2410:D-E:ba,Text-2410:D-E,ba,Text-2410,Reasoning,Skeletal,B,Left on left sacral torsion,Sacral base anterior,False,B,text,-2.1269280910491943,-0.12692804634571075,0.11920291248514252,0.8807970468833343,2.0000000447034836,,True,30,30,27,3,0.9,0.1,0.9,0.1,9.500000062760591,-10.000000358661055,12.999999642374632,846.5,0,helps,more confident
medxpertqa:Text-2410:D-F:ab,Text-2410:D-F,ab,Text-2410,Reasoning,Skeletal,A,Left on left sacral torsion,Right on right sacral torsion,False,B,text,-1.7014133930206299,-0.2014133334159851,0.18242550282051248,0.8175744308728488,-1.5000000596046448,,False,30,30,0,30,0.0,1.0,0.0,1.0,-13.124999880792757,-15.24999976158145,-9.999999762640073,529.0,0,hurts,more wrong
medxpertqa:Text-2410:D-F:ba,Text-2410:D-F,ba,Text-2410,Reasoning,Skeletal,B,Left on left sacral torsion,Right on right sacral torsion,False,A,text,-0.2014133334159851,-1.7014133930206299,0.8175744308728488,0.18242550282051248,-1.5000000596046448,,False,30,30,2,28,0.06666666666666667,0.9333333333333333,0.06666666666666667,0.9333333333333333,-14.624999582767572,-19.75,9.499999525964085,699.0,0,hurts,more wrong
medxpertqa:Text-2410:D-G:ab,Text-2410:D-G,ab,Text-2410,Reasoning,Skeletal,A,Left on left sacral torsion,Bilateral sacral flexion,False,A,text,-0.03804141283035278,-3.288041353225708,0.9626730730490257,0.037326888033261264,3.2499999403953552,,True,30,30,30,0,1.0,0.0,1.0,0.0,12.37500005961374,6.000000091502443,17.5,770.5,0,helps,more confident
medxpertqa:Text-2410:D-G:ba,Text-2410:D-G,ba,Text-2410,Reasoning,Skeletal,B,Left on left sacral torsion,Bilateral sacral flexion,False,B,text,-3.773245334625244,-0.023245446383953094,0.02297737289127478,0.9770226476651187,3.749999888241291,,True,30,30,30,0,1.0,0.0,1.0,0.0,11.124999880903943,5.50000014109537,14.25000035762804,691.5,0,helps,more confident
medxpertqa:Text-2410:D-H:ab,Text-2410:D-H,ab,Text-2410,Reasoning,Skeletal,A,Left on left sacral torsion,Left on right sacral torsion,False,B,text,-4.758614540100098,-0.008614521473646164,0.008577484930474293,0.9914224771982877,-4.7500000186264515,,False,30,30,8,22,0.26666666666666666,0.7333333333333333,0.26666666666666666,0.7333333333333333,-12.750000000004093,-17.0,10.249999881416443,941.0,0,hurts,more wrong
medxpertqa:Text-2410:D-H:ba,Text-2410:D-H,ba,Text-2410,Reasoning,Skeletal,B,Left on left sacral torsion,Left on right sacral torsion,False,A,text,-0.2014133334159851,-1.7014133930206299,0.8175744308728488,0.18242550282051248,-1.5000000596046448,,False,30,30,2,28,0.06666666666666667,0.9333333333333333,0.06666666666666667,0.9333333333333333,-13.499999523163865,-15.49999976158145,8.999999649982783,1040.0,0,hurts,more wrong
medxpertqa:Text-2410:D-I:ab,Text-2410:D-I,ab,Text-2410,Reasoning,Skeletal,A,Left on left sacral torsion,Left unilateral sacral extension,False,B,text,-0.825939416885376,-0.575939416885376,0.43782350042481233,0.5621765025686553,-0.25,,False,30,30,28,2,0.9333333333333333,0.06666666666666667,0.9333333333333333,0.06666666666666667,8.749999893334461,-8.999999649982783,10.749999523393853,976.0,0,helps,flips to correct
medxpertqa:Text-2410:D-I:ba,Text-2410:D-I,ba,Text-2410,Reasoning,Skeletal,B,Left on left sacral torsion,Left unilateral sacral extension,False,A,text,-0.4740769863128662,-0.9740769863128662,0.6224593298742985,0.377540667992942,-0.5,,False,30,30,29,1,0.9666666666666667,0.03333333333333333,0.9666666666666667,0.03333333333333333,8.749999893334461,-3.4999999683350325,10.999999523302904,866.5,0,helps,flips to correct
medxpertqa:Text-2410:D-J:ab,Text-2410:D-J,ab,Text-2410,Reasoning,Skeletal,A,Left on left sacral torsion,Right on left sacral torsion,False,B,text,-3.773245334625244,-0.023245446383953094,0.02297737289127478,0.9770226476651187,-3.749999888241291,,False,30,30,2,28,0.06666666666666667,0.9333333333333333,0.06666666666666667,0.9333333333333333,-12.999999642374632,-16.75,2.0000000596046448,867.5,0,hurts,more wrong
medxpertqa:Text-2410:D-J:ba,Text-2410:D-J,ba,Text-2410,Reasoning,Skeletal,B,Left on left sacral torsion,Right on left sacral torsion,False,A,text,-0.023245446383953094,-3.773245334625244,0.9770226476651187,0.02297737289127478,-3.749999888241291,,False,30,30,8,22,0.26666666666666666,0.7333333333333333,0.26666666666666666,0.7333333333333333,-12.999999642374632,-18.25,10.50000011958764,1128.0,0,hurts,more wrong
medxpertqa:Text-2445:C-A:ab,Text-2445:C-A,ab,Text-2445,Reasoning,Digestive,A,Gastric ulcer,Biliary colic,False,A,text,-2.3841855067985307e-07,-15.5,0.9999997615814777,1.8553913626159784e-07,15.49999976158145,,True,30,30,30,0,1.0,0.0,1.0,0.0,20.625,17.625,24.0,628.0,0,helps,more confident
medxpertqa:Text-2445:C-A:ba,Text-2445:C-A,ba,Text-2445,Reasoning,Digestive,B,Gastric ulcer,Biliary colic,False,B,text,-6.501502513885498,-0.0015023384476080537,0.001501181950907551,0.9984987894978749,6.50000017543789,,True,30,30,30,0,1.0,0.0,1.0,0.0,11.250000357712452,8.250000034138793,14.999999642372188,727.0,0,helps,more confident
medxpertqa:Text-2445:C-B:ab,Text-2445:C-B,ab,Text-2445,Reasoning,Digestive,A,Gastric ulcer,Pancreatitis,False,A,text,0.0,-17.5,1.0,2.510999155743982e-08,17.5,,True,30,30,30,0,1.0,0.0,1.0,0.0,21.9375,18.0,24.875,645.5,0,helps,more confident
medxpertqa:Text-2445:C-B:ba,Text-2445:C-B,ba,Text-2445,Reasoning,Digestive,B,Gastric ulcer,Pancreatitis,False,B,text,-6.501502513885498,-0.0015023384476080537,0.001501181950907551,0.9984987894978749,6.50000017543789,,True,30,30,30,0,1.0,0.0,1.0,0.0,11.5000003576788,9.250000243031536,15.24999976158145,677.5,0,helps,more confident
medxpertqa:Text-2445:C-D:ab,Text-2445:C-D,ab,Text-2445,Reasoning,Digestive,A,Gastric ulcer,Gastroesophageal reflux disease,False,A,text,0.0,-21.0,1.0,7.582560427911907e-10,21.0,,True,30,30,30,0,1.0,0.0,0.7666666666666667,0.23333333333333334,22.0,19.125,27.0,859.5,0,helps,more confident
medxpertqa:Text-2445:C-D:ba,Text-2445:C-D,ba,Text-2445,Reasoning,Digestive,B,Gastric ulcer,Gastroesophageal reflux disease,False,B,text,-15.75,-1.1920928244535389e-07,1.4449802461092448e-07,0.9999998807907247,15.749999880790718,,True,30,30,30,0,1.0,0.0,0.6333333333333333,0.36666666666666664,16.374999880790718,13.250000119210881,20.5,709.0,0,neutral,
medxpertqa:Text-2445:C-E:ab,Text-2445:C-E,ab,Text-2445,Reasoning,Digestive,A,Gastric ulcer,Functional dyspepsia,True,A,text,-0.0009114163694903255,-7.000911235809326,0.9990889988442552,0.0009110514045295695,6.999999819439836,,True,30,30,17,13,0.5666666666666667,0.43333333333333335,0.4666666666666667,0.5333333333333333,5.875000010244548,-6.249999954132363,14.749999642372188,1306.0,0,excluded,letter bias: the same letter in both orders
medxpertqa:Text-2445:C-E:ba,Text-2445:C-E,ba,Text-2445,Reasoning,Digestive,B,Gastric ulcer,Functional dyspepsia,True,A,text,-0.0011701886542141438,-6.7511701583862305,0.9988304957495425,0.0011695103074966034,-6.749999969732016,,False,30,30,13,17,0.43333333333333335,0.5666666666666667,0.6,0.4,-5.249999893596396,-9.499999525964085,8.749999893334461,1255.0,0,excluded,letter bias: the same letter in both orders
medxpertqa:Text-2445:C-F:ab,Text-2445:C-F,ab,Text-2445,Reasoning,Digestive,A,Gastric ulcer,Helicobacter pylori infection,False,A,text,-3.576278118089249e-07,-14.75,0.9999996423722521,3.927863545481039e-07,14.749999642372188,,True,30,30,30,0,1.0,0.0,0.5333333333333333,0.43333333333333335,15.24999976158145,12.750000000004093,17.75,1135.5,0,neutral,
medxpertqa:Text-2445:C-F:ba,Text-2445:C-F,ba,Text-2445,Reasoning,Digestive,B,Gastric ulcer,Helicobacter pylori infection,False,B,text,-2.811967611312866,-0.06196761503815651,0.060086648833494447,0.9399133253553882,2.7499999962747097,,True,30,30,30,0,1.0,0.0,1.0,0.0,9.124999827312422,6.750000089290552,12.50000011921611,1105.5,0,helps,more confident
medxpertqa:Text-2445:C-G:ab,Text-2445:C-G,ab,Text-2445,Reasoning,Digestive,A,Gastric ulcer,Chronic pancreatitis,True,A,text,-3.6954811548639555e-06,-12.500003814697266,0.9999963045256735,3.7266389560521204e-06,12.50000011921611,,True,30,30,30,0,1.0,0.0,0.9666666666666667,0.03333333333333333,15.37499976158145,10.999999523302904,20.0,929.5,0,excluded,letter bias: the same letter in both orders
medxpertqa:Text-2445:C-G:ba,Text-2445:C-G,ba,Text-2445,Reasoning,Digestive,B,Gastric ulcer,Chronic pancreatitis,True,A,text,-0.018149960786104202,-4.0181498527526855,0.9820137577607906,0.017986211314027313,-3.9999998919665813,,False,30,30,25,5,0.8333333333333334,0.16666666666666666,0.8333333333333334,0.16666666666666666,4.999999955762178,-11.250000357712452,7.500000152911525,1409.5,0,excluded,letter bias: the same letter in both orders
medxpertqa:Text-2445:C-H:ab,Text-2445:C-H,ab,Text-2445,Reasoning,Digestive,A,Gastric ulcer,Duodenal ulcer,False,B,text,-2.1269280910491943,-0.12692804634571075,0.11920291248514252,0.8807970468833343,-2.0000000447034836,,False,30,30,6,24,0.2,0.8,0.2,0.8,-10.624999821490746,-14.00000011920963,7.2500000136788,1505.5,0,hurts,more wrong
medxpertqa:Text-2445:C-H:ba,Text-2445:C-H,ba,Text-2445,Reasoning,Digestive,B,Gastric ulcer,Duodenal ulcer,False,A,text,-1.1920928244535389e-07,-16.5,0.9999998807907247,6.82560337633487e-08,-16.499999880790718,,False,30,30,2,28,0.06666666666666667,0.9333333333333333,0.2,0.8,-19.875,-27.5,1.9999999403953552,1178.0,0,hurts,more wrong
medxpertqa:Text-2445:C-I:ab,Text-2445:C-I,ab,Text-2445,Reasoning,Digestive,A,Gastric ulcer,Chronic gastritis,False,A,text,-2.3841855067985307e-07,-15.25,0.9999997615814777,2.382369667501818e-07,15.24999976158145,,True,30,30,30,0,1.0,0.0,0.8333333333333334,0.16666666666666666,17.4375,13.499999523163865,23.75,1013.5,0,helps,more confident
medxpertqa:Text-2445:C-I:ba,Text-2445:C-I,ba,Text-2445,Reasoning,Digestive,B,Gastric ulcer,Chronic gastritis,False,B,text,-2.811967611312866,-0.06196761503815651,0.060086648833494447,0.9399133253553882,2.7499999962747097,,True,30,30,30,0,1.0,0.0,1.0,0.0,9.37499988449781,6.999999939405825,11.999999523181941,1109.5,0,helps,more confident
medxpertqa:Text-2445:C-J:ab,Text-2445:C-J,ab,Text-2445,Reasoning,Digestive,A,Gastric ulcer,Gastroparesis,False,A,text,-3.576278118089249e-07,-14.75,0.9999996423722521,3.927863545481039e-07,14.749999642372188,,True,30,30,25,5,0.8333333333333334,0.16666666666666666,0.6,0.4,15.999999880790718,-4.499999979510903,21.5,1190.5,0,neutral,
medxpertqa:Text-2445:C-J:ba,Text-2445:C-J,ba,Text-2445,Reasoning,Digestive,B,Gastric ulcer,Gastroparesis,False,B,text,-2.578889846801758,-0.07888974994421005,0.07585817148650026,0.9241418055144026,2.5000000968575478,,True,30,30,30,0,1.0,0.0,1.0,0.0,8.999999649982783,5.999999969033524,14.499999523162955,1378.5,0,helps,more confident
medxpertqa:Text-2449:C-A:ab,Text-2449:C-A,ab,Text-2449,Understanding,Skeletal,A,Parvovirus,Fibromyalgia,False,A,text,-0.575939416885376,-0.825939416885376,0.5621765025686553,0.43782350042481233,0.25,,True,30,30,30,0,1.0,0.0,1.0,0.0,15.749999880790718,11.5000003576788,20.75,515.0,0,helps,more confident
medxpertqa:Text-2449:C-A:ba,Text-2449:C-A,ba,Text-2449,Understanding,Skeletal,B,Parvovirus,Fibromyalgia,False,B,text,-1.5019290447235107,-0.25192904472351074,0.2227001469810028,0.77729988964086,1.25,,True,30,30,30,0,1.0,0.0,1.0,0.0,10.000000358661055,6.999999819439836,13.250000119210881,583.0,0,helps,more confident
medxpertqa:Text-2449:C-B:ab,Text-2449:C-B,ab,Text-2449,Understanding,Skeletal,A,Parvovirus,Rheumatoid arthritis,True,B,text,-3.529750347137451,-0.029750416055321693,0.029312232836486894,0.9706877714009485,-3.4999999310821295,,False,30,30,26,4,0.8666666666666667,0.13333333333333333,0.9,0.1,6.375000028172508,-9.250000243031536,11.5000003576788,692.5,0,excluded,letter bias: the same letter in both orders
medxpertqa:Text-2449:C-B:ba,Text-2449:C-B,ba,Text-2449,Understanding,Skeletal,B,Parvovirus,Rheumatoid arthritis,True,B,text,-2.811967611312866,-0.06196761503815651,0.060086648833494447,0.9399133253553882,2.7499999962747097,,True,30,30,30,0,1.0,0.0,1.0,0.0,9.00000000858563,5.249999892432243,11.999999523181941,595.0,0,excluded,letter bias: the same letter in both orders
medxpertqa:Text-2449:C-D:ab,Text-2449:C-D,ab,Text-2449,Understanding,Skeletal,A,Parvovirus,Lyme disease,False,B,text,-4.264163494110107,-0.01416344940662384,0.014063626520379485,0.9859363803758086,-4.250000044703484,,False,30,30,29,1,0.9666666666666667,0.03333333333333333,1.0,0.0,6.625000072584953,-1.75,10.999999523302904,858.0,0,helps,flips to correct
medxpertqa:Text-2449:C-D:ba,Text-2449:C-D,ba,Text-2449,Understanding,Skeletal,B,Parvovirus,Lyme disease,False,A,text,-0.029750416055321693,-3.529750347137451,0.9706877714009485,0.029312232836486894,-3.4999999310821295,,False,30,30,30,0,1.0,0.0,1.0,0.0,5.50000016624108,2.500000022351742,8.499999663079507,760.5,0,helps,flips to correct
medxpertqa:Text-2449:C-E:ab,Text-2449:C-E,ab,Text-2449,Understanding,Skeletal,A,Parvovirus,Psoriatic arthritis,True,B,text,-0.9740769863128662,-0.4740769863128662,0.377540667992942,0.6224593298742985,-0.5,,False,30,30,30,0,1.0,0.0,1.0,0.0,9.624999704226866,6.250000192085281,17.0,668.5,0,excluded,letter bias: the same letter in both orders
medxpertqa:Text-2449:C-E:ba,Text-2449:C-E,ba,Text-2449,Understanding,Skeletal,B,Parvovirus,Psoriatic arthritis,True,B,text,-3.529750347137451,-0.029750416055321693,0.029312232836486894,0.9706877714009485,3.4999999310821295,,True,30,30,30,0,1.0,0.0,1.0,0.0,9.250000243031536,5.7499998095445335,13.499999523163865,632.5,0,excluded,letter bias: the same letter in both orders
medxpertqa:Text-2449:C-F:ab,Text-2449:C-F,ab,Text-2449,Understanding,Skeletal,A,Parvovirus,Transient synovitis,True,B,text,-1.1368709802627563,-0.38687101006507874,0.32082130911852547,0.6791786964925157,-0.7499999701976776,,False,30,30,30,0,1.0,0.0,1.0,0.0,13.499999523163865,9.749999882489647,18.5,520.0,0,excluded,letter bias: the same letter in both orders
medxpertqa:Text-2449:C-F:ba,Text-2449:C-F,ba,Text-2449,Understanding,Skeletal,B,Parvovirus,Transient synovitis,True,B,text,-2.1269280910491943,-0.12692804634571075,0.11920291248514252,0.8807970468833343,2.0000000447034836,,True,30,30,30,0,1.0,0.0,1.0,0.0,10.999999523302904,6.249999954132363,14.00000011920963,568.0,0,excluded,letter bias: the same letter in both orders
medxpertqa:Text-2449:C-G:ab,Text-2449:C-G,ab,Text-2449,Understanding,Skeletal,A,Parvovirus,Systemic lupus erythematosus,False,B,text,-5.504078388214111,-0.004078404977917671,0.004070137939983506,0.9959299004209012,-5.499999983236194,,False,30,30,23,7,0.7666666666666667,0.23333333333333334,0.7666666666666667,0.23333333333333334,3.8749999748542905,-10.999999523302904,11.250000357712452,1070.5,0,helps,flips to correct
medxpertqa:Text-2449:C-G:ba,Text-2449:C-G,ba,Text-2449,Understanding,Skeletal,B,Parvovirus,Systemic lupus erythematosus,False,A,text,-0.4740769863128662,-0.9740769863128662,0.6224593298742985,0.377540667992942,-0.5,,False,30,30,30,0,1.0,0.0,1.0,0.0,7.62500006321352,4.249999927356839,11.999999523181941,654.0,0,helps,flips to correct
medxpertqa:Text-2449:C-H:ab,Text-2449:C-H,ab,Text-2449,Understanding,Skeletal,A,Parvovirus,Reactive arthritis,False,B,text,-6.251928806304932,-0.0019286142196506262,0.0019267342527389902,0.9980732443617326,-6.250000192085281,,False,30,30,20,10,0.6666666666666666,0.3333333333333333,0.7,0.3,3.499999954365194,-10.749999523393853,10.999999523302904,1149.5,0,neutral,
medxpertqa:Text-2449:C-H:ba,Text-2449:C-H,ba,Text-2449,Understanding,Skeletal,B,Parvovirus,Reactive arthritis,False,A,text,-0.0015023384476080537,-6.501502513885498,0.9984987894978749,0.001501181950907551,-6.50000017543789,,False,30,30,21,9,0.7,0.3,0.7333333333333333,0.26666666666666666,2.4999999962747097,-18.0,5.7499998095445335,1130.0,0,helps,flips to correct
medxpertqa:Text-2449:C-I:ab,Text-2449:C-I,ab,Text-2449,Understanding,Skeletal,A,Parvovirus,Viral arthritis due to hepatitis B infection,True,B,text,-0.825939416885376,-0.575939416885376,0.43782350042481233,0.5621765025686553,-0.25,,False,30,30,30,0,1.0,0.0,1.0,0.0,13.374999821187373,9.250000243031536,16.499999880790718,558.5,0,excluded,letter bias: the same letter in both orders
medxpertqa:Text-2449:C-I:ba,Text-2449:C-I,ba,Text-2449,Understanding,Skeletal,B,Parvovirus,Viral arthritis due to hepatitis B infection,True,B,text,-0.9740769863128662,-0.4740769863128662,0.377540667992942,0.6224593298742985,0.5,,True,30,30,30,0,1.0,0.0,1.0,0.0,8.37499984860915,5.249999773688614,11.999999523181941,614.0,0,excluded,letter bias: the same letter in both orders
medxpertqa:Text-2449:C-J:ab,Text-2449:C-J,ab,Text-2449,Understanding,Skeletal,A,Parvovirus,Adult-onset Still’s disease,True,B,text,-4.758614540100098,-0.008614521473646164,0.008577484930474293,0.9914224771982877,-4.7500000186264515,,False,30,30,27,3,0.9,0.1,0.9,0.1,5.249999966006726,-10.000000358661055,8.999999530788045,847.0,0,excluded,letter bias: the same letter in both orders
medxpertqa:Text-2449:C-J:ba,Text-2449:C-J,ba,Text-2449,Understanding,Skeletal,B,Parvovirus,Adult-onset Still’s disease,True,B,text,-2.811967611312866,-0.06196761503815651,0.060086648833494447,0.9399133253553882,2.7499999962747097,,True,30,30,30,0,1.0,0.0,1.0,0.0,10.249999881416443,7.250000132829882,14.25000035762804,630.5,0,excluded,letter bias: the same letter in both orders
